Site_Number,Site_Name,Gridreference,Easting,Northing,Length,Country,N_sections,N_yrs_surveyed,First_year_surveyed,Last_year_surveyed,Survey_type,lat,lon
1,Woodwalton Farm,TL214817,521400,281700,2038.0,England,12.0,48,1976,2023,UKBMS,52.41982676326132,-0.21628151779709795
2,Bevill's Wood,TL203794,520300,279400,1532.0,England,10.0,44,1974,2017,UKBMS,52.399402254331356,-0.2332743140038471
3,Holkham,TF873453,587300,345300,3454.0,England,6.0,46,1976,2023,UKBMS,52.97232539937356,0.7879129699846625
4,Monks Wood,TL198801,519800,280100,2900.0,England,14.0,51,1973,2023,UKBMS,52.40580189067323,-0.24036920633174588
5,Monks Wood Fields,TL200800,520000,280000,,England,15.0,3,1974,1976,UKBMS,52.40485953307798,-0.2374665380431892
6,Yarner Wood,SX782787,278200,78700,3133.0,England,11.0,47,1976,2023,UKBMS,50.59528069690221,-3.722226810101831
7,Brockwell's Farm,ST469897,346900,189700,812.0,Wales,7.0,10,1976,1985,UKBMS,51.60362162747823,-2.7681077540582466
8,Old Winchester Hill,SU645208,464500,120800,1792.0,England,10.0,48,1976,2023,UKBMS,50.983001957894224,-1.0825265527385335
9,Kingley Vale,SU822105,482200,110500,6289.0,England,15.0,44,1976,2021,UKBMS,50.88814862405157,-0.8327480513614532
10,Oxwich,SS511877,251100,187700,4020.0,Wales,13.0,46,1976,2023,UKBMS,51.56845656809093,-4.149805161901293
11,Rhinog,SH661280,266100,328000,2269.0,Wales,6.0,5,1976,1980,UKBMS,52.832832289936256,-3.9890436912410547
12,Leigh Marshes,TQ827851,582700,185100,1776.0,England,8.0,43,1976,2023,UKBMS,51.53523595690673,0.6328515296107379
13,Craig y Cilau,SO189161,318900,216100,3521.0,Wales,3.0,18,1976,1997,UKBMS,51.83759553591969,-3.17847987230888
14,Gomm Valley,SU896921,489600,192100,1219.0,England,9.0,46,1977,2023,UKBMS,51.620600236530606,-0.7071613156075899
15,Foxholes,SP251204,425100,220400,2909.0,England,5.0,47,1976,2022,UKBMS,51.881602709513025,-1.6367575791548727
16,Swanage,SZ020811,402000,81100,3397.0,England,15.0,46,1976,2023,UKBMS,50.629595924714145,-1.9730842266661082
17,Buttlers Hanging,SU817961,481700,196100,1158.0,England,10.0,25,1976,2023,UKBMS,51.65775825750654,-0.8203137715166255
18,Woodhurst,TL315755,531500,275500,2303.0,England,13.0,10,1976,1985,UKBMS,52.3617872211124,-0.07028408080493515
19,Studland Heath,SZ025850,402500,85000,3665.0,England,14.0,48,1976,2023,UKBMS,50.66466594677289,-1.9659898683114412
20,Ham Street Woods,TR008346,600800,134600,1711.0,England,15.0,9,1976,1985,UKBMS,51.07558325099783,0.8650872179999926
21,Castor Hanglands,TF118018,511800,301800,1624.0,England,8.0,49,1974,2023,UKBMS,52.60249379574746,-0.35063127647755993
22,Coedydd Maentwrog,SH667414,266700,341400,2099.0,Wales,12.0,9,1976,1985,UKBMS,52.953365923710955,-3.9856400191497108
23,Ebbor Gorge,ST528488,352800,148800,2294.0,England,8.0,33,1976,2009,UKBMS,51.2364183208781,-2.6774638020746853
24,Dyfi,SN609937,260900,293700,2414.0,Wales,5.0,45,1976,2023,UKBMS,52.523368283609756,-4.051682327671509
25,Chippenham Fen,TL646694,564600,269400,3255.0,England,8.0,47,1976,2023,UKBMS,52.29806432243726,0.4124002800792352
26,Rostherne Mere,SJ743841,374300,384100,5360.0,England,15.0,32,1976,2023,UKBMS,53.35315420847381,-2.387561504971336
27,Holme Fen,TL202892,520200,289200,4438.0,England,8.0,47,1974,2023,UKBMS,52.48748441181583,-0.23121951050770906
28,Walberswick,TM478739,647800,273900,3577.0,England,10.0,35,1976,2014,UKBMS,52.30725401132503,1.6336054529563362
29,Aston Rowant (N),SU725970,472500,197000,3400.0,England,10.0,47,1976,2023,UKBMS,51.66710914050089,-0.9531003847321102
30,Aston Rowant (S),SU723964,472300,196400,2367.0,England,10.0,48,1976,2023,UKBMS,51.6617410404954,-0.9561156646299872
31,Waterperry Wood,SP608097,460800,209700,1760.0,England,10.0,43,1976,2022,UKBMS,51.78266839439443,-1.1200371739858297
32,Wye & Crundale Down,TR077450,607700,145000,1950.0,England,12.0,43,1976,2023,UKBMS,51.16652131572042,0.9694331167081806
33,Roudsea Wood (old),SD330820,333000,482000,,England,15.0,2,1977,1978,UKBMS,54.229308643297934,-3.0292706868538106
34,Potton Wood,TL252501,525200,250100,3960.0,England,9.0,45,1974,2023,UKBMS,52.135024091442624,-0.1721554278212518
35,Stow Longa,TL117701,511700,270100,1506.0,England,5.0,2,1976,1977,UKBMS,52.31764889148488,-0.3627095362568313
36,Bure Marshes,TG336164,633600,316400,1671.0,England,12.0,48,1976,2023,UKBMS,52.69485542324484,1.4555291191950712
37,Upper Teesdale,NY882283,388200,528300,1411.0,England,7.0,44,1976,2023,UKBMS,54.64966256279286,-2.1843878404731583
38,Avon Gorge (old),ST550730,355000,173000,,England,11.0,1,1976,1976,UKBMS,51.454181811035205,-2.6490212248326
39,Saltfleetby,TF472915,547200,391500,2929.0,England,12.0,45,1977,2023,UKBMS,53.399804647844945,0.21253489368612433
40,Tregarron Bog,SN687625,268700,262500,3649.0,Wales,3.0,1,1977,1977,UKBMS,52.24497326021596,-3.924553315969569
41,Vane Farm,NT159988,315900,698800,2253.0,Scotland,6.0,20,1977,2009,UKBMS,56.17439709150272,-3.356153107093424
42,Ben Lawers,NN614392,261400,739200,3432.0,Scotland,6.0,43,1977,2023,UKBMS,56.5243382289233,-4.254662046910413
43,Leighton Moss,SD482750,348200,475000,5922.0,England,15.0,38,1977,2015,UKBMS,54.16816932190543,-2.7949245154478732
44,Radipole Lake,SY672799,367200,79900,1649.0,England,6.0,34,1977,2023,UKBMS,50.617878682330655,-2.4649892917729366
45,Gibralter Point,TF556580,555600,358000,4570.0,England,12.0,47,1974,2023,UKBMS,53.09652291424604,0.3224096995974931
46,Hatton Green,SP220670,422000,267000,,England,15.0,2,1977,1978,UKBMS,52.300686292925775,-1.6788011447151843
47,Skomer,SM730093,173000,209300,3012.0,Wales,9.0,40,1977,2023,UKBMS,51.736318110831725,-5.2890464663548515
48,Hampstead Heath,TQ270863,527000,186300,1856.0,England,11.0,44,1977,2023,UKBMS,51.56128928929442,-0.16928390714695518
49,Inverpolly,NC080133,208000,913300,3469.0,Scotland,13.0,14,1977,1990,UKBMS,58.0670560964982,-5.256670487431621
50,Swale,TR03606750,603600,167500,,England,8.0,2,1977,1978,UKBMS,51.37004777398856,0.9236742460649074
51,Loch Garten,NH971165,297100,816500,3645.0,Scotland,11.0,42,1977,2023,UKBMS,57.22762552985789,-3.705998619983847
52,Avon Gorge 1,ST560733,356000,173300,5761.0,England,11.0,6,1976,1981,UKBMS,51.456957911701075,-2.6346678087589117
53,Avon Gorge 2,ST558736,355800,173600,3786.0,England,11.0,22,1977,1999,UKBMS,51.459639581281344,-2.6375837463179774
54,Nagshead,SO601090,360100,209000,3428.0,England,10.0,40,1977,2023,UKBMS,51.77823501220361,-2.579738424462164
55,Loch Lomond,NS432879,243200,687900,2034.0,Scotland,10.0,9,1977,1985,UKBMS,56.05817988270835,-4.519713542653609
56,Harting Down,SU760170,476000,117000,,England,6.0,2,1976,1977,UKBMS,50.9474363769931,-0.9195226177645303
57,Tynllan,SJ050160,305000,316000,,Wales,14.0,3,1977,1979,UKBMS,52.73326181232333,-3.4083576913343028
58,Kingston Hill Farm,SP409005,440900,200500,3272.0,England,15.0,2,1977,1978,UKBMS,51.701759195176884,-1.4095684029763018
59,Weeting Heath,TL758875,575800,287500,3037.0,England,6.0,31,1977,2016,UKBMS,52.45715339347708,0.5859542058727565
60,Lindisfarne,NU100435,410000,643500,3000.0,England,6.0,43,1977,2019,UKBMS,55.684879062756146,-1.8425213492823247
61,Insh Marshes,NH814018,281400,801800,3482.0,Scotland,13.0,45,1977,2023,UKBMS,57.09185343491666,-3.95888669615894
62,Northward Hill,TQ785765,578500,176500,1998.0,England,9.0,40,1977,2023,UKBMS,51.45932973628391,0.5680134170012393
63,Fairburn Ings,SE461276,446100,427600,4087.0,England,5.0,1,1977,1977,UKBMS,53.74274879884289,-1.302511999954508
64,Skokholm,SM738051,173800,205100,1270.0,Wales,10.0,24,1977,2004,UKBMS,51.69894063865509,-5.274753052963745
65,Woodwalton Fen,TL231840,523100,284000,3940.0,England,7.0,43,1978,2023,UKBMS,52.44011394594786,-0.19045072907361188
66,Tentsmuir Point,NO502270,350200,727000,4187.0,Scotland,10.0,19,1978,1996,UKBMS,56.43255370945402,-2.809117505591719
67,Carnforth Marsh,SD480724,348000,472400,2384.0,England,9.0,7,1978,1984,UKBMS,54.14478404713868,-2.7975381257585097
68,Minsmere,TM467673,646700,267300,3287.0,England,12.0,1,1978,1978,UKBMS,52.2485312250581,1.6126799394451086
69,Holme Dunes,TF712448,571200,344800,2035.0,England,8.0,45,1978,2023,UKBMS,52.97321350767942,0.5481509313704211
70,Newborough Warren,SH416641,241600,364100,2141.0,Wales,15.0,17,1978,1994,UKBMS,53.15041777820627,-4.3701048428430616
71,Castle Hill,TQ371068,537100,106800,2739.0,England,12.0,45,1978,2023,UKBMS,50.844487937166896,-0.054014982279274204
72,Gait Barrows,SD478772,347800,477200,1400.0,England,9.0,46,1978,2023,UKBMS,54.18789902354456,-2.801433008818138
73,Wart Barrow,SD392768,339200,476800,1372.0,England,4.0,18,1978,1996,UKBMS,54.183355506267674,-2.933124199298301
74,Howe Park Wood,SP840340,484000,234000,,England,14.0,3,1978,1980,UKBMS,51.998100059584104,-0.7778875945168688
75,Tuddenham Heath,TL740720,574000,272000,,England,5.0,1,1978,1978,UKBMS,52.318521428702674,0.5514478911863201
76,Wicken Fen,TL558704,555800,270400,3647.0,England,15.0,28,1979,2006,UKBMS,52.30961152874962,0.28392689155733425
77,Morton Lochs,NO462265,346200,726500,2958.0,Scotland,10.0,18,1979,1996,UKBMS,56.42762229058532,-2.8738670969976967
78,Morrone Birkwood,NO136905,313600,790500,3776.0,Scotland,8.0,21,1979,2000,UKBMS,56.997552570842686,-3.4238236932615678
79,St Cyrus,NO748640,374800,764000,3423.0,Scotland,15.0,14,1979,1994,UKBMS,56.76690606829685,-2.4138607573867334
80,Warren Farm,TR030490,603000,149000,,England,12.0,2,1979,1980,UKBMS,51.20412891202924,0.9045593131166774
81,South Stack Cliffs,SH210818,221000,381800,3256.0,Wales,13.0,7,1979,2023,UKBMS,53.30281973544479,-4.687741936287653
82,South Stack Ranges,SH216803,221600,380300,2290.0,Wales,13.0,24,1979,2023,UKBMS,53.28955386794843,-4.67790523970258
83,Pewsey Down,SU116636,411600,163600,2017.0,England,6.0,43,1979,2023,UKBMS,51.371342320698176,-1.8347447050284622
84,Ampfield Wood,SU411237,441100,123700,1532.0,England,11.0,45,1979,2023,UKBMS,51.011219650431165,-1.4155245350840984
85,Derbyshire Dales,SK180659,418000,365900,4770.0,England,11.0,45,1979,2023,UKBMS,53.189888367584075,-1.7320657777602935
86,Alresford,SU575335,457500,133500,3868.0,England,12.0,45,1979,2023,UKBMS,51.0979312200149,-1.1802227250352009
87,Sands of Forvie,NK019266,401900,826600,5674.0,Scotland,10.0,21,1979,1999,UKBMS,57.32993527970891,-1.9700891776783596
89,West Dean Wood,SU846155,484600,115500,2282.0,England,15.0,41,1979,2022,UKBMS,50.9327545765359,-0.7974780097806923
90,Roe Valley Country Park,NS030790,203000,679000,,Scotland,9.0,1,1979,1979,UKBMS,55.96348114078364,-5.15778555641081
91,Woods Mill,TQ217135,521700,113500,1422.0,England,14.0,38,1979,2017,UKBMS,50.90815107087578,-0.27041397049292054
92,Murlough,J410350,150060,489998,4794.0,Northern Ireland,15.0,45,1979,2023,UKBMS,54.244464622230815,-5.837797150314391
93,Martin Down,SU056183,405600,118300,2696.0,England,12.0,45,1979,2023,UKBMS,50.964095795032556,-1.9216300942210174
94,Cwm Risca Farm,SS876850,287600,185000,2748.0,Wales,15.0,1,1979,1979,UKBMS,51.55265496557083,-3.622563437391703
95,Wyre Forest,SO755766,375500,276600,2600.0,England,15.0,45,1979,2023,UKBMS,52.38687461779226,-2.3614064705305235
96,Coombes Valley,SK006529,400600,352900,2168.0,England,15.0,26,1979,2023,UKBMS,53.07333227458471,-1.992496336421123
97,Lullington Heath,TQ545017,554500,101700,3886.0,England,15.0,44,1979,2023,UKBMS,50.79427896681961,0.19080439595928667
98,Erisey Barton,SW710170,171000,17000,,England,13.0,3,1980,1982,UKBMS,50.0090554635308,-5.197465898966453
99,Moor Farm,TF222637,522200,363700,2097.0,England,11.0,29,1974,2007,UKBMS,53.15641846499037,-0.1739300856928819
100,Ynys Hir,SN680960,268000,296000,5267.0,Wales,15.0,27,1981,2007,UKBMS,52.54580054599235,-3.9480147660387246
101,Newton Links,NU230266,423000,626600,2441.0,England,9.0,38,1981,2019,UKBMS,55.53259254621948,-1.6371726212192423
102,Pickett Wood,ST876544,387600,154400,1194.0,England,5.0,43,1981,2023,UKBMS,51.28859707476626,-2.1791993497880333
103,Inverpolly,NC080130,208000,913000,,Scotland,9.0,1,1981,1981,UKBMS,58.06436594224101,-5.256425345287268
104,Barnack Hills & Holes,TF076045,507600,304500,1669.0,England,10.0,40,1981,2023,UKBMS,52.62760380453244,-0.41174286596257614
106,RSPB Blean Woods,TR112601,611200,160100,4400.0,England,15.0,42,1982,2023,UKBMS,51.30082888328094,1.0283156604136876
107,Batch Farm,SO887118,388700,211800,761.0,England,13.0,24,1982,2005,UKBMS,51.80472394988906,-2.1652880025216943
108,Morris' Wood,TQ550330,555000,133000,2025.0,England,15.0,12,1982,1993,UKBMS,51.07539726341871,0.21119503486718122
109,Yardley Hill,TQ380950,538000,195000,,England,15.0,1,1982,1982,UKBMS,51.63688481886197,-0.007276711083232305
110,Pynes Farmhouse,ST448281,344800,128100,953.0,England,7.0,11,1983,1993,UKBMS,51.04958180527707,-2.7888631291155592
111,St Osyth,TM117176,611700,217600,2151.0,England,9.0,40,1983,2023,UKBMS,51.8169129764527,1.0700716196779938
112,Luckett Wood,SX391726,239100,72600,1665.0,England,14.0,43,1980,2023,UKBMS,50.53099293735163,-4.271610846472167
113,Stour Wood,TM191313,619100,231300,3910.0,England,12.0,40,1983,2023,UKBMS,51.937048622442305,1.185948296742309
114,Shabbington Wood,SP620100,462000,210000,4156.0,England,10.0,13,1984,1997,UKBMS,51.78523394168831,-1.1025905887700358
115,Oakley Woods,SP615114,461500,211400,2549.0,England,9.0,35,1985,2023,UKBMS,51.79787492173177,-1.1095903752912468
116,Taynish,NR731843,173100,684300,3894.0,Scotland,12.0,35,1985,2023,UKBMS,55.997813641546735,-5.640276984785284
117,Whitecross Green Wood,SP602144,460200,214400,1853.0,England,11.0,37,1986,2022,UKBMS,51.82498593033265,-1.1279190707785642
118,Ham Street Wood,TR006342,600600,134200,3038.0,England,13.0,28,1986,2023,UKBMS,51.07206078580158,0.8620142282119955
119,Folkestone Escarpment,TR217381,621700,138100,3663.0,England,15.0,35,1987,2023,UKBMS,51.099320981284805,1.1651212422800625
120,Cors y Llyn,SO016553,301600,255300,2170.0,Wales,12.0,10,1987,2000,UKBMS,52.187135759380794,-3.4407684461929153
121,Somerford Common (old),SU027867,402700,186700,5099.0,England,13.0,3,1987,1989,UKBMS,51.57915624176693,-1.9624307437934922
122,Springhill Farm,TQ812302,581200,130200,2440.0,England,11.0,26,1987,2012,UKBMS,51.042577330322594,0.5834123846322888
123,Glen Strathfarrer,NH368398,236800,839800,5962.0,Scotland,12.0,9,1988,2003,UKBMS,57.41916623595406,-4.719132861697987
124,Roudsea,SD333822,333300,482200,3131.0,England,15.0,26,1989,2016,UKBMS,54.23114503456143,-3.02471406959924
125,Fontmell Down,ST880170,388000,117000,4046.0,England,14.0,8,1989,1996,UKBMS,50.95230457327653,-2.1722066591173608
126,Lydden,TR277453,627700,145300,1846.0,England,9.0,19,1986,2021,UKBMS,51.161609881748966,1.2552176108935316
127,Ariundle,NM837641,183700,764100,2245.0,Scotland,15.0,22,1989,2014,UKBMS,56.718304787497544,-5.536362043332698
128,Smardale Gill,NY725066,372500,506600,3173.0,England,11.0,29,1989,2023,UKBMS,54.45403872201061,-2.425656617517527
129,Mottistone Down,SZ416845,441600,84500,1590.0,England,8.0,34,1989,2023,UKBMS,50.658696733485655,-1.4128353642102705
130,Church Place,SU342099,434200,109900,2088.0,England,15.0,33,1989,2023,UKBMS,50.887580495689356,-1.5151666879087982
131,Pitts Wood,SU200149,420000,114900,3030.0,England,7.0,13,1989,2023,UKBMS,50.93320520579759,-1.7167646162720942
132,St Margaret's Bay,TR357432,635700,143200,4926.0,England,10.0,12,1989,2001,UKBMS,51.13952221404339,1.3680525525048977
133,Tadnoll,SY791875,379100,87500,3370.0,England,10.0,35,1989,2023,UKBMS,50.68677310445504,-2.297217036767947
134,Bovey Valley,SX783797,278300,79700,1600.0,England,8.0,34,1989,2023,UKBMS,50.60429037065434,-3.721142577204705
135,East Blean Woods,TR193643,619300,164300,3627.0,England,15.0,29,1989,2023,UKBMS,51.33547721522577,1.1469084722073677
136,Somerford Common,SU028864,402800,186400,3249.0,England,13.0,30,1989,2023,UKBMS,51.576458371748565,-1.960989921039015
137,Thorne Moors,SE722153,472200,415300,3999.0,England,5.0,17,1990,2010,UKBMS,53.629260026122246,-0.909707849885854
138,Hickling Broad,TG425220,642500,322000,1652.0,England,10.0,5,1988,1992,UKBMS,52.741190097753396,1.5910899679681558
139,Blean Woods,TR114608,611400,160800,2005.0,England,15.0,32,1991,2023,UKBMS,51.30704012991172,1.0315947910014152
140,Culvie Wood,NJ574554,357400,855400,3093.0,Scotland,14.0,21,1991,2011,UKBMS,57.5866171182879,-2.7141524201536193
141,Pollymore,NC077176,207700,917600,983.0,Scotland,9.0,20,1991,2011,UKBMS,58.10548456308314,-5.265270967663292
142,Rothamsted Farm,TL119137,511900,213700,3069.0,England,12.0,20,1991,2010,UKBMS,51.81074419555952,-0.378241982864766
143,Loch Fleet,NH814964,281400,896400,3128.0,Scotland,8.0,27,1993,2023,UKBMS,57.941087273151275,-4.004962807094547
144,Whitlaw Mosses,NT505285,350500,628500,1025.0,Scotland,9.0,21,1992,2016,UKBMS,55.547678461088736,-2.786083712892137
145,Newborough Warren,SH416640,241600,364000,3200.0,Wales,15.0,21,1995,2018,UKBMS,53.149519654376945,-4.370055357979354
146,St Cyrus (new),NO749640,374900,764000,3600.0,Scotland,15.0,37,1983,2023,UKBMS,56.76691148867058,-2.4122249146574686
147,Whixall Moss (a),SJ486359,348600,335900,2800.0,England,10.0,17,1993,2021,UKBMS,52.91804656104712,-2.7658849816248092
148,Denmark Farm,SN585537,258500,253700,2966.0,Wales,15.0,10,1993,2002,UKBMS,52.16338012470822,-4.070169869739996
149,Kenfig,SS792808,279200,180800,4407.0,Wales,10.0,24,1993,2021,UKBMS,51.51317089744365,-3.7422180519402892
150,Killard Point,J607434,170403,496694,3000.0,Northern Ireland,15.0,17,1994,2015,UKBMS,54.31405820378442,-5.531378265900512
151,Rhos Llawr Cwrt,SN416501,241600,250100,1637.0,Wales,11.0,26,1994,2019,UKBMS,52.12644751497996,-4.315364693602272
152,Pengelli,SN129392,212900,239200,4015.0,Wales,10.0,4,1994,1997,UKBMS,52.01958890821101,-4.728167841728944
153,Brodick Country Park,NS019382,201900,638200,1801.0,Scotland,13.0,26,1995,2023,UKBMS,55.596998730605016,-5.145721361790528
154,Hickling Broad,TG425217,642500,321700,1680.0,England,3.0,12,1995,2011,UKBMS,52.738498528841205,1.5908684807424336
155,Shabbington Wood (new),SP611102,461100,210200,3260.0,England,10.0,28,1995,2023,UKBMS,51.787130754764306,-1.1156010184904779
156,Denge Wood,TR106513,610600,151300,1462.0,England,10.0,28,1993,2023,UKBMS,51.222032648833896,1.0145440874040872
157,Whixall Fens and Mosses,SJ484371,348400,337100,3500.0,Wales,10.0,13,1993,2015,UKBMS,52.92881350970095,-2.7690503380604388
158,Fontmell Down (new),ST885180,388500,118000,3809.0,England,14.0,44,1980,2023,UKBMS,50.96130713378115,-2.165120515623726
159,Gunthorpe,SK671443,467100,344300,2534.0,England,12.0,7,1997,2003,UKBMS,52.991838548336695,-1.0018072643142522
160,Mabie Forest,NX927703,292700,570300,3500.0,Scotland,11.0,24,1995,2023,UKBMS,55.015637229479964,-3.6796059448324026
161,Bishop Middleham Quarry,NZ332327,433200,532700,2225.0,England,14.0,24,1997,2022,UKBMS,54.68825788234167,-1.486512298506877
162,Gear Sands,SW570400,157000,40000,,England,12.0,3,1999,2001,UKBMS,50.20999948697975,-5.407145298922254
163,Blackford Hill,NT254703,325400,670300,3206.0,Scotland,13.0,19,1999,2023,UKBMS,55.919975764608374,-3.1952363232530465
164,Carty Port,NX430620,243000,562000,,Scotland,8.0,2,1999,2000,UKBMS,54.9279158275514,-4.451652238997131
165,Sands of Forvie (new),NK010260,401000,826000,3655.0,Scotland,7.0,25,1999,2023,UKBMS,57.32454826432093,-1.9850387500662934
166,Great Orme,SH764827,276400,382700,4476.0,Wales,15.0,24,1999,2023,UKBMS,53.326740114112226,-3.8572824176867924
167,Creag Meagaidh,NN474879,247400,787900,3156.0,Scotland,15.0,13,1997,2010,UKBMS,56.957088294216874,-4.511011579722847
168,Loddington (Arable),SK793020,479300,302000,2245.0,England,12.0,2,2000,2001,UKBMS,52.609999917786105,-0.8303366611418119
169,Loddington (Embankment),SK788015,478800,301500,2240.0,England,10.0,2,2000,2001,UKBMS,52.605578615612295,-0.8378379256966115
170,Writtle College (West),TL676068,567600,206800,3666.0,England,12.0,18,2000,2019,UKBMS,51.73485323986545,0.42573331260462527
171,Writtle College (East),TL679072,567900,207200,2448.0,England,8.0,18,2000,2019,UKBMS,51.738356737212214,0.43026644153475935
172,Grange Farm (North) A,TL330627,533000,262700,2879.0,England,20.0,23,2000,2023,UKBMS,52.246417356837306,-0.05332118037312549
173,Grange Farm (South),TL332623,533200,262300,2574.0,England,15.0,23,2000,2023,UKBMS,52.24277499077277,-0.05055109454319175
174,St. Abb's Head,NT913687,391300,668700,4068.0,Scotland,10.0,24,1999,2023,UKBMS,55.91132034050632,-2.1407471498526256
175,Lochaber,NX922699,292200,569900,2661.0,Scotland,11.0,12,2000,2023,UKBMS,55.01193617078764,-3.6872707861195084
176,North Warren,TM460590,646000,259000,4182.0,England,15.0,28,1991,2018,UKBMS,52.17437155874465,1.5964208087474108
177,Callendar Wood,NS895787,289500,678700,3346.0,Scotland,11.0,11,2000,2021,UKBMS,55.98849960353401,-3.772852729785754
178,Cheriton Hill,TR200381,620000,138100,1304.0,England,9.0,24,1992,2023,UKBMS,51.09997526336512,1.1408796807935728
179,Grange Farm (North) B,TL331620,533100,262000,2900.0,England,10.0,23,2000,2023,UKBMS,52.24010362039227,-0.052132844488504096
180,Dean Castle Country Park,NS439396,243900,639600,2366.0,Scotland,7.0,5,2002,2006,UKBMS,55.62484923760252,-4.480702743649771
181,Bodmin Beacon LNR,SX066666,206600,66600,1764.0,England,8.0,9,2002,2011,UKBMS,50.467251594814606,-4.726562260767632
182,Glasdrum,NN000450,200000,745000,2500.0,Scotland,11.0,19,2002,2022,UKBMS,56.55426194018986,-5.255695029180097
183,Sandwell Valley,SP032927,403200,292700,3090.0,England,15.0,4,2003,2006,UKBMS,52.532157963342506,-1.9542576637340794
184,Cavenham Heath,TL754725,575400,272500,3315.0,England,10.0,20,2003,2023,UKBMS,52.322566834598575,0.5722263815726096
185,Aberarder Mountain Ringlet,NN46088839,246080,788390,700.0,Scotland,7.0,15,1994,2016,UKBMS,56.96104838646766,-4.53299245509012
186,Scamodale,NM841736,184100,773600,1815.0,Scotland,11.0,8,2003,2010,UKBMS,56.80367141345035,-5.5378506288785685
187,Torrington Commons,SS480190,248000,119000,2400.0,England,6.0,7,2002,2008,UKBMS,50.95033733895632,-4.165286075786725
188,Wootton Coppice,SZ247995,424700,99500,2100.0,England,7.0,18,2004,2023,UKBMS,50.79454287075108,-1.650917959243368
189,Cragbank,NT590070,359000,607000,,Scotland,10.0,1,2004,2004,UKBMS,55.3552932805438,-2.6482014763796875
190,Tentsmuir Point North Revised,NO499276,349900,727600,2900.0,Scotland,8.0,19,2005,2023,UKBMS,56.43791177088771,-2.8140967365409564
191,Tentsmuir Point (South),NO500270,350000,727000,,Scotland,5.0,1,2005,2005,UKBMS,56.4325325183852,-2.812360180858226
192,Morton Lochs,NO463268,346300,726800,2900.0,Scotland,9.0,19,2004,2023,UKBMS,56.43032860186501,-2.8723077096095757
193,Hengistbury Head,SZ175905,417500,90500,3803.0,England,14.0,45,1979,2023,UKBMS,50.713870770682156,-1.7534969057161942
194,Skokholm (new),SM739050,173900,205000,,Wales,10.0,3,2005,2007,UKBMS,51.69808329208743,-5.27324365420374
195,Tentsmuir Point South Revised,NO500270,350000,727000,1700.0,Scotland,7.0,18,2006,2023,UKBMS,56.4325325183852,-2.812360180858226
500,Kitts Grave,SU035210,403500,121000,,England,12.0,1,1996,1996,UKBMS,50.98839109280889,-1.9515084825215343
501,Martin Down (N),SU045190,404500,119000,1529.0,England,9.0,1,1996,1996,UKBMS,50.97039981598371,-1.9372854048734391
988,Allt Marchaidh,NH886041,288600,804100,1727.0,Scotland,8.0,5,2003,2009,UKBMS,57.114303964287544,-3.8411612277318237
989,Glensaugh (upper),NO650800,365000,780000,400.0,Scotland,4.0,17,1997,2014,UKBMS,56.90999883772092,-2.5763753078098657
990,Y Wyddfa,SH638549,263800,354900,2265.0,Wales,5.0,17,1996,2012,UKBMS,53.073914152884555,-4.03447644133257
991,Porton Down,SU247367,424700,136700,2700.0,England,15.0,28,1994,2023,UKBMS,51.129050038468755,-1.6484041992927854
992,Sourhope,NT860210,386000,621000,1287.0,Scotland,6.0,18,1993,2010,UKBMS,55.48260703653159,-2.223072804302498
993,Moor House,NY751332,375100,533200,1919.0,England,10.0,31,1993,2023,UKBMS,54.69321655247173,-2.3878208102115805
994,Wytham,SP464096,446400,209600,4794.0,England,13.0,31,1993,2023,UKBMS,51.78314582357768,-1.3287770545032431
995,North Wyke,SX660985,266000,98500,4738.0,England,15.0,30,1993,2023,UKBMS,50.77056346159058,-3.9016824046468495
996,Hillsborough,J247580,135773,514305,1400.0,Northern Ireland,10.0,23,1993,2016,UKBMS,54.455191233181935,-6.078046249632169
997,Glensaugh,NO667776,366700,777600,5135.0,Scotland,11.0,21,1994,2018,UKBMS,56.88856539688943,-2.548144276978068
998,Drayton,SP163554,416300,255400,2167.0,England,12.0,19,1993,2011,UKBMS,52.19659710358962,-1.7629441540474289
999,Alice Holt,SU801399,480100,139900,1930.0,England,4.0,30,1994,2023,UKBMS,51.15276162977767,-0.8561121091769729
1001,Stockbridge Down,SU382348,438200,134800,1500.0,England,15.0,38,1983,2023,UKBMS,51.11122728734375,-1.4556912732157359
1002,Ashford Hangers 1,SU742268,474200,126800,2000.0,England,11.0,24,1987,2023,UKBMS,51.03577960605725,-0.9431418050179714
1003,Anton Lakes 1,SU360467,436000,146700,1500.0,England,8.0,3,1996,1998,UKBMS,51.21836955567885,-1.4859294518198634
1004,Badminston Common,SU460020,446000,102000,2190.0,England,10.0,25,1993,2023,UKBMS,50.81572780011116,-1.3484124374169548
1005,Beacon Hill,SU603227,460300,122700,1400.0,England,10.0,43,1980,2023,UKBMS,51.000539720264996,-1.1420361988178291
1006,Bentley Station Meadow,SU794430,479400,143000,950.0,England,3.0,31,1993,2023,UKBMS,51.18072871123313,-0.8654350974016086
1007,Bonchurch Down,SZ5733678652,457336,78652,650.0,England,9.0,31,1993,2023,UKBMS,50.60477844758155,-1.191136760972552
1008,Broughton Down,SU294327,429400,132700,2000.0,England,10.0,10,1987,2002,UKBMS,51.092861692482224,-1.5815654933539733
1009,Claylands,SU547181,454700,118100,1600.0,England,8.0,28,1996,2023,UKBMS,50.95973766312672,-1.2225246282956959
1010,Farlington Marshes Route A,SU688047,468800,104700,1420.0,England,5.0,26,1993,2023,UKBMS,50.83774881204941,-1.0243097231612805
1011,Hocombe Mead,SU430227,443000,122700,2400.0,England,8.0,18,1994,2013,UKBMS,51.00208939529388,-1.3885612297173822
1012,Hookheath Meadows,SU64700790,464700,107900,,England,,7,1994,2002,UKBMS,50.866993134864586,-1.081962880638871
1013,Itchen Valley CP Meadows,SU457161,445700,116100,2450.0,England,6.0,26,1993,2018,UKBMS,50.94253655808893,-1.3509122545372392
1014,Lower Test Marshes,SU364149,436400,114900,3729.0,England,11.0,33,1991,2023,UKBMS,50.93240654594344,-1.4833945748675348
1015,Ludshott Common,SU853357,485300,135700,1150.0,England,8.0,10,1994,2017,UKBMS,51.11425320545973,-0.7827731083812395
1016,Magdalen Hill Down,SU503292,450300,129200,1950.0,England,10.0,34,1990,2023,UKBMS,51.05994358298295,-1.2836334729820467
1017,Magdalen Hill Down extension,SU515292,451500,129200,1600.0,England,8.0,28,1996,2023,UKBMS,51.0598374349954,-1.2665118682058458
1018,Martin Down Kitts Grave,SU034203,403400,120300,1465.0,England,12.0,39,1985,2023,UKBMS,50.98209709244695,-1.9529395320930616
1019,Martin Down North,SU045190,404500,119000,1375.0,England,9.0,42,1982,2023,UKBMS,50.97039981598371,-1.9372854048734391
1022,Noar Hill,SU741320,474100,132000,2383.0,England,15.0,41,1983,2023,UKBMS,51.082543699488085,-0.9435044535277993
1023,Oxenbourne Down,SU712186,471200,118600,2000.0,England,12.0,14,1984,2004,UKBMS,50.96243374484588,-0.9875257060542494
1024,Pamber Forest,SU615610,461500,161000,5300.0,England,15.0,40,1984,2023,UKBMS,51.34476489499584,-1.118396751868178
1025,Parkhurst Forest,SZ477903,447700,90300,3050.0,England,14.0,11,1995,2007,UKBMS,50.71038443871377,-1.3257962212159138
1026,Portsdown Hill West,SU621067,462100,106700,2200.0,England,,9,1993,2001,UKBMS,50.85648811038195,-1.119108180438382
1027,Portsdown Hill East,SU675063,467500,106300,1900.0,England,6.0,8,1995,2002,UKBMS,50.85228760853242,-1.0424744496977592
1028,Sandy Point Hayling Island,SZ74809830,474800,98300,2300.0,England,10.0,16,1989,2004,UKBMS,50.779463193045885,-0.9404183376896399
1029,Silchester Common,SU622623,462200,162300,1020.0,England,5.0,18,1994,2015,UKBMS,51.35637664637718,-1.10812093544836
1030,St Catherine's Hill,SU490276,449000,127600,1371.0,England,12.0,20,1986,2005,UKBMS,51.04566936583157,-1.3023980923763547
1031,Swanwick NR,SU507099,450700,109900,2300.0,England,14.0,27,1994,2023,UKBMS,50.88637123871158,-1.2806113467014693
1032,Lower Test - Testwood Park House,SU358145,435800,114500,1906.0,England,9.0,32,1992,2023,UKBMS,50.92884718729295,-1.4919714616644255
1033,Titchfield Haven (Old),SU53300240,453300,102400,1950.0,England,6.0,8,1990,2000,UKBMS,50.81870008953704,-1.2447422347884982
1034,Coombe Bottom & St Boniface Down (Ventnor),SZ558779,455800,77900,1100.0,England,11.0,35,1989,2023,UKBMS,50.59816507714742,-1.2129527538541796
1035,Newton - Walters Copse,SZ432905,443200,90500,1317.0,England,7.0,28,1996,2023,UKBMS,50.712533841631505,-1.3895016266774909
1036,West Down (Chilbolton),SU385392,438500,139200,2300.0,England,10.0,34,1988,2023,UKBMS,51.150770406126206,-1.4509372625934611
1037,Wendleholme,SU494073,449400,107300,1800.0,England,11.0,18,1987,2004,UKBMS,50.86310504310741,-1.2994412978303078
1038,Westbury House Park,SU660235,466000,123500,1529.0,England,,12,1993,2005,UKBMS,51.00710804499093,-1.0606712007681083
1039,Winnall Moors,SU488305,448800,130500,4000.0,England,12.0,30,1987,2023,UKBMS,51.0717616563593,-1.3048606308759119
1040,Yew Hill,SU454265,445400,126500,1220.0,England,6.0,34,1990,2023,UKBMS,51.036073701186176,-1.3538854546118784
1041,Conford Moor,SU823330,482300,133000,1057.0,England,7.0,4,1996,2017,UKBMS,51.0904178116088,-0.8262364159362505
1043,Ashford Hangers 2,SU73502640,473500,126400,500.0,England,,7,1993,2001,UKBMS,51.03227315580922,-0.953204361022822
1044,Botley Wood 1,SU545100,454500,110000,2900.0,England,11.0,29,1995,2023,UKBMS,50.88692514388734,-1.2265801654529593
1045,Botley Wood 2,SU542097,454200,109700,1200.0,England,7.0,6,1999,2004,UKBMS,50.88425582921186,-1.2308890552585328
1046,Brading Quarries,SZ603868,460300,86800,1400.0,England,10.0,13,1997,2009,UKBMS,50.67774542292481,-1.1479333896489972
1047,Browndown North,SZ582996,458200,99600,1800.0,England,8.0,9,1997,2019,UKBMS,50.793052807753554,-1.1756342016954433
1048,Brownwich & Chilling,SU515040,451500,104000,2800.0,England,12.0,16,1989,2004,UKBMS,50.83324946212269,-1.270067838809857
1049,Catherington Down,SU692144,469200,114400,3033.0,England,9.0,29,1995,2023,UKBMS,50.924914852814666,-1.0167966667389017
1050,Crabtree,SU663519,466300,151900,1900.0,England,10.0,25,1999,2023,UKBMS,51.26241236557096,-1.051178341442588
1051,Crab Wood,SU438295,443800,129500,550.0,England,7.0,26,1986,2023,UKBMS,51.06317245307157,-1.3763409939016427
1052,Crowdhill Copse,SU489198,448900,119800,2757.0,England,9.0,16,1993,2008,UKBMS,50.975543719313585,-1.304873254224778
1053,Drayton Down,SU67202250,467200,122500,1200.0,England,,7,1998,2005,UKBMS,50.9979783642326,-1.0437548410389104
1054,Firestone Copse,SZ555908,455500,90800,1700.0,England,10.0,33,1988,2023,UKBMS,50.7141895037002,-1.2152612436888819
1055,The Gillies,SU572059,457200,105900,1300.0,England,8.0,31,1993,2023,UKBMS,50.849799327230805,-1.1888399455798566
1056,Ham Green Common,SU43903070,443900,130700,1700.0,England,,10,1996,2005,UKBMS,51.073954748828776,-1.3747687671106612
1057,Leckford-A,SU368366,436800,136600,1800.0,England,10.0,25,1988,2023,UKBMS,51.127503633538005,-1.4755062166666015
1058,Leckford-J,SU382357,438200,135700,1610.0,England,10.0,30,1989,2023,UKBMS,51.11931977460435,-1.4555962332295616
1059,Old Burghclere Lime Quarry,SU472573,447200,157300,1100.0,England,9.0,11,1988,2007,UKBMS,51.31286244797177,-1.3241811408503061
1060,Pignal Inclosure,SU315040,431500,104000,600.0,England,7.0,26,1998,2023,UKBMS,50.834679648560275,-1.5540559163011622
1061,Royal Victoria CP,SU46500780,446500,107800,4138.0,England,7.0,10,1996,2005,UKBMS,50.867840913076456,-1.3405811999687411
1063,Whippingham (fields),SZ510933,451000,93300,3650.0,England,11.0,23,1998,2020,UKBMS,50.737080784017316,-1.2786487250353868
1064,Whippingham (Woodhouse),SZ530930,453000,93000,950.0,England,11.0,16,1998,2013,UKBMS,50.73420453203175,-1.2503524981599867
1065,Wick Wood,SU759357,475900,135700,3056.0,England,12.0,28,1995,2023,UKBMS,51.11557350387694,-0.917035253973087
1066,Culver Down,SZ63508550,463500,85500,1500.0,England,10.0,4,1992,1995,UKBMS,50.6657165505365,-1.1028721318071297
1067,Medina Valley Centre,SZ503909,450300,90900,367.0,England,10.0,29,1988,2019,UKBMS,50.71556097455619,-1.2888941683229387
1068,Emer Bog,SU397215,439700,121500,1700.0,England,10.0,6,1992,2004,UKBMS,50.99153576054464,-1.43571934524429
1069,Bishops Waltham Moors,SU560170,456000,117000,1900.0,England,13.0,6,1991,1997,UKBMS,50.94972245427378,-1.2041853045309847
1070,Itchen Valley CP Woods,SU469167,446900,116700,1100.0,England,8.0,27,1992,2018,UKBMS,50.947835453804814,-1.333756483181695
1071,"Sandy Top, Fordingbridge",SU13301460,413300,114600,,England,,12,1994,2005,UKBMS,50.93069961939185,-1.812118188389053
1072,Chilworth,SU40401850,440400,118500,1950.0,England,7.0,5,1991,1995,UKBMS,50.96451172868966,-1.4260785989143825
1073,Farlington Marshes Route B,SU688052,468800,105200,1286.0,England,6.0,23,1993,2022,UKBMS,50.84224440218134,-1.0242159877651786
1074,Farlington Marshes Route C,SU679045,467900,104500,1715.0,England,6.0,24,1993,2023,UKBMS,50.836056693472464,-1.0371260715118764
1075,Roydon Woods - Bakers,SU316013,431600,101300,2979.0,England,15.0,33,1985,2021,UKBMS,50.81039517374705,-1.5528677263910844
1076,Roydon Woods - Calveslease,SU322001,432200,100100,1461.0,England,11.0,23,1990,2012,UKBMS,50.79957154211893,-1.5444570745522643
1077,Roydon Woods - Newlands,SU322009,432200,100900,1014.0,England,12.0,18,1987,2004,UKBMS,50.806765348423546,-1.544387160349778
1078,Roydon Woods - Sheffield,SZ33209970,433200,99700,760.0,England,7.0,4,1997,2000,UKBMS,50.79591840726603,-1.530303857942101
1079,Roydon Woods - Woodhouse,SU310004,431000,100400,1737.0,England,11.0,20,1984,2003,UKBMS,50.802334431454995,-1.5614590017577654
1080,Bartley Heath Cross Lines Walk,SU72605340,472600,153400,8000.0,England,10.0,21,1983,2003,UKBMS,51.27513158087655,-0.9605984658445859
1081,Bartley Heath New 1,SU726534,472600,153400,4600.0,England,10.0,28,1996,2023,UKBMS,51.27513158087655,-0.9605984658445859
1082,Bartley Heath New 2,SU72405260,472400,152600,2300.0,England,10.0,5,1997,2001,UKBMS,51.26796471398559,-0.9636269200188049
1083,Roydon Woods - Southern Fields,SZ317996,431700,99600,2842.0,England,15.0,23,2000,2023,UKBMS,50.795102874850386,-1.5515947186201156
1084,The Dongas,SU490276,449000,127600,1391.0,England,8.0,14,1997,2023,UKBMS,51.04566936583157,-1.3023980923763547
1085,Millfield,SU466329,446600,132900,185.0,England,12.0,9,2002,2010,UKBMS,51.09352368853104,-1.3359498756596346
1086,Parkhurst Forest 2,SZ472912,447200,91200,4400.0,England,11.0,7,2001,2007,UKBMS,50.718518018203795,-1.332762287598849
1087,Parkhurst Forest 3,SZ468915,446800,91500,,England,11.0,7,2001,2007,UKBMS,50.721247912580985,-1.3383900345913398
1088,Bushfield Camp,SU470275,447000,127500,,England,,3,2001,2005,UKBMS,51.0449369381824,-1.330938615988811
1089,Hamble Common,SU482061,448200,106100,1995.0,England,6.0,22,2001,2022,UKBMS,50.85241591383978,-1.316648526383423
1090,Itchen Valley Country Park 3 Copses,SU465165,446500,116500,1000.0,England,8.0,16,2003,2018,UKBMS,50.94606943740386,-1.3394755050567886
1091,Peartree Green,SU438118,443800,111800,1500.0,England,8.0,8,2003,2023,UKBMS,50.90401880851281,-1.3784688684678714
1092,Titchfield Haven 2,SU53300240,453300,102400,,England,6.0,2,2001,2002,UKBMS,50.81870008953704,-1.2447422347884982
1093,Broughton Down 2,SU290330,429000,133000,2720.0,England,13.0,18,2004,2023,UKBMS,51.09557953774353,-1.5872530623095673
1094,Catherington Lith,SU700143,470000,114300,1980.0,England,10.0,16,2000,2021,UKBMS,50.92391939467238,-1.0054352871717251
1095,Dell Piece West,SU701126,470100,112600,500.0,England,7.0,16,2002,2023,UKBMS,50.908622559169984,-1.0043388974790834
1096,Hazleton Common,SU703120,470300,112000,,England,10.0,3,2000,2003,UKBMS,50.9032036656262,-1.0016101303932823
1098,"Windmill Hill, Chalton",SU712147,471200,114700,3280.0,England,7.0,19,2003,2023,UKBMS,50.92736916246142,-0.9882869272373409
1099,Parsonage Field,SU694144,469400,114400,100.0,England,1.0,19,2003,2023,UKBMS,50.92489086721078,-1.013951524350125
1100,Gait Barrows NNR (Warden's),SD483774,348300,477400,1900.0,England,5.0,22,1982,2003,UKBMS,54.18974706789026,-2.7938060540923133
1101,Heald Brow NT,SD468739,346800,473900,2600.0,England,10.0,27,1996,2023,UKBMS,54.158140701346085,-2.8161715084879617
1102,Heathwaite NT,SD448768,344800,476800,3500.0,England,7.0,31,1993,2023,UKBMS,54.1839897751258,-2.8473273700153787
1103,Helsington Barrows NT,SD491902,349100,490200,2600.0,England,15.0,25,1996,2021,UKBMS,54.30485367106793,-2.7837254227111115
1104,Hutton Roof (CWT),SD54507740,354500,477400,2300.0,England,16.0,8,1995,2003,UKBMS,54.19033585181274,-2.6987986941519297
1105,Hutton Roof (Dalton Crag FC),SD552763,355200,476300,2400.0,England,7.0,11,1996,2008,UKBMS,54.180512225412606,-2.687907662582557
1106,Hutton Roof Common,SD560780,356000,478000,4600.0,England,8.0,17,2000,2018,UKBMS,54.195859084161015,-2.675900549265341
1107,Jack Scout NT,SD459736,345900,473600,1150.0,England,11.0,29,1994,2023,UKBMS,54.15535054190335,-2.829898067446112
1108,Latterbarrow CWT,SD440828,344000,482800,1100.0,England,6.0,26,1996,2023,UKBMS,54.23782082274889,-2.860704858844862
1110,Trowbarrow Quarry LNR,SD480758,348000,475800,2031.0,England,14.0,14,1996,2009,UKBMS,54.17533827393535,-2.7981260482659254
1111,Warton Crag LNR,SD495725,349500,472500,3181.0,England,15.0,28,1989,2018,UKBMS,54.14583265655658,-2.774594498210945
1112,Warton Crag LWT,SD491731,349100,473100,5400.0,England,15.0,18,1992,2010,UKBMS,54.1511850520164,-2.7808189160720906
1113,Warton Crag RSPB,SD488731,348800,473100,2800.0,England,7.0,33,1990,2023,UKBMS,54.15115517219756,-2.7854116990662483
1114,Whitbarrow - Howe Ridding pNNR,SD435880,343500,488000,1410.0,England,15.0,27,1996,2022,UKBMS,54.284494149238725,-2.8693582064635237
1116,Witherslack Woods LNR,SD437863,343700,486300,3800.0,England,15.0,23,1985,2010,UKBMS,54.2692397089358,-2.865966050765234
1117,Whitbarrow NNR - Wakebarrow,SD450870,345000,487000,3505.0,England,15.0,23,1996,2023,UKBMS,54.27567182132135,-2.846136374160339
1118,Whitbarrow NNR - Farrer's Allotment,SD454856,345400,485600,4100.0,England,15.0,23,1996,2019,UKBMS,54.26313398578836,-2.8397384461529813
1119,Whitbarrow NNR - Hervey CWT,SD441862,344100,486200,4000.0,England,11.0,25,1995,2023,UKBMS,54.268385046827966,-2.8598062623974876
1120,Lambhowe Plantation North,SD41609150,341600,491500,2450.0,England,11.0,5,1996,2002,UKBMS,54.31573152364812,-2.899224205062816
1121,Ainsdale NNR,SD285105,328500,410500,,England,7.0,18,1980,1997,UKBMS,53.58618869951441,-3.0815539494665467
1122,Arnside Knott NT,SD453776,345300,477600,4700.0,England,12.0,31,1991,2023,UKBMS,54.19123255643276,-2.839812526440223
1123,Barkbooth Lot (CWT),SD417907,341700,490700,1460.0,England,10.0,23,1993,2023,UKBMS,54.30855411150797,-2.89753072035085
1124,Brigsteer Park Wood (NT),SD486880,348600,488000,3000.0,England,6.0,26,1992,2023,UKBMS,54.285033524453624,-2.791029390612308
1125,Dick Fell,SD473797,347300,479700,1295.0,England,7.0,24,1996,2023,UKBMS,54.21031392607445,-2.80953352827201
1126,Eaves Wood NT,SD465763,346500,476300,4500.0,England,11.0,32,1991,2023,UKBMS,54.179677004899,-2.821192199677143
1127,Flash Bank Wood NT,SD489880,348900,488000,950.0,England,5.0,25,1992,2023,UKBMS,54.2850636682976,-2.786421734376585
1129,Seaforth Nature Reserve,SJ319970,331900,397000,1300.0,England,1.0,9,1990,2001,UKBMS,53.465318647419195,-3.027262089888229
1130,Heysham Local Nature Reserve,SD40506000,340500,460000,,England,10.0,8,1988,1998,UKBMS,54.03253752738423,-2.9098947787648806
1131,Teddy Heights (old),SD474791,347400,479100,,England,7.0,2,1998,1999,UKBMS,54.204932353540705,-2.807895174185109
1132,Clints Quarry,NY008123,300800,512300,1205.0,England,15.0,8,2011,2018,UKBMS,54.4962908348611,-3.5331595985054336
1134,Waitby Greenriggs,NY760083,376000,508300,1400.0,England,14.0,16,1998,2023,UKBMS,54.46949441827968,-2.3718140912557484
1135,Campfield Marsh,NY20506020,320500,560200,1810.0,England,,4,1997,2001,UKBMS,54.93012232957645,-3.242169313246593
1136,Martin Mere,SD422145,342200,414500,3600.0,England,6.0,18,1995,2012,UKBMS,53.62382953792036,-2.8753742420406763
1138,Mere Sands Wood New,SD447157,344700,415700,1905.0,England,8.0,4,2004,2007,UKBMS,53.63488475199088,-2.8377940050499824
1139,"Radbrook, Downham",SD781430,378100,443000,2570.0,England,14.0,2,2002,2003,UKBMS,53.88272368803332,-2.3346381153418325
1140,Brant Whetland,SD337937,333700,493700,295.0,England,4.0,13,2001,2019,UKBMS,54.3345337551813,-3.0211321320212683
1141,Field of Dreams,SD473750,347300,475000,1030.0,England,9.0,22,2002,2023,UKBMS,54.16807752331237,-2.8087084346278606
1142,Holme Park Fell,SD539792,353900,479200,3315.0,England,10.0,21,2002,2022,UKBMS,54.20645814385291,-2.7082697621167617
1143,Yealand Hall Allotment,SD490764,349000,476400,4000.0,England,14.0,22,2002,2023,UKBMS,54.18083076380236,-2.782909728627667
1144,Holme Park Quarry Reserve,SD539782,353900,478200,1092.0,England,11.0,15,2003,2017,UKBMS,54.197471484499665,-2.7081160278880043
1145,Coldwell Parrock,SD480778,348000,477800,955.0,England,3.0,22,2002,2023,UKBMS,54.19331127358368,-2.798472395883291
1146,Lancelot Clark Storth,SD546772,354600,477200,2285.0,England,15.0,26,1995,2023,UKBMS,54.18854739453747,-2.697236032006759
1147,Gait Barrows NNR (Warden's),SD483774,348300,477400,1900.0,England,15.0,31,1993,2023,UKBMS,54.18974706789026,-2.7938060540923133
1148,Lambhowe Plantation North,SD411916,341100,491600,1360.0,England,8.0,3,2003,2005,UKBMS,54.3165725866641,-2.9069288804954794
1149,Teddy Heights,SD475792,347500,479200,2200.0,England,6.0,21,1998,2023,UKBMS,54.20584127067656,-2.8063797743436836
1150,Beetham Fell,SD487793,348700,479300,3190.0,England,12.0,13,2005,2018,UKBMS,54.20686166768606,-2.7880015392812547
1151,Burton Fell,SD545778,354500,477800,2290.0,England,10.0,20,2002,2023,UKBMS,54.193930528681896,-2.6988593531934693
1153,Dobshall Wood,SD450780,345000,478000,1095.0,England,7.0,17,2006,2023,UKBMS,54.194794963698676,-2.844482975803334
1155,North Walney NNR,SD170723,317000,472300,4000.0,England,12.0,3,2007,2010,UKBMS,54.139806584734906,-3.271969138507528
1156,Foulshaw Moss,SD460860,346000,486000,2700.0,England,5.0,2,2006,2007,UKBMS,54.266792324696105,-2.8306004023364904
1157,Witherslack Hall Woods,SD435868,343500,486800,2233.0,England,10.0,14,2007,2023,UKBMS,54.27371071470372,-2.8691311478178583
1158,Marble Quarry,SD497788,349700,478800,2005.0,England,6.0,1,2008,2008,UKBMS,54.202467720375324,-2.772587784653623
1159,Meathop Moss,SD447821,344700,482100,1980.0,England,8.0,10,2008,2017,UKBMS,54.23160663612888,-2.849836816742012
1161,Seven Acres,SD737094,373700,409400,2959.0,England,10.0,8,2009,2019,UKBMS,53.58052701948376,-2.398701831569868
1162,Hampsfield Allotment,SD398807,339800,480700,2010.0,England,5.0,3,2009,2011,UKBMS,54.21847247793082,-2.924714272946878
1163,Trowbarrow Quarry - New (2010),SD480758,348000,475800,2092.0,England,12.0,14,2010,2023,UKBMS,54.17533827393535,-2.7981260482659254
1164,Middlebarrow Wood,SD464769,346400,476900,2890.0,England,13.0,14,2010,2023,UKBMS,54.18505841647041,-2.822831246641536
1165,Burton Fell Extension,SD543777,354300,477700,400.0,England,2.0,3,2010,2012,UKBMS,54.193014034301726,-2.701909192232031
1166,Warton Crag LWT2,SD491731,349100,473100,4020.0,England,15.0,8,2011,2023,UKBMS,54.1511850520164,-2.7808189160720906
1167,Thack Beck,NY506307,350600,530700,,England,8.0,1,2012,2012,UKBMS,54.66893911001122,-2.767464069984925
1168,Ainsdale Sand Dunes NNR,SD288106,328800,410600,5325.0,England,13.0,11,2013,2023,UKBMS,53.587128251838955,-3.077045877082456
1169,Myers Allotment Two,SD474750,347400,475000,850.0,England,10.0,11,2013,2023,UKBMS,54.16808780105092,-2.807176891862029
1171,Hartsop Dodd,NY413115,341300,511500,1540.0,England,10.0,10,2013,2023,UKBMS,54.49541539669804,-2.9077970120313297
1172,Wartbarrow SSSI,SD390767,339000,476700,2200.0,England,10.0,2,2014,2015,UKBMS,54.18243310634659,-2.936168003409134
1173,South Walney Nature Reserve,SD225620,322500,462000,2962.0,England,7.0,8,2014,2021,UKBMS,54.04811517455289,-3.1851599321872706
1174,Smardale Gill Extension,NY734081,373400,508100,1000.0,England,2.0,10,2014,2023,UKBMS,54.46756693466919,-2.4119112509452476
1175,Hampsfell 2,SD398805,339800,480500,2615.0,England,10.0,6,2014,2019,UKBMS,54.21667524763548,-2.924674107671237
1176,Halecat,SD431833,343100,483300,3000.0,England,12.0,10,2014,2023,UKBMS,54.24221452955604,-2.874606796502142
1179,Heysham Nature Reserve,SD406600,340600,460000,1000.0,England,10.0,7,2015,2023,UKBMS,54.032549072289385,-2.9083682618117557
1181,Marble Quarry 2,SD499779,349900,477900,2384.0,England,10.0,1,2015,2015,UKBMS,54.19439945956864,-2.7693718250028705
1183,Nob End SSSI,SD749063,374900,406300,1251.0,England,10.0,3,2016,2018,UKBMS,53.552722954143114,-2.380327512288217
1184,Crosby Coastguard Station,SD298008,329800,400800,1700.0,England,9.0,7,2017,2023,UKBMS,53.49919268309868,-3.0597396655668057
1185,Brockholes NR,SD587307,358700,430700,1739.0,England,14.0,6,2017,2023,UKBMS,53.77099301769933,-2.6280888838048457
1186,Brockholes NR 2,SD586308,358600,430800,840.0,England,7.0,3,2017,2019,UKBMS,53.77188380222012,-2.6296194500142125
1187,Dove Stone East,SE019037,401900,403700,3343.0,England,10.0,4,2017,2022,UKBMS,53.5299557342139,-1.9728072082359625
1188,Dove Stone West,SE019047,401900,404700,2659.0,England,6.0,4,2017,2022,UKBMS,53.53894408646909,-1.9728015047407392
1189,Meathop Moss 2,SD443820,344300,482000,1900.0,England,8.0,2,2018,2019,UKBMS,54.23066457413217,-2.855953717952126
1190,St Annes LNR,SD310306,331000,430600,2080.0,England,14.0,6,2018,2023,UKBMS,53.767155583328545,-3.0482724346237915
1191,Coldwell Meadows,SD348478,334800,447800,2730.0,England,11.0,2,2019,2022,UKBMS,53.92221425635027,-2.9942897221881353
1192,Middlebarrow Wood section 14,SD464769,346400,476900,,England,1.0,2,2019,2023,UKBMS,54.18505841647041,-2.822831246641536
1193,Ainsdale NNR specific species,SD302112,330200,411200,1320.0,England,4.0,5,2019,2023,UKBMS,53.592708825687424,-3.0560354209605283
1194,Brockholes NR 3,SD582303,358200,430300,2308.0,England,15.0,1,2019,2019,UKBMS,53.76735804475298,-2.6356201070678056
1195,Cabin Hill / Ravenmeols,SD283054,328300,405400,2328.0,England,8.0,3,2021,2023,UKBMS,53.54032918331303,-3.083402391703984
1196,Formby NT Lifeboat Road,SD273061,327300,406100,2000.0,England,7.0,1,2021,2021,UKBMS,53.5464821925419,-3.0986520004730624
1197,Duddon Mosses National Nature Reserve,SD223851,322300,485100,1101.0,England,3.0,3,2021,2023,UKBMS,54.25564956406608,-3.194174981772645
1198,Heathwaite Moss,SD242876,324200,487600,463.0,England,1.0,3,2021,2023,UKBMS,54.27839840908128,-3.165651062191421
1199,Warton Crag LNR (Upper),SD493727,349300,472700,1737.0,England,7.0,2,2022,2023,UKBMS,54.14761023589988,-2.7776896577585037
1200,Barton Hills,TL086296,508600,229600,2700.0,England,8.0,13,1987,2000,UKBMS,51.95429508967789,-0.42109148003159236
1201,Blows Downs West,TL034217,503400,221700,3900.0,England,,2,1995,1996,UKBMS,51.88428206832245,-0.49910130474921605
1202,Blows Downs North,TL034211,503400,221100,2900.0,England,,3,1995,1997,UKBMS,51.87888939469374,-0.4992808831344401
1203,"Blows Downs, Old walk",TL030215,503000,221500,6800.0,England,,1,1994,1994,UKBMS,51.882558461000464,-0.5049704228501924
1204,Bradgers Hill,TL097244,509700,224400,1900.0,England,,4,1995,2000,UKBMS,51.90734538509137,-0.4067472293300154
1205,Coronation Pit,TL03304340,503300,243400,,England,,3,1995,1997,UKBMS,52.07933210214633,-0.4940272495141106
1206,"Dallow Downs, Winsdon Hill",TL07802110,507800,221100,,England,,2,1999,2000,UKBMS,51.8780571304422,-0.43538587065374595
1207,"Dallow Downs, Runley Woods",TL07302150,507300,221500,,England,,2,1999,2000,UKBMS,51.881748474525544,-0.44252228434475394
1208,Dunstable Downs,TL007201,500700,220100,2000.0,England,9.0,20,1993,2023,UKBMS,51.87039496976453,-0.5387820527143232
1209,Hill Rise,TL046510,504600,251000,400.0,England,1.0,18,1994,2023,UKBMS,52.147392006597116,-0.4727321440405293
1210,Priory Country Park,TL075493,507500,249300,2000.0,England,5.0,26,1993,2023,UKBMS,52.13155773339041,-0.4309038729321837
1211,Sundon New Chalk Quarry,TL04102710,504100,227100,5400.0,England,,5,1995,2003,UKBMS,51.932685550782026,-0.48730507209730556
1212,Sundon Old Quarry,TL03902810,503900,228100,2600.0,England,,2,1995,1996,UKBMS,51.94171054571759,-0.4899111998170132
1213,Totternhoe Old Chalk Quarry,SP986224,498600,222400,2450.0,England,9.0,22,1993,2016,UKBMS,51.891442241329315,-0.5686168833428958
1214,Galley & Warden Hills,TL090263,509000,226300,6000.0,England,14.0,6,1995,2000,UKBMS,51.92455867485789,-0.41631791624341025
1215,Harlington Road,TL04602880,504600,228800,300.0,England,,2,2001,2002,UKBMS,51.94787086690047,-0.479519008653986
1220,Sharpenhoe Clappers,TL066297,506600,229700,2300.0,England,11.0,32,1989,2023,UKBMS,51.95558035823456,-0.45015232901078966
1221,Whipsnade Downs,TL000185,500000,218500,2500.0,England,11.0,28,1987,2023,UKBMS,51.85613991927209,-0.5494083393281445
1222,Totternhoe Knolls,SP979220,497900,222000,1800.0,England,10.0,19,1987,2005,UKBMS,51.88797024176823,-0.5788988251572305
1223,Foster Hill Cemetery,TL04905120,504900,251200,,England,,1,2003,2003,UKBMS,52.149132625044295,-0.46828778827482787
1224,Old Warden Tunnel,TL112447,511200,244700,1188.0,England,8.0,18,2006,2023,UKBMS,52.08948659887232,-0.3783726934034297
1226,Bedford Old Cemetery,TL050512,505000,251200,1940.0,England,5.0,7,2006,2022,UKBMS,52.14911364368643,-0.46682684038959343
1227,Totternhoe Old Chalk Quarry SSSI Section 10,SP980225,498000,222500,400.0,England,1.0,4,2006,2015,UKBMS,51.89244673695079,-0.5773043906530456
1229,Knocking hoe,TL131307,513100,230700,1508.0,England,8.0,9,2013,2023,UKBMS,51.96328490317051,-0.35527552579941685
1230,Whipsnade SSSI,SP998179,499800,217900,2000.0,England,9.0,7,2013,2019,UKBMS,51.85078284855539,-0.5524843690263506
1231,Ring Haw,TL053973,505300,297300,2325.0,England,6.0,10,2014,2023,UKBMS,52.56335166439741,-0.44799766486710974
1232,Mowsbury Hillfort,TL065532,506500,253200,1200.0,England,9.0,10,2014,2023,UKBMS,52.16680102575986,-0.4442862631501703
1233,Sulby Gardens with Sulby Covert,SP662818,466200,281800,1840.0,England,7.0,1,2015,2015,UKBMS,52.430181968510674,-1.0277787762324346
1234,Whitestones Twywell Hills & Dales,SP939775,493900,277500,1362.0,England,10.0,7,2016,2023,UKBMS,52.3874864116531,-0.6216905275718851
1235,Bucknell Woods,SP658448,465800,244800,1000.0,England,10.0,8,2016,2023,UKBMS,52.09763646657617,-1.0408627745525962
1236,Sulby Gardens and environs,SP661818,466100,281800,2000.0,England,10.0,6,2016,2021,UKBMS,52.43019404647988,-1.0292493141444294
1237,Bradgers Hill,TL095245,509500,224500,1700.0,England,8.0,5,2016,2021,UKBMS,51.90828342704034,-0.4096215838716738
1238,Harrold Odell Country Park,SP956566,495600,256600,2160.0,England,6.0,5,2017,2021,UKBMS,52.199352678160864,-0.6026428786653845
1239,Wellingborough,SP903674,490300,267400,1300.0,England,5.0,5,2017,2022,UKBMS,52.29731470805511,-0.6772835477665017
1240,Nene Wetlands Nature Reserve,SP939679,493900,267900,3410.0,England,4.0,5,2018,2023,UKBMS,52.30120576135505,-0.6243709320602944
1243,Salcey Forest North,SP809520,480900,252000,3000.0,England,10.0,3,2020,2022,UKBMS,52.160355726561086,-0.8187682110886407
1244,Salcey Forest South,SP805505,480500,250500,2560.0,England,10.0,3,2020,2022,UKBMS,52.14693126658418,-0.8249693316787571
1246,Salcey Forest,SP802516,480200,251600,2508.0,England,7.0,1,2021,2021,UKBMS,52.15686228744596,-0.8290932780459072
1248,Stanwick Lakes,SP967714,496700,271400,2720.0,England,10.0,2,2022,2023,UKBMS,52.33217666379909,-0.5823173671673769
1249,Fermyn Woods Country Park,SP954850,495400,285000,1519.0,England,9.0,2,2022,2023,UKBMS,52.45463264030711,-0.5975199991426936
1250,Old Sulehay including Stonepit Quarry,TL057979,505700,297900,1947.0,England,6.0,2,2022,2023,UKBMS,52.56866609891141,-0.4419079776511137
1252,RSPB The Lodge,TL191484,519100,248400,2665.0,England,7.0,2,2022,2023,UKBMS,52.12109442790026,-0.26182978273484464
1253,Weldon Woodland Park,SP922891,492200,289100,2232.0,England,10.0,2,2022,2023,UKBMS,52.492029973551084,-0.6434641200149933
1254,Rectory Wood,SP966416,496600,241600,1659.0,England,7.0,1,2023,2023,UKBMS,52.06436205416275,-0.5922715995240112
1255,MCP Callow Mounds,TL005420,500500,242000,1727.0,England,7.0,1,2023,2023,UKBMS,52.06726414143839,-0.5352829071493224
1256,MCP Marston Meadow,TL001414,500100,241400,2063.0,England,7.0,1,2023,2023,UKBMS,52.0619438804522,-0.5412919033776497
1257,Strawberry Hill,TL012625,501200,262500,4219.0,England,10.0,1,2023,2023,UKBMS,52.25137969413718,-0.5189718615932948
1258,Ridgeway Woods,TL014463,501400,246300,1564.0,England,7.0,1,2023,2023,UKBMS,52.105746840734085,-0.52088089328524
1259,Shocott Spring,TL078454,507800,245400,2191.0,England,7.0,1,2023,2023,UKBMS,52.09644955671035,-0.4277563845677192
1300,Holtspur Bank LNR,SU91609030,491600,190300,2000.0,England,,3,1995,1997,UKBMS,51.60409867903998,-0.6787501304809348
1301,Grendon & Doddershall Woods,SP700210,470000,221000,3800.0,England,13.0,29,1995,2023,UKBMS,51.883176843029894,-0.9844117483916637
1302,Homefield Wood,SU813867,481300,186700,1109.0,England,,7,1993,2000,UKBMS,51.57331580969605,-0.8282726723446896
1303,Black Boy Field,SP78202150,478200,221500,,England,,5,1996,2000,UKBMS,51.88658331909938,-0.8651888623636694
1304,Little Wittenham Nature Reserve,SU568925,456800,192500,4900.0,England,15.0,12,1989,2014,UKBMS,51.628456059706046,-1.180811880951125
1305,College Lake,SP935139,493500,213900,2450.0,England,6.0,23,2001,2023,UKBMS,51.81591862656505,-0.6450001758657573
1306,Aston Clinton Ragpits,SP888108,488800,210800,900.0,England,2.0,28,1996,2023,UKBMS,51.78881910921398,-0.7139570297902469
1307,Finemere Wood,SP722216,472200,221600,2820.0,England,8.0,29,1994,2022,UKBMS,51.88829037142006,-0.952329381021471
1308,Pitstone Fen,SP93701410,493700,214100,1800.0,England,,3,1990,1996,UKBMS,51.81768286386681,-0.6420456212213083
1309,Coombe Hill,SP846065,484600,206500,650.0,England,4.0,29,1994,2023,UKBMS,51.75081647874222,-0.7758803081164242
1310,"Little Wittenham, Hill Farm",SU562923,456200,192300,3445.0,England,10.0,23,1996,2021,UKBMS,51.62671811584237,-1.1895111235442468
1311,Bowdown (Baynes/Bomb Site),SU508650,450800,165000,1750.0,England,8.0,37,1986,2023,UKBMS,51.381783650036596,-1.2714376702654662
1312,Aston Upthorpe Downs,SU545837,454500,183700,3500.0,England,8.0,31,1993,2023,UKBMS,51.549566845861136,-1.2153999909208453
1313,Blue Lagoon,SP868327,486800,232700,1695.0,England,14.0,5,1996,2000,UKBMS,51.98598493521164,-0.7374426970550041
1314,Howbery Park,SU615900,461500,190000,1000.0,England,1.0,25,1995,2019,UKBMS,51.60548739915165,-1.113357756026301
1315,M40 Compensation Area,SP629102,462900,210200,1620.0,England,7.0,33,1991,2023,UKBMS,51.78693164896699,-1.0895088948485077
1316,Burnham Beeches (Old walk),SU954850,495400,185000,5500.0,England,15.0,3,1989,1991,UKBMS,51.555828179035714,-0.625335309557708
1317,Burnham Beeches (New walk),SU949848,494900,184800,7100.0,England,15.0,30,1992,2023,UKBMS,51.554114648746676,-0.6325990470806744
1318,Crong,SP904088,490400,208800,1035.0,England,2.0,22,2001,2023,UKBMS,51.7705858175014,-0.6912864611164038
1319,Moor Copse Nature Reserve,SU637741,463700,174100,1800.0,England,5.0,22,2001,2022,UKBMS,51.462298147502764,-1.084466292424383
1320,Carmel College Marsh,SU610874,461000,187400,1400.0,England,8.0,19,1995,2014,UKBMS,51.58216700787819,-1.1210278257320243
1321,Lardon Chase,SU587809,458700,180900,1000.0,England,6.0,27,1997,2023,UKBMS,51.52397317797055,-1.155300797381112
1323,Dancersend,SP900095,490000,209500,2800.0,England,14.0,23,2001,2023,UKBMS,51.776942286009124,-0.6969006182802641
1324,Foundation Park,SU857795,485700,179500,1635.0,England,10.0,4,2003,2006,UKBMS,51.50794195942235,-0.766548908102992
1325,Carrinton's New Farm,SU884900,488400,190000,2580.0,England,10.0,21,2003,2023,UKBMS,51.60191271892221,-0.7250190790445
1326,Prestwood Picnic Site,SU867992,486700,199200,500.0,England,4.0,1,2003,2003,UKBMS,51.68487632718985,-0.7472816693403864
1327,Kindersley Centre Sheepdrove,SU352818,435200,181800,2000.0,England,10.0,1,2003,2003,UKBMS,51.53401414091395,-1.4939172985586786
1328,"Brush Hill, Princes Risborough",SP821034,482100,203400,1320.0,England,10.0,18,2004,2023,UKBMS,51.72332151753673,-0.812817312050795
1329,College Lake New 2003,SP929147,492900,214700,1250.0,England,5.0,23,2001,2023,UKBMS,51.823209344563416,-0.6534874405961731
1330,Howe Park Wood,SP83303440,483300,234400,2021.0,England,11.0,1,2002,2002,UKBMS,52.00180083881062,-0.7879840522879791
1331,Linford Wood,SP850401,485000,240100,2038.0,England,10.0,1,2002,2002,UKBMS,52.05277828779816,-0.7618123847327867
1332,Monkstone & Oakgrove Park,SP878385,487800,238500,2010.0,England,11.0,1,2002,2002,UKBMS,52.03796093428239,-0.7213997714175491
1333,Rushbeds Wood,SP650155,465000,215500,,England,9.0,1,2002,2002,UKBMS,51.83433782748635,-1.0580760002955172
1334,Stonepits Park,SP846420,484600,242000,2005.0,England,12.0,1,2002,2002,UKBMS,52.06991759466565,-0.7671742738115949
1335,Hosehill LNR,SU649697,464900,169700,1685.0,England,15.0,15,2005,2023,UKBMS,51.422604471144815,-1.0680007794226583
1336,Ardley Quarry,SP536273,453600,227300,957.0,England,4.0,21,2003,2023,UKBMS,51.94162831914223,-1.2216734109556375
1337,Butler's Hangings,SU818959,481800,195900,1015.0,England,6.0,7,2003,2009,UKBMS,51.655945871316746,-0.8189151968865654
1339,Hartslock,SU618795,461800,179500,1405.0,England,7.0,21,2003,2023,UKBMS,51.511056586519516,-1.110868595997605
1340,Severn Barrows,SU329828,432900,182800,650.0,England,4.0,21,2003,2023,UKBMS,51.54314349822386,-1.5269818386095952
1341,Hazeley Wood North Bucks Way and Oakhill Wood,SP813365,481300,236500,2118.0,England,7.0,1,2002,2002,UKBMS,52.02097328553745,-0.8166133455932681
1342,Shenley Wood,SP825361,482500,236100,2044.0,England,9.0,1,2002,2002,UKBMS,52.01720092190286,-0.7992259387874627
1343,Decoy Heath,SU615635,461500,163500,1100.0,England,8.0,22,2002,2023,UKBMS,51.367241446596196,-1.1179653296104617
1344,Hurley,SU812821,481200,182100,984.0,England,6.0,22,2002,2023,UKBMS,51.531978466984924,-0.8307757979090028
1345,Loddon,SU785758,478500,175800,1592.0,England,5.0,13,2002,2016,UKBMS,51.475724615684136,-0.8710921092521224
1346,Wildmoor Heath,SU843630,484300,163000,4426.0,England,10.0,25,1998,2023,UKBMS,51.359824610117315,-0.7906389297414175
1347,Arrowhead,SU654708,465400,170800,1195.0,England,12.0,4,2005,2008,UKBMS,51.43243650232248,-1.0606081216103627
1348,Car Park Pit,SU671703,467100,170300,988.0,England,12.0,5,2005,2009,UKBMS,51.42774291900626,-1.036251784797482
1349,Brill Common,SP653143,465300,214300,3000.0,England,10.0,18,2003,2023,UKBMS,51.82351521887741,-1.0539488066763372
1351,Prestwood Nature,SU866991,486600,199100,5020.0,England,15.0,18,2006,2023,UKBMS,51.68399283450101,-0.7487525767435004
1352,Greenham Common,SU495648,449500,164800,3220.0,England,9.0,1,2007,2007,UKBMS,51.38010005714787,-1.2901437428026252
1353,Padworth Common,SU620647,462000,164700,2534.0,England,11.0,5,2007,2011,UKBMS,51.37797587265898,-1.1105749940748308
1354,Holtspur Bottom Reserve,SU917904,491700,190400,1125.0,England,9.0,17,2007,2023,UKBMS,51.60498131539608,-0.6772804907088656
1355,Calvert Jubilee,SP682252,468200,225200,1900.0,England,7.0,14,2007,2021,UKBMS,51.92115546091722,-1.0097290884539538
1356,Chinnor Hill,SP766002,476600,200200,2343.0,England,7.0,11,2005,2015,UKBMS,51.69533241365425,-0.8931278553512398
1357,Homefield Wood,SU812867,481200,186700,1000.0,England,11.0,17,2007,2023,UKBMS,51.57333020151176,-0.829715302803244
1358,Oakley Hill,SU758995,475800,199500,1000.0,England,6.0,19,2005,2023,UKBMS,51.68914818683181,-0.9048520536033197
1359,Moor Copse Extension,SU640735,464000,173500,,England,6.0,1,2007,2007,UKBMS,51.456870144314934,-1.0802569660961487
1360,Shepperlands Farm,SU778641,477800,164100,,England,4.0,3,2006,2008,UKBMS,51.37063968450228,-0.8837341855032074
1361,Warburg 1 (central),SU719880,471900,188000,1700.0,England,6.0,26,1998,2023,UKBMS,51.586277971896465,-0.9636192144090279
1362,Watts Bank,SU329772,432900,177200,376.0,England,3.0,18,2006,2023,UKBMS,51.492793170508904,-1.527502821853863
1363,White Horse Hill,SU293865,429300,186500,,England,12.0,3,2007,2009,UKBMS,51.5766083312623,-1.5785843873502734
1366,New Greenham Park Small Blue transect,SU500645,450000,164500,1200.0,England,1.0,6,2008,2016,UKBMS,51.37735905187373,-1.2830021886587308
1367,Waterperry Wood 2,SP605092,460500,209200,1800.0,England,6.0,3,2008,2010,UKBMS,51.77820585922715,-1.1244724508757356
1368,Hartslock Extension,SU620793,462000,179300,560.0,England,2.0,15,2008,2022,UKBMS,51.509236644014656,-1.1080221218246593
1369,Moor Copse Extension,SU638737,463800,173700,1625.0,England,8.0,15,2008,2022,UKBMS,51.458690755069355,-1.0830990943702141
1370,Rushbeds Wood,SP672154,467200,215400,2856.0,England,8.0,16,2007,2022,UKBMS,51.833178952261804,-1.0261722470306227
1371,Sydlings Copse,SP553094,455300,209400,1345.0,England,5.0,16,2008,2023,UKBMS,51.78054081526513,-1.199804831658077
1372,Greenham Common 2,SU495648,449500,164800,3220.0,England,9.0,14,2008,2023,UKBMS,51.38010005714787,-1.2901437428026252
1373,Sands Bank,SU833933,483300,193300,950.0,England,5.0,13,2006,2023,UKBMS,51.63235381286769,-0.7978548178208024
1374,Chiltern Woodland Burial Park,SU965901,496500,190100,1000.0,England,10.0,8,2009,2016,UKBMS,51.601483627701086,-0.6080741186487716
1375,Ewelme Watercress Beds LNR,SU640917,464000,191700,850.0,England,15.0,15,2009,2023,UKBMS,51.6204925280243,-1.0769537177641921
1376,Thatcham Lakes and Reedbeds,SU503668,450300,166800,3850.0,England,10.0,8,2009,2017,UKBMS,51.3980117356295,-1.278367156391214
1377,Dancers End Extension,SP896096,489600,209600,820.0,England,3.0,20,2004,2023,UKBMS,51.77790525560916,-0.7026710216083708
1378,Little Linford Wood,SP831453,483100,245300,2650.0,England,6.0,15,2009,2023,UKBMS,52.09980659850874,-0.7882495754745158
1379,Hook Norton,SP360322,436000,232200,345.0,England,2.0,15,2009,2023,UKBMS,51.987094711972,-1.4771793918859941
1380,Glyme Valley,SP334260,433400,226000,646.0,England,2.0,15,2009,2023,UKBMS,51.93151590077237,-1.5156397283685736
1381,Hughenden,SP856958,485600,295800,,England,9.0,3,2009,2011,UKBMS,52.553321816574154,-0.7389223730053769
1382,Paizes Wood,SU586638,458600,163800,2630.0,England,12.0,13,2010,2023,UKBMS,51.37024472094603,-1.1595683315270144
1383,Chilswell Valley,SP502038,450200,203800,2800.0,England,10.0,13,2009,2023,UKBMS,51.730674577729545,-1.2745317180662086
1384,Barton Fields Transect C,SU507972,450700,197200,1945.0,England,11.0,8,2011,2019,UKBMS,51.6712929148833,-1.2682500667282037
1385,Radley Transect D,SU516971,451600,197100,2371.0,England,10.0,8,2011,2019,UKBMS,51.67031210957505,-1.2552515142143355
1386,Gomms Wood,SU895931,489500,193100,1175.0,England,7.0,3,2011,2013,UKBMS,51.62960511223086,-0.7083501754540571
1387,Maidenhead Thicket,SU851811,485100,181100,2550.0,England,8.0,7,2012,2022,UKBMS,51.5224155299154,-0.7748063479350625
1388,Fobney,SU702711,470200,171100,2500.0,England,5.0,5,2012,2016,UKBMS,51.434560144121185,-0.9915116663446754
1389,Sheepdrove,SU358817,435800,181700,1340.0,England,7.0,9,2012,2020,UKBMS,51.53307742731038,-1.485277647518296
1390,Wallingford Castle Meadows,SU610898,461000,189800,2000.0,England,12.0,9,2013,2023,UKBMS,51.6037436350398,-1.120611385814462
1391,Crowmarsh Riverside Meadows,SU611892,461100,189200,1430.0,England,9.0,11,2013,2023,UKBMS,51.59833866735211,-1.1192719900473727
1392,Mowbray Fields,SU522887,452200,188700,670.0,England,9.0,8,2013,2023,UKBMS,51.59473674560994,-1.2478259303125063
1393,Pyle Hill,SU483650,448300,165000,1577.0,England,10.0,3,2013,2015,UKBMS,51.38200138960633,-1.3073575196153524
1394,Crookham,SU522643,452200,164300,1418.0,England,11.0,4,2013,2016,UKBMS,51.3753632886178,-1.2514253852598465
1395,Cliveden,SU912853,491200,185300,1900.0,England,8.0,7,2014,2023,UKBMS,51.55921867450178,-0.6858212609733705
1396,Bacombe Hill,SP861072,486100,207200,2639.0,England,9.0,10,2014,2023,UKBMS,51.75688051718573,-0.7539835714909003
1397,Grangelands,SP828048,482800,204800,2040.0,England,8.0,10,2014,2023,UKBMS,51.73580354018678,-0.8023530964739515
1398,Swains wood,SU738921,473800,192100,764.0,England,3.0,4,2014,2023,UKBMS,51.62289070069363,-0.9353388504300885
1399,The Rifle Range,SP829052,482900,205200,934.0,England,9.0,10,2014,2023,UKBMS,51.73938443021081,-0.8008101509195961
1401,Cissbury Ring,TQ140080,514000,108000,4193.0,England,7.0,29,1995,2023,UKBMS,50.86028301497736,-0.38159773667256086
1402,Deep Dean,TQ540025,554000,102500,2445.0,England,8.0,23,1998,2023,UKBMS,50.80160073205317,0.18405065929249925
1403,Devil's Dyke (Ramparts),TQ260114,526000,111400,2500.0,England,,2,1997,1998,UKBMS,50.88835461310439,-0.21000967668118692
1404,Levin Down,SU885137,488500,113700,4025.0,England,11.0,34,1990,2023,UKBMS,50.91598776075457,-0.7424296508581011
1405,Newtimber Hill,TQ270115,527000,111500,2400.0,England,6.0,13,1988,2000,UKBMS,50.88903463134222,-0.19576530506578918
1406,Wolstonbury Hill,TQ284138,528400,113800,2900.0,England,11.0,4,1998,2002,UKBMS,50.90939744019497,-0.17506374523583942
1407,Frog Firle Farm,TQ512014,551200,101400,2765.0,England,6.0,15,1999,2014,UKBMS,50.79245263705725,0.14389332029653473
1408,Fulking Down,TQ240112,524000,111200,4000.0,England,,1,1998,1998,UKBMS,50.88698934790143,-0.23849730379504053
1409,Devil's Dyke (Valley),TQ265110,526500,111000,2200.0,England,10.0,6,1997,2003,UKBMS,50.884650246271114,-0.20304316796193092
1410,Harting Down,SU796182,479600,118200,4200.0,England,6.0,29,1989,2022,UKBMS,50.95773988073218,-0.8680255416315936
1411,Bevendean A,TQ338068,533800,106800,1517.0,England,10.0,25,1997,2023,UKBMS,50.84525982426366,-0.10085999304091665
1412,Bevendean B,TQ335065,533500,106500,1576.0,England,5.0,24,1998,2023,UKBMS,50.84263279654921,-0.1052279647021602
1413,Bevendean C,TQ343066,534300,106600,788.0,England,4.0,23,1997,2022,UKBMS,50.84334658023261,-0.09383539161747453
1414,Malling Down,TQ428107,542800,110700,2650.0,England,12.0,40,1984,2023,UKBMS,50.87815900062685,0.028414631545125853
1415,Ashdown Forest (Millbrook Hill),TQ443297,544300,129700,217.0,England,14.0,20,1996,2015,UKBMS,51.04853048623086,0.05725046756172899
1419,Loder Valley 1 (Ardingley Reservoir 1),TQ342305,534200,130500,1500.0,England,15.0,33,1991,2023,UKBMS,51.05816665068879,-0.08645354542985717
1420,Loder Valley 2 (Ardingley Reservoir 2),TQ335302,533500,130200,1500.0,England,12.0,23,2001,2023,UKBMS,51.05563352277233,-0.09654661788606037
1421,Butts Brow,TQ580018,558000,101800,2280.0,England,10.0,8,1999,2008,UKBMS,50.79423479590537,0.24046813521571878
1422,Arlington Reservoir,TQ534074,553400,107400,3030.0,England,4.0,23,2001,2023,UKBMS,50.845791231484704,0.17759046859864427
1423,"Beacon Hill, Sussex",TQ364028,536400,102800,1435.0,England,6.0,22,2001,2023,UKBMS,50.808703753858744,-0.06543825603163535
1424,Costells Wood,TQ366237,536600,123700,2095.0,England,5.0,7,2000,2006,UKBMS,50.99648961895115,-0.054788600588397754
1425,Henfield Wood,TQ370243,537000,124300,2495.0,England,11.0,6,2000,2005,UKBMS,51.00178682756597,-0.04886583726900097
1426,Moat Wood,TQ516159,551600,115900,1284.0,England,7.0,3,2000,2002,UKBMS,50.922646794322084,0.15556474451066712
1427,Bedelands Farm Nature Reserve,TQ319218,531900,121800,2345.0,England,10.0,11,2001,2011,UKBMS,50.98050902136386,-0.1224148308918957
1428,"Beech Farm, Whiteman's Green, Cuckfield",TQ302254,530200,125400,1200.0,England,10.0,7,2003,2009,UKBMS,51.013250700253856,-0.14532866424146704
1429,Hat Hill,SU875245,487500,124500,,England,7.0,5,1999,2003,UKBMS,51.013233872905836,-0.754057134447824
1430,Ashdown Forest - Warren Car Park,TQ414321,541400,132100,1765.0,England,12.0,12,2003,2014,UKBMS,51.07081885288137,0.01684298536999285
1431,Ashdown Forest - Wrens Warren Car Park,TQ467323,546700,132300,1835.0,England,11.0,13,2003,2015,UKBMS,51.07128705781419,0.09251858244144401
1432,Stumbleholm Farm,TQ236371,523600,137100,2319.0,England,7.0,14,2003,2017,UKBMS,51.11986379531322,-0.23537058544083403
1433,Ashpark Wood,SU995317,499500,131700,3690.0,England,9.0,21,2003,2023,UKBMS,51.076009162309234,-0.5810731775780869
1434,Kingspark Wood,SU985306,498500,130600,6000.0,England,15.0,21,2003,2023,UKBMS,51.06629312265154,-0.5956422723319887
1435,Park Wood,TQ604123,560400,112300,2930.0,England,9.0,8,2003,2010,UKBMS,50.887922609774066,0.27908593256021824
1436,Williams/Views Wood,TQ482222,548200,122200,2106.0,England,10.0,3,2000,2002,UKBMS,50.980142571259925,0.10978786847694584
1437,Crowlink,TV545974,554500,97400,2700.0,England,7.0,20,2003,2022,UKBMS,50.75563911336883,0.18899942566750333
1438,Burton & Chingford Ponds LNR,SU973174,497300,117400,2970.0,England,12.0,17,2004,2023,UKBMS,50.94783488862482,-0.616297414171951
1439,Longlands Wood,TQ219120,521900,112000,1925.0,England,9.0,13,2001,2013,UKBMS,50.89462649675469,-0.268071040810631
1440,Park Corner Heath,TQ513147,551300,114700,1141.0,England,4.0,8,2002,2009,UKBMS,50.911942248028005,0.15080232703301782
1441,Woods Mill,TQ21701350,521700,113500,1512.0,England,14.0,5,1998,2003,UKBMS,50.90815107087578,-0.27041397049292054
1442,Friarsgate,TQ498329,549800,132900,1500.0,England,7.0,3,2003,2005,UKBMS,51.075878529512515,0.13698164388119133
1444,West Grinstead Old Station,TQ184225,518400,122500,600.0,England,3.0,6,2004,2011,UKBMS,50.98973254121334,-0.3144048232404366
1445,Hollies carpark,TQ464284,546400,128400,1650.0,England,10.0,11,2004,2014,UKBMS,51.036317488270846,0.08666355707421383
1446,Poundgate carpark,TQ478289,547800,128900,1500.0,England,12.0,12,2004,2015,UKBMS,51.04045246940759,0.10682058165989114
1447,Smugglers,TQ473295,547300,129500,1615.0,England,10.0,13,2004,2023,UKBMS,51.045972437389025,0.0999376104821169
1448,Brownings Farm,TQ530208,553000,120800,2550.0,England,14.0,11,2004,2015,UKBMS,50.96630812486857,0.17752500406180502
1449,Downslink - Copsale to West Grinstead,TQ178237,517800,123700,1800.0,England,5.0,6,2004,2011,UKBMS,51.00064159291686,-0.32256087066011335
1450,Downs Link between Slinfold and Rudgwick (TQ 09043,TQ095327,509500,132700,1400.0,England,3.0,1,2004,2004,UKBMS,51.083178911077475,-0.43808061510378604
1451,Black Cap,TQ378125,537800,112500,1991.0,England,8.0,17,2005,2023,UKBMS,50.89554876529132,-0.0419329498896827
1452,Friends,TQ456289,545600,128900,1600.0,England,10.0,4,2004,2007,UKBMS,51.041013705531974,0.07546232218225733
1453,Anchor Bottom,TQ202094,520200,109400,2650.0,England,4.0,16,2004,2023,UKBMS,50.87161256732876,-0.2930860569530268
1454,Fore Wood,TQ752131,575200,113100,2442.0,England,10.0,35,1987,2023,UKBMS,50.89081457617964,0.4896821316895007
1455,Ditchling Beacon SWT Reserve,TQ331133,533100,113300,1565.0,England,12.0,1,2007,2007,UKBMS,50.90384010682647,-0.10843333831812978
1456,Blunts Wood & Paiges Meadows,TQ317245,531700,124500,3500.0,England,14.0,9,2007,2015,UKBMS,51.00482081733,-0.12428417113390428
1457,Whiteman's Green,TQ255302,525500,130200,875.0,England,5.0,4,2001,2009,UKBMS,51.05743599035564,-0.21063222825381375
1458,Friston Forest Project Area,TQ545010,554500,101000,4720.0,England,13.0,9,2008,2016,UKBMS,50.78798877884743,0.1905102930899293
1459,Broadwater Warren 1,TQ556370,555600,137000,1000.0,England,10.0,16,2008,2023,UKBMS,51.11117635929564,0.22147494941574047
1460,Broadwater Warren 2,TQ553368,555300,136800,1000.0,England,10.0,16,2008,2023,UKBMS,51.10946059549351,0.21710666505645695
1461,Southerham A,TQ430098,543000,109800,,England,10.0,1,2009,2009,UKBMS,50.87002148705813,0.03090392763956781
1462,Southerham B,TQ436101,543600,110100,,England,10.0,1,2009,2009,UKBMS,50.87256889473556,0.0395428751079452
1463,Graffham Down Long Meadow,SU919162,491900,116200,500.0,England,4.0,15,2009,2023,UKBMS,50.93793204431319,-0.6934473253856291
1464,Graffham Down Scotts Corner,SU922162,492200,116200,390.0,England,3.0,14,2009,2022,UKBMS,50.93788421455587,-0.6891789051822967
1465,Paterson Reserve,SU915162,491500,116200,1000.0,England,1.0,5,2009,2014,UKBMS,50.937995574695144,-0.6991385704093338
1466,Graffham Down - Bowley's Field,SU918163,491800,116300,900.0,England,9.0,12,2009,2020,UKBMS,50.93884695268591,-0.6948449699040065
1467,Moulescombe Wildpark LNR,TQ329081,532900,108100,1895.0,England,9.0,9,2008,2023,UKBMS,50.857150942413384,-0.11316485060827464
1468,Butterfly Haven,TQ309072,530900,107200,454.0,England,10.0,3,2010,2012,UKBMS,50.8495177292004,-0.14188566636230307
1469,Minepits - Hartley Green Copse,SU872284,487200,128400,1550.0,England,9.0,17,2007,2023,UKBMS,51.04834067034249,-0.7573954488279175
1470,"Bignor Hill, Slindon Estate (NT)",SU972128,497200,112800,1890.0,England,10.0,13,2010,2023,UKBMS,50.90649896596713,-0.618945445746117
1471,Chapel Common,SU820285,482000,128500,5000.0,England,6.0,14,2010,2023,UKBMS,51.05000457349811,-0.8315381187204852
1472,Friston Hill,TV550997,555000,99700,2900.0,England,10.0,2,2010,2011,UKBMS,50.77617367913344,0.19705051163526166
1473,Graffham Down - Parish A,SU920160,492000,116000,100.0,England,1.0,3,2010,2012,UKBMS,50.936118120412324,-0.6920749527625321
1474,"Tilletts Lane Fields, Warnham",TQ153339,515300,133900,1200.0,England,7.0,14,2010,2023,UKBMS,51.092829816177016,-0.3549288648443732
1475,Lodge Copse,SU973167,497300,116700,850.0,England,8.0,11,2010,2023,UKBMS,50.94154209941827,-0.6164842003694466
1476,West Kingston Reserve,TQ079016,507900,101600,1550.0,England,1.0,13,2010,2023,UKBMS,50.803920835404035,-0.4701176434697995
1477,Roundstone Nurseries Newlands,SU898017,489800,101700,1960.0,England,6.0,3,2010,2013,UKBMS,50.80790449777076,-0.7268826412182798
1478,Rowland Wood and Park Corner Heath,TQ515147,551500,114700,1900.0,England,9.0,3,2010,2012,UKBMS,50.911889831175344,0.153645089376247
1479,Whitehawk Hill LNR,TQ332047,533200,104700,1040.0,England,8.0,2,2011,2012,UKBMS,50.826524201083025,-0.11014004882696957
1480,Hollingdean,TQ321072,532100,107200,1900.0,England,5.0,13,2011,2023,UKBMS,50.849245189478104,-0.12484892481960129
1481,Shoreham Beach,TQ222045,522200,104500,1200.0,England,1.0,1,2011,2011,UKBMS,50.82715070801719,-0.266309357238806
1482,Mill Hill,TQ211072,521100,107200,1629.0,England,8.0,13,2011,2023,UKBMS,50.85165041190186,-0.2810286968181044
1483,"Blackjack Wood, Slindon Estste",SU969119,496900,111900,2285.0,England,11.0,13,2011,2023,UKBMS,50.8984585291165,-0.6234494631357318
1484,Markstakes Common,TQ398180,539800,118000,1677.0,England,12.0,11,2012,2022,UKBMS,50.944496728338045,-0.011405982542297072
1486,Brede High Woods,TQ790203,579000,120300,3277.0,England,7.0,3,2013,2016,UKBMS,50.95433148168041,0.5471866422532673
1487,Fairmile Bottom LNR,SU988094,498800,109400,1200.0,England,2.0,10,2014,2023,UKBMS,50.87566266741293,-0.5971151388471405
1488,Iping & Stedham Commons,SU852219,485200,121900,4000.0,England,5.0,10,2014,2023,UKBMS,50.990204190523436,-0.7874451945860044
1490,Pulborough Brooks RSPB,TQ059167,505900,116700,1880.0,England,8.0,8,2015,2023,UKBMS,50.94002841942764,-0.4941222524884244
1491,Graffham Down - Paterson,SU915162,491500,116200,1000.0,England,4.0,9,2015,2023,UKBMS,50.937995574695144,-0.6991385704093338
1492,"Graffham Down, Dimmer",SU911163,491100,116300,380.0,England,1.0,6,2015,2020,UKBMS,50.93895783110017,-0.7048048631629279
1493,"Graffham Down, Parish",SU914163,491400,116300,140.0,England,1.0,6,2015,2020,UKBMS,50.93891041576741,-0.7005363297654448
1494,Nymans,TQ270296,527000,129600,2860.0,England,8.0,6,2016,2022,UKBMS,51.05171391053452,-0.1894506194787745
1495,Courthill Farm,SU953091,495300,109100,1800.0,England,12.0,4,2016,2020,UKBMS,50.873552758411265,-0.6469240036570503
1496,Broadwater Warren Wildlife Corridor,TQ551363,555100,136300,1600.0,England,1.0,2,2016,2017,UKBMS,51.10502203046636,0.21403719085309775
1497,University of Sussex,TQ346091,534600,109100,3520.0,England,13.0,5,2017,2021,UKBMS,50.86574557459946,-0.08865853330210316
1498,Kithurst Field,TQ071125,507100,112500,1072.0,England,1.0,1,2017,2017,UKBMS,50.90205244998029,-0.47828138549471444
1499,Rowland Wood & Park Corner Heath 2018,TQ515147,551500,114700,2500.0,England,10.0,6,2018,2023,UKBMS,50.911889831175344,0.153645089376247
1500,Cowden Pound Pastures,TQ459433,545900,143300,1300.0,England,1.0,7,2008,2014,UKBMS,51.17033791896967,0.08555521805380575
1501,Darland Banks West,TQ783663,578300,166300,2350.0,England,15.0,6,1995,2001,UKBMS,51.36777022047476,0.5600124212926888
1502,Darland Banks Main,TQ792654,579200,165400,,England,15.0,5,1997,2001,UKBMS,51.35940283732131,0.5724743669507633
1503,Hothfield Common,TQ968458,596800,145800,3100.0,England,15.0,20,1990,2023,UKBMS,51.177557453159324,0.8141708598168516
1504,"Polhill Banks, Sevenoaks",TQ508604,550800,160400,1250.0,England,8.0,1,2003,2003,UKBMS,51.32271950961154,0.16278896828865488
1505,Lydden Temple Ewell Downs,TR285447,628500,144700,2850.0,England,12.0,10,1992,2021,UKBMS,51.15590476022971,1.2662586948450956
1508,Wrotham Water Farm,TQ62706030,562700,160300,1640.0,England,,3,1999,2001,UKBMS,51.31854479751484,0.33337727459032307
1510,Burham Down,TQ735624,573500,162400,2500.0,England,14.0,6,1995,2001,UKBMS,51.3342212838225,0.48922803648992896
1511,Burnt Oak Wood,TQ991348,599100,134800,2450.0,England,13.0,38,1984,2023,UKBMS,51.07797133745787,0.8409614862756245
1514,Kemsing Downs,TQ550594,555000,159400,2100.0,England,,3,1997,1999,UKBMS,51.31260656716503,0.22258197771988142
1519,Sandwich Bay,TR352616,635200,161600,5000.0,England,15.0,16,1984,2003,UKBMS,51.30489263063548,1.3729802888213873
1520,"Colepit Lane, Torry Hill",TQ907565,590700,156500,1900.0,England,8.0,19,1992,2023,UKBMS,51.27572678827882,0.7326971235111777
1521,"Mintching Wood, Torry Hill",TQ916586,591600,158600,1700.0,England,12.0,19,1992,2023,UKBMS,51.294286168690725,0.7467101840309964
1522,"Warren Bank, Torry Hill",TQ918567,591800,156700,1000.0,England,4.0,19,1992,2023,UKBMS,51.277154158432445,0.7485557553979234
1523,"Wrinsted, Torry Hill",TQ897553,589700,155300,1850.0,England,8.0,19,1992,2023,UKBMS,51.26528230241703,0.7177411282445145
1524,Orlestone Forest,TQ985353,598500,135300,2500.0,England,13.0,29,1992,2023,UKBMS,51.082669607378314,0.832681550529399
1525,Tudeley Woods - The Plants,TQ626444,562600,144400,2000.0,England,10.0,37,1987,2023,UKBMS,51.17572101378908,0.3247272037266768
1526,Tudeley Woods - Brakey Bank,TQ615435,561500,143500,2350.0,England,10.0,37,1987,2023,UKBMS,51.16794629754919,0.30860070754841007
1527,Thornden Meadows,TR14906440,614900,164400,,England,,2,1997,1998,UKBMS,51.33805382465334,1.0839011096331772
1528,Queendown Warren L.N.R,TQ827629,582700,162900,,England,14.0,3,1999,2001,UKBMS,51.33583323184232,0.6214068244728673
1529,Larkey Valley Wood,TR125555,612500,155500,1950.0,England,10.0,22,1995,2022,UKBMS,51.25904167281096,1.0442025965400938
1530,Broadham Down,TR08505300,608500,153000,2000.0,England,12.0,3,2000,2002,UKBMS,51.2380683213334,0.9855031376399941
1532,Fackenden Down,TQ530608,553000,160800,1552.0,England,9.0,1,2003,2003,UKBMS,51.32572658377068,0.1945087094871999
1533,White Hill Shoreham,TQ528613,552800,161300,880.0,England,6.0,3,2001,2004,UKBMS,51.33027287624588,0.19185475397429566
1535,High Elms,TQ446635,544600,163500,,England,8.0,9,1997,2007,UKBMS,51.35218406019039,0.07513257962498265
1536,Jubilee Country Park,TQ437679,543700,167900,2019.0,England,9.0,18,2004,2023,UKBMS,51.391949816018894,0.06399468994882639
1537,Scadbury Park,TQ455700,545500,170000,1667.0,England,8.0,16,2004,2023,UKBMS,51.41036134145557,0.09070790316201416
1538,Hawkshill Common,TR373498,637300,149800,1141.0,England,6.0,13,2005,2019,UKBMS,51.198104780942714,1.3952342961589332
1539,Downe Bank,TQ438609,543800,160900,1720.0,England,10.0,14,2005,2023,UKBMS,51.329023620372766,0.06260308765446729
1540,Palm Bay,TR384714,638400,171400,1342.0,England,8.0,10,2005,2016,UKBMS,51.39152387931881,1.4253617202733584
1541,Down House Estate,TQ431611,543100,161100,1680.0,England,7.0,13,2005,2017,UKBMS,51.33099722524565,0.05264305344683302
1542,Tudeley Woods - The Plants (2),TQ626444,562600,144400,2000.0,England,10.0,37,1987,2023,UKBMS,51.17572101378908,0.3247272037266768
1544,Pegwell Bay CP,TR341630,634100,163000,1750.0,England,10.0,11,2005,2018,UKBMS,51.317912555189565,1.358146139011421
1545,Stonelees,TR338625,633800,162500,2320.0,England,15.0,11,2005,2018,UKBMS,51.31354764764182,1.353521227629891
1546,Cole Wood - Broad Oak/Blean,TR155620,615500,162000,3560.0,England,11.0,16,2006,2023,UKBMS,51.316278181551844,1.091051483973705
1547,Sandwich Bay,TR349623,634900,162300,3538.0,England,10.0,5,2007,2017,UKBMS,51.311299757253416,1.3691448062745717
1548,Cliffside Drive/Dumpton walk,TR392663,639200,166300,3150.0,England,5.0,5,2010,2014,UKBMS,51.34541246516441,1.433409904903423
1550,Well Wood,TQ396643,539600,164300,1632.0,England,6.0,4,2005,2013,UKBMS,51.36062229782515,0.003692039980982819
1551,Darrick Woods & Newstead Common,TQ444649,544400,164900,1138.0,England,6.0,2,2009,2010,UKBMS,51.36481498853218,0.07283038470471954
1552,West Blean Wood West,TR157636,615700,163600,2265.0,England,9.0,11,2010,2023,UKBMS,51.330568238887,1.0948845569688657
1553,West Blean Wood East,TR166635,616600,163500,4190.0,England,15.0,11,2011,2023,UKBMS,51.32932858505824,1.1077225242429993
1554,Hothfield Common Extension,TQ964458,596400,145800,2000.0,England,10.0,9,2014,2023,UKBMS,51.17769488018792,0.8084555694115431
1555,CT10 1RX to Montefiore Woodland,TR389656,638900,165600,2500.0,England,6.0,3,2012,2014,UKBMS,51.33925561746328,1.4286410083637575
1556,West Wickham Common,TQ398652,539800,165200,300.0,England,13.0,15,2001,2023,UKBMS,51.368660695378914,0.0069163070025244945
1557,Wraik Hill Nature Reserve,TR097638,609700,163800,2436.0,England,13.0,8,2012,2020,UKBMS,51.33460653963746,1.0090043703096916
1558,Thornden Woods,TR144635,614400,163500,5194.0,England,14.0,1,2012,2012,UKBMS,51.330161576460455,1.076192502919713
1559,Reculver Country Park,TR214689,621400,168900,3981.0,England,12.0,11,2012,2023,UKBMS,51.375962118586955,1.1798672296862007
1560,Fox's Cross Nature Reserve,TR093634,609300,163400,1071.0,England,8.0,8,2012,2020,UKBMS,51.3311620577743,1.0030357246752997
1561,Sandwich Bay Estate,TR361573,636100,157300,6248.0,England,12.0,11,2013,2023,UKBMS,51.2659231180365,1.3830283520252165
1563,Telegraph Farm,TR307513,630700,151300,1250.0,England,5.0,9,2014,2023,UKBMS,51.214271150624,1.301898742284498
1564,Darland Banks A,TQ791655,579100,165500,2323.0,England,14.0,10,2014,2023,UKBMS,51.3603326094466,0.5710899304105137
1565,Darland Banks B,TQ781661,578100,166100,2522.0,England,13.0,10,2014,2023,UKBMS,51.36603638345228,0.557042248419515
1566,Tonbridge Water Meadows,TQ611472,561100,147200,200.0,England,6.0,2,2014,2015,UKBMS,51.20130231378747,0.3045421724498374
1567,Highlands Farm,TQ962345,596200,134500,3117.0,England,12.0,6,2014,2019,UKBMS,51.07627507285379,0.7994518692559023
1568,Bedgebury Pinetum,TQ719335,571900,133500,6000.0,England,9.0,5,2014,2023,UKBMS,51.075079949461,0.4524493661201714
1569,Westgate Parks,TR143577,614300,157700,1630.0,England,5.0,5,2014,2018,UKBMS,51.27812205634749,1.0712785186537566
1570,Sevenoaks Wildlife Reserve,TQ522569,552200,156900,2700.0,England,11.0,6,2014,2019,UKBMS,51.290898631681756,0.1813732483639133
1571,Sprivers,TQ693399,569300,139900,2891.0,England,13.0,2,2014,2021,UKBMS,51.13335031796925,0.4183704331215725
1575,Covert Wood,TR183481,618300,148100,1650.0,England,4.0,9,2015,2023,UKBMS,51.190411260323195,1.1226951537017134
1576,Kemsing Down,TQ555593,555500,159300,2372.0,England,8.0,9,2015,2023,UKBMS,51.31157177326341,0.2297066797289959
1577,Lydden Hill,TR254461,625400,146100,1180.0,England,5.0,9,2015,2023,UKBMS,51.169702138008944,1.222879695220461
1578,Montefiore Wood & Dumpton (2015 route),TR392662,639200,166200,4425.0,England,9.0,9,2015,2023,UKBMS,51.34451491025591,1.4333427638265879
1579,Tarn Park,TQ427733,542700,173300,1000.0,England,2.0,8,2015,2023,UKBMS,51.44072543897706,0.05180352462195616
1580,Tudeley Woods - Pembury Heath,TQ616422,561600,142200,2000.0,England,10.0,9,2015,2023,UKBMS,51.15623800000848,0.3094462611978816
1581,Queendown Warren 2,TQ829628,582900,162800,3000.0,England,7.0,3,2015,2021,UKBMS,51.334870753604456,0.6242234285241165
1582,Wouldham,TQ725633,572500,163300,600.0,England,3.0,8,2015,2023,UKBMS,51.34261028039774,0.4753229564449921
1583,The Larches,TQ789588,578900,158800,2000.0,England,4.0,8,2015,2023,UKBMS,51.30021150104351,0.5648586110158892
1584,Tonbridge Water Meadows 2,TQ608472,560800,147200,1990.0,England,6.0,2,2016,2017,UKBMS,51.20138676295773,0.30025180069744645
1585,Peters Pit,TQ717626,571700,162600,3104.0,England,8.0,7,2016,2023,UKBMS,51.336563920816616,0.4635109239165694
1586,Conningbrook Lakes Country Park,TR031433,603100,143300,2500.0,England,12.0,7,2016,2023,UKBMS,51.15290511662089,0.9027701292199987
1587,"Luton Rec, Medway",TQ778663,577800,166300,1300.0,England,10.0,8,2016,2023,UKBMS,51.36792685020766,0.5528372508539571
1588,Gravesend Marling Cross,TQ656705,565600,170500,1170.0,England,11.0,8,2016,2023,UKBMS,51.40934483326563,0.3797009564855119
1589,Hilly Wood,TQ776391,577600,139100,800.0,England,4.0,2,2016,2017,UKBMS,51.123651997802156,0.5364840902530739
1590,Warren Plain,TQ691682,569100,168200,1000.0,England,1.0,4,2016,2021,UKBMS,51.38765069814867,0.42888274318435315
1591,St Margaret's Bay (new),TR373451,637300,145100,4000.0,England,7.0,7,2017,2023,UKBMS,51.155916737950825,1.3921337542158667
1592,Langdon Cliffs,TR341424,634100,142400,2500.0,England,8.0,6,2017,2022,UKBMS,51.13299675267113,1.344702341545028
1593,"Orlestone Forest, Packing Wood",TR004352,600400,135200,1660.0,England,5.0,6,2017,2022,UKBMS,51.08111151235499,0.8597171470489496
1594,Dering Wood,TQ899443,589900,144300,3000.0,England,7.0,3,2017,2021,UKBMS,51.166416174967814,0.7147841251657262
1595,Bredhurst Woods and Strawberry Banks,TQ800617,580000,161700,4400.0,England,7.0,5,2017,2023,UKBMS,51.325914641667275,0.5820830838832297
1596,"Manor Park, West Malling",TQ680573,568000,157300,2500.0,England,4.0,6,2017,2023,UKBMS,51.2900542633497,0.4079504619693151
1597,Lesnes Abbey,TQ478785,547800,178500,4200.0,England,10.0,1,2017,2017,UKBMS,51.486142545144766,0.12730187119458822
1598,Garthorne Road Nature Reserve,TQ357736,535700,173600,850.0,England,12.0,5,2017,2022,UKBMS,51.44514005331,-0.04873445108058693
1599,Magpie Bottom (sect 14a),TQ542609,554200,160900,90.0,England,1.0,3,2017,2019,UKBMS,51.32630129489077,0.21176092726247558
1601,Hartsholme Country Park,SK944697,494400,369700,3555.0,England,10.0,10,1993,2002,UKBMS,53.215982236977545,-0.5877560851427648
1602,Swanholme Lakes LNR,SK94306850,494300,368500,1730.0,England,,10,1993,2002,UKBMS,53.20521662464388,-0.5896073072389264
1603,Chambers Farm Wood,TF150740,515000,374000,3660.0,England,6.0,10,1994,2003,UKBMS,53.25056350027707,-0.27784647298791854
1607,Snakeholme Pit,TF115716,511500,371600,400.0,England,11.0,36,1988,2023,UKBMS,53.229745475690265,-0.33111860156421385
1608,Twyford Glades,SK954225,495400,322500,830.0,England,7.0,23,2000,2023,UKBMS,52.791646024921796,-0.5867063240952743
1609,Twyford North,SK963233,496300,323300,,England,6.0,1,2000,2000,UKBMS,52.79867572909714,-0.5731290206861106
1610,Twyford Sanctuary,SK942233,494200,323300,580.0,England,6.0,24,1999,2023,UKBMS,52.79904599969348,-0.6042658262848397
1611,Twyford South,SK954225,495400,322500,,England,7.0,1,2000,2000,UKBMS,52.791646024921796,-0.5867063240952743
1612,Twyford West,SK943233,494300,323300,,England,6.0,1,2000,2000,UKBMS,52.79902855295821,-0.6027831058510555
1614,Red Hill Nature Reserve,TF267806,526700,380600,1740.0,England,7.0,17,2000,2016,UKBMS,53.30719576162908,-0.0999598221085523
1615,Southrey Wood,TF128682,512800,368200,2390.0,England,9.0,10,2007,2019,UKBMS,53.198922535389094,-0.31285374698951934
1616,Whisby Nature Park,SK911670,491100,367000,1282.0,England,6.0,8,2009,2023,UKBMS,53.19229436368664,-0.6379296472434371
1617,FRAMPTON MARSH RSPB,TF356392,535600,339200,2450.0,England,8.0,1,2012,2012,UKBMS,52.93308313827291,0.016041824156012546
1618,Frampton Marsh (2015 route),TF356391,535600,339100,2000.0,England,9.0,1,2015,2015,UKBMS,52.93218476837764,0.01600006902971501
1619,Quarry Cottage,TF045204,504500,320400,913.0,England,6.0,7,2016,2022,UKBMS,52.77109169757384,-0.45247877968485795
1620,Londonthorpe Eastern Meadow,SK946381,494600,338100,2382.0,England,11.0,3,2018,2022,UKBMS,52.93197881142712,-0.5940420585820874
1621,Londonthorpe Western Meadow,SK942380,494200,338000,1995.0,England,7.0,3,2018,2022,UKBMS,52.931150387002745,-0.6000200811593168
1622,Belton House - River Witham,SK926383,492600,338300,2961.0,England,7.0,3,2018,2022,UKBMS,52.934124337879524,-0.6237304224479064
1623,Belton House - East Avenue & Old Wood,SK934388,493400,338800,3186.0,England,7.0,2,2018,2019,UKBMS,52.93847925597835,-0.6116879161143012
1624,Kettlethorpe,SK846750,484600,375000,2681.0,England,5.0,5,2019,2023,UKBMS,53.26525940609344,-0.7330703171150745
1625,Heath's Meadows,TF484639,548400,363900,1630.0,England,8.0,4,2020,2023,UKBMS,53.15156666173461,0.21769597321479497
1627,Londonthorpe Alma Park,SK942370,494200,337000,2124.0,England,9.0,1,2022,2022,UKBMS,52.92216379533452,-0.6003099615505195
1628,Ashing Lane Nature Reserve,TF043790,504300,379000,3773.0,England,9.0,2,2022,2023,UKBMS,53.297698433061235,-0.4365101862939933
1629,Thorne Moors Transect F,SE748151,474800,415100,4421.0,England,5.0,2,2022,2023,UKBMS,53.62709831921189,-0.8704484044881807
1630,Ingleby Clay community nature site,SK875768,487500,376800,1080.0,England,5.0,1,2023,2023,UKBMS,53.28096519635125,-0.6891087849253091
1631,Hardwick Scrub community nature site,SK881764,488100,376400,772.0,England,3.0,1,2023,2023,UKBMS,53.27727143454424,-0.6802231432912592
1701,Piddledown Common,SX729899,272900,89900,620.0,England,10.0,22,1997,2023,UKBMS,50.69481920323932,-3.800915669365515
1703,Aish Tor,SX705711,270500,71100,2100.0,England,12.0,29,1993,2023,UKBMS,50.52531041241919,-3.8283138774503978
1704,Trentishoe Combe (Heddon Valley),SS64604840,264600,148400,,England,,5,1993,1999,UKBMS,51.21869606866692,-3.9401435147325974
1705,Little Breach,ST114154,311400,115400,400.0,England,7.0,26,1997,2023,UKBMS,50.93122039197429,-3.2621477079004184
1706,Haldon Forest,SX872845,287200,84500,2767.0,England,8.0,8,1995,2006,UKBMS,50.64922926639029,-3.596889290325683
1707,Dunsdon Farm 1 (MF transect),SS296082,229600,108200,1300.0,England,5.0,9,1998,2006,UKBMS,50.84815802482805,-4.421954021314893
1708,Ashclyst Forest,SX997991,299700,99100,400.0,England,1.0,14,2002,2023,UKBMS,50.78277057556379,-3.4241149629451035
1709,North Wyke ECN,SX660985,266000,98500,4144.0,England,15.0,13,1993,2006,UKBMS,50.77056346159058,-3.9016824046468495
1710,Lydford,SX490836,249000,83600,1500.0,England,6.0,25,1994,2021,UKBMS,50.632486817799716,-4.136501655929733
1711,Dunsford Meadow,SX78508920,278500,89200,1450.0,England,,7,1991,2003,UKBMS,50.68972500197892,-3.7214364341718604
1712,Trentishoe Transect (Heddon Valley),SS64604830,264600,148300,,England,,5,1993,1999,UKBMS,51.217797394896174,-3.94010572265428
1713,Heddonsmouth (Heddon Valley),SS65204850,265200,148500,,England,,6,1994,1999,UKBMS,51.219736837487574,-3.9315951279546657
1714,Dunsdon Farm 2,SS297078,229700,107800,1374.0,England,8.0,3,2000,2003,UKBMS,50.84459371119113,-4.420348759469949
1715,Fowlescombe Farm,SX695552,269500,55200,2160.0,England,9.0,3,2001,2003,UKBMS,50.38217180125223,-3.836868987538283
1716,Start Farm South Hams,SX820370,282000,37000,4600.0,England,1.0,1,2000,2000,UKBMS,50.22120543407475,-3.655444866300368
1717,West Down (Dartmoor),SX483702,248300,70200,900.0,England,6.0,19,2001,2022,UKBMS,50.51188452035445,-4.140924418956897
1718,"Ruggadon, Trusham",SX856816,285600,81600,1680.0,England,7.0,4,2002,2005,UKBMS,50.62284826319556,-3.618615403359676
1719,Lustleigh Cleave,SX762820,276200,82000,1200.0,England,6.0,2,2003,2004,UKBMS,50.62452204984663,-3.75157162982435
1720,Kerswell Down,SX872676,287200,67600,1345.0,England,10.0,21,2003,2023,UKBMS,50.49730818840706,-3.5917594759730616
1721,Bovey Heath,SX824765,282400,76500,1140.0,England,7.0,17,2003,2021,UKBMS,50.576366839357185,-3.662217010504011
1722,Waterleat,SX753724,275300,72400,540.0,England,13.0,5,2002,2006,UKBMS,50.538039291851135,-3.761066444488921
1723,Stover Country Park,SX831753,283100,75300,1000.0,England,6.0,11,2003,2019,UKBMS,50.56572050471688,-3.6519579241759206
1724,Staddon Moor,SS680025,268000,102500,2050.0,England,12.0,2,2003,2004,UKBMS,50.806973386412764,-3.8747738494230903
1725,Torrington Commons,SS480190,248000,119000,2280.0,England,6.0,2,2003,2004,UKBMS,50.95033733895632,-4.165286075786725
1726,Dunsford Wood,SX785892,278500,89200,1100.0,England,3.0,6,2002,2007,UKBMS,50.68972500197892,-3.7214364341718604
1727,Corner Wood and Kiln Close,SX755722,275500,72200,530.0,England,6.0,1,2005,2005,UKBMS,50.536284194395215,-3.758178694469551
1728,Blackdown Common 2005 route,ST115162,311500,116200,1700.0,England,4.0,13,2005,2017,UKBMS,50.93842789069519,-3.260919617936138
1729,Bovey Heath cmpt 2,SX824768,282400,76800,1855.0,England,15.0,1,2006,2006,UKBMS,50.57906357012865,-3.6623119660086676
1730,Slapton Ley NNR - Loworthy,SX825465,282500,46500,,England,4.0,2,2006,2007,UKBMS,50.306706714815036,-3.651390619162745
1731,Slapton Ley NNR - Nature Trail,SX820442,282000,44200,,England,5.0,2,2006,2007,UKBMS,50.28593078858242,-3.6576900190760044
1733,Park Farm,SY299951,329900,95100,2500.0,England,9.0,12,2007,2018,UKBMS,50.75124969558036,-2.995050561916615
1734,Bovey Heath comp 2 new,SX824768,282400,76800,770.0,England,11.0,1,2007,2007,UKBMS,50.57906357012865,-3.6623119660086676
1735,Yarner Wood extension,SX787789,278700,78900,250.0,England,2.0,13,2009,2023,UKBMS,50.59718268080879,-3.715231238641471
1736,Clennon Hill,SX880594,288000,59400,1712.0,England,10.0,14,2008,2023,UKBMS,50.423746707667554,-3.578028944161019
1737,Primley wood and meadow,SX878602,287800,60200,1143.0,England,6.0,13,2008,2023,UKBMS,50.43090024840464,-3.5810828482483776
1738,Ideford Common SSSI,SX900787,290000,78700,956.0,England,5.0,6,2010,2015,UKBMS,50.59762614522144,-3.5555780082552535
1739,Yeo Valley Community Woodland,SS572337,257200,133700,1410.0,England,6.0,7,2010,2017,UKBMS,51.084793544665324,-4.040195696051781
1740,Bovey Heath comp 2 (2010 route),SX825769,282500,76900,1150.0,England,7.0,12,2010,2021,UKBMS,50.579982627650594,-3.660931852266414
1741,Slapton Ley NNR,SX823463,282300,46300,1263.0,England,7.0,7,2011,2018,UKBMS,50.30486887731458,-3.6541355656495083
1742,Exminster Marshes RSPB Reserve,SX956867,295600,86700,1460.0,England,5.0,7,2011,2017,UKBMS,50.67057432015605,-3.478738468533827
1743,Saltram Park,SX522549,252200,54900,1225.0,England,6.0,13,2011,2023,UKBMS,50.37537945404415,-4.079919481112922
1744,Upcott Farm,SS823130,282300,113000,1825.0,England,10.0,13,2011,2023,UKBMS,50.90443850727058,-3.675298918559591
1745,"Bowden Hill, Ashburton",SX753698,275300,69800,1561.0,England,9.0,12,2011,2022,UKBMS,50.514668618122734,-3.760196408806732
1746,Berry Head Transect 3,SX939562,293900,56200,1711.0,England,10.0,12,2011,2023,UKBMS,50.396075228074075,-3.494097568431627
1747,Primley Wood and Meadow extension,SX878602,287800,60200,297.0,England,2.0,9,2012,2023,UKBMS,50.43090024840464,-3.5810828482483776
1748,Waterleat extension,SX751723,275100,72300,250.0,England,2.0,10,2012,2023,UKBMS,50.53709770913549,-3.76385379030765
1749,West Down Shaugh Prior,SX542636,254200,63600,1880.0,England,9.0,1,2012,2012,UKBMS,50.45406897374011,-4.0551939210039745
1750,Home Farm Marsh Reserve,SS498329,249800,132900,2300.0,England,6.0,2,2011,2012,UKBMS,51.07571383119326,-4.145438657738444
1751,Churchills Local Nature Reserve,SX851720,285100,72000,1000.0,England,5.0,5,2012,2017,UKBMS,50.536452855119066,-3.622711578573313
1752,Weston,SY169885,316900,88500,2325.0,England,8.0,4,2013,2017,UKBMS,50.69019255140015,-3.177801589407619
1753,Northam Burrows,SS439309,243900,130900,1900.0,England,8.0,6,2013,2022,UKBMS,51.05616757736529,-4.228728804237676
1756,Meeth Quarry,SS536084,253600,108400,2000.0,England,9.0,8,2014,2022,UKBMS,50.85653173052837,-4.081366590609071
1757,Dartington River Walk,SX800630,280000,63000,1000.0,England,10.0,1,2014,2014,UKBMS,50.45452599938255,-3.6917517073216564
1758,Andrew's Wood,SX704516,270400,51600,925.0,England,8.0,9,2014,2023,UKBMS,50.350011814845296,-3.8229764465633096
1760,Cookworthy Forest,SS417017,241700,101700,2890.0,England,10.0,5,2015,2019,UKBMS,50.79319158498133,-4.24740957806471
1761,Andrew's Wood 3,SX711516,271100,51600,1000.0,England,7.0,8,2015,2023,UKBMS,50.3501656138542,-3.8131426745224224
1762,Park Farm Kingsbridge,SX734427,273400,42700,1800.0,England,7.0,9,2015,2023,UKBMS,50.270663310685634,-3.777844232667209
1763,Sigford,SX777741,277700,74100,1810.0,England,9.0,3,2015,2017,UKBMS,50.55382757341795,-3.727773873394058
1764,Clifford Bridge,SX768896,276800,89600,3750.0,England,11.0,1,2015,2015,UKBMS,50.692962555254155,-3.745624954403728
1765,Kelley's Cove,SX909501,290900,50100,1500.0,England,6.0,8,2016,2023,UKBMS,50.3406865841793,-3.5345190661992234
1766,Dawlish Warren NNR,SX984796,298400,79600,2000.0,England,12.0,3,2016,2018,UKBMS,50.607241581833335,-3.4371802144067947
1767,Ashclyst Merry Downs,SY000999,300000,99900,1600.0,England,1.0,8,2016,2023,UKBMS,50.790014294790964,-3.420078812260876
1768,Ashclyst Snaffel Park,SY006996,300600,99600,1700.0,England,1.0,8,2016,2023,UKBMS,50.78742066042212,-3.411488062406053
1769,Ashclyst Caddihoe,SY010999,301000,99900,320.0,England,1.0,8,2016,2023,UKBMS,50.79018614198757,-3.4058962766658603
1770,Ashclyst Deadlands,SX995999,299500,99900,1150.0,England,1.0,8,2016,2023,UKBMS,50.78992772477721,-3.4271700278711807
1771,Ashclyst White Down,ST005011,300500,101100,1200.0,England,1.0,7,2016,2023,UKBMS,50.80088821197353,-3.4133129933985487
1773,Knapp Copse Local Nature Reserve,SY154956,315400,95600,2410.0,England,7.0,6,2017,2023,UKBMS,50.7538099648893,-3.200662683309993
1774,Bradley Manor,SX849707,284900,70700,2000.0,England,6.0,5,2017,2022,UKBMS,50.52472734865749,-3.625130906865386
1776,Firebeacon Hill,SY114909,311400,90900,2168.0,England,5.0,2,2017,2018,UKBMS,50.7109570706656,-3.2562217205447865
1777,The Knapp Community Nature Reserve,SY123884,312300,88400,684.0,England,4.0,2,2017,2018,UKBMS,50.6886172739051,-3.242883638952987
1778,Holyford Woods Local Nature Reserve,SY231919,323100,91900,1900.0,England,3.0,2,2017,2018,UKBMS,50.72161605996328,-3.090755734389597
1779,East Soar,SX729366,272900,36600,3500.0,England,8.0,5,2017,2023,UKBMS,50.21572259870413,-3.7828093489258503
1780,Waterleat 2006,SX753724,275300,72400,930.0,England,13.0,16,2006,2023,UKBMS,50.538039291851135,-3.761066444488921
1781,Trinity Hill Local Nature Reserve,SY307959,330700,95900,2200.0,England,4.0,2,2017,2018,UKBMS,50.75853894984203,-2.9838629947072692
1782,Rickham,SX738378,273800,37800,1826.0,England,6.0,5,2017,2022,UKBMS,50.22670242878736,-3.7706005955405812
1783,Bolberry,SX686384,268600,38400,1670.0,England,4.0,7,2017,2023,UKBMS,50.23096212775855,-3.8436704308168625
1784,"Grove Woods, Brixham",SX915568,291500,56800,1815.0,England,8.0,4,2018,2021,UKBMS,50.40103064347929,-3.52802453446868
1785,Saltram Gardens,SX519556,251900,55600,832.0,England,3.0,6,2018,2023,UKBMS,50.38159501909325,-4.0844113525414905
1786,Orcombe Point,SY020795,302000,79500,1845.0,England,14.0,4,2019,2023,UKBMS,50.60695907882438,-3.3862944502549692
1787,Ashclyst Caddihoe Extension,ST009000,300900,100000,680.0,England,3.0,5,2019,2023,UKBMS,50.791068019355926,-3.4073415393847495
1788,Lincombe & Dunscombe,SY160881,316000,88100,2500.0,England,15.0,4,2019,2023,UKBMS,50.68646679800861,-3.190448835315888
1789,Elbury Farm,SY002959,300200,95900,2350.0,England,5.0,2,2019,2021,UKBMS,50.75408945148976,-3.416155727035376
1790,Killerton Garden,SS972001,297200,100100,850.0,England,3.0,4,2019,2023,UKBMS,50.79132188014661,-3.4598451848096254
1791,Lundy Island - Upper East Side,SS139440,213900,144000,1496.0,England,9.0,5,2019,2023,UKBMS,51.16489462001876,-4.663097028583218
1792,Seaton Wetlands,SY251918,325100,91800,1910.0,England,12.0,1,2020,2020,UKBMS,50.72097859208583,-3.062407991829235
1793,Home Farm Marsh (old route),SS495329,249500,132900,2250.0,England,2.0,1,2020,2020,UKBMS,51.07563517647384,-4.149717846221369
1794,Dumpdon Hill Fort,ST174042,317400,104200,1886.0,England,13.0,3,2021,2023,UKBMS,50.83141820102794,-3.174253252031882
1795,Godborough Castle,SS438274,243800,127400,1136.0,England,14.0,3,2021,2023,UKBMS,51.02469161054905,-4.2286443088815275
1796,Home Marsh Farm,SS495328,249500,132800,2000.0,England,6.0,3,2021,2023,UKBMS,51.0747365980861,-4.1496761873410595
1797,Scobbiscombe,SX621468,262100,46800,2029.0,England,4.0,3,2021,2023,UKBMS,50.304981834803996,-3.937814146247365
1798,Ashclyst Forest Cottage,SY0009499100,300094,99100,1339.0,England,3.0,3,2021,2023,UKBMS,50.78283867555712,-3.4185279336268204
1799,Ausewell Wood,SX737721,273700,72100,1326.0,England,10.0,2,2022,2023,UKBMS,50.5349990895761,-3.783531588473165
1801,"Bunnys Hill, Cardinham",SX117676,211700,67600,800.0,England,10.0,5,1999,2004,UKBMS,50.47789572453271,-4.65528471437976
1802,"Tuckingmill, St Breward",SX095775,209500,77500,500.0,England,8.0,5,1999,2004,UKBMS,50.56611687722999,-4.691312878336299
1803,Gwithian Common (Green),SW587413,158700,41300,937.0,England,8.0,27,1997,2023,UKBMS,50.222366374778204,-5.384189475595327
1804,Gwithian Towans,SW58404160,158400,41600,,England,,3,1997,1999,UKBMS,50.22493719809991,-5.388578495002892
1805,Gwithian Sandpit,SW584416,158400,41600,1558.0,England,9.0,3,1998,2000,UKBMS,50.22493719809991,-5.388578495002892
1806,Holywell Dunes,SW76605950,176600,59500,,England,,2,1995,1996,UKBMS,50.39283284396599,-5.144430699755216
1807,Godolphin Manor,SW603323,160300,32300,881.0,England,10.0,3,1999,2001,UKBMS,50.14221474972217,-5.3561264881610615
1808,Deer Park Wood,SX379734,237900,73400,2378.0,England,11.0,29,1980,2008,UKBMS,50.53785009137777,-4.288876218079018
1809,Greenscombe Wood - Ridge,SX393725,239300,72500,2000.0,England,13.0,43,1981,2023,UKBMS,50.530149352403356,-4.268748139792426
1810,Bodmin Beacon,SX06706650,206700,66500,1843.0,England,8.0,4,1999,2003,UKBMS,50.46638629535237,-4.725103182533588
1811,Lundy Bay,SW958798,195800,79800,2301.0,England,10.0,22,2000,2023,UKBMS,50.58214570953759,-4.885774092211492
1812,Valency Valley,SX108911,210800,91100,100.0,England,,2,1999,2000,UKBMS,50.68870814634031,-4.679918935895731
1813,"Butterfly Lane (Trewartha, St Ives)",SW518378,151800,37800,500.0,England,5.0,23,2001,2023,UKBMS,50.188091816450836,-5.478448292215319
1814,Marsland,SS21601730,221600,117300,2900.0,England,,16,1988,2003,UKBMS,50.92749571112625,-4.539925039990955
1815,Welcombe,SS22401840,222400,118400,1300.0,England,,2,1998,2000,UKBMS,50.937624612514675,-4.52908954969408
1820,Watch House Field & Penlee Battery,SX437490,243700,49000,1531.0,England,6.0,6,2005,2010,UKBMS,50.3201598968412,-4.196918123781837
1821,Steeple Woods,SW518388,151800,38800,750.0,England,6.0,11,2009,2019,UKBMS,50.19706871463142,-5.479101347020138
1822,De Lank Quarry,SX103753,210300,75300,,England,7.0,2,2009,2010,UKBMS,50.54661448810718,-4.678908381974714
1823,Cape Cornwall,SW352318,135200,31800,1505.0,England,11.0,4,2009,2018,UKBMS,50.1270538229313,-5.70633026791618
1824,Kenidjack,SW358325,135800,32500,2835.0,England,14.0,2,2009,2012,UKBMS,50.133603633099796,-5.69843870300785
1825,Treen Cliffs,SW396223,139600,22300,1575.0,England,6.0,2,2009,2012,UKBMS,50.04373393086252,-5.638430487450347
1826,Trevean Farm,SW411356,141100,35600,2231.0,England,12.0,1,2009,2009,UKBMS,50.163764365564774,-5.626538378121692
1827,Upton Towans 2010,SW579396,157900,39600,2900.0,England,10.0,14,2010,2023,UKBMS,50.20677739365603,-5.394299723235192
1828,Cubert,SW785599,178500,59900,2500.0,England,4.0,2,2010,2011,UKBMS,50.39714389011046,-5.117977160053671
1829,Dodman,SX000394,200000,39400,3500.0,England,9.0,2,2010,2011,UKBMS,50.22071512736089,-4.8050056097331595
1830,Drakewalls Mine,SX424706,242400,70600,550.0,England,3.0,6,2010,2016,UKBMS,50.5139194257202,-4.224241132205084
1831,Gaverigan,SW935581,193500,58100,1500.0,England,2.0,2,2010,2011,UKBMS,50.3864400987831,-4.906229008789214
1832,"Roskestal West Cliff, Porthgwarra",SW364224,136400,22400,2725.0,England,8.0,12,2010,2023,UKBMS,50.04322282104325,-5.683097463174744
1833,Heligan Gardens,SW997464,199700,46400,1402.0,England,11.0,2,2011,2012,UKBMS,50.283491512548494,-4.812908334969045
1834,Valency Valley,SX108911,210800,91100,,England,4.0,2,2010,2011,UKBMS,50.68870814634031,-4.679918935895731
1835,Ruan Lanihorne,SW894419,189400,41900,1050.0,England,5.0,12,2012,2023,UKBMS,50.23948856176983,-4.954783673872826
1836,Godolphin Warren,SW599321,159900,32100,2325.0,England,6.0,12,2012,2023,UKBMS,50.14025732388166,-5.361588591478561
1837,St Martins Isles of Scilly,SV921162,92100,16200,1000.0,England,5.0,12,2012,2023,UKBMS,49.9663608515276,-6.295166576850854
1838,Cotehele,SX423682,242300,68200,2938.0,England,14.0,10,2012,2023,UKBMS,50.49232555373273,-4.224636426865653
1839,Looe Island,SX257514,225700,51400,1000.0,England,14.0,10,2013,2023,UKBMS,50.33667333069002,-4.450643214580697
1840,"Erisey Barton, Lizard NNR",SW710180,171000,18000,3236.0,England,9.0,10,2013,2023,UKBMS,50.018035211909556,-5.198062467758095
1841,Treluggan Cliffs,SW890378,189000,37800,2000.0,England,11.0,11,2013,2023,UKBMS,50.202521965997406,-4.958104936053581
1842,Nare Head,SW918375,191800,37500,1500.0,England,11.0,11,2013,2023,UKBMS,50.20081934745327,-4.918758250157514
1843,Little Treleaver,SW761181,176100,18100,1610.0,England,7.0,9,2014,2023,UKBMS,50.02087238925573,-5.127040996351437
1844,Valency Valley,SX103913,210300,91300,450.0,England,3.0,9,2014,2023,UKBMS,50.690341820152554,-4.687091987501307
1846,Kilkhampton Common,SS246117,224600,111700,2240.0,England,1.0,9,2014,2023,UKBMS,50.878106615911726,-4.494588255457324
1847,Allet,SW795485,179500,48500,1000.0,England,4.0,6,2014,2019,UKBMS,50.295147161838706,-5.0972559683510665
1848,Watch House Field & Penlee Battery (2015 route),SX438490,243800,49000,1531.0,England,6.0,2,2015,2016,UKBMS,50.32018642410088,-4.195514506214248
1849,Treen,SW397223,139700,22300,2800.0,England,10.0,3,2015,2017,UKBMS,50.04377767463919,-5.637036736758479
1850,Lower Lewdon,SS256095,225600,109500,1058.0,England,15.0,9,2015,2023,UKBMS,50.858644611244024,-4.47933865580387
1851,Kilkhampton Common (Fields),SS244118,224400,111800,1300.0,England,3.0,2,2015,2016,UKBMS,50.87894423333478,-4.497476320391963
1852,Pentire,SW938800,193800,80000,3500.0,England,12.0,9,2015,2023,UKBMS,50.58323896032243,-4.914097186141723
1853,Dodman Point,SX001398,200100,39800,4625.0,England,15.0,8,2016,2023,UKBMS,50.22434201125446,-4.8038163660894995
1854,Tidna Valley,SS203147,220300,114700,2656.0,England,10.0,8,2016,2023,UKBMS,50.903735188632645,-4.557122547680631
1855,"The Meadow, Tehidy Country Park",SW637433,163700,43300,636.0,England,8.0,6,2016,2022,UKBMS,50.242342243616676,-5.315465479483449
1856,Treveal,SW471403,147100,40300,2331.0,England,7.0,7,2016,2023,UKBMS,50.208543746517634,-5.545823454214177
1857,Mexico Towans,SW562385,156200,38500,960.0,England,8.0,6,2016,2023,UKBMS,50.19620417962125,-5.417373862491625
1858,Mayon Lookout,SW347262,134700,26200,2159.0,England,6.0,4,2016,2019,UKBMS,50.0765719234086,-5.7094217935444345
1859,Foage Farm,SW465375,146500,37500,2197.0,England,6.0,6,2016,2023,UKBMS,50.183153704882926,-5.552347633472728
1860,Porkellis Moor,SW688327,168800,32700,995.0,England,6.0,1,2016,2016,UKBMS,50.149181417557585,-5.237610372465269
1861,Trencrom Hill,SW518362,151800,36200,1592.0,England,5.0,7,2016,2023,UKBMS,50.17372873739749,-5.47740409092284
1862,Boswednack,SW441378,144100,37800,774.0,England,7.0,3,2017,2019,UKBMS,50.1848143262331,-5.586098953945001
1864,Antony House,SX416562,241600,56200,1640.0,England,3.0,3,2017,2019,UKBMS,50.384301253578066,-4.229423184630019
1865,Lanhydrock,SX089640,208900,64000,3500.0,England,9.0,3,2017,2019,UKBMS,50.444649888227275,-4.692863847578011
1866,Respryn,SX099636,209900,63600,3200.0,England,9.0,2,2017,2019,UKBMS,50.44138152585976,-4.678592976307087
1867,Stithians,SW709366,170900,36600,900.0,England,5.0,7,2016,2023,UKBMS,50.185016343460575,-5.210612183376437
1868,Trevose,SW855761,185500,76100,4896.0,England,14.0,3,2017,2019,UKBMS,50.54522512447193,-5.028921747779866
1869,Trythall School,SW452342,145200,34200,2275.0,England,12.0,6,2018,2023,UKBMS,50.1529748277791,-5.5683112730848245
1870,Teacoombe,SX172585,217200,58500,2300.0,England,6.0,1,2018,2018,UKBMS,50.3978831970256,-4.573411750711623
1871,Trecarne-Delabole,SX064839,206400,83900,2060.0,England,6.0,6,2018,2023,UKBMS,50.62258618433141,-4.738369689189281
1872,Kynance and Caerthillian,SW688131,168800,13100,1390.0,England,8.0,5,2018,2023,UKBMS,49.97318566172934,-5.22577375424365
1873,Chapel Porth,SW697495,169700,49500,2200.0,England,12.0,3,2018,2023,UKBMS,50.30038117129676,-5.235233436022384
1874,Wilsey Woods,SX185888,218500,88800,1940.0,England,4.0,3,2018,2020,UKBMS,50.670500093793265,-4.569897903629155
1875,Kendijack Valley,SW368319,136800,31900,1725.0,England,6.0,3,2018,2020,UKBMS,50.128663113501005,-5.684061842881207
1876,Marazion Marsh,SW512312,151200,31200,1300.0,England,7.0,5,2019,2023,UKBMS,50.12859249740252,-5.4825251486797875
1877,Lower Portmellon Valley,SX009438,200900,43800,2949.0,England,7.0,5,2019,2023,UKBMS,50.26054282584576,-4.7947170356951965
1878,Upper Portmellon Valley,SX003433,200300,43300,2195.0,England,11.0,5,2019,2023,UKBMS,50.255848885168994,-4.802860572148722
1879,Rosewall Hill,SW488393,148800,39300,1800.0,England,5.0,2,2019,2023,UKBMS,50.20029145420785,-5.521383927788558
1880,Boswednack Mire,SW439380,143900,38000,805.0,England,5.0,2,2019,2023,UKBMS,50.18652303796513,-5.58902951803554
1881,Cape Cornwall - new route,SW352318,135200,31800,1040.0,England,5.0,3,2019,2023,UKBMS,50.1270538229313,-5.70633026791618
1882,Trebant,SX172584,217200,58400,1930.0,England,7.0,2,2019,2020,UKBMS,50.39698478789888,-4.573363074702681
1883,Lamledra,SX013412,201300,41200,2533.0,England,12.0,4,2020,2023,UKBMS,50.23732244969897,-4.787748068533613
1884,Wilsey Woods,SX189881,218900,88100,3500.0,England,6.0,4,2020,2023,UKBMS,50.664336110208055,-4.563900501135932
1885,Trencrom Hill - hillsides,SW517362,151700,36200,1250.0,England,9.0,3,2020,2023,UKBMS,50.17368683219935,-5.478801860550161
1886,Messack,SW840364,184000,36400,2764.0,England,6.0,3,2021,2023,UKBMS,50.188144568318435,-5.027271779549545
1887,Godrevy Warren Red River Ascent,SW588421,158800,42100,770.0,England,7.0,2,2021,2022,UKBMS,50.22958936729694,-5.38329883226377
1888,Godrevy Warren Lifeguard Hut,SW583423,158300,42300,1030.0,England,9.0,1,2021,2021,UKBMS,50.23118070558776,-5.390423964817702
1889,"Coosebean, Comprigney Hill",SW813454,181300,45400,1280.0,England,9.0,1,2022,2022,UKBMS,50.2679780896641,-5.070228838507083
1890,Treveddoe,SX152694,215200,69400,1448.0,England,5.0,2,2022,2023,UKBMS,50.49518089968732,-4.606900246381989
1891,Portreath New Walk and Cliffs,SW661455,166100,45500,1338.0,England,8.0,2,2022,2023,UKBMS,50.26305006223208,-5.283222977498091
1892,Dolcoath Mine and Brea Valley,SW661404,166100,40400,1142.0,England,5.0,2,2022,2023,UKBMS,50.21725894265442,-5.280075597798896
1893,Bakesdown Farm,SS247006,224700,100600,2030.0,England,4.0,1,2022,2022,UKBMS,50.778414595601475,-4.4878584140759745
1894,St Gothians,SW583417,158300,41700,1857.0,England,10.0,2,2022,2023,UKBMS,50.22579409998081,-5.390041606174832
1895,Godolphin Woods and Riverside,SW602322,160200,32200,2369.0,England,10.0,2,2022,2023,UKBMS,50.1412765108776,-5.357460598020068
1896,Nanspean,SW656240,165600,24000,1052.0,England,5.0,2,2022,2023,UKBMS,50.06980871236295,-5.276984666266036
1897,Maer Down,SS202076,220200,107600,2024.0,England,5.0,1,2023,2023,UKBMS,50.83992138873016,-4.555051154262862
1898,Bakesdown Farm (2023),SS247006,224700,100600,2057.0,England,8.0,1,2023,2023,UKBMS,50.778414595601475,-4.4878584140759745
1899,Mount Douglas,SW522376,152200,37600,440.0,England,2.0,1,2023,2023,UKBMS,50.186463961460994,-5.472725147749913
1900,Forty Hill,TQ340986,534000,198600,,England,4.0,7,1996,2002,UKBMS,51.670200995297996,-0.06366296423892488
1901,Marshalls Heath,TL161149,516100,214900,2478.0,England,5.0,31,1990,2023,UKBMS,51.82067311282354,-0.31694510114906393
1902,Colney Heath,TL203057,520300,205700,,England,6.0,18,1992,2009,UKBMS,51.737106408285165,-0.2592234075231086
1903,Gobians Woodland,TL246036,524600,203600,2000.0,England,15.0,12,1990,2001,UKBMS,51.71729593988485,-0.1977344637580951
1904,Aldbury Nowers,SP952129,495200,212900,1200.0,England,14.0,30,1992,2023,UKBMS,51.80664362456362,-0.6206203543861314
1905,Beane Hill,TQ199873,519900,187300,1900.0,England,10.0,36,1988,2023,UKBMS,51.57182911105106,-0.27131650732988544
1906,Danesbury Park,TL230170,523000,217000,3100.0,England,9.0,27,1996,2022,UKBMS,51.838070350847204,-0.21614051439061166
1907,Trent Park Country Park,TQ285965,528500,196500,2205.0,England,7.0,13,1998,2019,UKBMS,51.6526130550212,-0.1439222745872388
1908,Millhoppers,SP900148,490000,214800,500.0,England,5.0,23,1998,2023,UKBMS,51.824582242060714,-0.6955265725420672
1909,Markyate,TL074170,507400,217000,4000.0,England,4.0,7,1995,2001,UKBMS,51.84128513555141,-0.4424673960898054
1910,New House Park,TL16500530,516500,205300,5250.0,England,6.0,7,1977,2001,UKBMS,51.73431345517918,-0.31436244894613596
1911,Patmore Heath,TL442257,544200,225700,1800.0,England,6.0,28,1996,2023,UKBMS,51.91117250016841,0.09498876464244557
1912,Tring Park,SP930105,493000,210500,1895.0,England,6.0,11,1996,2006,UKBMS,51.785441000802365,-0.6531623760696779
1913,Smallford,TL19800750,519800,207500,,England,,6,1996,2001,UKBMS,51.75338993428201,-0.2658414526738108
1914,Bedfont Lakes,TQ082727,508200,172700,4050.0,England,15.0,9,1996,2010,UKBMS,51.44296689121429,-0.44454399134680384
1915,Astonbury Wood,TL276216,527600,221600,1600.0,England,15.0,2,1997,1999,UKBMS,51.87837589693273,-0.14771453130455836
1916,Blackbridge,TL192147,519200,214700,,England,4.0,3,1996,1998,UKBMS,51.81822375419567,-0.27205871463857423
1918,Holcroft Springs,TL146164,514600,216400,2500.0,England,4.0,8,1995,2003,UKBMS,51.83446318489173,-0.33820213320475095
1920,"Therfield Heath, Lancaster Hill (5)",TL353404,535300,240400,300.0,England,3.0,22,2001,2023,UKBMS,52.04548908906413,-0.02852446897852403
1921,Standalone Farm,TL209338,520900,233800,,England,5.0,9,1996,2004,UKBMS,51.989503327200985,-0.24071402796201397
1922,Fryent Country Park,TQ195876,519500,187600,3550.0,England,14.0,38,1986,2023,UKBMS,51.57461013456714,-0.27698348542289936
1925,"Therfield heath, Rifle Range",TL348401,534800,240100,300.0,England,3.0,24,1999,2023,UKBMS,52.042915184399035,-0.035928809221763475
1926,"Therfield Heath, Top of Rifle Range (2)",TL349398,534900,239800,500.0,England,5.0,22,2001,2023,UKBMS,52.04019528236728,-0.03458992419579501
1927,"Therfield Heath, Church Hill (3)",TL333396,533300,239600,300.0,England,3.0,24,1999,2023,UKBMS,52.038784808139944,-0.057981005621669704
1928,"Therfield Heath, Base of Church Hill (4)",TL333395,533300,239500,200.0,England,2.0,22,2001,2023,UKBMS,52.03788626142878,-0.058019950917198256
1929,Bayfordbury,TL319103,531900,210300,4200.0,England,15.0,7,1994,2000,UKBMS,51.775835194272,-0.08958523128821362
1930,Commons Nature Reserve,TL258108,525800,210800,,England,13.0,4,1997,2000,UKBMS,51.78173139415694,-0.1777709262132669
1931,Highdown,TL140310,514000,231000,,England,11.0,5,1996,2001,UKBMS,51.9657973796203,-0.3420827408098786
1932,Gutteridge Wood,TQ091843,509100,184300,1550.0,England,15.0,27,1990,2023,UKBMS,51.547056309485164,-0.4280170740275483
1933,North Enfield,TQ31609880,531600,198800,3820.0,England,5.0,7,1994,2003,UKBMS,51.67256501164633,-0.09827261431335622
1934,Knebworth,TL221208,522100,220800,4250.0,England,8.0,22,1996,2023,UKBMS,51.87241679165417,-0.22785550870627913
1935,Stevenage,TL246234,524600,223400,2800.0,England,12.0,29,1994,2023,UKBMS,51.89522909740927,-0.19062339337249878
1936,Nicky Line,TL116140,511600,214000,4000.0,England,8.0,11,1994,2004,UKBMS,51.81350032290511,-0.3824952225492084
1937,The Warren,TL204053,520400,205300,1200.0,England,5.0,27,1995,2023,UKBMS,51.73349018064772,-0.25791417669310507
1938,South Mimms,TL219004,521900,200400,,England,5.0,7,1994,2004,UKBMS,51.68913061237362,-0.23791620622841575
1939,Tottenham Marsh,TQ353910,535300,191000,,England,6.0,3,1997,1999,UKBMS,51.60159594045146,-0.04781068729242993
1940,Ware Park,TL347143,534700,214300,3200.0,England,14.0,28,1996,2023,UKBMS,51.811112150946144,-0.047473989733119434
1941,Balls Wood,TL344106,534400,210600,2800.0,England,10.0,28,1996,2023,UKBMS,51.77793678567718,-0.05325544698294376
1942,Brickett Wood,TL131009,513100,200900,4100.0,England,9.0,26,1997,2023,UKBMS,51.69546421938704,-0.3650026600663099
1943,Cranford Park South,TQ101779,510100,177900,2900.0,England,9.0,25,1997,2021,UKBMS,51.48933915027157,-0.41559885446185163
1944,Kings Langley,TL06800390,506800,203900,,England,,9,1997,2005,UKBMS,51.72366056727682,-0.4551997405853806
1945,Railway Fields,TQ317881,531700,188100,780.0,England,3.0,26,1997,2023,UKBMS,51.57638799067408,-0.10084675662624273
1946,Smallford Lake,TL19400710,519400,207100,,England,1.0,8,1995,2004,UKBMS,51.74988045951092,-0.27177068586048314
1947,Stockers Lake,TQ04709350,504700,193500,3000.0,England,,5,1995,1999,UKBMS,51.63058039878951,-0.4887057711821906
1948,Brides Hall Wood,TL20201560,520200,215600,,England,,2,1995,1996,UKBMS,51.82609791244335,-0.25724590238952344
1949,Syon Park,TQ17507650,517500,176500,1420.0,England,,1,1999,1999,UKBMS,51.47526886540573,-0.30952878637578674
1950,Clifford Road Allotments,TQ260967,526000,196700,,England,9.0,12,1994,2005,UKBMS,51.65497573275085,-0.1799680985894084
1951,Abney Park Cemetry,TQ336868,533600,186800,2500.0,England,10.0,5,1999,2023,UKBMS,51.56425915896175,-0.07393846642956281
1952,Chestnut Avenue,TL36901520,536900,215200,,England,,7,1997,2003,UKBMS,51.81866522748736,-0.015226413334849536
1953,Long Dean,TL00200640,500200,206400,,England,,1,2003,2003,UKBMS,51.74734794998429,-0.5499984503513723
1954,Bunkers Park,TL079058,507900,205800,4160.0,England,9.0,12,1999,2010,UKBMS,51.7405269733332,-0.43869247953656865
1955,Minet Country Park,TQ109802,510900,180200,1996.0,England,7.0,9,2002,2022,UKBMS,51.50985532061434,-0.40335886218828604
1956,Minet Site -British Waterways Land,TQ110795,511000,179500,1396.0,England,6.0,3,2002,2004,UKBMS,51.50354413804993,-0.40213859118059
1957,Clay Lane,TQ153942,515300,194200,,England,12.0,2,1998,1999,UKBMS,51.63480147238294,-0.3353945372681778
1958,Belmont Railway,TQ161897,516100,189700,1200.0,England,12.0,6,2000,2022,UKBMS,51.5941936190073,-0.3253296050588087
1959,Cranebank,TQ103760,510300,176000,,England,10.0,5,1999,2004,UKBMS,51.472222934875305,-0.4133121432842216
1960,Cranford Park (North),TQ104785,510400,178500,1000.0,England,5.0,1,1997,1997,UKBMS,51.49467353040534,-0.4110922038592681
1961,Elthorne Rough,TQ157794,515700,179400,,England,7.0,1,2000,2000,UKBMS,51.50170374836895,-0.33448535456240824
1962,Elthorne Waterside,TQ157794,515700,179400,1700.0,England,10.0,4,2000,2003,UKBMS,51.50170374836895,-0.33448535456240824
1964,Highgate Cemetery,TQ284871,528400,187100,1733.0,England,8.0,2,2002,2003,UKBMS,51.56816195030962,-0.14880672086332897
1965,Horsenden Hill - East,TQ162843,516200,184300,1945.0,England,11.0,21,2003,2023,UKBMS,51.545640468254945,-0.32567060304661666
1966,Horsendon Hill - West,TQ163844,516300,184400,1705.0,England,8.0,21,2003,2023,UKBMS,51.54651864398195,-0.3241961442943671
1967,Roxbourne Rough,TQ120875,512000,187500,1250.0,England,11.0,12,1999,2023,UKBMS,51.575249744579956,-0.3851941808716796
1968,Shrubhill Common,TL036072,503600,207200,2170.0,England,10.0,23,2001,2023,UKBMS,51.75392069283232,-0.5005290546090202
1969,Telegraph Hill,TL117288,511700,228800,,England,12.0,3,2002,2004,UKBMS,51.94649205611099,-0.37626014687399095
1970,Tower Hamlets Cemetery,TQ366823,536600,182300,1200.0,England,12.0,25,1999,2023,UKBMS,51.52310376385967,-0.032429621448148455
1971,Waterford Heath North,TL315152,531500,215200,1000.0,England,10.0,23,2001,2023,UKBMS,51.819960765807004,-0.09352312717915157
1972,Birklands Meadow,TL16900510,516900,205100,610.0,England,,2,2004,2005,UKBMS,51.732432827367425,-0.30863986170366775
1973,Brent Reservoir,TQ214876,521400,187600,,England,10.0,2,2004,2005,UKBMS,51.574204587011195,-0.24957972861945812
1974,Long Green,TL005065,500500,206500,,England,8.0,4,1996,1999,UKBMS,51.748193098596076,-0.5456255757966816
1975,Manor Crescent,TL196285,519600,228500,,England,10.0,3,2003,2005,UKBMS,51.942155500641185,-0.26148080016548964
1976,Northaw Great Wood,TL280040,528000,204000,,England,5.0,7,2003,2010,UKBMS,51.720125648705086,-0.14839776246312866
1977,Miswell lane,SP914117,491400,211700,300.0,England,10.0,20,1999,2021,UKBMS,51.796490664553794,-0.6760353985556246
1978,Pishiobury Park,TL477138,547700,213800,,England,11.0,3,2003,2005,UKBMS,51.80333928751489,0.14075258621469583
1979,Templewood,TL235143,523500,214300,,England,4.0,3,2003,2005,UKBMS,51.81369638059484,-0.20984937332874312
1980,Long Deans,TL073048,507300,204800,1700.0,England,3.0,2,2003,2004,UKBMS,51.73165425062128,-0.44768677779648114
1981,Gunnersbury,TQ201786,520100,178600,2000.0,England,14.0,19,2004,2023,UKBMS,51.49359697657327,-0.27139640263368664
1982,Lemsford Springs,TL223121,522300,212100,600.0,England,6.0,19,2004,2023,UKBMS,51.794189251034865,-0.22802357520889024
1983,Oughtonhead,TL169303,516900,230300,,England,4.0,5,2004,2009,UKBMS,51.95890500903739,-0.3001296313763156
1984,Pryors Wood,TL265265,526500,226500,1400.0,England,5.0,19,2004,2022,UKBMS,51.92265874669678,-0.1618892638797386
1985,Regents Canal,TQ363824,536300,182400,,England,,5,2001,2009,UKBMS,51.524074791507026,-0.036712460179239785
1986,Regents Park,TQ28108280,528100,182800,,England,,2,2004,2005,UKBMS,51.52958723195758,-0.1546970358449816
1987,Kenwood Estate,TQ271874,527100,187400,2350.0,England,13.0,9,2005,2014,UKBMS,51.571152221224324,-0.1674446632017378
1988,Sherrards Park Wood (Templewood),TL230139,523000,213900,,England,,1,2004,2004,UKBMS,51.81021187133341,-0.21724069136270288
1989,Bishops Stortford Southern Country Park,TL473193,547300,219300,1800.0,England,9.0,20,2004,2023,UKBMS,51.85286058734187,0.13729389917515708
1990,Sherrards Park Reddings,TL230135,523000,213500,,England,5.0,5,2004,2009,UKBMS,51.80661721792709,-0.2173825202371612
1991,Perivale Wood,TQ159837,515900,183700,1210.0,England,10.0,19,2005,2023,UKBMS,51.540309552602565,-0.33019233130035514
1992,Wood Lane Pirton,TL143312,514300,231200,1609.0,England,5.0,15,2008,2023,UKBMS,51.96753323593785,-0.33765157212786107
1993,Mardley Heath,TL248184,524800,218400,2480.0,England,10.0,16,2006,2023,UKBMS,51.850252425584216,-0.18952395607812556
1994,Northaw Great Wood Bridleway,TL285043,528500,204300,,England,9.0,4,2006,2010,UKBMS,51.722707334418274,-0.14105299748975367
1995,Camley Street Natural Park,TQ299834,529900,183400,425.0,England,13.0,3,2010,2017,UKBMS,51.53456836642641,-0.1285418064252083
1997,Tring Park (new),SP930105,493000,210500,,England,3.0,5,2006,2010,UKBMS,51.785441000802365,-0.6531623760696779
1998,Templewood (new),TL235143,523500,214300,700.0,England,7.0,16,2007,2022,UKBMS,51.81369638059484,-0.20984937332874312
1999,Bencroft Wood,TL335065,533500,206500,400.0,England,1.0,16,2008,2023,UKBMS,51.7413096209717,-0.06786651508066978
2000,Ashtead Common A,TQ180594,518000,159400,1500.0,England,5.0,17,1992,2008,UKBMS,51.32147550491575,-0.30801315330206797
2001,Banstead Downs,TQ257615,525700,161500,1800.0,England,7.0,38,1986,2023,UKBMS,51.33870107258223,-0.19683011281575669
2002,Bennetts Holt,TQ27506750,527500,167500,,England,,1,1995,1995,UKBMS,51.39222310578395,-0.16885364905677488
2003,"Box Hill, Dukes",TQ185510,518500,151000,1740.0,England,7.0,25,1994,2023,UKBMS,51.24587375165916,-0.30362500135186704
2004,"Box Hill, Viewpoint",TQ179510,517900,151000,1720.0,England,9.0,30,1994,2023,UKBMS,51.2459979653727,-0.31221723400822055
2005,Box Hill South Slope,TQ18305100,518300,151000,,England,,4,1990,1993,UKBMS,51.24591522628018,-0.30648907209714804
2006,"Box Hill, Zig Zag",TQ177520,517700,152000,1985.0,England,8.0,33,1990,2023,UKBMS,51.255027187376164,-0.31475278725122946
2007,Brentmoor Heath,SU938611,493800,161100,2229.0,England,11.0,29,1990,2023,UKBMS,51.34125783996001,-0.6547349548928068
2008,Coulsdon Common,TQ324571,532400,157100,2592.0,England,15.0,34,1990,2023,UKBMS,51.297639699222074,-0.10233233311449003
2009,Cucknells Wood,TQ03904320,503900,143200,,England,,2,1996,1998,UKBMS,51.178604026946005,-0.5149764722723699
2010,Denbies Hillside,TQ150500,515000,150000,991.0,England,8.0,36,1988,2023,UKBMS,51.23760129521293,-0.35406805433733723
2011,Denbies Landbarn,TQ135498,513500,149800,1165.0,England,8.0,14,1995,2008,UKBMS,51.23610370623446,-0.37560875615455547
2012,Earlswood Common,TQ273486,527300,148600,2630.0,England,5.0,8,1996,2003,UKBMS,51.222409941828865,-0.17846480701559375
2013,Farthing Downs,TQ300576,530000,157600,2728.0,England,15.0,33,1990,2023,UKBMS,51.30268576474023,-0.1365545637491609
2014,Hackhurst Down,TQ093485,509300,148500,661.0,England,8.0,35,1988,2023,UKBMS,51.22523778331507,-0.4361411968001305
2015,Headley Heath,TQ195533,519500,153300,1498.0,England,10.0,32,1990,2023,UKBMS,51.26633733239594,-0.288537307475546
2016,Headley Warren,TQ191539,519100,153900,1750.0,England,7.0,20,1998,2023,UKBMS,51.271813672912934,-0.2940682723528477
2017,Hutchinson's Bank,TQ382615,538200,161500,3400.0,England,6.0,27,1997,2023,UKBMS,51.3358026518729,-0.017489525312228183
2018,Juniper Hill,TQ221570,522100,157000,1965.0,England,9.0,22,1997,2023,UKBMS,51.29904097224035,-0.25002540138083024
2019,Kenley Common,TQ333584,533300,158400,4097.0,England,15.0,33,1990,2023,UKBMS,51.309112677666846,-0.08894582729092887
2020,Mitcham Common A,TQ287678,528700,167800,3356.0,England,11.0,25,1994,2019,UKBMS,51.39464853738221,-0.15150719304894403
2021,Mitcham Common B,TQ291675,529100,167500,4033.0,England,13.0,20,1994,2023,UKBMS,51.39186167302587,-0.14586999046530472
2022,Mynthurst,TQ228454,522800,145400,2500.0,England,9.0,5,1996,2000,UKBMS,51.19463417640467,-0.24396535959287952
2023,Newdigate,TQ19504280,519500,142800,3150.0,England,6.0,3,1996,1998,UKBMS,51.17196447232388,-0.29203345598449054
2024,Oaken Wood,SU991339,499100,133900,1500.0,England,10.0,28,1995,2023,UKBMS,51.09585490543395,-0.5861783181143134
2025,"Oxted Downs, Grangers Hill",TQ375542,537500,154200,1250.0,England,12.0,16,1994,2009,UKBMS,51.27037118197385,-0.03034234414099713
2026,"Oxted Downs, Whistlers Steep",TQ385542,538500,154200,1380.0,England,7.0,18,1994,2011,UKBMS,51.2701292474424,-0.01601668284624401
2027,Park Downs,TQ267585,526700,158500,3250.0,England,8.0,26,1998,2023,UKBMS,51.31151767070501,-0.1835473620469135
2028,Riddlesdown,TQ337594,533700,159400,2480.0,England,15.0,34,1990,2023,UKBMS,51.3180056473872,-0.08283593305293976
2029,Rushett Farm,TQ17206070,517200,160700,,England,,1,1998,1998,UKBMS,51.333324941662205,-0.31906115935512136
2030,Sayes Court,TQ050636,505000,163600,890.0,England,7.0,6,1990,1995,UKBMS,51.361773180978275,-0.49326033463484553
2031,Sheepleas,TQ088515,508800,151500,3550.0,England,10.0,15,1992,2006,UKBMS,51.252298837994864,-0.4423882386003013
2032,South Norwood,TQ352682,535200,168200,3150.0,England,6.0,22,1998,2019,UKBMS,51.39673290257303,-0.05798288050147785
2033,Wallis Wood,TQ121388,512100,138800,375.0,England,11.0,3,1999,2001,UKBMS,51.13750749056905,-0.3990831865164028
2034,White Down,TQ103487,510300,148700,655.0,England,8.0,18,1988,2006,UKBMS,51.22684332079152,-0.4217649140409151
2035,Wingate Hill,TQ266523,526600,152300,2150.0,England,6.0,16,1994,2009,UKBMS,51.25581871744272,-0.18717659286199717
2037,Nore Hill,TQ377573,537700,157300,1900.0,England,10.0,24,2000,2023,UKBMS,51.298180965099306,-0.026283238067502834
2038,Cole Kitchen,TQ084488,508400,148800,711.0,England,7.0,18,1999,2023,UKBMS,51.228105805026146,-0.44893400403862105
2039,Chapel Bank,TQ386605,538600,160500,2383.0,England,6.0,16,1997,2023,UKBMS,51.32671906354316,-0.012139841688220143
2040,Wandsworth Common Woodland,TQ273735,527300,173500,3689.0,England,12.0,11,1999,2023,UKBMS,51.44618998081287,-0.16957374080551527
2041,London Wetland Centre,TQ227769,522700,176900,1000.0,England,10.0,27,1996,2023,UKBMS,51.4777609864839,-0.23455348148843938
2042,Riddlesdown Quarry,TQ337594,533700,159400,930.0,England,6.0,24,2000,2023,UKBMS,51.3180056473872,-0.08283593305293976
2043,Chobham Common,SU975632,497500,163200,2120.0,England,10.0,22,2002,2023,UKBMS,51.35951294075348,-0.6010574019544764
2044,Happy Valley,TQ308568,530800,156800,3248.0,England,13.0,24,2000,2023,UKBMS,51.29531310595026,-0.12537817421883377
2045,Howell Hill,TQ238620,523800,162000,1820.0,England,8.0,21,2002,2023,UKBMS,51.34361129582074,-0.2239187518122029
2046,Lingfield Wildlife Area and Centenary Fields,TQ387442,538700,144200,1000.0,England,8.0,11,2002,2012,UKBMS,51.180215764461664,-0.017017904089974546
2047,Swan Barn Farm,SU912327,491200,132700,2405.0,England,15.0,22,2002,2023,UKBMS,51.08637649956157,-0.6992645548892338
2048,Featherbed Lane Roadside verge The Gallops,TQ376621,537600,162100,1372.0,England,1.0,7,1999,2007,UKBMS,51.341339869511536,-0.025865537690753823
2049,Ashtead Common B,TQ180593,518000,159300,1899.0,England,8.0,21,2002,2023,UKBMS,51.32057672324116,-0.3080462244996977
2050,Frensham Common (Little Pond),SU854411,485400,141100,3000.0,England,6.0,8,2005,2023,UKBMS,51.16278425032663,-0.7800662450195126
2051,Farnham Park,SU840480,484000,148000,1580.0,England,6.0,18,2004,2023,UKBMS,51.22502198806428,-0.7984709706139056
2052,Chobhan Common North-east,SU974657,497400,165700,2034.0,England,11.0,19,2004,2023,UKBMS,51.38200253863099,-0.6018088969152815
2053,Denbies Landbarn B,TQ134499,513400,149900,2000.0,England,10.0,22,2002,2023,UKBMS,51.237022395081944,-0.37700891224906646
2054,FD New Hill,TQ305576,530500,157600,3183.0,England,15.0,20,2003,2023,UKBMS,51.30257146321807,-0.1293862332712127
2055,Richmond Park,TQ194740,519400,174000,2701.0,England,8.0,21,2003,2023,UKBMS,51.45240277015395,-0.28302761439943586
2056,Pewley Down,TQ008489,500800,148900,1600.0,England,11.0,19,2005,2023,UKBMS,51.23039606122904,-0.5577107731267957
2057,Wimbledon Common,TQ230728,523000,172800,1817.0,England,10.0,10,2005,2014,UKBMS,51.44084822567212,-0.23166050077745987
2058,Witley,SU927404,492700,140400,2500.0,England,7.0,17,2005,2023,UKBMS,51.15535666071509,-0.6758770725795137
2059,Prey Heath trial,SU989555,498900,155500,1920.0,England,15.0,9,2006,2014,UKBMS,51.29005607764306,-0.5830910948704512
2060,Smarts Heath trial,SU985558,498500,155800,1920.0,England,15.0,9,2006,2014,UKBMS,51.292822039960555,-0.588742832450079
2061,Fairmile Common,TQ118617,511800,161700,1000.0,England,7.0,18,2006,2023,UKBMS,51.343399421852304,-0.39622740827537545
2062,Roundshaw Downs,TQ308627,530800,162700,1895.0,England,7.0,17,2007,2023,UKBMS,51.348335916847475,-0.12321506704408124
2063,Devils Punch Bowl,SU891373,489100,137300,2120.0,England,15.0,2,2008,2010,UKBMS,51.128059457746396,-0.7281050251698108
2064,Frensham Common,SU844403,484400,140300,1900.0,England,11.0,4,2008,2011,UKBMS,51.15574046409146,-0.7945513543306646
2065,Bealeswood Common,SU823409,482300,140900,1143.0,England,7.0,16,2008,2023,UKBMS,51.16144000400233,-0.824435155643566
2066,Quarry Hangers Nature Reserve,TQ317537,531700,153700,2265.0,England,12.0,16,2008,2023,UKBMS,51.2672463795131,-0.11361906610168207
2067,Epsom Common,TQ188608,518800,160800,2594.0,England,11.0,15,2009,2023,UKBMS,51.33389201357228,-0.2960717752248504
2068,Nower Wood,TQ195548,519500,154800,3450.0,England,10.0,14,2010,2023,UKBMS,51.27981903046586,-0.28803631050926226
2069,Frensham (2009),SU859415,485900,141500,3338.0,England,15.0,2,2009,2010,UKBMS,51.16630545628742,-0.772822040234004
2070,Hindhead Common,SU894351,489400,135100,3500.0,England,12.0,2,2009,2010,UKBMS,51.10823516028908,-0.7243637478807272
2071,Spring Park,TQ379647,537900,164700,500.0,England,15.0,18,2000,2018,UKBMS,51.36463167895383,-0.020554390803009345
2072,Sydenham Hill Wood LNR,TQ344726,534400,172600,1860.0,England,11.0,12,2010,2023,UKBMS,51.436463325564404,-0.06780863005424667
2073,Horton Country Park,TQ187620,518700,162000,2885.0,England,11.0,12,2010,2023,UKBMS,51.34469816373263,-0.2971069144744275
2074,Betchworth Quarry Nature Reserve,TQ205514,520500,151400,960.0,England,6.0,9,2011,2019,UKBMS,51.24905026305716,-0.274850152579378
2075,Holmwood Common,TQ178459,517800,145900,3215.0,England,12.0,14,2010,2023,UKBMS,51.20017981683717,-0.3153236097992112
2077,Brockham Lime Kilns,TQ198510,519800,151000,940.0,England,12.0,11,2013,2023,UKBMS,51.245602459187396,-0.28500870831114644
2078,Hydon Heath,SU978395,497800,139500,2050.0,England,6.0,2,2013,2014,UKBMS,51.1464183580195,-0.6032198452495794
2079,Thursley Common,SU906405,490600,140500,3454.0,England,8.0,11,2013,2023,UKBMS,51.15659156568521,-0.705871192180138
2080,Blatchford Down,TQ106486,510600,148600,4000.0,England,9.0,11,2013,2023,UKBMS,51.225886483190635,-0.4175011664081291
2081,Lingfield Wildlife Area B,TQ387441,538700,144100,1000.0,England,10.0,11,2013,2023,UKBMS,51.17931710752849,-0.017056466854220766
2082,"Hogsmill LNR, Ewell",TQ210636,521000,163600,3331.0,England,10.0,10,2014,2023,UKBMS,51.3585937654268,-0.2635563723499116
2083,"Warren Farm, Ewell",TQ232629,523200,162900,2705.0,England,8.0,10,2014,2023,UKBMS,51.35183020989695,-0.23221764013458593
2084,"Hill Park, Tatsfield",TQ423560,542300,156000,1500.0,England,9.0,1,2014,2014,UKBMS,51.285368918633026,0.039135146828796305
2085,"Norbury Park grassland, Fetcham",TQ154539,515400,153900,1580.0,England,10.0,10,2014,2023,UKBMS,51.27257420565723,-0.34708424656595377
2086,"Norbury Park woodland, Fetcham",TQ151538,515100,153800,775.0,England,7.0,10,2014,2023,UKBMS,51.27173600962786,-0.35141510735515386
2087,"Priest Hill, Ewell",TQ230613,523000,161300,2115.0,England,10.0,10,2014,2023,UKBMS,51.337493597264896,-0.23564053108182284
2088,Morden Hall Park,TQ261688,526100,168800,2040.0,England,12.0,9,2014,2023,UKBMS,51.40421892530503,-0.1885032331128782
2089,"Dollypers Hill, Coulsdon/Kenley",TQ315585,531500,158500,1000.0,England,10.0,10,2014,2023,UKBMS,51.31042974763236,-0.11471827583533475
2090,"Tice's Meadow, Badshot Lea",SU871487,487100,148700,1500.0,England,6.0,8,2014,2023,UKBMS,51.23085081753187,-0.7539189581165677
2091,"Runnymede, Egham",TQ004718,500400,171800,2000.0,England,8.0,1,2014,2014,UKBMS,51.43631184730364,-0.5569902389657048
2092,Sheepleas (2015 route),TQ087517,508700,151700,3000.0,England,12.0,9,2015,2023,UKBMS,51.25411559336424,-0.44375988259149357
2093,"Hill Park, Tatsfield (2015 route)",TQ422560,542200,156000,1990.0,England,10.0,9,2015,2023,UKBMS,51.285393870967305,0.03770216407071894
2094,"Royal and Bagmoor Commons, Elstead",SU924423,492400,142300,2421.0,England,7.0,9,2015,2023,UKBMS,51.17248535323102,-0.6796779969519471
2095,Newlands Corner West,TQ039491,503900,149100,2100.0,England,11.0,9,2015,2023,UKBMS,51.23163849877512,-0.513269997810149
2096,Newlands Corner East,TQ046490,504600,149000,1750.0,England,10.0,9,2015,2023,UKBMS,51.23061188352368,-0.5032770339257867
2097,Ashtead Common North,TQ175602,517500,160200,1770.0,England,8.0,9,2015,2023,UKBMS,51.32876917362037,-0.3149216132767577
2098,Tooting Common,TQ292723,529200,172300,2680.0,England,12.0,9,2015,2023,UKBMS,51.43497593031367,-0.14268607189104024
2099,"West End Farm, Frensham",SU826424,482600,142400,1820.0,England,10.0,9,2015,2023,UKBMS,51.17488192962782,-0.8198018385202257
2100,Finham Brook,SP290726,429000,272600,,England,1.0,3,1997,2000,UKBMS,52.350706491465296,-1.5756707455113705
2101,Hampton Wood 1,SP256599,425600,259900,1695.0,England,10.0,9,1991,1999,UKBMS,52.23670141614099,-1.6265461586816428
2102,Hampton Wood 2,SP25505980,425500,259800,,England,10.0,6,1994,1999,UKBMS,52.23580702207434,-1.6280179837013962
2104,Ryton Wood East,SP385724,438500,272400,2100.0,England,8.0,29,1995,2023,UKBMS,52.34832576860248,-1.4362292481504326
2105,Ryton Wood North,SP383728,438300,272800,849.0,England,5.0,33,1991,2023,UKBMS,52.35193562304879,-1.4391196789747416
2106,Ryton Wood West,SP377724,437700,272400,1598.0,England,6.0,26,1998,2023,UKBMS,52.34838118742331,-1.4479729480930303
2107,Stockton Cutting,SP438649,443800,264900,850.0,England,8.0,7,1998,2006,UKBMS,52.2805067771694,-1.359401996833686
2108,Weddington Disused Railway,SP36209420,436200,294200,,England,,1,1995,1995,UKBMS,52.544455728671906,-1.4676363002933064
2109,Wolfhampcote Cutting,SP525642,452500,264200,1200.0,England,1.0,9,1998,2006,UKBMS,52.2734538863511,-1.2319978091463206
2110,Newdigate Pit,SP344865,434400,286500,,England,1.0,13,1999,2012,UKBMS,52.47535241691418,-1.494971096382208
2111,Ryton Landfill,SP37807280,437800,272800,,England,2.0,1,2002,2002,UKBMS,52.35197021868598,-1.4464600884952588
2112,Oxhouse Farm,SP30405070,430400,250700,,England,,3,1997,1999,UKBMS,52.15374913993004,-1.55708187568216
2113,Navigation Cutting,SP523686,452300,268600,1200.0,England,1.0,11,1993,2004,UKBMS,52.313026447129786,-1.2342470822207654
2114,Malpass Spoilbank,SP489759,448900,275900,,England,1.0,10,1998,2007,UKBMS,52.37896214320706,-1.2830560240562852
2115,Ryton Wood & Pool PH Walk,SP383726,438300,272600,1500.0,England,5.0,33,1990,2022,UKBMS,52.350137678161786,-1.4391424254628182
2116,Sutton Park Trans 1,SP103977,410300,297700,,England,6.0,6,1998,2006,UKBMS,52.577020545605315,-1.8494394971288024
2117,Sutton Park Trans 2,SP105975,410500,297500,,England,5.0,6,1998,2006,UKBMS,52.575218807529346,-1.8464944603454356
2118,Whitacre Heath NR,SP208930,420800,293000,,England,8.0,10,2003,2012,UKBMS,52.534470884856724,-1.6947902147726472
2119,Windmill Blast Bank,SP335936,433500,293600,,England,10.0,8,2003,2010,UKBMS,52.53923425470303,-1.5075083932832554
2120,Windmill Hill Community Nature Area,SP340935,434000,293500,515.0,England,7.0,10,2003,2012,UKBMS,52.53830442098429,-1.5001469230172901
2121,Windmill Spoilheap,SP337939,433700,293900,,England,5.0,10,2003,2012,UKBMS,52.54191881605372,-1.5045293764719447
2122,Horticulture Research Int.,SP268568,426800,256800,1565.0,England,6.0,10,2002,2011,UKBMS,52.20877511574298,-1.6092189591725112
2123,Ryton Wood North PH walk,SP383729,438300,272900,535.0,England,3.0,31,1992,2022,UKBMS,52.35283459528315,-1.4391083048319253
2124,Ryton Wood Landfill 1,SP379728,437900,272800,1362.0,England,2.0,2,2002,2003,UKBMS,52.351963336033094,-1.444992005402167
2125,Oversley Wood,SP108565,410800,256500,1000.0,England,8.0,21,2000,2020,UKBMS,52.206620518516374,-1.8433756085552269
2126,Parliament Piece,SP290730,429000,273000,,England,1.0,1,2000,2000,UKBMS,52.354302454045595,-1.5756363292554758
2127,Snitterfield Bushes,SP200603,420000,260300,1000.0,England,8.0,21,1999,2019,UKBMS,52.2405282544999,-1.7085248155725277
2128,Wappenbury Wood,SP377709,437700,270900,,England,5.0,4,1999,2002,UKBMS,52.33489655876767,-1.4481407737684533
2129,Wappenbury Wood 1,SP377709,437700,270900,,England,1.0,1,2003,2003,UKBMS,52.33489655876767,-1.4481407737684533
2130,Wolford Wood,SP239335,423900,233500,,England,5.0,2,1999,2000,UKBMS,51.99943232691694,-1.6532845431866199
2131,Ryton Meadows,SP376726,437600,272600,2531.0,England,6.0,34,1990,2023,UKBMS,52.350185981277974,-1.4494185860310589
2132,Baddesley Spoilheap,SP273976,427300,297600,972.0,England,5.0,13,2006,2018,UKBMS,52.57553752010713,-1.5985903688379275
2133,Ryton Meadows (Species),SP380728,438000,272800,335.0,England,1.0,19,2005,2023,UKBMS,52.351956435142924,-1.4435239229019998
2134,Ryton Wood (Purple Emperor),SP382726,438200,272600,,England,4.0,17,2005,2022,UKBMS,52.35014463331525,-1.4406104466163367
2135,Leam Valley Reserve,SP336652,433600,265200,2070.0,England,8.0,10,2013,2023,UKBMS,52.283919772153595,-1.508876609943168
2136,Harbury Spoilbank,SP385598,438500,259800,1300.0,England,5.0,18,2006,2023,UKBMS,52.23505413742124,-1.4376647876354747
2200,Avon Heath Country Park North,SU131035,413100,103500,5295.0,England,13.0,17,1992,2009,UKBMS,50.83088879406844,-1.8153584211453624
2201,Avon Heath Country Park South,SU121024,412100,102400,2525.0,England,7.0,16,1992,2007,UKBMS,50.821018651005794,-1.8295935277773747
2202,Badbury Rings (NT),ST964030,396400,103000,3303.0,England,14.0,32,1992,2023,UKBMS,50.82652627782455,-2.052480470878208
2204,Bracketts Coppice (DTNC),ST515075,351500,107500,2861.0,England,15.0,24,1990,2013,UKBMS,50.86496011584433,-2.690536550650742
2205,Cashmoor,ST986142,398600,114200,2556.0,England,5.0,8,1997,2004,UKBMS,50.927251400676276,-2.0212915257399726
2206,Cerne Abbas Giant,ST668020,366800,102000,3715.0,England,11.0,30,1994,2023,UKBMS,50.81658735197621,-2.4726387592466734
2207,Clubmens Down (NT),ST883187,388300,118700,2324.0,England,9.0,33,1991,2023,UKBMS,50.96759764418744,-2.1679910248393797
2208,Corfe Castle Mound,SY959822,395900,82200,700.0,England,3.0,5,2000,2010,UKBMS,50.639475811684704,-2.0593415555703163
2209,"Corfe, West Hill",SY954823,395400,82300,1100.0,England,5.0,16,2007,2023,UKBMS,50.640371259406216,-2.0664135540397996
2210,Deadmoor Common,ST752112,375200,111200,2900.0,England,13.0,22,1994,2016,UKBMS,50.899738706862514,-2.354030655453569
2211,Duncliffe Wood (WT),ST824222,382400,122200,4000.0,England,8.0,38,1986,2023,UKBMS,50.99891901844144,-2.252181979540022
2212,Durlston Country Park East,SZ031773,403100,77300,3625.0,England,8.0,35,1989,2023,UKBMS,50.595418553940334,-1.9575624455603635
2213,Durlston Country Park West,SZ028771,402800,77100,1580.0,England,8.0,32,1992,2023,UKBMS,50.59362143829941,-1.961802367057164
2214,Fifehead Magdafen Wood (WT),ST778217,377800,121700,1964.0,England,5.0,38,1986,2023,UKBMS,50.99426294522979,-2.3177023409215205
2215,Garston Wood (RSPB),SU002191,400200,119100,2155.0,England,9.0,32,1990,2023,UKBMS,50.97131573044024,-1.9985247337917267
2216,Girdler's Coppice (DTNC),ST79601330,379600,113300,,England,,3,1989,1991,UKBMS,50.91879555771139,-2.2915809576174486
2217,Hambledon Hill (NT),ST84501230,384500,112300,,England,,7,1986,1992,UKBMS,50.909956670841446,-2.2218315777719164
2218,Ham Common,SY978907,397800,90700,1550.0,England,,5,1999,2003,UKBMS,50.715924709345096,-2.032526004064789
2219,Hethfelton Wood,SY857880,385700,88000,3680.0,England,7.0,23,2000,2023,UKBMS,50.69147041510978,-2.203809790955396
2220,Higher Hyde Heath (DTNC),SY855904,385500,90400,2130.0,England,7.0,12,1991,2005,UKBMS,50.71304776040479,-2.2067361843413407
2221,Hod Hill (NT),ST855106,385500,110600,2781.0,England,12.0,38,1985,2023,UKBMS,50.894695899528,-2.2075403583506708
2222,Hog Cliff,SY63109670,363100,96700,2950.0,England,,3,1995,1997,UKBMS,50.76870411359831,-2.524623660048822
2223,Holton Lee,SY960917,396000,91700,2390.0,England,,7,1999,2023,UKBMS,50.72490741718806,-2.05803316361965
2224,Iford Landfill,SZ138935,413800,93500,2200.0,England,13.0,10,1992,2004,UKBMS,50.74094749385631,-1.8057914125121088
2225,Jerry's Hole (DTNC),ST874164,387400,116400,400.0,England,2.0,38,1985,2023,UKBMS,50.94689628565604,-2.1807273701298344
2226,Kingcombe Pound 'A' (DTNC),SY556988,355600,98800,1070.0,England,6.0,26,1989,2014,UKBMS,50.78706032399025,-2.6312247777770015
2227,Kingcombe Redholm 'B' (DTNC),SY549991,354900,99100,2955.0,England,14.0,35,1989,2023,UKBMS,50.789703748587506,-2.6411912292938955
2228,Kingcombe Stones 'C' (DTNC),SY549980,354900,98000,2500.0,England,12.0,35,1989,2023,UKBMS,50.77981254118186,-2.641055899969103
2229,Kinson Common,SZ069965,406900,96500,2270.0,England,9.0,22,2000,2023,UKBMS,50.7680469357646,-1.9035227340113015
2230,Lorton Meadows,SY674827,367400,82700,1935.0,England,9.0,22,2000,2023,UKBMS,50.643068983845254,-2.4624094562011263
2231,Lulworth Lake,SY860835,386000,83500,1800.0,England,12.0,24,1999,2022,UKBMS,50.65101065728798,-2.1993909727091756
2232,Lydlinch Common (Private),ST734133,373400,113300,2175.0,England,13.0,17,1987,2003,UKBMS,50.91854180586698,-2.3797801022432212
2233,Melbury Down & Wood,ST910195,391000,119500,2480.0,England,9.0,28,1996,2023,UKBMS,50.974840506614846,-2.1295608863411544
2234,Milldown (NDDC),ST882074,388200,107400,2400.0,England,6.0,27,1991,2023,UKBMS,50.865982294033124,-2.169045985662282
2235,Moors Valley,SU107057,410700,105700,2045.0,England,8.0,32,1992,2023,UKBMS,50.85072105729003,-1.8493728457493024
2237,Oaker's Wood (Private),SY809915,380900,91500,1880.0,England,10.0,12,1987,2000,UKBMS,50.72280571614516,-2.271945307887874
2238,Pamphill Moors (NT),ST994006,399400,100600,1578.0,England,8.0,31,1993,2023,UKBMS,50.80495570330748,-2.009882117044008
2239,Piddle's Wood (DTNC),ST792126,379200,112600,3329.0,England,11.0,34,1989,2023,UKBMS,50.91248662449209,-2.2972311276242268
2240,Portland Broadcroft (DBC),SY696718,369600,71800,1060.0,England,7.0,32,1992,2023,UKBMS,50.54516888743943,-2.4304014958368505
2241,Portland Perryfields,SY695713,369500,71300,400.0,England,5.0,23,2000,2023,UKBMS,50.54066731448585,-2.4317716964789136
2242,Portland Tout (DCC),SY684726,368400,72600,1580.0,England,7.0,30,1992,2022,UKBMS,50.55229915619239,-2.447404987707579
2243,"Portland, High Angle Battery",SY69507350,369500,73500,1150.0,England,,1,1995,1995,UKBMS,50.56045120718936,-2.431952539752607
2244,Powerstock Bridleway,SY540970,354000,97000,1800.0,England,8.0,29,1991,2023,UKBMS,50.77074966385202,-2.6536950348627744
2245,Powerstock North (DTNC),SY543974,354300,97400,1400.0,England,7.0,39,1985,2023,UKBMS,50.77437024191399,-2.649490837858556
2246,Powerstock Poorwood,SY536968,353600,96800,3100.0,England,10.0,27,1991,2019,UKBMS,50.76891932476477,-2.6593417694430928
2247,Powerstock Railway,SY536971,353600,97100,1600.0,England,8.0,27,1994,2023,UKBMS,50.77161692377112,-2.6593797072723877
2248,Sopley Common,SZ129971,412900,97100,2560.0,England,10.0,26,1995,2023,UKBMS,50.77334125500673,-1.8184211086536364
2249,Sovell Down (DTNC),ST992107,399200,110700,945.0,England,5.0,39,1985,2023,UKBMS,50.895779355992374,-2.0127456299348654
2250,Stour Valley,SZ087963,408700,96300,3895.0,England,11.0,29,1994,2023,UKBMS,50.76622457372166,-1.8780031209074182
2251,Stubhampton Bottom (Private),ST900157,390000,115700,2900.0,England,5.0,39,1985,2023,UKBMS,50.94065316795602,-2.1436982879612207
2252,Studland (NNR),SZ025850,402500,85000,3659.0,England,,13,1991,2003,UKBMS,50.66466594677289,-1.9659898683114412
2253,"Swanage, Ballard Down",SZ020811,402000,81100,,England,15.0,10,1990,2000,UKBMS,50.629595924714145,-1.9730842266661082
2254,Townsend Quarry (DWT),SZ024781,402400,78100,1600.0,England,10.0,30,1994,2023,UKBMS,50.602616000417925,-1.9674473021345171
2255,Upton Heath North,SY987950,398700,95000,1780.0,England,8.0,25,1999,2023,UKBMS,50.75459597994708,-2.0197945081693254
2256,Upton Heath South,SY990942,399000,94200,1450.0,England,7.0,25,1999,2023,UKBMS,50.74740253566131,-2.0155392495797284
2257,West Moors (RAOC),SU090045,409000,104500,3030.0,England,1.0,26,1985,2010,UKBMS,50.839958724600805,-1.8735507942989467
2259,"Coombe Track, Arne",SY97208730,397200,87300,900.0,England,,13,1983,1995,UKBMS,50.68534683279141,-2.040997833774533
2260,"Salterns, Arne",SY96208690,396200,86900,700.0,England,,11,1983,1995,UKBMS,50.681743873225074,-2.0551488355325818
2261,Winspit Valley,SY976770,397600,77000,1970.0,England,7.0,21,2001,2023,UKBMS,50.59272290801273,-2.035265830445384
2262,"Court Farm, Sydling St Nicholas",SY630990,363000,99000,,England,,2,1993,1996,UKBMS,50.7893797831334,-2.5262738348546074
2263,"Manor Farm, Ebbesbourne Wake",ST99402390,399400,123900,,England,,2,1993,1996,UKBMS,51.01447808237782,-2.0099277760062795
2264,Grimstone Down,SY64309500,364300,95000,,England,,2,1993,1996,UKBMS,50.75349261440922,-2.5074424342219466
2265,"Zig Zag Hill, Shaftesbury",ST89402040,389400,120400,,England,,2,1993,1996,UKBMS,50.98290597136289,-2.152376250118938
2266,Cashmoor New Route,ST986141,398600,114100,2470.0,England,8.0,25,1999,2023,UKBMS,50.92635216569822,-2.021291110143457
2267,Lankham Bottom,ST610003,361000,100300,2000.0,England,15.0,21,2003,2023,UKBMS,50.80093804428678,-2.5547842453245444
2268,Wareham Walls,SY921872,392100,87200,1290.0,England,9.0,23,1999,2023,UKBMS,50.68439965377977,-2.113187309819108
2270,Southfield Hog Cliff,SY628969,362800,96900,2700.0,England,8.0,21,2003,2023,UKBMS,50.77048333472938,-2.5288978829907864
2271,Langton Westwood,SY991794,399100,79400,1600.0,England,8.0,19,2002,2022,UKBMS,50.61431028872273,-2.014081217319321
2272,Mude Valley,SZ183931,418300,93100,2171.0,England,9.0,21,2003,2023,UKBMS,50.737226976408294,-1.7420377352698015
2273,Lydlinch Common (New),ST735135,373500,113500,2590.0,England,15.0,27,1996,2023,UKBMS,50.92034486027148,-2.3783721411816026
2274,Stonebarrow Hill,SY385933,338500,93300,2900.0,England,9.0,19,2005,2023,UKBMS,50.73604146786601,-2.872858503441125
2278,Alners Gorse,ST736100,373600,110000,1727.0,England,9.0,19,2005,2023,UKBMS,50.88887679998974,-2.3766952879430936
2279,Corfe Common,SY955810,395500,81000,2450.0,England,5.0,19,2005,2023,UKBMS,50.628681422347725,-2.064983195974755
2280,Stoborough Heath,SY924852,392400,85200,1585.0,England,5.0,18,2006,2023,UKBMS,50.666418261000224,-2.10889910502646
2281,Thorncombe Wood,SY727922,372700,92200,2241.0,England,10.0,3,2005,2007,UKBMS,50.728771383206514,-2.388160532448114
2282,Redhill Common LNR,SZ088955,408800,95500,1475.0,England,7.0,16,2006,2023,UKBMS,50.75902901780644,-1.8766040420398824
2284,Stanpit Marsh LNR,SZ168921,416800,92100,2764.0,England,8.0,18,2006,2023,UKBMS,50.728279436601746,-1.7633391273744319
2285,Grange Arch,SY915816,391500,81600,3000.0,England,3.0,16,2007,2022,UKBMS,50.634031704743926,-2.1215499284914743
2286,Ridgeway Hill,SY928819,392800,81900,2454.0,England,4.0,17,2007,2023,UKBMS,50.636747307102496,-2.103174105201321
2287,Bindon Hill,SY828802,382800,80200,2030.0,England,6.0,16,2008,2023,UKBMS,50.6212483494745,-2.2445001795153567
2289,Turbary Common,SZ059947,405900,94700,3701.0,England,9.0,7,2017,2023,UKBMS,50.75187109036065,-1.917731196491109
2290,Knowle Hill(1),SY941823,394100,82300,811.0,England,5.0,15,2008,2022,UKBMS,50.64035929000735,-2.084797784503293
2291,Knowle Hill 2,SY935823,393500,82300,1348.0,England,3.0,16,2007,2022,UKBMS,50.64035278747549,-2.0932828094094833
2292,Nine Barrow Down,SZ005809,400500,80900,1301.0,England,4.0,17,2007,2023,UKBMS,50.62780028245806,-1.9942921799982656
2293,Ailwood Down,SY994814,399400,81400,2200.0,England,4.0,16,2007,2023,UKBMS,50.632296376353914,-2.0098448989187
2294,Binbarrow,SY494886,349400,88600,1600.0,England,8.0,13,2010,2023,UKBMS,50.694833380116975,-2.717766996831591
2295,Chard Junction,ST345044,334500,104400,1676.0,England,10.0,14,2010,2023,UKBMS,50.835407654276146,-2.9315150645348274
2297,Slop Bog,SU078017,407800,101700,2000.0,England,6.0,17,2007,2023,UKBMS,50.81479694004416,-1.8906518143164148
2298,Ferry Road West,SZ025845,402500,84500,2180.0,England,7.0,13,2011,2023,UKBMS,50.66016956720567,-1.9659930904475809
2299,Black Hill,ST668005,366800,100500,2130.0,England,9.0,13,2011,2023,UKBMS,50.80309901402097,-2.4725025923832074
2300,Baginton,SP34607590,434600,275900,,England,,1,1991,1991,UKBMS,52.380049153865926,-1.4931203612121837
2301,Bircher Common,SO460663,346000,266300,1480.0,England,11.0,13,1993,2006,UKBMS,52.29216407530593,-2.7931616642437227
2302,Breakheart Hill,ST75709660,375700,196600,,England,10.0,5,1989,1993,UKBMS,51.6676452821738,-2.3527587887932304
2303,Breakheart Quarry,ST75409670,375400,196700,,England,10.0,5,1989,1993,UKBMS,51.66853126836712,-2.357103558724109
2304,Bredon Hill,SO945381,394500,238100,3535.0,England,15.0,13,1987,2000,UKBMS,52.041270401995334,-2.0815992630609084
2305,Bringsty Common,SO699546,369900,254600,1600.0,England,15.0,21,1991,2015,UKBMS,52.18881461381653,-2.4417129516583778
2306,Broadway Railway Line,SP092387,409200,238700,1475.0,England,10.0,2,1995,1996,UKBMS,52.04661875854898,-1.8672646323754252
2307,Brotheridge Green,SO815412,381500,241200,710.0,England,6.0,21,1998,2023,UKBMS,52.068856893670464,-2.27130033026512
2308,Brown Hills,SK03200640,403200,306400,,England,,1,1991,1991,UKBMS,52.65531796423791,-1.95412996921683
2309,Castlemorton Common,SO781394,378100,239400,2500.0,England,9.0,24,1998,2023,UKBMS,52.05254935571727,-2.3207844265668656
2310,Chaddesley Wood,SO912735,391200,273500,1420.0,England,10.0,38,1984,2023,UKBMS,52.35948600523454,-2.130643286667561
2311,Chase End Hill,SO759358,375900,235800,2800.0,England,7.0,29,1992,2023,UKBMS,52.02009190944483,-2.352611919128948
2312,Cleeve Prior,SP075489,407500,248900,1300.0,England,15.0,19,1984,2003,UKBMS,52.138347480377845,-1.8918317125811395
2313,Colemere,SJ430333,343000,333300,,England,,2,1992,1993,UKBMS,52.89411075719724,-2.848703716237533
2314,Common Hill,SO590347,359000,234700,3550.0,England,11.0,9,1995,2005,UKBMS,52.00920773560407,-2.598745975708228
2315,Coppet Hill,SO576180,357600,218000,3200.0,England,11.0,28,1994,2023,UKBMS,51.85896473605233,-2.617077657782603
2316,Crickley Hill,SO931163,393100,216300,3600.0,England,9.0,25,1996,2023,UKBMS,51.845255739643406,-2.1015657647972508
2317,Croft Farm,SO757463,375700,246300,,England,15.0,2,2000,2002,UKBMS,52.11448251840385,-2.356277386465469
2318,Ewyas Harold Common,SO387295,338700,229500,1780.0,England,13.0,24,1999,2023,UKBMS,51.96058679702078,-2.893536194667431
2319,Grafton Wood,SO975560,397500,256000,1380.0,England,15.0,25,1998,2023,UKBMS,52.202222705640075,-2.037998310366267
2320,Harbury Spoilbank,SP386596,438600,259600,1300.0,England,5.0,15,1988,2006,UKBMS,52.23324917660244,-1.4362233358697944
2321,Haugh Wood North,SO595370,359500,237000,1060.0,England,10.0,16,1987,2004,UKBMS,52.02992197087216,-2.5917347182292563
2322,Haugh Wood South,SO590360,359000,236000,3700.0,England,12.0,37,1987,2023,UKBMS,52.02089496796758,-2.5989020786613275
2323,Hearsall Common,SP30807880,430800,278800,,England,,1,1992,1992,UKBMS,52.40634568345071,-1.5486780064141843
2324,Highnam Woods,SO77801940,377800,219400,,England,,6,1991,1996,UKBMS,51.87272522324805,-2.323859809746086
2325,Knapp & Papermill,SO748517,374800,251700,3850.0,England,15.0,40,1984,2023,UKBMS,52.16298963049601,-2.3698222942449685
2326,Knowle Hill,SP300727,430000,272700,1100.0,England,2.0,10,1992,2007,UKBMS,52.35155188620965,-1.560981169344431
2327,Lake View Park,SP314795,431400,279500,1310.0,England,15.0,15,1991,2009,UKBMS,52.412604551261204,-1.539793099614737
2328,Lineover Wood,SO987189,398700,218900,2620.0,England,10.0,33,1991,2023,UKBMS,51.86867439305591,-2.0202862598509226
2329,Loxley Meadow,SP25805340,425800,253400,,England,,5,1993,1997,UKBMS,52.17825594107583,-1.6241106349989027
2330,Malvern Hills North,SO76504550,376500,245500,2735.0,England,15.0,4,1999,2002,UKBMS,52.10732497499479,-2.344539412367499
2331,Malvern Hills South,SO760382,376000,238200,3150.0,England,15.0,17,1987,2003,UKBMS,52.04167340975562,-2.3513238725615477
2332,Miserden (Bull Banks),SO948084,394800,208400,1050.0,England,12.0,34,1988,2023,UKBMS,51.77424578434754,-2.0767672421333896
2333,Monk Wood 1,SO803603,380300,260300,1980.0,England,12.0,37,1986,2023,UKBMS,52.24053078071069,-2.289920690636636
2334,Monk Wood 2,SO803604,380300,260400,1500.0,England,15.0,7,1996,2002,UKBMS,52.24142980155994,-2.28992655459035
2335,Mons Hill,SO935925,393500,292500,1430.0,England,9.0,12,1988,2005,UKBMS,52.53032856115032,-2.0972465367592115
2336,Old Hawne Colliery,SO957848,395700,284800,2500.0,England,15.0,4,1999,2002,UKBMS,52.46112838794251,-2.064714408920948
2338,Perry Wood,SO866547,386600,254700,1574.0,England,14.0,16,1985,2000,UKBMS,52.19037578232213,-2.197435966873634
2339,Prestbury Hill,SO992244,399200,224400,3500.0,England,12.0,20,1992,2023,UKBMS,51.918125153111724,-2.013039035718847
2340,Rodborough Common,SO848027,384800,202700,800.0,England,11.0,23,1993,2023,UKBMS,51.72281271524752,-2.2214484883468435
2341,Ryton Wood & Pool,SP379726,437900,272600,1500.0,England,5.0,34,1990,2023,UKBMS,52.35016538935914,-1.4450145136559056
2342,Stinchcombe A,ST740983,374000,198300,,England,15.0,21,1988,2023,UKBMS,51.682853532667274,-2.3774661484420125
2343,Stinchcombe B,ST740984,374000,198400,,England,15.0,22,1988,2023,UKBMS,51.68375263122091,-2.377473630136295
2344,Shelfheld Coppice,SO755759,375500,275900,4519.0,England,15.0,10,1991,2000,UKBMS,52.380581669633294,-2.3613550515290864
2345,Trench Wood,SO927587,392700,258700,2200.0,England,15.0,15,1987,2002,UKBMS,52.22645297577562,-2.1082915588812474
2346,Uffmoor Wood,SO955810,395500,281000,3550.0,England,15.0,7,1996,2002,UKBMS,52.4269647096614,-2.067605448280993
2347,Ufton Fields 1,SP383615,438300,261500,1995.0,England,15.0,15,1992,2006,UKBMS,52.25035086224685,-1.4404011077488115
2348,Ufton Fields 2,SP382614,438200,261400,200.0,England,2.0,10,1997,2006,UKBMS,52.24945880420579,-1.4418771097195304
2349,Uley Bury,ST786994,378600,199400,2160.0,England,10.0,8,1991,2011,UKBMS,51.6929387674754,-2.3110001275621745
2350,Wallbrook Wood,SO515329,351500,232900,4400.0,England,8.0,5,2000,2004,UKBMS,51.99241948766072,-2.7077509276649403
2351,Weddington North East 1,SP362942,436200,294200,280.0,England,4.0,14,1995,2012,UKBMS,52.544455728671906,-1.4676363002933064
2352,Weddington South West 1,SP358937,435800,293700,550.0,England,5.0,14,1995,2012,UKBMS,52.53998734956277,-1.4735880561172177
2353,Wetmoor,ST744876,374400,187600,2293.0,England,15.0,19,1988,2023,UKBMS,51.58666757924791,-2.3708945556821703
2354,Wigmore Rolls,SO393695,339300,269500,2670.0,England,12.0,16,2000,2019,UKBMS,52.32022858254064,-2.891961999535274
2355,Windmill Hill,SP070472,407000,247200,1520.0,England,15.0,33,1982,2023,UKBMS,52.123070123184746,-1.899171707897604
2356,Woodlands Quarry,SP32309480,432300,294800,,England,,3,1996,1998,UKBMS,52.5500939567854,-1.5250841163409201
2357,Wren's Nest,SO93709190,393700,291900,,England,,9,1988,1996,UKBMS,52.52493702938512,-2.094286772294246
2358,Wyre Forest West,SO735761,373500,276100,1500.0,England,15.0,35,1989,2023,UKBMS,52.38228611266907,-2.390752282525843
2359,Westhope,SO469866,346900,286600,2750.0,England,11.0,9,2001,2009,UKBMS,52.47473411584805,-2.7831909613411367
2360,Painswick Beacon,SO868120,386800,212000,,England,15.0,1,1996,1996,UKBMS,51.806480117756244,-2.1928513864568213
2361,Barr Beacon,SP06209700,406200,297000,1832.0,England,,2,2001,2002,UKBMS,52.570789012922724,-1.9099542382266588
2362,Stinchcombe C,ST74109830,374100,198300,,England,15.0,5,1991,1996,UKBMS,51.6828581744148,-2.37601976881042
2363,Prees Heath,SJ558373,355800,337300,1000.0,England,14.0,21,1983,2020,UKBMS,52.93127289763483,-2.659003485224766
2365,Honeybourne,SP126440,412600,244000,1481.0,England,7.0,11,1998,2009,UKBMS,52.09420246606856,-1.8174947252611064
2366,Blackminster,SP074447,407400,244700,1531.0,England,11.0,11,2001,2011,UKBMS,52.10058872999952,-1.8933827358589812
2367,"Briar Hill, Droitwich Spa",SO884626,388400,262600,2850.0,England,13.0,4,2001,2004,UKBMS,52.261440382505555,-2.171378916533582
2368,Hagley Wood,SO935815,393500,281500,,England,15.0,3,1997,1999,UKBMS,52.431439182829386,-2.097028150497206
2369,"University to Selly Oak Canal, Birmingham",SP043832,404300,283200,1890.0,England,9.0,4,2001,2004,UKBMS,52.44674621024922,-1.9381613656897871
2370,St Wulstans LNR,SO784414,378400,241400,2120.0,England,7.0,22,2002,2023,UKBMS,52.07054211581898,-2.316536725346414
2371,Melrose Meadow,SO818410,381800,241000,600.0,England,5.0,2,2001,2002,UKBMS,52.067068797238804,-2.2669130995349067
2372,Tedsmere,SJ423232,342300,323200,1300.0,England,9.0,16,2001,2016,UKBMS,52.80325325690157,-2.857316475590236
2373,Fibbersley,SO95509950,395500,299500,1624.0,England,10.0,2,2001,2002,UKBMS,52.59327796024411,-2.067862128559659
2374,Park Lime Pits,SP030999,403000,299900,2016.0,England,13.0,2,2001,2002,UKBMS,52.59688580719268,-1.9571433194664862
2375,Shire Oak Park,SK060037,406000,303700,,England,,1,2001,2001,UKBMS,52.63102262298144,-1.9127859542619352
2376,Rough Wood,SJ98400070,398400,300700,2124.0,England,11.0,2,2001,2002,UKBMS,52.60408257746944,-2.0250584355668795
2377,Chaddesley Wood Original,SO912735,391200,273500,,England,15.0,2,1984,1985,UKBMS,52.35948600523454,-2.130643286667561
2378,Malvern Hills South A,SO760382,376000,238200,200.0,England,15.0,13,1991,2004,UKBMS,52.04167340975562,-2.3513238725615477
2379,Shelfheld Coppice B,SO755759,375500,275900,4519.0,England,2.0,8,1991,2000,UKBMS,52.380581669633294,-2.3613550515290864
2380,Doley Common,SJ817215,381700,321500,1645.0,England,5.0,12,2003,2015,UKBMS,52.79075531262432,-2.272807847358792
2381,Stiperstones,SO378996,337800,299600,1300.0,England,13.0,1,2002,2002,UKBMS,52.590624518779194,-2.9195866249836
2383,Harbury Spoilbank Trans 2,SP385596,438500,259600,,England,1.0,4,2002,2005,UKBMS,52.23325615716027,-1.4376874973546303
2384,Ryton Woods Landfill 2,SP378728,437800,272800,2744.0,England,4.0,2,2003,2004,UKBMS,52.35197021868598,-1.4464600884952588
2385,Stockton Cutting Ruins,SP442648,444200,264800,120.0,England,8.0,5,2000,2006,UKBMS,52.27957587256796,-1.3535522883606683
2386,Weddington North East 2,SP363946,436300,294600,260.0,England,3.0,10,2003,2012,UKBMS,52.54804487864172,-1.4661181913386958
2387,Weddington South West 2,SP357935,435700,293500,360.0,England,7.0,10,2003,2012,UKBMS,52.53819599518649,-1.4750838431925033
2388,Bishops Heaps,SP393582,439300,258200,1250.0,England,4.0,24,1999,2023,UKBMS,52.220613952166275,-1.426136434645499
2389,Hearsall Common 04,SP308786,430800,278600,1440.0,England,9.0,18,2004,2023,UKBMS,52.40454772484296,-1.5486963437027836
2390,Lake View Park 2,SP314793,431400,279300,460.0,England,8.0,6,2003,2009,UKBMS,52.410806596788426,-1.5398118023222134
2391,Eastnor Park North,SO765382,376500,238200,1540.0,England,8.0,3,2004,2006,UKBMS,52.041694933584246,-2.344034185209049
2393,Old Hills,SO828487,382800,248700,2240.0,England,13.0,1,2004,2004,UKBMS,52.13632742610838,-2.252716697614653
2397,Llynclys Common,SJ273237,327300,323700,,England,10.0,2,1998,1999,UKBMS,52.80593111222229,-3.0798871054947914
2401,Bentley Wood - Barnridge,SU242295,424200,129500,1350.0,England,9.0,36,1988,2023,UKBMS,51.06432942428255,-1.6560296123507694
2402,Bentley Wood - Eastern,SU258291,425800,129100,750.0,England,7.0,36,1988,2023,UKBMS,51.060663279040064,-1.6332256519733543
2403,Bentley Wood - North,SU250300,425000,130000,3200.0,England,12.0,38,1986,2023,UKBMS,51.06879128076769,-1.6445790161363638
2404,Bentley Wood - South,SU251283,425100,128300,1850.0,England,11.0,37,1987,2023,UKBMS,51.05350059068233,-1.6432692628770889
2405,Biss Wood,ST877567,387700,156700,600.0,England,1.0,36,1987,2023,UKBMS,51.30928024463518,-2.1778453795709667
2406,Blackmoor Copse (WWT),SU235291,423500,129100,2000.0,England,14.0,37,1983,2023,UKBMS,51.060761573270305,-1.6660446568368286
2407,Boscombe Down A (MOD),SU177411,417700,141100,500.0,England,2.0,28,1989,2019,UKBMS,51.168872199862314,-1.7482212691604522
2408,Boscombe Down O (WCC),SU185408,418500,140800,1500.0,England,2.0,24,1995,2023,UKBMS,51.16614947667364,-1.736794526405036
2409,Bratton Castle Earthworks (EH),ST905514,390500,151400,1500.0,England,5.0,44,1980,2023,UKBMS,51.26167806819955,-2.13753302607301
2410,Dean Hill (West) (NT),SU226259,422600,125900,900.0,England,1.0,23,1996,2023,UKBMS,51.032023051290494,-1.679085646344124
2411,Green Lane Wood (WWT),ST882576,388200,157600,3070.0,England,12.0,33,1991,2023,UKBMS,51.31738347436581,-2.170702307772905
2412,"Hartmoor, Devizes",ST998599,399800,159900,,England,4.0,10,1988,1997,UKBMS,51.33818914314667,-2.0042572532447225
2413,"KAC towpath, Bradford-on-Avon",ST828597,382800,159700,500.0,England,5.0,43,1980,2023,UKBMS,51.336127203463775,-2.248287694666166
2414,Little Langford Down (WWT),SU04603840,404600,138400,1130.0,England,,5,1994,1998,UKBMS,51.14484660264574,-1.935620774470431
2415,"Middle Street Meadow, Salisbury",SU134295,413400,129500,1350.0,England,10.0,26,1994,2023,UKBMS,51.064680976519234,-1.8101500554506589
2416,"Murhill Bank, Winsley (LNR)",ST79106090,379100,160900,,England,,4,1998,2001,UKBMS,51.34679237320296,-2.301470361980346
2417,Park Bottom,ST953376,395300,137600,1125.0,England,12.0,16,1997,2012,UKBMS,51.13765031141059,-2.068556595057631
2418,Porton Dn.2 (Tower Hill Wood),SU238387,423800,138700,2700.0,England,12.0,27,1995,2023,UKBMS,51.1470716982059,-1.6611338562559643
2419,"Prickmoor Wood, Chittoe",ST951661,395100,166100,1300.0,England,5.0,10,1998,2008,UKBMS,51.39391542264556,-2.0718149625588285
2420,Ravensroost Wood (WWT),SU02308810,402300,188100,,England,,6,1993,1998,UKBMS,51.591745797214735,-1.9681944954864101
2421,Roundway Hill Covert (WWT),SU003641,400300,164100,1500.0,England,5.0,26,1981,2023,UKBMS,51.37595427511706,-1.9970773802964483
2422,Savernake Forest (FC),SU220660,422000,166000,,England,10.0,2,1999,2000,UKBMS,51.39261633876658,-1.6851948965783707
2423,Somerford Common extended,SU025685,402500,168500,2641.0,England,,13,1989,2003,UKBMS,51.415512437359816,-1.9654400048139287
2424,Upton Cow Down (MOD),ST871484,387100,148400,650.0,England,7.0,23,1983,2011,UKBMS,51.2346351608164,-2.186150916344247
2425,Vagg's Hill,ST807560,380700,156000,800.0,England,2.0,32,1982,2023,UKBMS,51.30279031103107,-2.278230764089824
2426,Webb's Wood (FC),SU045857,404500,185700,3500.0,England,14.0,21,1996,2023,UKBMS,51.57015376870953,-1.9364671398666662
2427,West Yatton Down,ST853759,385300,175900,3500.0,England,15.0,26,1996,2023,UKBMS,51.48186083039278,-2.2130779187470657
2428,White Sheet Hill Quarry (NT),ST799351,379900,135100,1100.0,England,8.0,20,1999,2023,UKBMS,51.11483386265712,-2.2885283021631833
2429,Bentley Wood - Frenchmoor,SU275285,427500,128500,1620.0,England,7.0,15,2000,2019,UKBMS,51.05518954198829,-1.609013659660298
2430,Bentley Wood - Compartment Four,SU252317,425200,131700,1330.0,England,5.0,21,1999,2019,UKBMS,51.084068876882824,-1.641606714685295
2431,Bentley Wood Hawksgrove,SU237281,423700,128100,2270.0,England,8.0,26,1998,2023,UKBMS,51.051761397192585,-1.6632559982397817
2432,Morgan's Hill SSSI,SU027671,402700,167100,2270.0,England,11.0,12,2004,2023,UKBMS,51.40292331784172,-1.9625742941483852
2433,Netherhampton,SU115295,411500,129500,,England,,1,2001,2001,UKBMS,51.064721805525984,-1.8372641159256335
2434,Wadswick Common,ST837676,383700,167600,700.0,England,5.0,12,2004,2023,UKBMS,51.40718742949193,-2.2357334457432807
2436,Barbury Castle,SU149762,414900,176200,1000.0,England,6.0,19,2005,2023,UKBMS,51.48455904533944,-1.7868121523207399
2437,Danks Down,ST839766,383900,176600,1500.0,England,8.0,2,2005,2006,UKBMS,51.4881164132254,-2.2332705188574895
2438,Figsbury Ring,SU188338,418800,133800,2500.0,England,9.0,15,2006,2023,UKBMS,51.10319624039431,-1.732867067393378
2439,Red Lodge Wood,SU054887,405400,188700,1200.0,England,6.0,10,2007,2023,UKBMS,51.59712003076161,-1.9234365033961733
2440,The Batters,ST876698,387600,169800,200.0,England,3.0,2,2007,2008,UKBMS,51.427068315931876,-2.1797412427151346
2441,Tucking Mill Tisbury,ST936290,393600,129000,4000.0,England,15.0,16,2006,2023,UKBMS,51.06030167256595,-2.092699626719907
2442,Sutton Lane Meadows,ST946777,394600,177700,600.0,England,1.0,1,2008,2008,UKBMS,51.49821262806512,-2.0791821503615635
2443,Blakehill Farm,SU074915,407400,191500,2700.0,England,3.0,14,2009,2023,UKBMS,51.622273296239634,-1.8945046371245864
2444,Sutton Lane Meadows 2009,ST946777,394600,177700,1350.0,England,5.0,4,2009,2012,UKBMS,51.49821262806512,-2.0791821503615635
2445,Dean Hill Park,SU252261,425200,126100,,England,2.0,1,2012,2012,UKBMS,51.03371384459095,-1.641994966652502
2446,Hinton Parva Coombe,SU227825,422700,182500,2100.0,England,7.0,2,2012,2013,UKBMS,51.540946513105794,-1.674080020242507
2447,Upton Scudamore Embankment,ST869483,386900,148300,500.0,England,1.0,3,2012,2018,UKBMS,51.23373138103264,-2.1890118375118837
2448,Ravens Roost Wood,SU023881,402300,188100,2000.0,England,7.0,12,2011,2023,UKBMS,51.591745797214735,-1.9681944954864101
2449,Somerford Common 13,SU028867,402800,186700,1360.0,England,15.0,2,2013,2014,UKBMS,51.57915577424965,-1.9609876273954632
2450,Vernditch,SU035206,403500,120600,1260.0,England,8.0,11,2013,2023,UKBMS,50.98479419098898,-1.9515122092687274
2451,"Fitzmaurice School Field, Bradford-on-Avon",ST828601,382800,160100,450.0,England,5.0,10,2014,2023,UKBMS,51.33972385521531,-2.248307145802396
2452,Hinton Parva Combe,SU227825,422700,182500,2145.0,England,2.0,6,2015,2023,UKBMS,51.540946513105794,-1.674080020242507
2453,Stratton Wood,SU165891,416500,189100,1750.0,England,4.0,9,2015,2023,UKBMS,51.600503000153594,-1.7631696380193058
2454,Langley Wood,SU225203,422500,120300,1321.0,England,6.0,9,2015,2023,UKBMS,50.98167126932553,-1.6808571168135278
2455,Coombe Bissett SSSI,SU111248,411100,124800,2564.0,England,12.0,9,2015,2023,UKBMS,51.02246656171279,-1.8431149175509283
2456,Beaumonts,SU214401,421400,140100,1245.0,England,4.0,1,2015,2015,UKBMS,51.15975460612278,-1.6953609718458573
2458,Danks Down (2015 route),ST842748,384200,174800,2945.0,England,13.0,9,2015,2023,UKBMS,51.471940375981056,-2.228868717371078
2459,Winterbourne Downs Loop 2013,SU223394,422300,139400,1300.0,England,3.0,8,2015,2023,UKBMS,51.15342611310733,-1.682534389899876
2460,Winterbourne Downs Beaumont's,SU213403,421300,140300,1190.0,England,5.0,7,2016,2023,UKBMS,51.16155669046517,-1.6967791661163096
2462,Clouts Complex,SU136796,413600,179600,2055.0,England,11.0,1,2016,2016,UKBMS,51.515162340296015,-1.8054037466133803
2463,"Newton Tony, RSPB",SU224394,422400,139400,2000.0,England,4.0,7,2017,2023,UKBMS,51.15342222730647,-1.6811046145069897
2464,"North Meadow, Bradford-on-Avon (1)",ST820605,382000,160500,450.0,England,2.0,7,2017,2023,UKBMS,51.343295569873064,-2.259812069161051
2465,SPTA Larkhill LACGEN2,SU133453,413300,145300,200.0,England,1.0,7,2017,2023,UKBMS,51.20675653605252,-1.8109988000273565
2466,"SPTA Larkhill, Horne Barracks",SU123445,412300,144500,240.0,England,1.0,7,2017,2023,UKBMS,51.199585241940206,-1.8253403780828041
2467,Parsonage Down,SU037414,403700,141400,1550.0,England,7.0,6,2018,2023,UKBMS,51.17182891160364,-1.9484566661530631
2468,Avebury Waden Hill,SU107688,410700,168800,2000.0,England,5.0,5,2018,2023,UKBMS,51.41811610361414,-1.84751873987439
2469,Normanton Down,SU117412,411700,141200,1207.0,England,6.0,5,2018,2023,UKBMS,51.16992441096937,-1.8340341235675401
2470,Cholderton,SU226421,422600,142100,1280.0,England,3.0,5,2019,2023,UKBMS,51.17769236806429,-1.678076246132562
2471,Lime Kiln Down,SU144281,414400,128100,1630.0,England,5.0,5,2019,2023,UKBMS,51.052068036118015,-1.795934796332632
2472,Hazel Hill Wood,SU219283,421900,128300,2400.0,England,8.0,5,2019,2023,UKBMS,51.0536309048102,-1.6889235371568718
2473,Calstone 1,SU041692,404100,169200,3750.0,England,15.0,4,2019,2022,UKBMS,51.42179755766917,-1.9424248114684322
2474,Calstone 2,SU046685,404600,168500,3950.0,England,15.0,4,2019,2022,UKBMS,51.41549971310314,-1.9352428963375847
2475,Cloatley Meadows,ST979912,397900,191200,1030.0,England,6.0,4,2020,2023,UKBMS,51.6196187078569,-2.0317287667875954
2476,Coombe Bissett Down,SU111256,411100,125600,2887.0,England,3.0,2,2020,2023,UKBMS,51.02966029206195,-1.843090674538126
2477,Pewsey Downs West (Milk Hill),SU098643,409800,164300,2967.0,England,7.0,4,2020,2023,UKBMS,51.3776700183912,-1.8605838804362806
2478,Pimlico Fields,SU218188,421800,118800,2022.0,England,8.0,3,2021,2023,UKBMS,50.968209844082544,-1.690918050360736
2479,Cloven Hill,SU230178,423000,117800,2000.0,England,8.0,3,2021,2023,UKBMS,50.95917126810622,-1.6738919808153727
2480,Dinton Park,SU005316,400500,131600,2719.0,England,6.0,3,2021,2023,UKBMS,51.08371803681881,-1.9942388620264924
2481,High Clear Down (WWT),SU236764,423600,176400,1458.0,England,4.0,2,2022,2023,UKBMS,51.48606293588671,-1.6615094884310218
2482,Hazeland,ST975719,397500,171900,2297.0,England,8.0,2,2022,2023,UKBMS,51.44608275620854,-2.037363022722424
2483,Sherston,ST842854,384200,185400,2367.0,England,9.0,1,2023,2023,UKBMS,51.56724880714458,-2.2293474778967997
2484,Helix Farm 1,SU027381,402700,138100,4471.0,England,12.0,1,2023,2023,UKBMS,51.14216073289478,-1.9627840370722327
2485,Ranscombe Bottom,SU041686,404100,168600,4415.0,England,15.0,1,2023,2023,UKBMS,51.416402607176494,-1.9424315577752636
2486,Cherhill - Little Down,SU044691,404400,169100,4711.0,England,15.0,1,2023,2023,UKBMS,51.42089621099657,-1.9381115565864107
2487,Pepperbox,SU212248,421200,124800,1496.0,England,7.0,1,2023,2023,UKBMS,51.02218484436318,-1.6991141730880677
2488,Laverstock Water Meadows,SU154307,415400,130700,2733.0,England,9.0,1,2023,2023,UKBMS,51.07542168031839,-1.7815582864732107
2500,Bannerdown,ST791685,379100,168500,2000.0,England,5.0,27,1996,2023,UKBMS,51.41512794492145,-2.301920017379205
2501,Compton Hill,ST39505600,339500,156000,2220.0,England,,5,1992,1996,UKBMS,51.29989402488929,-2.8691695571071136
2502,Stoke Camp,ST492512,349200,151200,1710.0,England,7.0,29,1995,2023,UKBMS,51.2576871139198,-2.729366381590104
2503,Mount Fancy East,ST250164,325000,116400,680.0,England,3.0,1,2000,2000,UKBMS,50.94214275820375,-3.0688654549689236
2504,Mount Fancy West - Shutes Farm,ST247168,324700,116800,1130.0,England,7.0,3,1998,2000,UKBMS,50.94569989196274,-3.073217453288518
2505,Haddon Moor,SS996290,299600,129000,520.0,England,5.0,18,1996,2020,UKBMS,51.05154115913521,-3.433771922412298
2506,Cross Plain,ST415555,341500,155500,1000.0,England,9.0,29,1993,2023,UKBMS,51.29560807149817,-2.84040371356209
2507,Bincombe,SS906410,290600,141000,1300.0,England,6.0,15,1985,2005,UKBMS,51.15776024342796,-3.565766142081725
2508,Halsecombe,SS893455,289300,145500,3100.0,England,12.0,14,1984,2005,UKBMS,51.19795827051056,-3.58573568174037
2509,Mounsey,SS885295,288500,129500,3150.0,England,3.0,6,1997,2003,UKBMS,51.05398567914502,-3.5922263686415703
2510,Buckland Wood,ST187178,318700,117800,1210.0,England,8.0,27,1997,2023,UKBMS,50.95387421769432,-3.1588290561971246
2511,Hartley Field,ST188181,318800,118100,250.0,England,1.0,10,1998,2007,UKBMS,50.956585476782976,-3.157472702541781
2512,Ruttersleigh Common,ST261163,326100,116300,650.0,England,6.0,8,1998,2005,UKBMS,50.94138594362082,-3.053191417695596
2513,Thurlbear Quarrylands,ST273210,327300,121000,2060.0,England,10.0,17,1996,2012,UKBMS,50.98379560375393,-3.0370554686609617
2514,Witch Lodge Fields,ST252199,325200,119900,1080.0,England,5.0,15,1997,2011,UKBMS,50.97363637912428,-3.0667398211029084
2515,Shute Shelve Hill,ST42605550,342600,155500,2050.0,England,,1,1993,1993,UKBMS,51.29572025680853,-2.82462905866414
2516,Folly Farm,ST60506050,360500,160500,1500.0,England,10.0,5,1990,1994,UKBMS,51.34220369055463,-2.5684753200477894
2517,Cheddar Cliffs,ST475545,347500,154500,1622.0,England,8.0,8,1996,2003,UKBMS,51.28720317319752,-2.7542115751613414
2518,Aller Wood & Turn Hill,ST405305,340500,130500,2200.0,England,12.0,2,2000,2002,UKBMS,51.07073033764454,-2.8505957226104712
2519,Newton Park,ST693638,369300,163800,2900.0,England,7.0,1,2000,2000,UKBMS,51.372420577979724,-2.442427036608233
2520,Draycott Sleights,ST485515,348500,151500,3800.0,England,5.0,16,1988,2007,UKBMS,51.26032149433397,-2.73944004313695
2521,Coleford Butterfly Walk,ST686488,368600,148800,,England,1.0,6,1998,2003,UKBMS,51.23750988215419,-2.451157887515921
2522,Noone Cottage Meadows,ST684486,368400,148600,620.0,England,10.0,10,1995,2007,UKBMS,51.23570048143877,-2.454004891788699
2523,Dolebury Warren,ST455589,345500,158900,1850.0,England,10.0,5,2015,2023,UKBMS,51.32657493946607,-2.7835615436552548
2524,East Poldens,ST497317,349700,131700,3250.0,England,10.0,11,1999,2010,UKBMS,51.08240196315866,-2.719467377277321
2525,Ham Wall,ST450394,345000,139400,4700.0,England,10.0,21,1998,2021,UKBMS,51.15120195501866,-2.787735582842733
2526,Hinkley Point Power Station,ST208458,320800,145800,4400.0,England,6.0,10,2000,2009,UKBMS,51.205897014809175,-3.135083150314432
2527,Langford Heathfield,ST100235,310000,123500,2600.0,England,12.0,33,1991,2023,UKBMS,51.003822594981024,-3.2840711575198815
2528,Rodney Stoke,ST489502,348900,150200,3000.0,England,12.0,21,1989,2009,UKBMS,51.24866913573283,-2.733521985026953
2530,West Sedgemoor,ST347239,334700,123900,3002.0,England,7.0,24,1994,2019,UKBMS,51.01075808433426,-2.932173531060739
2531,Kings Weston Down,ST550779,355000,177900,1000.0,England,10.0,9,2001,2013,UKBMS,51.498237329072296,-2.649647015779805
2533,Blackdown Common,ST112154,311200,115400,600.0,England,1.0,1,2000,2000,UKBMS,50.931189594726604,-3.264992962178861
2534,Overland Copse,ST177194,317700,119400,1500.0,England,9.0,1,2002,2002,UKBMS,50.968116734606724,-3.1734251389491153
2536,Blackdown Common New,ST112154,311200,115400,700.0,England,2.0,3,2001,2003,UKBMS,50.931189594726604,-3.264992962178861
2537,Mount Fancy Combined,ST248167,324800,116700,2240.0,England,8.0,22,2002,2023,UKBMS,50.944813890986055,-3.071773606392696
2538,Sand Point,ST325660,332500,166000,,England,6.0,3,2002,2004,UKBMS,51.38900975824711,-2.9714592812179093
2539,Ubley Warren,ST507554,350700,155400,4500.0,England,15.0,6,2002,2013,UKBMS,51.295581810257474,-2.708453417505701
2540,Carymoor Environmental Centre,ST615308,361500,130800,1270.0,England,10.0,22,2001,2023,UKBMS,51.075225108525935,-2.5509222762565478
2541,Crook Peak,ST390551,339000,155100,3600.0,England,10.0,22,2002,2023,UKBMS,51.29174891139435,-2.8761863395136014
2542,Shapwick Heath,ST423412,342300,141200,4000.0,England,8.0,11,2003,2023,UKBMS,51.16711944675167,-2.826623584236772
2543,Haddon Hill,SS979286,297900,128600,1500.0,England,3.0,18,2003,2020,UKBMS,51.04764542416296,-3.4579043660223077
2544,Middlehope,ST335662,333500,166200,,England,5.0,1,2003,2003,UKBMS,51.39092610692738,-2.9571275543124287
2546,Whiteleaze,ST273295,327300,129500,1000.0,England,5.0,14,2003,2016,UKBMS,51.06021676826925,-3.038762418535
2547,Congrove Field and Hanging Hill,ST715700,371500,170000,3000.0,England,8.0,4,2004,2007,UKBMS,51.42828230767075,-2.4113225407352235
2548,Browns Folly,ST794659,379400,165900,3300.0,England,7.0,3,2004,2006,UKBMS,51.39176110899764,-2.297454407686875
2549,Dundon Beacon,ST485324,348500,132400,1938.0,England,9.0,21,2003,2023,UKBMS,51.08858920130486,-2.7366972660549704
2550,Ash Priors Common,ST155287,315500,128700,,England,10.0,2,2004,2005,UKBMS,51.05140688154038,-3.2069171868532855
2551,Babcary Meadows,ST565295,356500,129500,,England,6.0,1,2002,2002,UKBMS,51.063177765981514,-2.6221307676778043
2552,Brean Down,ST298583,329800,158300,1000.0,England,7.0,6,2002,2013,UKBMS,51.31945637768998,-3.0087338675933117
2554,Crowcombe Heathfield,ST138339,313800,133900,300.0,England,5.0,8,2006,2016,UKBMS,51.09790211349359,-3.2324062981660537
2556,Redding Pit Quarry,ST535637,353500,163700,1444.0,England,10.0,19,2005,2023,UKBMS,51.370444143822105,-2.669384651441563
2557,Hatch Hill,ST501337,350100,133700,2000.0,England,9.0,16,2005,2021,UKBMS,51.100419769063585,-2.7140343720905697
2558,Hellenge Hill,ST345561,334500,156100,4600.0,England,6.0,1,2005,2005,UKBMS,51.300238722834735,-2.940895701290861
2559,Purn Hill,ST332576,333200,157600,800.0,England,3.0,2,2005,2006,UKBMS,51.31357314212142,-2.959821075994801
2560,Whiteball Quarry,ST044314,304400,131400,3500.0,England,10.0,1,2005,2005,UKBMS,51.073936176125514,-3.365947195502787
2561,Line Wood Meadow,ST301210,330100,121000,700.0,England,6.0,3,2005,2007,UKBMS,50.98414295212103,-2.9971733534970437
2562,"Hucker's Bow, Sand Point",ST348665,334800,166500,1950.0,England,4.0,18,2006,2023,UKBMS,51.39377436473297,-2.938501847154088
2563,Staple & Ruttersleigh Commons,ST266158,326600,115800,,England,5.0,3,2006,2008,UKBMS,50.936954499270996,-3.045975291087771
2565,"Witcombe, Montacute",ST485160,348500,116000,2350.0,England,7.0,4,2007,2010,UKBMS,50.94112906496266,-2.734363624579406
2566,Westbury Beacon,ST501507,350100,150700,1270.0,England,6.0,17,2007,2023,UKBMS,51.253271212411725,-2.716400237320422
2567,Sharman Sanctuary,ST235152,323500,115200,340.0,England,4.0,1,2007,2007,UKBMS,50.931156531943344,-3.0899589056624936
2568,Hillfarrance Flood Diversion Channel,ST165245,316500,124500,,England,1.0,2,2006,2007,UKBMS,51.013794347908934,-3.191684647645515
2569,Neroche Parish Hall,ST283187,328300,118700,100.0,England,1.0,1,2007,2007,UKBMS,50.96324227932223,-3.0223576679840307
2570,Walton Common,ST428738,342800,173800,2120.0,England,10.0,17,2007,2023,UKBMS,51.460270647838016,-2.8247133180157915
2571,Weston Moor Nature Reserve,ST440742,344000,174200,2200.0,England,9.0,17,2007,2023,UKBMS,51.46398713970938,-2.8075061669831167
2572,Carymoor: Upper Dauntsey Field,ST618319,361800,131900,650.0,England,4.0,16,2007,2023,UKBMS,51.085136091946424,-2.5467569409156177
2573,Brent Knoll,ST341510,334100,151000,2000.0,England,9.0,16,2008,2023,UKBMS,51.25434051868004,-2.945690125435602
2574,Sand Point (2008),ST325660,332500,166000,2825.0,England,7.0,10,2008,2017,UKBMS,51.38900975824711,-2.9714592812179093
2575,Draycott Sleights (2008),ST483516,348300,151600,1943.0,England,6.0,16,2008,2023,UKBMS,51.26120245810428,-2.742320511946407
2576,Hinkley Point Nature Reserve Revised,ST208458,320800,145800,,England,13.0,1,2008,2008,UKBMS,51.205897014809175,-3.135083150314432
2577,Milton Hill,ST533472,353300,147200,2000.0,England,8.0,1,2008,2008,UKBMS,51.222073542094,-2.670093403100068
2578,Dunwell Fields,ST396372,339600,137200,1155.0,England,3.0,12,2008,2019,UKBMS,51.13087622488032,-2.8645627622638514
2579,Westfield Monument Strip,ST494339,349400,133900,2332.0,England,14.0,13,2008,2021,UKBMS,51.10215654519795,-2.724058811392351
2581,Bossington,SS897482,289700,148200,2600.0,England,8.0,16,2008,2023,UKBMS,51.22230462340433,-3.5808442103757425
2582,Wookey Hole Fields,ST534480,353400,148000,2000.0,England,9.0,16,2008,2023,UKBMS,51.22927475390571,-2.6687658580677045
2583,Kings Castle Wood,ST568456,356800,145600,1750.0,England,6.0,14,2009,2022,UKBMS,51.2079636565685,-2.6197858597228856
2584,Dunball-Puriton Access Land,ST313411,331300,141100,3475.0,England,7.0,4,2009,2012,UKBMS,51.165002700718965,-2.9839070117444813
2585,"Church Farm, Stratton-on-the-Fosse",ST658506,365800,150600,2600.0,England,8.0,4,2009,2012,UKBMS,51.25353308456127,-2.491436269331363
2586,Lords Wood,ST633632,363300,163200,2000.0,England,5.0,14,2009,2023,UKBMS,51.366668470201155,-2.528557935710829
2587,Walton Hill,ST466350,346600,135000,2450.0,England,14.0,12,2009,2021,UKBMS,51.11179239702259,-2.7642084972053667
2588,Clifton-Durdham Down,ST566743,356600,174300,3510.0,England,10.0,14,2010,2023,UKBMS,51.46599533788417,-2.6261558460204646
2589,Charfield Meadow,ST717936,371700,193600,500.0,England,2.0,10,2010,2023,UKBMS,51.640484236555444,-2.410350640286771
2590,Folly Farm,ST605605,360500,160500,1500.0,England,8.0,10,2009,2021,UKBMS,51.34220369055463,-2.5684753200477894
2591,Goblin Combe,ST476651,347600,165100,350.0,England,3.0,6,2010,2023,UKBMS,51.38251636511878,-2.7543407791647336
2592,Weston Big Wood,ST457752,345700,175200,1650.0,England,8.0,15,2008,2023,UKBMS,51.47314381901668,-2.7831912734192317
2594,"The Gulley & Walcombe Slade, Avon Gorge",ST563746,356300,174600,1320.0,England,10.0,14,2010,2023,UKBMS,51.46866948022179,-2.6305114087278794
2595,Green Down,ST517288,351700,128800,1411.0,England,8.0,10,2011,2023,UKBMS,51.056498966093514,-2.6905290654226905
2596,"Park Wood, Chaffcombe",ST357100,335700,110000,1630.0,England,5.0,10,2011,2020,UKBMS,50.88589377182394,-2.915462291347101
2597,Lynchcombe,ST516490,351600,149000,1650.0,England,8.0,16,2008,2023,UKBMS,51.238115783307215,-2.694678061930925
2598,Hinkley Point 2010,ST210460,321000,146000,3010.0,England,7.0,4,2010,2013,UKBMS,51.207722784250244,-3.132264969940234
2599,Combe Hollow,ST498327,349800,132700,831.0,England,7.0,10,2011,2021,UKBMS,51.09140213757533,-2.718179166107126
2601,Cashel,NS401941,240100,694100,5309.0,Scotland,10.0,9,1998,2007,UKBMS,56.1128020312954,-4.573151653935835
2602,Loch Gruinart (Comp. AO60 - Craig Mhor),NR275695,127500,669500,1200.0,Scotland,7.0,23,1995,2020,UKBMS,55.84150399943157,-6.354440884496373
2603,Loch Gruinart (AO48),NR277677,127700,667700,400.0,Scotland,8.0,16,2006,2023,UKBMS,55.825490641267265,-6.349452745647586
2605,Falls of Clyde,NS882422,288200,642200,1454.0,Scotland,11.0,20,2001,2023,UKBMS,55.66040762663193,-3.7786545574343693
2608,Allt cheanna Muir,NN105913,210500,791300,1258.0,Scotland,5.0,15,2002,2017,UKBMS,56.9739443652884,-5.119431757858224
2609,Allt Mhuic - Loch Arkaig,NN120911,212000,791100,1620.0,Scotland,7.0,15,2002,2017,UKBMS,56.97276275411512,-5.094644686381231
2610,Polloch,NM792688,179200,768800,1644.0,Scotland,9.0,12,2002,2018,UKBMS,56.75833747089379,-5.613783916508036
2612,The Lein,NJ332657,333200,865700,1100.0,Scotland,5.0,20,1997,2023,UKBMS,57.6761812469976,-3.1216790736242106
2613,Crombie Country Park,NO520400,352000,740000,6210.0,Scotland,13.0,20,2001,2023,UKBMS,56.54952122180192,-2.7823338615498514
2614,Kinghill Country Park,NS856567,285600,656700,2150.0,Scotland,7.0,1,2003,2003,UKBMS,55.79001954679629,-3.8260284262060904
2615,Baluain,NN840670,284000,767000,1000.0,Scotland,10.0,13,2002,2015,UKBMS,56.78007062309344,-3.900047227105933
2616,Newhailes,NT328727,332800,672700,2458.0,Scotland,12.0,17,2003,2023,UKBMS,55.94262748746928,-3.077453398863915
2617,Cathkin Braes,NS614583,261400,658300,,Scotland,13.0,3,1998,2000,UKBMS,55.798049558804756,-4.212491517385776
2618,Cathkin Braes (2),NS614583,261400,658300,1450.0,Scotland,15.0,16,2001,2023,UKBMS,55.798049558804756,-4.212491517385776
2619,Arienas Wood,NM672522,167200,752200,2250.0,Scotland,15.0,24,1989,2023,UKBMS,56.60369972707381,-5.794605942502883
2620,Auchtermuchty Common,NO240129,324000,712900,2000.0,Scotland,10.0,14,2003,2023,UKBMS,56.302409300035386,-3.229778034152997
2621,Gailes Marsh,NS327357,232700,635700,2001.0,Scotland,10.0,1,2003,2003,UKBMS,55.58612042068795,-4.65600275118379
2622,Harestanes,NT641244,364100,624400,1860.0,Scotland,8.0,5,2003,2007,UKBMS,55.51203367878723,-2.5700182215425773
2623,Rockcliffe,NX843542,284300,554200,2883.0,Scotland,10.0,9,2003,2018,UKBMS,54.869147044595174,-3.804413519245359
2624,Greenhead Moss,NS81305490,281300,654900,2500.0,Scotland,10.0,1,2003,2003,UKBMS,55.77281804837349,-3.893779306023455
2625,Beinn Leamhaid,NM965615,196500,761500,,Scotland,15.0,1,2003,2003,UKBMS,56.70074204138541,-5.325537910931119
2626,Doire Donn,NN055705,205500,770500,,Scotland,15.0,1,2003,2003,UKBMS,56.78530372287738,-5.18562716261494
2627,Mugdock CP (Mugdock 1 Craigend Field & Peitches Mr,NS549777,254900,677700,179.0,Scotland,6.0,10,2001,2010,UKBMS,55.97030388694975,-4.326485313999967
2628,Commonhead Moss,NS699665,269900,666500,1700.0,Scotland,6.0,19,1999,2023,UKBMS,55.874041533881766,-4.080934877452575
2629,Acharn Hill,NM518691,151800,769100,1720.0,Scotland,15.0,9,1989,2002,UKBMS,56.74724815832871,-6.061118057787873
2630,RSPB Scotland Baron's Haugh reserve,NS750550,275000,655000,2350.0,Scotland,12.0,16,2003,2023,UKBMS,55.772128180204795,-3.994187636010041
2631,CAERLAVEROCK NATIONAL NATURE RESERVE,NY044651,304400,565100,1780.0,Scotland,5.0,3,2004,2006,UKBMS,54.97131292765482,-3.4949645235106135
2632,Caerlaverock WWT,NY057663,305700,566300,1760.0,Scotland,4.0,7,2004,2012,UKBMS,54.982340696003945,-3.475059116659512
2634,Cam Chreag,NN375335,237500,733500,1200.0,Scotland,12.0,3,2001,2003,UKBMS,56.46553160546605,-4.639186498124271
2635,"Carr Brae, Dornie",NG888252,188800,825200,650.0,Scotland,5.0,8,2004,2011,UKBMS,57.26850300456627,-5.504368782906104
2636,Clunes,NN785672,278500,767200,1375.0,Scotland,14.0,5,2004,2008,UKBMS,56.780463147792744,-3.990093928755003
2637,Dunnet butterfly transect,ND223698,322300,969800,1250.0,Scotland,11.0,32,1986,2023,UKBMS,58.609163760940525,-3.339032784630375
2638,Cream o' Galloway,NX599518,259900,551800,1036.0,Scotland,12.0,1,2004,2004,UKBMS,54.84135404758436,-4.183179017344518
2639,Dalbeattie Forest - 'Lovers Loup',NX865569,286500,556900,1300.0,Scotland,8.0,6,2004,2009,UKBMS,54.89390289595712,-3.771214375582129
2640,Eglinton Park,NS330410,233000,641000,1400.0,Scotland,10.0,16,2003,2023,UKBMS,55.633794135140356,-4.654462256729657
2641,Glencoe,NN118567,211800,756700,3640.0,Scotland,9.0,19,2003,2023,UKBMS,56.66409779436197,-5.072543637530931
2642,Knockman Wood,NX407685,240700,568500,1900.0,Scotland,5.0,1,2004,2004,UKBMS,54.985542129446166,-4.491117964736299
2643,Knowetop Lochs,NX705785,270500,578500,1350.0,Scotland,5.0,16,2004,2019,UKBMS,55.083990994041336,-4.0302955095229915
2644,Mugdock CP 3 - Castle Park,NS552769,255200,676900,650.0,Scotland,3.0,9,2001,2010,UKBMS,55.96321260623758,-4.321252671924789
2645,Mugdock CP 4 - Khyber Fields,NS544773,254400,677300,121.0,Scotland,5.0,9,2001,2010,UKBMS,55.966561574400664,-4.334272910249374
2646,Mugdock CP 5 - Mugdock Wood,NS547768,254700,676800,114.0,Scotland,5.0,9,2001,2010,UKBMS,55.96216382003441,-4.329201214673498
2647,Sorbie,NX445454,244500,545400,2270.0,Scotland,10.0,1,2004,2004,UKBMS,54.77934535085491,-4.419325012313992
2648,South Haugh,NS731554,273100,655400,1601.0,Scotland,9.0,19,2005,2023,UKBMS,55.77522497985939,-4.024640643794882
2649,Langlands Moss,NS638510,263800,651000,2140.0,Scotland,10.0,8,2005,2012,UKBMS,55.73318874482115,-4.170591883673611
2650,Ardersier,NH779558,277900,855800,1975.0,Scotland,13.0,7,2003,2014,UKBMS,57.575701127977844,-4.043356602818798
2651,Glen Girnaig,NN940660,294000,766000,,Scotland,5.0,6,2005,2010,UKBMS,56.773476171263106,-3.736063864695054
2652,Holyrood Park - Hunters Bog,NT274734,327400,673400,1860.0,Scotland,6.0,19,2005,2023,UKBMS,55.94812918386145,-3.164077153203959
2654,Darnley Mill,NS525588,252500,658800,2500.0,Scotland,10.0,1,2006,2006,UKBMS,55.799902924097026,-4.354603124070177
2655,Dornoch Beach,NH805892,280500,889200,2326.0,Scotland,8.0,7,2006,2013,UKBMS,57.876216988149054,-4.0165283796465765
2656,Dunsapie Crag,NT282732,328200,673200,1330.0,Scotland,10.0,22,2002,2023,UKBMS,55.946452943506884,-3.151216835437697
2657,Salisbury Crags,NT267732,326700,673200,2570.0,Scotland,11.0,17,2002,2018,UKBMS,55.94622621575109,-3.175228765697027
2658,Killean Lismore,NM849417,184900,741700,1031.0,Scotland,10.0,2,2006,2007,UKBMS,56.51799988463839,-5.498146097305519
2660,Forfar Loch C.P,NO401504,340100,750400,3614.0,Scotland,12.0,2,2005,2006,UKBMS,56.64157027716239,-2.9782722927065057
2661,Bowhill,NT428277,342800,627700,1460.0,Scotland,8.0,5,2007,2012,UKBMS,55.5396473778345,-2.90793934708298
2662,Isle of Eigg,NM482846,148200,784600,2100.0,Scotland,5.0,32,1988,2023,UKBMS,56.88420152882938,-6.135121872603435
2663,Nethy Bridge,NJ001205,300100,820500,2675.0,Scotland,8.0,1,2008,2008,UKBMS,57.26420682763332,-3.657945130626209
2664,Ben Lomond - Ptarmigan path,NN362001,236200,700100,1911.0,Scotland,8.0,1,2007,2007,UKBMS,56.165329821225434,-4.639488675974862
2665,Sanford Moor,NS723434,272300,643400,1535.0,Scotland,9.0,17,2007,2023,UKBMS,55.66726131129274,-4.03178068463611
2666,Balblair Wood,NH599942,259900,894200,1775.0,Scotland,15.0,17,2007,2023,UKBMS,57.91509968532967,-4.366493527947463
2668,Polymaily,NH483305,248300,830500,1350.0,Scotland,11.0,15,2007,2021,UKBMS,57.33969329239991,-4.522124125983243
2669,Aberlady Bay,NT465815,346500,681500,3924.0,Scotland,12.0,17,2007,2023,UKBMS,56.023406904177385,-2.859899715583424
2670,John Muir Country Park,NT650790,365000,679000,2937.0,Scotland,5.0,13,2009,2023,UKBMS,56.00265863724661,-2.562791174137153
2671,Yellowcraig,NT515856,351500,685600,1050.0,Scotland,8.0,14,2009,2023,UKBMS,56.06077358556427,-2.780435108595229
2672,Levenhall,NT358735,335800,673500,3240.0,Scotland,9.0,10,2013,2023,UKBMS,55.95022478841811,-3.0296228265703378
2673,Gullane East,NT481834,348100,683400,1887.0,Scotland,12.0,12,2009,2023,UKBMS,56.040652178834776,-2.8346018036129603
2674,Alva Glen,NS885978,288500,697800,2260.0,Scotland,9.0,2,2008,2009,UKBMS,56.159789297181085,-3.796839949238481
2675,SWT Gailes Marsh,NS323359,232300,635900,2000.0,Scotland,6.0,8,2009,2023,UKBMS,55.587777959846996,-4.6624632293626815
2676,Clune,NT170954,317000,695400,2540.0,Scotland,10.0,10,2007,2023,UKBMS,56.144051396145535,-3.3373795476220556
2677,Craigmillar Castle Park,NT286712,328600,671200,2130.0,Scotland,8.0,12,2008,2020,UKBMS,55.92854666559914,-3.1442836975716806
2678,Meadows Yard LNR,NT293753,329300,675300,550.0,Scotland,6.0,13,2008,2021,UKBMS,55.96548049621642,-3.1341594637021437
2679,"Cocksburn Reservoir, Bridge of Allan",NS805985,280500,698500,1500.0,Scotland,10.0,14,2009,2023,UKBMS,56.164135658043534,-3.9258827184483676
2680,Blackness Transect,NT055797,305500,679700,1650.0,Scotland,8.0,6,2007,2012,UKBMS,56.00090182369778,-3.516840118089403
2681,Linlithgow Loch Transect 1 - Fiddlers Croft,NT008776,300800,677600,960.0,Scotland,7.0,11,2006,2022,UKBMS,55.98109138702992,-3.591395080977466
2682,Linlithgow Loch Transect 2 - North Side,NT002777,300200,677700,1590.0,Scotland,7.0,12,2006,2023,UKBMS,55.981865022878374,-3.6010438154765008
2683,Loch Gruinart - Creag Mhor North,NR272697,127200,669700,1000.0,Scotland,14.0,13,2006,2020,UKBMS,55.84312632426417,-6.3594183548515
2684,David Marshall Lodge Transect,NN520014,252000,701400,2585.0,Scotland,9.0,5,2009,2013,UKBMS,56.182168948645774,-4.386025019434173
2685,Cullaloe Local Nature Reserve,NT187875,318700,687500,1300.0,Scotland,7.0,9,2009,2023,UKBMS,56.07338530987367,-3.307619191353492
2686,Glen Fender,NN895678,289500,767800,1085.0,Scotland,7.0,6,2009,2015,UKBMS,56.7885921182125,-3.810433738848961
2687,Archerfield & Renaissance,NT502851,350200,685100,2940.0,Scotland,13.0,1,2009,2009,UKBMS,56.056147935020455,-2.8012161417113335
2688,Cammo Estate,NT175747,317500,674700,2175.0,Scotland,9.0,11,2009,2023,UKBMS,55.95820682071061,-3.3229535597221003
2689,Gullane West,NT468830,346800,683000,1877.0,Scotland,11.0,8,2009,2023,UKBMS,56.03691581147481,-2.855385346528833
2690,Barns Ness,NT718771,371800,677100,2283.0,Scotland,6.0,15,2009,2023,UKBMS,55.98603783749451,-2.4535599528070957
2691,Hailes ROW,NT592774,359200,677400,2568.0,Scotland,10.0,14,2009,2023,UKBMS,55.987824469158916,-2.655542241227976
2692,South Glendale,NF791145,79100,814500,3710.0,Scotland,6.0,3,2009,2011,UKBMS,57.10906449847346,-7.302583489083945
2693,Loch Leven - Burleigh (1-4),NO131036,313100,703600,700.0,Scotland,4.0,3,2008,2018,UKBMS,56.217006328360426,-3.4028095715474165
2694,Loch Leven - Findatie (5-7),NT166992,316600,699200,650.0,Scotland,3.0,3,2008,2018,UKBMS,56.17811302878851,-3.3450076497919077
2695,Loch Leven - Railway (8-10),NO122010,312200,701000,900.0,Scotland,3.0,7,2008,2023,UKBMS,56.193488688731975,-3.416455306968001
2696,Loch Leven - Vane (11-14),NT155993,315500,699300,400.0,Scotland,4.0,1,2009,2009,UKBMS,56.178817190215206,-3.3627528370854525
2697,Jupiter Urban Wildlife Centre,NS918810,291800,681000,1173.0,Scotland,11.0,13,2010,2023,UKBMS,56.00967937882147,-3.73693035850911
2698,Alva Glen revised,NS885978,288500,697800,1370.0,Scotland,6.0,13,2010,2023,UKBMS,56.159789297181085,-3.796839949238481
2699,Glasgow Museums Resource Centre,NS518601,251800,660100,725.0,Scotland,7.0,12,2009,2021,UKBMS,55.81135916397332,-4.366467684444909
2700,Crewe Business Park,SJ724550,372400,355000,2014.0,England,15.0,6,1996,2001,UKBMS,53.09149006543387,-2.4135758228010076
2701,Hall Dale,SK134535,413400,353500,2275.0,England,8.0,15,1992,2017,UKBMS,53.078560700344575,-1.8014234077585414
2702,Bradburys (Huberts) Bank,SK151561,415100,356100,2000.0,England,9.0,16,1994,2023,UKBMS,53.10188700220182,-1.7759256297707524
2705,Dane-in-Shaw Pasture,SJ878626,387800,362600,1864.0,England,13.0,24,2000,2023,UKBMS,53.16038327074064,-2.1839168694563273
2706,Thurstaston Common,SJ24808460,324800,384600,,England,,10,1995,2004,UKBMS,53.352915135646995,-3.131226613867328
2707,Crewe Business Park New Route,SJ724550,372400,355000,1879.0,England,15.0,2,2002,2003,UKBMS,53.09149006543387,-2.4135758228010076
2708,Swettenham Meadows,SJ804675,380400,367500,1670.0,England,7.0,18,2005,2023,UKBMS,53.204205693626335,-2.294891241628913
2709,Woolston Eyes,SJ652881,365200,388100,1920.0,England,11.0,17,2006,2023,UKBMS,53.388584598723696,-2.524709829028878
2710,Inner Marsh Farm,SJ305738,330500,373800,919.0,England,5.0,5,2006,2011,UKBMS,53.25663435633129,-3.0432399133977093
2711,Far Hill Hollow. Wetton Hills,SK098355,409800,335500,2071.0,England,10.0,7,2005,2011,UKBMS,52.9168336056327,-1.85570163320874
2712,Reddish Vale,SJ905933,390500,393300,1460.0,England,9.0,6,2007,2012,UKBMS,53.43639141541166,-2.1444660468390113
2713,Brereton Heath Country Park,SJ797651,379700,365100,2420.0,England,12.0,14,2010,2023,UKBMS,53.18260629517142,-2.3052174955306572
2714,Parkgate Old Quay,SJ286767,328600,376700,3960.0,England,6.0,4,2010,2014,UKBMS,53.282444543118096,-3.072367034193098
2715,Parkgate School,SJ282792,328200,379200,2600.0,England,2.0,1,2010,2010,UKBMS,53.3048582477422,-3.0789315280755325
2716,Marbury,SJ651777,365100,377700,2120.0,England,13.0,9,2011,2019,UKBMS,53.295100011020594,-2.5250632126953105
2717,Parkgate School (2011),SJ282792,328200,379200,2680.0,England,3.0,3,2011,2014,UKBMS,53.3048582477422,-3.0789315280755325
2718,Teggs Nose,SJ947723,394700,372300,2350.0,England,6.0,11,2013,2023,UKBMS,53.247689931039865,-2.0808860631401176
2719,Danes Moss to Sutton Reservoir,SJ910706,391000,370600,2500.0,England,7.0,9,2015,2023,UKBMS,53.23235837933549,-2.1362865648271248
2720,Tytherington - Marlborough Drive Woods,SJ918756,391800,375600,900.0,England,5.0,9,2015,2023,UKBMS,53.27731528428111,-2.1244324717210206
2721,Red Rocks,SJ207876,320700,387600,1735.0,England,9.0,7,2017,2023,UKBMS,53.37927533826824,-3.1935620109202496
2722,Cleaver Heath,SJ257826,325700,382600,1980.0,England,9.0,6,2017,2023,UKBMS,53.33506868013851,-3.117238245244134
2723,RSPB Burton Mere Wetlands - Burton Point and marsh,SJ302735,330200,373500,800.0,England,1.0,2,2017,2018,UKBMS,53.25389873738104,-3.0476700861046027
2724,RSPB Burton Mere Wetlands,SJ314734,331400,373400,2500.0,England,6.0,5,2017,2023,UKBMS,53.2531567222905,-3.029665271766875
2725,New Ferry Butterfly Park,SJ333850,333300,385000,783.0,England,8.0,7,2017,2023,UKBMS,53.357652246035,-3.00363459865456
2726,Bickerton Hills,SJ498530,349800,353000,1300.0,England,8.0,2,2017,2018,UKBMS,53.07186196427674,-2.750701634276173
2727,Hatchmere,SJ551721,355100,372100,1380.0,England,9.0,6,2017,2023,UKBMS,53.24401141449807,-2.674289744911544
2728,Sankey Valley Park,SJ592894,359200,389400,3000.0,England,7.0,7,2017,2023,UKBMS,53.39983833942566,-2.615087787426701
2730,Owley Woods,SJ624743,362400,374300,1449.0,England,8.0,1,2017,2017,UKBMS,53.26435451418615,-2.565165569646884
2731,Nantwich Lake and River Weaver,SJ648516,364800,351600,1700.0,England,8.0,4,2017,2020,UKBMS,53.060479953095864,-2.5266811182032964
2732,Marshall's Arm LNR,SJ649719,364900,371900,1225.0,England,4.0,4,2017,2020,UKBMS,53.242954192315516,-2.5274213819930487
2733,Leftwich Woods,SJ666717,366600,371700,620.0,England,13.0,7,2017,2023,UKBMS,53.24126653290504,-2.501927451876155
2734,"Ashton's Flash, Northwich",SJ666749,366600,374900,1200.0,England,9.0,7,2017,2023,UKBMS,53.270029508992685,-2.502264437186257
2735,Quarry Bank,SJ834830,383400,383000,2000.0,England,5.0,1,2018,2018,UKBMS,53.34363272978939,-2.2507933071586512
2736,Cluse Hey (Lyme Park),SJ958814,395800,381400,1324.0,England,11.0,4,2018,2022,UKBMS,53.32949736440213,-2.064524775657939
2737,Caldecott,SJ435522,343500,352200,800.0,England,8.0,6,2018,2023,UKBMS,53.06404103160414,-2.8445797253878493
2738,White Oak Wood,SJ732880,373200,388000,3080.0,England,13.0,2,2018,2019,UKBMS,53.388154039024045,-2.404418778651249
2739,Elmerhurst (Lyme Park),SJ963837,396300,383700,1391.0,England,5.0,5,2018,2023,UKBMS,53.35017508464159,-2.057045016318243
2740,Riverside Park Macclesfield,SJ913745,391300,374500,1473.0,England,5.0,6,2018,2023,UKBMS,53.26741960933724,-2.131900279925499
2741,Yew Tree Farm,SJ723876,372300,387600,1685.0,England,12.0,4,2018,2023,UKBMS,53.38451207336036,-2.4179152071994436
2742,Kelsall 1,SJ523681,352300,368100,1130.0,England,5.0,5,2019,2023,UKBMS,53.20781416140986,-2.715644662303113
2743,Caldy Nature Park,SJ423649,342300,364900,1400.0,England,9.0,5,2019,2023,UKBMS,53.17805961868655,-2.864773305042137
2744,Quarry Bank Revised,SJ834830,383400,383000,2896.0,England,5.0,5,2019,2023,UKBMS,53.34363272978939,-2.2507933071586512
2745,Tatton Park,SJ758819,375800,381900,3956.0,England,7.0,5,2019,2023,UKBMS,53.33345069176759,-2.364858124070594
2746,Countess of Chester Country Park,SJ397693,339700,369300,2500.0,England,9.0,3,2019,2021,UKBMS,53.2173168946396,-2.90450211964967
2747,Bickerton Hills 2,SJ495527,349500,352700,2350.0,England,8.0,5,2019,2023,UKBMS,53.069137143737166,-2.7551316116597424
2748,Wallasey Sandhills,SJ276925,327600,392500,1750.0,England,11.0,5,2019,2023,UKBMS,53.42430334218665,-3.09098378502329
2749,Whiteoak Wood (revised),SJ732880,373200,388000,3180.0,England,14.0,2,2019,2022,UKBMS,53.388154039024045,-2.404418778651249
2750,The Cloud,SJ903635,390300,363500,1300.0,England,9.0,2,2019,2021,UKBMS,53.168525212043626,-2.1465549434565583
2751,Kerridge Hill,SJ944759,394400,375900,2334.0,England,10.0,5,2019,2023,UKBMS,53.28004629793556,-2.0854466227085897
2752,Dunham Massey Gardens,SJ736874,373600,387400,1800.0,England,15.0,2,2022,2023,UKBMS,53.382781254739626,-2.3983543174694875
2753,Crown Farm Sand Quarry,SJ572704,357200,370400,1250.0,England,5.0,4,2020,2023,UKBMS,53.228905305394285,-2.6425942783471688
2754,Marshall's Arm Revision 2021,SJ649721,364900,372100,1980.0,England,7.0,3,2021,2023,UKBMS,53.24475187474958,-2.527443496303358
2755,Marbury (Including Flashes and Big Wood),SJ660758,366000,375800,6153.0,England,11.0,3,2021,2023,UKBMS,53.27808080917576,-2.5113571214361134
2756,Garden (Lyme Park),SJ965823,396500,382300,1628.0,England,5.0,3,2021,2023,UKBMS,53.33759239638668,-2.0540245898664264
2757,Hatchmere (Beaver Enclosure),SJ547723,354700,372300,450.0,England,6.0,3,2021,2023,UKBMS,53.24577498135124,-2.6803118467616214
2758,Macclesfield Forest,SJ959710,395900,371000,2308.0,England,12.0,3,2021,2023,UKBMS,53.23601538657791,-2.062885322918206
2759,Nantwich Lake and River Weaver (Revised),SJ648515,364800,351500,1602.0,England,8.0,3,2021,2023,UKBMS,53.0595810838391,-2.5266701503612596
2760,Alderley Edge Stormy Point,SJ860770,386000,377000,3890.0,England,7.0,2,2021,2022,UKBMS,53.289776761850135,-2.211474747036878
2761,Jacksons' Brickworks Local Nature Reserve,SJ947845,394700,384500,1407.0,England,9.0,3,2021,2023,UKBMS,53.357352017840334,-2.081094221172768
2762,Cross Lane,SJ289916,328900,391600,1370.0,England,3.0,3,2021,2023,UKBMS,53.416392197168285,-3.071221030626334
2763,Alderley Edge Mottram Quarry,SJ862776,386200,377600,2714.0,England,5.0,2,2021,2022,UKBMS,53.29517524618393,-2.208500855444956
2764,Hare Hill,SJ875763,387500,376300,3363.0,England,7.0,1,2021,2021,UKBMS,53.2835225081845,-2.188945554953059
2766,Countess of Chester Country Park 2,SJ396687,339600,368700,2556.0,England,6.0,2,2022,2023,UKBMS,53.21191288956577,-2.905885695297697
2767,St Michael's Eco Park,SJ499849,349900,384900,2000.0,England,15.0,2,2022,2023,UKBMS,53.358590563799545,-2.7542303744236043
2768,Macclesfield Leisure Centre & Athletics Track,SJ891745,389100,374500,1116.0,England,8.0,2,2022,2023,UKBMS,53.26737848981708,-2.164885168265515
2769,Bosley Cloud,SJ902635,390200,363500,3176.0,England,5.0,2,2022,2023,UKBMS,53.16852335903753,-2.1480508081149563
2770,Red Rocks - South,SJ207875,320700,387500,,England,3.0,1,2022,2022,UKBMS,53.37837667464408,-3.1935368745251713
2771,Hoylake Willows,SJ223892,322300,389200,376.0,England,3.0,1,2023,2023,UKBMS,53.39389212900196,-3.1699094129743166
2772,"Roman Road, Meols",SJ226901,322600,390100,606.0,England,7.0,1,2023,2023,UKBMS,53.402024278741614,-3.165620138039608
2773,Chester Meadows,SJ416661,341600,366100,1452.0,England,8.0,1,2023,2023,UKBMS,53.188768517319474,-2.875465175958867
2774,Alderley Edge Mottram Quarry (revised),SJ859771,385900,377100,3383.0,England,5.0,1,2023,2023,UKBMS,53.290672955551365,-2.212979313891229
2775,Alderley Edge Stormy Point (revised),SJ860778,386000,377800,2716.0,England,5.0,1,2023,2023,UKBMS,53.296967687549845,-2.2115103078759213
2776,Macclesfield South Park,SJ914726,391400,372600,1333.0,England,5.0,1,2023,2023,UKBMS,53.250342641338406,-2.1303489262687023
2777,Lower Swanscoe,SJ938758,393800,375800,1072.0,England,8.0,1,2023,2023,UKBMS,53.27914061884799,-2.094443188147673
2778,Poynton Coppice & Middlewood Way,SJ942826,394200,382600,1907.0,England,8.0,1,2023,2023,UKBMS,53.34026827599391,-2.0885710693784856
2800,Breadsall Cutting,SK385397,438500,339700,2000.0,England,1.0,42,1982,2023,UKBMS,52.953302675488004,-1.4283976378799972
2801,Friargate Station,SK345363,434500,336300,2000.0,England,1.0,31,1981,2011,UKBMS,52.923011679480815,-1.4882929634827062
2802,West Hallam Ash Tip,SK439424,443900,342400,1500.0,England,1.0,37,1987,2023,UKBMS,52.97715848850884,-1.3476621197775962
2805,Carsington Water,SK248528,424800,352800,1600.0,England,10.0,30,1994,2023,UKBMS,53.07186328055885,-1.6313065387183754
2806,Aston Brickyard Plantation,SK413303,441300,330300,1000.0,England,1.0,24,2000,2023,UKBMS,52.868600461185295,-1.3879155857273906
2807,Daneshill Gravel Pits (North),SK66608670,466600,386700,1400.0,England,,3,1994,2000,UKBMS,53.372972125657974,-1.0004359598250376
2809,Fosse Meadows,SP489911,448900,291100,2500.0,England,,2,1997,1998,UKBMS,52.515599528927616,-1.2808349071337912
2811,Gunthorpe Gravel Pits,SK672444,467200,344400,2600.0,England,12.0,1,2000,2000,UKBMS,52.99272481786247,-1.0002969828009343
2813,Sherwood Forest,SK62506250,462500,362500,,England,,4,1997,2000,UKBMS,53.15597300624197,-1.0667976784182718
2817,Derbyshire Dales Section 12,SK161661,416100,366100,500.0,England,1.0,23,2001,2023,UKBMS,53.19174661351215,-1.7604911600796067
2818,"Shiningford, Carsington Water",SK239517,423900,351700,1900.0,England,10.0,16,2008,2023,UKBMS,53.06201632927699,-1.6448202294292673
2819,"Cinderhill, Shipley Country Park, Heanor",SK431452,443100,345200,2400.0,England,1.0,16,2008,2023,UKBMS,53.00239136374386,-1.3592031504661106
2820,"Darley and Nutwood Wildlife Site, Derby",SK355388,435500,338800,1350.0,England,8.0,15,2009,2023,UKBMS,52.94541894271542,-1.4731469472753491
2821,"Eyes Meadow, Duffield",SK348432,434800,343200,1000.0,England,1.0,14,2010,2023,UKBMS,52.98501558698952,-1.4830923408014034
2822,"Brocks Hill Country Park, Leicester",SP619996,461900,299600,3200.0,England,10.0,15,2009,2023,UKBMS,52.59068500486572,-1.087706410024342
2824,Crich Chase Meadows,SK352523,435200,352300,2000.0,England,10.0,10,2012,2023,UKBMS,53.066787173936376,-1.4761449258271473
2825,Millers Dale Quarry,SK140731,414000,373100,2057.0,England,10.0,12,2012,2023,UKBMS,53.254726935766456,-1.7916163608008202
2826,Chee Dale NR,SK128735,412800,373500,3950.0,England,10.0,12,2012,2023,UKBMS,53.25835246461251,-1.8095868145378737
2827,"Woodside NR, Shipley",SK448436,444800,343600,3650.0,England,10.0,12,2012,2023,UKBMS,52.987870524174554,-1.3340939739764057
2828,"Avenue Washlands NR, Wingerworth",SK398668,439800,366800,1850.0,England,10.0,12,2012,2023,UKBMS,53.19679832600115,-1.4057059171583037
2829,Saffron Acres,SK589013,458900,301300,480.0,England,6.0,1,2012,2012,UKBMS,52.60629857441124,-1.1316827324023562
2830,Beeston Sidings,SK545375,454500,337500,600.0,England,3.0,10,2014,2023,UKBMS,52.93214508309362,-1.190638380233514
2831,"Potwell Dyke Grasslands, Southwell",SK702534,470200,353400,730.0,England,7.0,10,2014,2023,UKBMS,53.073229353095705,-0.9536548883285619
2832,"Hammersmith Meadows LNR, Ripley",SK398515,439800,351500,665.0,England,4.0,10,2014,2023,UKBMS,53.05927446603825,-1.4075993023712774
2833,"Carr Wood LNR, Ripley",SK402511,440200,351100,890.0,England,7.0,10,2014,2023,UKBMS,53.055649182012836,-1.4016810848394627
2834,"Erewash Field, Long Eaton",SK506332,450600,333200,1400.0,England,1.0,6,2013,2018,UKBMS,52.89387528250967,-1.2493221883427776
2835,Attenborough Nature Reserve,SK521341,452100,334100,2625.0,England,6.0,1,2013,2013,UKBMS,52.90182200290794,-1.2268843359939212
2836,Drakelow NR North,SK226204,422600,320400,1250.0,England,1.0,10,2013,2023,UKBMS,52.78071281193358,-1.6663860899784624
2837,Drakelow NR South,SK225197,422500,319700,950.0,England,1.0,7,2013,2019,UKBMS,52.774424420905056,-1.6679164609346784
2838,Bingham Linear Park,SK715385,471500,338500,3000.0,England,8.0,11,2013,2023,UKBMS,52.93914192512069,-0.9375475862683569
2839,Poulter Country Park,SK525706,452500,370600,2095.0,England,11.0,11,2013,2023,UKBMS,53.2298534460812,-1.2149977927951832
2840,Creswell Crags,SK532741,453200,374100,1569.0,England,10.0,11,2013,2023,UKBMS,53.26124168786762,-1.2039293166781182
2841,Hollinhill & Markland Grips,SK507751,450700,375100,1910.0,England,10.0,11,2013,2023,UKBMS,53.270473888650315,-1.2412445027078671
2842,Whitwell Woods,SK524780,452400,378000,2180.0,England,10.0,11,2013,2023,UKBMS,53.29637392454261,-1.215279414033785
2843,Radcliffe Wood,SK650381,465000,338100,4060.0,England,10.0,11,2013,2023,UKBMS,52.93637174649674,-1.0343299458335813
2844,"Greenfields, Buxworth",SK027822,402700,382200,1452.0,England,7.0,11,2013,2023,UKBMS,53.336699564609084,-1.9609151150140545
2845,Jim Mart Nature Reserve,SK368648,436800,364800,350.0,England,6.0,11,2013,2023,UKBMS,53.17903679233706,-1.4508390134557483
2846,Toton Washlands,SK485346,448500,334600,2882.0,England,6.0,11,2013,2023,UKBMS,52.906652407057706,-1.2803256223699448
2847,Toton Railway Sidings,SK492343,449200,334300,777.0,England,7.0,5,2013,2017,UKBMS,52.90389235751679,-1.269963941210106
2848,Ticknall Limeyards,SK359234,435900,323400,2050.0,England,8.0,7,2013,2023,UKBMS,52.80696235223137,-1.4688875274147966
2849,Findern Footpaths,SK314303,431400,330300,2085.0,England,10.0,11,2013,2023,UKBMS,52.86926703365993,-1.5349779472480676
2850,Calke Park,SK363229,436300,322900,2450.0,England,6.0,6,2013,2023,UKBMS,52.80244113197542,-1.463009409784203
2851,Rosliston Forestry Centre,SK245177,424500,317700,2163.0,England,8.0,11,2013,2023,UKBMS,52.75635912371789,-1.6384193881934366
2852,Hartshorne Wood,SK330218,433000,321800,2088.0,England,10.0,11,2013,2023,UKBMS,52.79276433165743,-1.5120663239655674
2853,Gresley Wood,SK296173,429600,317300,1876.0,England,8.0,11,2013,2023,UKBMS,52.75250919252306,-1.562890142065444
2854,Markham North Tip,SK453729,445300,372900,2720.0,England,10.0,11,2013,2023,UKBMS,53.251187484494594,-1.322520038473623
2855,Hartington Meadows,SK152611,415200,361100,2012.0,England,10.0,11,2013,2023,UKBMS,53.14682871268012,-1.774196933653112
2856,Kedleston Park,SK313412,431300,341200,2190.0,England,8.0,11,2013,2023,UKBMS,52.967252872227164,-1.5354166049108688
2857,Nestles Meadow Hatton,SK215295,421500,329500,917.0,England,4.0,7,2013,2019,UKBMS,52.86256011649213,-1.6820978458535498
2858,Clough Wood (Darley Bridge),SK257617,425700,361700,1190.0,England,8.0,10,2014,2023,UKBMS,53.15182120404391,-1.6171647899832082
2859,Belper Parks LNR,SK352472,435200,347200,2251.0,England,10.0,10,2014,2023,UKBMS,53.02094469027088,-1.4767001122404424
2860,"Wyver Lane, Belper",SK343493,434300,349300,2130.0,England,4.0,10,2014,2023,UKBMS,53.039879330685075,-1.4898938524861802
2861,"Sturgess Fields, Derby",SK339372,433900,337200,1215.0,England,10.0,4,2014,2019,UKBMS,52.9311397912991,-1.497123290403204
2862,Willington Power Station,SK302288,430200,328800,1900.0,England,4.0,1,2014,2014,UKBMS,52.85585180620688,-1.552942582666666
2863,Pleasley Pit LNR,SK498644,449800,364400,3120.0,England,10.0,10,2014,2023,UKBMS,53.17438663605925,-1.2564053150623142
2864,Allestree Park LNR,SK350405,435000,340500,1800.0,England,4.0,10,2014,2023,UKBMS,52.9607327488252,-1.480404434561893
2865,Doe Lea & Glapwell Pit,SK467671,446700,367100,2800.0,England,10.0,10,2014,2023,UKBMS,53.198935160278346,-1.302386485951357
2866,Blackwell Trail,SK430576,443000,357600,2003.0,England,8.0,10,2014,2023,UKBMS,53.11385696384379,-1.3590418217950224
2867,Alsop Moor,SK158571,415800,357100,2775.0,England,4.0,10,2014,2023,UKBMS,53.11085581445586,-1.7654219689486697
2868,Denby Footpaths,SK393465,439300,346500,1610.0,England,5.0,3,2014,2016,UKBMS,53.01436815536129,-1.4156669774288275
2869,Mickleover Meadows LNR,SK314357,431400,335700,1545.0,England,8.0,8,2014,2023,UKBMS,52.91780779617464,-1.5344584242279968
2870,Carr Vale NR,SK461702,446100,370200,2300.0,England,10.0,10,2014,2023,UKBMS,53.22685077321498,-1.3109206250468992
2871,"Forbes Hole LNR, Long Eaton",SK495324,449500,332400,1205.0,England,7.0,10,2014,2023,UKBMS,52.88678656530133,-1.2657926673735498
2872,"Longsidings Quarry, Buxton",SK095758,409500,375800,1235.0,England,6.0,1,2014,2014,UKBMS,53.27909516627313,-1.8589858280942844
2873,Hardwick Hall Gardens,SK462636,446200,363600,1450.0,England,8.0,10,2014,2023,UKBMS,53.167519905959544,-1.3103752114838048
2874,Northwood Carr,SK270648,427000,364800,2125.0,England,8.0,10,2014,2023,UKBMS,53.17962212110142,-1.597466026180533
2875,Kirk Hallam Lakes & Meadows,SK453408,445300,340800,2120.0,England,6.0,3,2014,2016,UKBMS,52.9626605685282,-1.327037335497654
2876,Seale Wood,SK301142,430100,314200,1318.0,England,6.0,10,2014,2023,UKBMS,52.724614875197126,-1.5557657040239674
2877,Pick Triangle Wood,SK308177,430800,317700,1609.0,England,10.0,10,2014,2023,UKBMS,52.75603809189762,-1.545074291856218
2878,Sence Valley Country Park,SK400112,440000,311200,2410.0,England,10.0,10,2014,2023,UKBMS,52.697008172303406,-1.409553875580029
2879,"Hicks Lodge, Leicestershire",SK329156,432900,315600,1670.0,England,9.0,10,2014,2023,UKBMS,52.73703738236193,-1.5141695677786655
2880,Bardon Hill Quarry,SK463130,446300,313000,2464.0,England,8.0,1,2014,2014,UKBMS,52.71268765614368,-1.3160862093968788
2881,Hardwick Hall,SK461633,446100,363300,2050.0,England,10.0,8,2014,2023,UKBMS,53.16483207367304,-1.3119140544715306
2882,Hardwick Park,SK453640,445300,364000,2450.0,England,10.0,10,2014,2023,UKBMS,53.17119236240924,-1.3237802802959684
2883,"Hoe Grange Quarry, Longcliffe",SK222561,422200,356100,850.0,England,1.0,9,2015,2023,UKBMS,53.101640404938166,-1.6698846258696285
2884,"Deep Dale NR, Sheldon",SK168701,416800,370100,1580.0,England,5.0,9,2015,2023,UKBMS,53.2276801570645,-1.7498053800264883
2885,"National Stone Centre, Wirksworth",SK285554,428500,355400,1060.0,England,10.0,9,2015,2023,UKBMS,53.09505036354951,-1.57585528721769
2886,Rose End Meadows NR,SK291566,429100,356600,956.0,England,10.0,9,2015,2023,UKBMS,53.1058046262913,-1.5667873364350162
2887,Cromford Canal - North,SK305566,430500,356600,1700.0,England,8.0,9,2015,2023,UKBMS,53.105726739727054,-1.5458762851906702
2888,Cromford Canal - Centre,SK324556,432400,355600,2500.0,England,10.0,9,2015,2023,UKBMS,53.09662646976931,-1.5175976749437623
2889,Cromford Canal - South,SK339535,433900,353500,1800.0,England,10.0,9,2015,2023,UKBMS,53.07765739882762,-1.4954186111589014
2890,Swadlincote Woodlands,SK307195,430700,319500,2472.0,England,10.0,9,2015,2023,UKBMS,52.772224397186946,-1.546387937281079
2891,Williamthorpe LNR,SK434666,443400,366600,3442.0,England,10.0,7,2015,2021,UKBMS,53.19471985638232,-1.3518496323527338
2892,"Grin Low Wood, Buxton",SK052721,405200,372100,3200.0,England,8.0,9,2015,2023,UKBMS,53.24589543642836,-1.923533180517657
2893,Allestree Park Woodlands (North),SK342408,434200,340800,815.0,England,7.0,9,2015,2023,UKBMS,52.96348084265856,-1.4922818960052777
2894,ANR Corbetts & Glebe,SK524349,452400,334900,1500.0,England,6.0,2,2015,2016,UKBMS,52.9089836903482,-1.2222960223358845
2895,ANR-Riverside Path,SK525335,452500,333500,1000.0,England,4.0,2,2015,2016,UKBMS,52.896390077957236,-1.2210348976679688
2896,Clumber Park,SK634742,463400,374200,2748.0,England,8.0,4,2015,2018,UKBMS,53.26102195218333,-1.051020658411424
2897,Netherfield Lagoons,SK635400,463500,340000,2820.0,England,6.0,9,2015,2023,UKBMS,52.95362819225724,-1.056273201054464
2898,Newstead Abbey Park,SK547545,454700,354500,900.0,England,9.0,1,2015,2015,UKBMS,53.08492494412193,-1.1847901493376412
2899,Wollaton Hall Park,SK527393,452700,339300,700.0,England,7.0,9,2015,2023,UKBMS,52.948503529227935,-1.2171226983609813
2900,Hart Warren Dunes,NZ490365,449000,536500,2250.0,England,8.0,3,1998,2000,UKBMS,54.72111832476248,-1.240801456794008
2901,Cowpen Bewley 2 (Woodland Park),NZ481253,448100,525300,3246.0,England,9.0,26,1996,2023,UKBMS,54.6205630480378,-1.2566123490584968
2902,Cassop Vale,NZ326385,432600,538500,1443.0,England,14.0,2,1990,1991,UKBMS,54.7404170792851,-1.4951725059156404
2903,Sherburn Hill,NZ331417,433100,541700,1304.0,England,14.0,7,1990,2022,UKBMS,54.76914023193337,-1.4870435436731468
2905,Thrislington Plantation,NZ315327,431500,532700,2024.0,England,14.0,24,1999,2023,UKBMS,54.68836668074478,-1.5128820431321637
2906,Trimdon Railway Walk (Raisby Way),NZ365355,436500,535500,2900.0,England,13.0,6,1999,2004,UKBMS,54.71319156588687,-1.4349750897440707
2909,The Whinnies,NZ352137,435200,513700,2200.0,England,14.0,22,2001,2022,UKBMS,54.517382034098375,-1.4577618641526384
2910,Rainton Meadows,NZ325485,432500,548500,3582.0,England,14.0,3,2000,2002,UKBMS,54.83028479600673,-1.495609143301727
2911,Raisby Hill Grassland,NZ335354,433500,535400,1850.0,England,9.0,21,2001,2023,UKBMS,54.71250091618769,-1.4815496890932478
2912,Great Whittington,NZ005708,400500,570800,2500.0,England,3.0,2,2002,2003,UKBMS,55.03172477331011,-1.9937120225212797
2913,Kelloe Way,NZ341360,434100,536000,1950.0,England,15.0,6,2002,2007,UKBMS,54.717852472205436,-1.4721672226721323
2915,Tees Railway Walk,NZ001197,400100,519700,2215.0,England,10.0,21,2003,2023,UKBMS,54.572517377120086,-1.9999672409312235
2916,Trimdon Pit Heap,NZ365357,436500,535700,1400.0,England,11.0,5,2000,2004,UKBMS,54.71498879452637,-1.4349501114184084
2917,Cow Plantation,NZ257347,425700,534700,1500.0,England,6.0,5,2003,2007,UKBMS,54.70666747407002,-1.602675179222424
2918,Trimdon Grange Quarry,NZ366358,436600,535800,350.0,England,1.0,6,1999,2004,UKBMS,54.71588016755272,-1.4333854239952912
2919,Billingham Beck Valley Country Park,NZ454228,445400,522800,4180.0,England,12.0,1,2003,2003,UKBMS,54.59834725683266,-1.2988086051524066
2920,Derwent Walk Country Park,NZ179598,417900,559800,2230.0,England,12.0,8,2003,2011,UKBMS,54.93256009262242,-1.7221810952034375
2921,Greencroft Heath LNR,NZ165511,416500,551100,1500.0,England,7.0,3,2003,2005,UKBMS,54.854427868453406,-1.7445241079361482
2922,Strother Hills,NZ146579,414600,557900,2323.0,England,11.0,1,2003,2003,UKBMS,54.91559298830298,-1.7737763566179827
2923,Watergate,NZ220600,422000,560000,4425.0,England,14.0,3,2003,2011,UKBMS,54.93419439199793,-1.6581820948030623
2924,Stillington Forest Park,NZ375239,437500,523900,1910.0,England,8.0,22,2002,2023,UKBMS,54.6088783559921,-1.420937885700365
2925,Castle Eden Dene Denehome South Bank,NZ457407,445700,540700,436.0,England,10.0,1,2003,2003,UKBMS,54.759168758484016,-1.2913708252097298
2926,Castle Eden Dene Denehome North Bank,NZ457407,445700,540700,1218.0,England,10.0,1,2003,2003,UKBMS,54.759168758484016,-1.2913708252097298
2928,Tanfield Lea,NZ194543,419400,554300,2490.0,England,12.0,19,2003,2022,UKBMS,54.88308047310126,-1.6991407837579082
2929,bbvcp,NZ454230,445400,523000,4180.0,England,15.0,7,2004,2013,UKBMS,54.600144472553026,-1.298777735955555
2930,Castle Eden Dene NNR - West end,NZ411389,441100,538900,1027.0,England,7.0,20,2004,2023,UKBMS,54.74339035917972,-1.36310077190251
2931,Burn Hill,NZ067444,406700,544400,3400.0,England,15.0,18,2004,2022,UKBMS,54.79444381941257,-1.8973199138978911
2932,Wingate Quarry,NZ373374,437300,537400,2445.0,England,15.0,15,2002,2021,UKBMS,54.73020669992481,-1.422315730547159
2933,Tunstall Hills LNR,NZ395541,439500,554100,1535.0,England,7.0,3,2004,2007,UKBMS,54.88010425396851,-1.385885235169928
2934,Inkerman,NZ120400,412000,540000,2455.0,England,10.0,15,2005,2019,UKBMS,54.754805911069894,-1.81507053836839
2935,Hedleyhope Fell,NZ149419,414900,541900,2900.0,England,10.0,15,2005,2019,UKBMS,54.771803169300014,-1.7699150725306265
2936,Newton Hall Junction,NZ283448,428300,544800,1722.0,England,7.0,17,2005,2023,UKBMS,54.79728983592623,-1.5613469620398808
2937,Havannah LNR,NZ220718,422000,571800,2880.0,England,7.0,18,2006,2023,UKBMS,55.040229345773085,-1.657280584365675
2938,Stargate Ponds and Bewes Hills,NZ164632,416400,563200,2134.0,England,11.0,17,2006,2023,UKBMS,54.96316417042778,-1.7453971233933006
2939,Morrison Busty Pit Yard,NZ176503,417600,550300,1152.0,England,9.0,15,2006,2020,UKBMS,54.84720163648594,-1.7274392498524394
2940,Tommy-the-Miller's Field (Carlin Brae/Spring Garde,NT991535,399100,653500,1025.0,England,5.0,12,2006,2017,UKBMS,55.77482939079261,-2.015915097714035
2941,Brass Castle - Waldridge North,NZ257496,425700,549600,1273.0,England,5.0,16,2006,2023,UKBMS,54.840562966732996,-1.6013618293108651
2942,Inner Farne,NU217359,421700,635900,794.0,England,10.0,3,2016,2019,UKBMS,55.6162135837289,-1.657040927936226
2943,Bakethin Reservoir,NY637920,363700,592000,1756.0,England,7.0,2,2007,2008,UKBMS,55.22088488618131,-2.572134633059418
2944,West Park Nature Reserve,NZ268166,426800,516600,1360.0,England,15.0,16,2007,2022,UKBMS,54.54395509262318,-1.587253372067303
2945,Newton Point,NU244253,424400,625300,4360.0,England,12.0,14,2007,2020,UKBMS,55.52084418854065,-1.6151072223182321
2946,Dunstan Heughs,NU257208,425700,620800,3100.0,England,10.0,13,2007,2019,UKBMS,55.48034447393546,-1.5949332558016158
2947,Gibside,NZ174585,417400,558500,3230.0,England,10.0,12,2008,2019,UKBMS,54.92089564443493,-1.7300621865380823
2948,Cocklawburn Dunes,NU032480,403200,648000,1450.0,England,5.0,16,2008,2023,UKBMS,55.725402891480314,-1.9506196432713914
2949,Greenabella Marsh,NZ519266,451900,526600,3330.0,England,9.0,5,2010,2023,UKBMS,54.63186921512598,-1.197539738243386
2950,Wynayard Woodlands Park,NZ403239,440300,523900,1660.0,England,6.0,3,2009,2012,UKBMS,54.60866337721643,-1.3775908176623437
2952,Wynyard Woodland Park - Pickard's Meadow,NZ400273,440000,527300,1445.0,England,3.0,13,2010,2022,UKBMS,54.63924020563698,-1.3817722148006666
2953,Weetslade Country Park,NZ254724,425400,572400,2138.0,England,7.0,9,2011,2019,UKBMS,55.04545958548452,-1.6040258529508489
2954,Sherburn Railway,NZ323417,432300,541700,1190.0,England,9.0,11,2011,2022,UKBMS,54.76919214131407,-1.4994775508222826
2955,Littlewood LNR,NZ340376,434000,537600,2070.0,England,10.0,5,2011,2015,UKBMS,54.73223711234488,-1.4735332826974512
2956,North Gare - Teesmouth NNR,NZ536274,453600,527400,3032.0,England,9.0,9,2011,2020,UKBMS,54.63888054103718,-1.1710620853738647
2957,Cater House Colliery,NZ258452,425800,545200,860.0,England,9.0,7,2011,2018,UKBMS,54.801018559170195,-1.6001952970671656
2958,Milkwellburn Wood,NZ111579,411100,557900,2652.0,England,11.0,1,2012,2012,UKBMS,54.91568222782056,-1.8283743099248522
2959,Dolly's Wood,NZ101461,410100,546100,547.0,England,3.0,5,2012,2016,UKBMS,54.80966457972057,-1.8443819389235148
2960,Byerley House,NZ103442,410300,544200,324.0,England,2.0,9,2012,2020,UKBMS,54.79258636685796,-1.8413370021964652
2961,Lane Head Quarry,NY987403,398700,540300,1500.0,England,10.0,10,2013,2023,UKBMS,54.75764044447182,-2.0217224658807504
2962,Hart to Haswell,NZ475367,447500,536700,1700.0,England,8.0,1,2013,2013,UKBMS,54.72305901197722,-1.2640540635114925
2963,RSPB Saltholme,NZ500230,450000,523000,4149.0,England,11.0,7,2013,2019,UKBMS,54.59971130348223,-1.227582101109276
2964,Milkwellburn Wood (2013 route),NZ107577,410700,557700,3358.0,England,12.0,1,2013,2013,UKBMS,54.91389361628205,-1.8346214514696717
2965,Bearpark Woods,NZ242433,424200,543300,1600.0,England,8.0,9,2015,2023,UKBMS,54.784024023952945,-1.6252411308330805
2967,Black Plantation,NZ137449,413700,544900,1380.0,England,7.0,9,2014,2023,UKBMS,54.79879630748117,-1.788427385411411
2969,Gosforth Park Nature Reserve,NZ259700,425900,570000,2250.0,England,6.0,10,2014,2023,UKBMS,55.023867789461264,-1.596417753733223
2971,"Hamsterley Forest, Euden Beck",NZ041294,404100,529400,2100.0,England,5.0,3,2015,2017,UKBMS,54.65967287517846,-1.93796255235565
2972,Druridge Bay,NZ275965,427500,596500,1500.0,England,10.0,3,2015,2018,UKBMS,55.261903052578106,-1.568834042999049
2973,Murton Fields,NZ329707,432900,570700,1855.0,England,5.0,8,2015,2022,UKBMS,55.02974575919417,-1.4868509438927027
2974,Horsleyhope Burn,NZ060467,406000,546700,970.0,England,5.0,9,2015,2023,UKBMS,54.815121315692124,-1.9081601450971482
2976,Nanny Mayors,NZ069470,406900,547000,1810.0,England,9.0,4,2016,2019,UKBMS,54.81780586629467,-1.894148457276501
2977,Hunting Hall Farm,NU028410,402800,641000,1300.0,England,5.0,8,2016,2023,UKBMS,55.66250940038116,-1.9570565145970122
2978,Low Barns,NZ164313,416400,531300,3200.0,England,14.0,4,2017,2021,UKBMS,54.67650009916608,-1.7471920007365744
2979,Hardwick Park,NZ341290,434100,529000,1570.0,England,7.0,6,2017,2023,UKBMS,54.654948786671916,-1.4729824096326387
2980,Beadnell 1,NU235287,423500,628700,1440.0,England,5.0,2,2018,2019,UKBMS,55.551437694095085,-1.6290739368004774
2981,Kyo,NZ177512,417700,551200,2190.0,England,12.0,3,2018,2020,UKBMS,54.85528578023582,-1.725827171222935
2982,Doxford Farm Walk A,NU186232,418600,623200,1550.0,England,7.0,6,2018,2023,UKBMS,55.502229060384074,-1.7071065809118477
2983,Doxford Farm Walk B,NU190236,419000,623600,1960.0,England,5.0,6,2018,2023,UKBMS,55.505807881965666,-1.700747204653441
2984,Tughall Mill,NU223275,422300,627500,2673.0,England,7.0,3,2018,2022,UKBMS,55.54071152920869,-1.6481902143901068
2985,East Park - Hardwick Park,NZ350295,435000,529500,1497.0,England,5.0,5,2018,2023,UKBMS,54.65938046437904,-1.4589738179094214
2986,"Phoenix Site, Billingham",NZ463218,446300,521800,960.0,England,9.0,4,2020,2023,UKBMS,54.589279746045115,-1.2850368506321905
2987,Marsden Old Hall Quarry LNR,NZ396645,439600,564500,1497.0,England,9.0,4,2020,2023,UKBMS,54.97354809744252,-1.3828985829141975
2988,Embleton Quarry,NU231228,423100,622800,1350.0,England,8.0,3,2021,2023,UKBMS,55.498444054781444,-1.6359034912746373
2989,Castle Eden Dene NNR - Bellister Park,NZ427393,442700,539300,1393.0,England,7.0,3,2021,2023,UKBMS,54.74685172970536,-1.338190634929864
2990,Teesmouth,NZ534273,453400,527300,1783.0,England,5.0,3,2021,2023,UKBMS,54.638003124255285,-1.17417864464408
2991,Weetslade Country Park 2,NZ253726,425300,572600,2836.0,England,7.0,3,2021,2023,UKBMS,55.04726183654919,-1.6055731595642366
2992,Cassop NNR,NZ325385,432500,538500,1610.0,England,14.0,2,2021,2022,UKBMS,54.74042353125718,-1.4967256567504656
2993,Denemouth NNR,NZ454405,445400,540500,897.0,England,6.0,2,2021,2022,UKBMS,54.75739872356952,-1.2960634311460555
2994,Denemouth South Bank,NZ456406,445600,540600,379.0,England,6.0,2,2021,2022,UKBMS,54.758279239551584,-1.2929402910282868
2995,Path Head,NZ166634,416600,563400,1815.0,England,11.0,1,2023,2023,UKBMS,54.964954821369744,-1.742262078255082
2996,Low Newton Junction extension (entrance path),NZ286451,428600,545100,271.0,England,1.0,1,2023,2023,UKBMS,54.79996874677913,-1.5566514438985066
2997,Six Fields,NZ428175,442800,517500,2232.0,England,3.0,1,2023,2023,UKBMS,54.55094674504438,-1.3398185640547056
3001,Cwm Clydach,SN677036,267700,203600,3000.0,Wales,15.0,10,2002,2023,UKBMS,51.715480024954104,-3.916460899591648
3002,Greenfield Valley Nature Reserve,SJ187764,318700,376400,300.0,Wales,8.0,17,2003,2021,UKBMS,53.278320826646315,-3.220742575467318
3004,Trawscoed,SH846326,284600,332600,1831.0,Wales,8.0,23,2001,2023,UKBMS,52.8784480574959,-3.7162064242891644
3005,Rushmoor garden to Landshipping Quay,SN018111,201800,211100,2750.0,Wales,10.0,23,2001,2023,UKBMS,51.763410367881,-4.873568398613053
3006,Cae'n-y-coed,SH738248,273800,324800,660.0,Wales,8.0,1,2001,2001,UKBMS,52.805941277095535,-3.873576769084844
3007,Glasdir Picnic Site,SH737225,273700,322500,1110.0,Wales,7.0,1,2001,2001,UKBMS,52.78525313689819,-3.874170518270777
3008,Llanfairfechan,SH699735,269900,373500,1850.0,Wales,8.0,20,2002,2021,UKBMS,53.242533031055494,-3.9510473806584154
3009,Somerton,SM931005,193100,200500,2420.0,Wales,12.0,21,2002,2023,UKBMS,51.665087013068515,-4.99316471497426
3010,Westfield Pill,SM965065,196500,206500,,Wales,9.0,7,1995,2002,UKBMS,51.72020460538071,-4.9475722365807435
3011,Dowrog Common,SM770268,177000,226800,4300.0,Wales,10.0,13,1991,2003,UKBMS,51.895014907091884,-5.242482820533641
3012,"Parc Slip Nature Reserve, Tondu,",SS880840,288000,184000,4500.0,Wales,8.0,17,2003,2019,UKBMS,51.54374678774652,-3.6164779574572394
3019,Flat Holm Island,ST221649,322100,164900,1400.0,Wales,10.0,7,2004,2011,UKBMS,51.377786379522114,-3.120651798974811
3021,Pen-y-Gelli,SJ137761,313700,376100,300.0,Wales,1.0,13,2004,2018,UKBMS,53.274833692205654,-3.2956272447094395
3022,Cwm Soden,SN357577,235700,257700,,Wales,10.0,4,2000,2004,UKBMS,52.19299157670613,-4.40515233774406
3023,Llandrillo Village,SJ035365,303500,336500,3100.0,Wales,10.0,1,2003,2003,UKBMS,52.91722151081161,-3.436630487986714
3024,Llangrannog,SN312542,231200,254200,,Wales,5.0,1,2000,2000,UKBMS,52.16019451769895,-4.469180044750296
3025,Morfa Dyffryn (Benar dunes),SH574224,257400,322400,1600.0,Wales,5.0,20,2004,2023,UKBMS,52.78029222038439,-4.115647955047759
3026,Rhos Llawrcwrt - Single Species,SN410495,241000,249500,,Wales,11.0,5,1993,2000,UKBMS,52.12088528553996,-4.323841320957927
3027,Wepre Park,SJ292680,329200,368000,1500.0,Wales,6.0,5,2005,2009,UKBMS,53.204336083298486,-3.0614324322427287
3028,Teifi Marshes,SN188452,218800,245200,1900.0,Wales,10.0,6,2000,2005,UKBMS,52.075434147326696,-4.64546561322355
3029,Teifi Marshes (Section 15),SN182459,218200,245900,180.0,Wales,1.0,3,2003,2005,UKBMS,52.08152404523575,-4.654583789314241
3030,Coed Maidie B Goddard,SN210437,221000,243700,985.0,Wales,6.0,10,2002,2011,UKBMS,52.06267814990352,-4.612612824541023
3033,Caban Coch,SN917640,291700,264000,1805.0,Wales,10.0,12,2002,2014,UKBMS,52.26346469710574,-3.5883121813776757
3034,Newport Wetlands,ST334834,333400,183400,3804.0,Wales,6.0,30,1990,2023,UKBMS,51.54554662874084,-2.9618113559357924
3035,Teifi Marshes,SN188452,218800,245200,1600.0,Wales,10.0,4,2006,2009,UKBMS,52.075434147326696,-4.64546561322355
3036,Nine Wells,SM787248,178700,224800,1950.0,Wales,9.0,14,2003,2017,UKBMS,51.877739285569,-5.21653410648905
3037,Ramsey Island,SM705236,170500,223600,1700.0,Wales,11.0,16,2007,2023,UKBMS,51.86365391693578,-5.3346550375219275
3038,Cefn Coed & Trefechan,SO034087,303400,208700,2950.0,Wales,9.0,6,2007,2012,UKBMS,51.76861306838249,-3.401313573795935
3039,"Ty Mawr, Llangasty",SO122263,312200,226300,1961.0,Wales,10.0,16,2003,2018,UKBMS,51.92826513979984,-3.2782965430747213
3040,Rhydymwym Valley Nature Reserve,SJ208660,320800,366000,1800.0,Wales,7.0,17,2005,2023,UKBMS,53.18517555715909,-3.1866676404789325
3041,Cerrig-y-Gwaenydd,SH583318,258300,331800,1467.0,Wales,8.0,5,2007,2011,UKBMS,52.86497297242763,-4.106395910545209
3042,Bwlch Quarry,SO159223,315900,222300,890.0,Wales,10.0,11,2006,2017,UKBMS,51.892882087022954,-3.2235226178900254
3043,Clytha,SO370080,337000,208000,3000.0,Wales,5.0,4,2007,2012,UKBMS,51.767116759231705,-2.914345308266044
3044,Cwm Sere,SO025224,302500,222400,1200.0,Wales,6.0,4,2007,2012,UKBMS,51.891595277018396,-3.418215704789287
3045,BUTE PARK,ST176773,317600,177300,3000.0,Wales,10.0,8,2007,2019,UKBMS,51.488621627027705,-3.1881822887361846
3046,"Stackpole Warren, Stackpole NNR",SR982945,198200,194500,3620.0,Wales,10.0,17,2007,2023,UKBMS,51.613064814929174,-4.91606237185634
3047,Aberedw,SO077474,307700,247400,1250.0,Wales,6.0,9,2007,2015,UKBMS,52.11718673217257,-3.3494188771888207
3048,Breakwater Country Park,SH226833,222600,383300,1606.0,Wales,13.0,3,2007,2009,UKBMS,53.31682657202785,-4.664598230311676
3049,Harlech Forest,SH572327,257200,332700,2400.0,Wales,8.0,12,2007,2019,UKBMS,52.872766938502735,-4.123119111397342
3050,Bronydd - improved grazing,SN880310,288000,231000,2575.0,Wales,10.0,4,2005,2008,UKBMS,51.96615714912586,-3.631636068761456
3051,Bronydd - improved silage,SN880310,288000,231000,2223.0,Wales,10.0,4,2005,2008,UKBMS,51.96615714912586,-3.631636068761456
3052,Bronydd - SNRG,SN880310,288000,231000,4000.0,Wales,6.0,4,2005,2008,UKBMS,51.96615714912586,-3.631636068761456
3053,Cors Fochno,SN630910,263000,291000,1857.0,Wales,5.0,21,2001,2023,UKBMS,52.49964303759324,-4.019637708643061
3054,Mill Wood,SS488881,248800,188100,2450.0,Wales,14.0,1,2007,2007,UKBMS,51.571438051313315,-4.183137319173379
3055,Marford Quarry,SJ357560,335700,356000,1000.0,Wales,14.0,12,2012,2023,UKBMS,53.09731133131907,-2.9617204857941615
3056,Lanlay,ST079760,307900,176000,1420.0,Wales,8.0,8,2008,2019,UKBMS,51.475437208583976,-3.3275117590192447
3057,Gilfach Farm,SN965715,296500,271500,2200.0,Wales,8.0,9,2008,2017,UKBMS,52.33179289394639,-3.5203136748670207
3058,Ty Mawr country park,SJ283415,328300,341500,1325.0,Wales,7.0,1,2009,2009,UKBMS,52.966047606490264,-3.0689849196304992
3059,"Hafod Garregog, Talyrni",SH605447,260500,344700,665.0,Wales,15.0,17,1996,2019,UKBMS,52.98143353244102,-4.079286025513613
3060,"Hafod Garregog, Hafod-y-llyn",SH601447,260100,344700,317.0,Wales,8.0,17,1996,2019,UKBMS,52.981329206276165,-4.085239679010969
3061,Mynydd Marian,SH891774,289100,377400,2090.0,Wales,11.0,17,2005,2023,UKBMS,53.28193585615894,-3.66483474962955
3062,Bryngarw Country Park,SS905865,290500,186500,3600.0,Wales,13.0,1,2010,2010,UKBMS,51.56670776445617,-3.5812211417954187
3064,Brynprydydd,SH740229,274000,322900,5360.0,Wales,14.0,2,2011,2012,UKBMS,52.78891718151078,-3.869878952887699
3065,Teifi Marshes 2011,SN188450,218800,245000,1231.0,Wales,7.0,5,2011,2018,UKBMS,52.07363794997656,-4.645359363977225
3067,Calypso - Wrexham,SJ381490,338100,349000,1000.0,Wales,9.0,2,2012,2013,UKBMS,53.03468034066097,-2.924535002701259
3068,Bryn Lane Wrexham Ind Estate,SJ388501,338800,350100,1000.0,Wales,10.0,2,2012,2013,UKBMS,53.04464778229873,-2.914306915011706
3069,DNS Reserve_Wetland,SJ266720,326600,372000,1841.0,Wales,5.0,3,2013,2015,UKBMS,53.23993162369286,-3.1012724447946747
3070,DNS Reserve_Nature Trail,SJ281711,328100,371100,1325.0,Wales,5.0,2,2013,2014,UKBMS,53.23204867699642,-3.078597684631363
3071,Brechfa Forest,SN503303,250300,230300,800.0,Wales,4.0,11,2013,2023,UKBMS,51.95098877822521,-4.179701530951635
3072,Llanymynech SSSI,SJ267218,326700,321800,3900.0,Wales,7.0,10,2013,2022,UKBMS,52.78877287210806,-3.0883593719669067
3073,Silent Valley,SO188064,318800,206400,2635.0,Wales,15.0,10,2014,2023,UKBMS,51.750386664774794,-3.1776567966999796
3074,Merthyr Mawr NNR,SS867767,286700,176700,1928.0,Wales,6.0,6,2014,2019,UKBMS,51.47787620666294,-3.632868126062668
3075,Roundton Hill,SO293949,329300,294900,2674.0,Wales,7.0,9,2015,2023,UKBMS,52.54733855787429,-3.0440324162701504
3076,St Madoc Centre,SS431936,243100,193600,1000.0,Wales,6.0,4,2014,2017,UKBMS,51.61929320826279,-4.267778542654534
3077,Welshmoor,SS520927,252000,192700,1650.0,Wales,5.0,9,2014,2023,UKBMS,51.613618955809606,-4.138939261869888
3078,Sand and gravel pit,SJ367521,336700,352100,2920.0,Wales,11.0,1,2015,2015,UKBMS,53.0623785979641,-2.946019561364195
3079,Lake Vyrnwy Quarry Transect,SJ020208,302000,320800,1920.0,Wales,9.0,3,2015,2023,UKBMS,52.77586178470826,-3.4542076849726353
3080,Aberduna Nature Reserve,SJ199613,319900,361300,1000.0,Wales,12.0,8,2015,2023,UKBMS,53.14280200679243,-3.198954634305173
3081,Shirenewton,ST485943,348500,194300,1500.0,Wales,8.0,5,2015,2022,UKBMS,51.645126897105946,-2.745685348761488
3082,Magor Marsh (Barecroft Common),ST416862,341600,186200,3612.0,Wales,5.0,2,2015,2016,UKBMS,51.571629623030624,-2.844042524226926
3083,Magor Marsh Nature Reserve,ST425866,342500,186600,1700.0,Wales,5.0,8,2015,2023,UKBMS,51.57531847796231,-2.8311236006809026
3084,Orielton Field Centre,SR954991,195400,199100,1000.0,Wales,6.0,2,2015,2016,UKBMS,51.65335851656499,-4.959135202374533
3085,Great Traston Meadows,ST343846,334300,184600,1770.0,Wales,4.0,9,2015,2023,UKBMS,51.55644049364886,-2.9490592032650174
3086,Gwenffrwd Dinas,SN752458,275200,245800,1700.0,Wales,14.0,4,2015,2022,UKBMS,52.09642294887219,-3.823254982554642
3087,WWT Llanelli Millennium Wetlands,SS535983,253500,198300,3700.0,Wales,10.0,8,2016,2023,UKBMS,51.66432810859107,-4.1196368071333564
3088,Blackrock Quarry,SO219128,321900,212800,400.0,Wales,7.0,8,2016,2023,UKBMS,51.808359393115715,-3.134202199933395
3089,Central Valley,SO172081,317200,208100,1900.0,Wales,7.0,8,2016,2023,UKBMS,51.76543359008594,-3.2012343563349015
3090,Borras Quarry,SJ362527,336200,352700,7000.0,Wales,8.0,3,2016,2023,UKBMS,53.06771172663789,-2.9535986141144566
3091,Sychpant,SN044352,204400,235200,1470.0,Wales,7.0,8,2016,2023,UKBMS,51.9807384182098,-4.8495991689507765
3092,Gogarth,SH760831,276000,383100,591.0,Wales,3.0,3,2016,2023,UKBMS,53.33024005032148,-3.8634414879393293
3093,Rhiwledyn,SH813821,281300,382100,1003.0,Wales,7.0,8,2016,2023,UKBMS,53.32247195563763,-3.7835252364601835
3094,Bryn Pydew,SH818798,281800,379800,700.0,Wales,4.0,8,2016,2023,UKBMS,53.30191987154085,-3.7751647603489236
3095,Whitford Burrows,SS443945,244300,194500,3234.0,Wales,12.0,5,2016,2020,UKBMS,51.62771254383385,-4.250859589789367
3096,Magor Marsh -Barecroft 2016 onwards,ST415863,341500,186300,2000.0,Wales,3.0,4,2016,2019,UKBMS,51.572518272266606,-2.845501930028534
3097,Holyhead Mountain,SH209824,220900,382400,3642.0,Wales,15.0,3,2017,2019,UKBMS,53.30817319982257,-4.68957963101842
3098,Loggerheads Country Park,SJ198627,319800,362700,923.0,Wales,7.0,6,2017,2023,UKBMS,53.155368691020314,-3.2008003321457563
3099,Marloes Mere,SM772079,177200,207900,2711.0,Wales,8.0,6,2017,2023,UKBMS,51.725436132717505,-5.227426645158018
3101,Minsmere,TM469672,646900,267200,3250.0,England,15.0,33,1988,2023,UKBMS,52.247544373380215,1.6155305492065397
3102,Spring Lane,TL847652,584700,265200,1165.0,England,4.0,22,2000,2021,UKBMS,52.25396322438848,0.7045270967082528
3103,Fynn Valley,TM205482,620500,248200,6840.0,England,15.0,9,2000,2009,UKBMS,52.0881996872776,1.217152319804509
3104,Bradfield Woods,TL935581,593500,258100,6020.0,England,12.0,14,2003,2017,UKBMS,52.187187972130964,0.8292276640131095
3106,Elveden Center Parcs,TL800806,580000,280600,4690.0,England,11.0,25,1996,2023,UKBMS,52.3938215694172,0.6439859735011713
3107,Purple Hairstreak at Bradfield Woods,TL935575,593500,257500,800.0,England,6.0,13,2004,2017,UKBMS,52.1818003055658,0.8288855218619288
3108,Barham Picnic Site,TM124512,612400,251200,1690.0,England,8.0,2,2005,2006,UKBMS,52.11829685579023,1.1009790391248713
3109,Upper Abbey Farm,TM456648,645600,264800,1000.0,England,11.0,19,2004,2022,UKBMS,52.2265912557894,1.5947846956009464
3110,Wolves Wood,TM053440,605300,244000,1580.0,England,8.0,20,2004,2023,UKBMS,52.05633313985174,0.9930982463275873
3111,Newsons Farm,TL933549,593300,254900,725.0,England,5.0,19,2005,2023,UKBMS,52.15852367541883,0.8244841521253212
3112,Combs Wood,TM056571,605600,257100,700.0,England,8.0,4,2006,2009,UKBMS,52.173836082871816,1.0053726769042557
3113,Tythe Farm,TM271777,627100,277700,790.0,England,6.0,10,2006,2015,UKBMS,52.35030271169159,1.333099954028226
3114,Alton Water,TM148357,614800,235700,1565.0,England,5.0,18,2006,2023,UKBMS,51.97822406780762,1.126244224236101
3115,Ramsey & Hintlesham Wood,TM067432,606700,243200,730.0,England,5.0,18,2006,2023,UKBMS,52.04863058579178,1.013004675691844
3116,"Manor Farm, Coddenham",TM131543,613100,254300,1600.0,England,11.0,19,2005,2023,UKBMS,52.145857116040965,1.113128023845763
3117,Landguard,TM284319,628400,231900,850.0,England,6.0,2,2006,2007,UKBMS,51.938698237330975,1.32139755468894
3118,Minsmere (Silver-studded Blue),TM465685,646500,268500,1000.0,England,12.0,2,2007,2008,UKBMS,52.25938770139318,1.6106314935982944
3119,Blaxhall Common Silver-studded Blue,TM379567,637900,256700,930.0,England,8.0,16,2008,2023,UKBMS,52.15728042480189,1.4765849721529796
3120,Newsons Farm extension,TL931550,593100,255000,250.0,England,1.0,29,1995,2023,UKBMS,52.159491557856036,0.8216209643989956
3121,Arger Fen,TL931352,593100,235200,1868.0,England,6.0,4,2010,2013,UKBMS,51.98169310891942,0.8104281771210463
3122,Dunwich Forest 1,TM460722,646000,272200,3100.0,England,9.0,14,2010,2023,UKBMS,52.292809452091255,1.6060171162235566
3123,Dunwich Forest 2,TM468717,646800,271700,2855.0,England,11.0,8,2010,2017,UKBMS,52.28796486110448,1.6173574252677594
3124,Nowton Country Park,TL867616,586700,261600,2265.0,England,9.0,12,2010,2023,UKBMS,52.220960445515544,0.7318053288079951
3125,Black Heath,TM427749,642700,274900,1000.0,England,1.0,14,2010,2023,UKBMS,52.318502491637155,1.5596712988102466
3126,RSPB Lakenheath Fen,TL722864,572200,286400,,England,7.0,1,2012,2012,UKBMS,52.44841989748614,0.5324600292685947
3127,Knettishall Heath 1,TL951804,595100,280400,321.0,England,14.0,8,2014,2023,UKBMS,52.38685769667026,0.8655006335066778
3128,Purdis Heath,TM212425,621200,242500,1370.0,England,8.0,10,2013,2023,UKBMS,52.036755465463955,1.223663289597483
3129,Sizewell Belts,TM461635,646100,263500,2730.0,England,11.0,10,2013,2022,UKBMS,52.21470390657018,1.6011455471767047
3130,Minsmere SSB (new),TM455690,645500,269000,828.0,England,5.0,2,2015,2020,UKBMS,52.264320771151965,1.5963728428597312
3131,Dunwich Forest SSB,TM460700,646000,270000,470.0,England,3.0,2,2015,2020,UKBMS,52.273070056026874,1.604413112320878
3132,Lackford Lakes,TL800706,580000,270600,1391.0,England,7.0,8,2016,2023,UKBMS,52.30401557187693,0.638630181985491
3133,Church Farm (SWT),TM423743,642300,274300,1800.0,England,11.0,7,2017,2023,UKBMS,52.31329529120466,1.5533827095741346
3134,Reydon Wood (SWT),TM475789,647500,278900,1608.0,England,7.0,7,2017,2023,UKBMS,52.352249800989945,1.6328920334504555
3135,"Lark Path, Bury St Edmunds",TL861636,586100,263600,2013.0,England,6.0,7,2017,2023,UKBMS,52.23912365366752,0.7241320866213111
3136,Little Ouse headwaters,TM020787,602000,278700,2134.0,England,6.0,6,2018,2023,UKBMS,52.36909540540473,0.9657252774676517
3137,Lakenheath Fen (RSPB),TL718862,571800,286200,1560.0,England,6.0,5,2018,2023,UKBMS,52.446749454755526,0.5264775046657444
3138,Rookery Farm,TL742577,574200,257700,587.0,England,5.0,3,2018,2020,UKBMS,52.190024186541926,0.5470080563788308
3139,Blaxhall Common (SSB)(SWT2),TM381561,638100,256100,555.0,England,4.0,5,2019,2023,UKBMS,52.151809966527715,1.479082809064191
3140,Foxearth Meadows,TL833460,583300,246000,790.0,England,8.0,1,2019,2019,UKBMS,52.082003441114445,0.6736792803222305
3141,Darsham Marshes (SWT),TM421687,642100,268700,1533.0,England,6.0,4,2020,2023,UKBMS,52.26313463285427,1.5464351284703348
3142,Hen Reed Beds,TM470771,647000,277100,,England,5.0,2,2022,2023,UKBMS,52.33632517976251,1.6242434932246979
3143,Blaxhall Common (SSB)(SWT3),TM385561,638500,256100,181.0,England,1.0,1,2023,2023,UKBMS,52.151637512237635,1.4849182316424772
3144,Winks Meadow (SWT),TM303798,630300,279800,416.0,England,6.0,1,2023,2023,UKBMS,52.3678156320665,1.3814374508060967
3145,Berry Farm,TM383877,638300,287700,1410.0,England,14.0,1,2023,2023,UKBMS,52.435287205752225,1.5043331950481467
3202,The Chase (Dagenham),TQ51508550,551500,185500,3943.0,England,,4,1997,2000,UKBMS,51.54805870677859,0.18355652212469778
3203,Dunton Hill,TQ663878,566300,187800,453.0,England,6.0,2,1999,2000,UKBMS,51.56455696871026,0.39789849391755067
3208,Langdon Hills -Knightsfield,TQ688876,568800,187600,525.0,England,6.0,4,1999,2002,UKBMS,51.56201819504347,0.4338365180783972
3209,Langdon Hills -Little Lodge Field,TQ688874,568800,187400,611.0,England,8.0,4,1999,2002,UKBMS,51.56022154464753,0.43374056663514016
3211,"Countryside Restoration Land, Barton",TL415550,541500,255000,1000.0,England,7.0,25,1999,2023,UKBMS,52.17511901452072,0.06788050842375633
3212,Westfield Farm (Countryside Restoration Trust),TL378549,537800,254900,2850.0,England,9.0,22,2002,2023,UKBMS,52.175156121497224,0.01376776167789455
3213,Hawkwood Nursery,TQ383954,538300,195400,600.0,England,6.0,7,2002,2008,UKBMS,51.64040551910541,-0.0027865773411011505
3214,Cotom countryside reserve,TL41305800,541300,258000,2100.0,England,12.0,10,2003,2014,UKBMS,52.20212389423668,0.06620718783097211
3215,"Devil's Dyke, near Newmarket",TL612620,561200,262000,1150.0,England,3.0,20,2003,2023,UKBMS,52.23260007801187,0.35905445342120196
3216,Gunners Park Shoeburyness,TQ932845,593200,184500,2780.0,England,6.0,5,2003,2020,UKBMS,51.52635482418439,0.7837290223829066
3217,"Moverons, near Brightlingsea",TM065185,606500,218500,6000.0,England,6.0,2,2003,2004,UKBMS,51.82693771875015,0.9952756483892348
3218,"Vange Hill, Basildon",TQ720875,572000,187500,1105.0,England,9.0,1,2003,2003,UKBMS,51.56015391188735,0.4799070492650781
3219,Werrington railway verge,TF160030,516000,303000,1000.0,England,3.0,3,2001,2003,UKBMS,52.61239725929534,-0.28822457498397314
3220,Abbotts Hall Farm,TL963146,596300,214600,2250.0,England,10.0,22,2002,2023,UKBMS,51.79559032146031,0.8452501238450423
3221,"Grange Farm, Benwick",TL325925,532500,292500,865.0,England,7.0,1,2003,2003,UKBMS,52.514288631193885,-0.04887120270720559
3223,"d'Engaynes Fen, Quy",TL513594,551300,259400,1300.0,England,4.0,3,2004,2006,UKBMS,52.21204953777875,0.2130466481903594
3224,Addenbrookes - Nine Wells Wood,TL462546,546200,254600,2300.0,England,10.0,1,2004,2004,UKBMS,52.17030117428525,0.13639023933382616
3225,"Ivy Farm, Swaffham Prior",TL570644,557000,264400,1650.0,England,5.0,1,2004,2004,UKBMS,52.255371978852565,0.2987218591956401
3226,Hatfield Forest,TL535195,553500,219500,2265.0,England,13.0,16,2008,2023,UKBMS,51.8529883421767,0.22733062245445082
3228,"Hillcrest Avenue, Langdon N.R.",TQ664874,566400,187400,,England,8.0,1,1999,1999,UKBMS,51.560934104721575,0.39915069153109917
3229,Little Paxton Gravel Pits,TL200640,520000,264000,2117.0,England,7.0,5,2005,2009,UKBMS,52.26108448842595,-0.2431730731218101
3230,Belton Hills LNR,TQ820850,582000,185000,1865.0,England,10.0,3,2005,2007,UKBMS,51.53456367916323,0.6227183841186511
3231,Brampton Wood,TL181700,518100,270000,2950.0,England,8.0,16,2004,2019,UKBMS,52.3154121770878,-0.2688975849367846
3232,Cambourne,TL318597,531800,259700,900.0,England,8.0,18,2005,2023,UKBMS,52.219750044367615,-0.07205558093920202
3233,Danbury Country Park,TL769048,576900,204800,1728.0,England,10.0,8,2005,2012,UKBMS,51.71403362842023,0.5592570254625829
3234,Hardwick Wood,TL353572,535300,257200,1555.0,England,11.0,18,2005,2023,UKBMS,52.196439848805205,-0.021851343692331892
3235,Hadleigh Great Wood and Dodd's Grove SSSI,TQ820876,582000,187600,2630.0,England,10.0,16,2005,2023,UKBMS,51.55791677766593,0.624062157462034
3236,"Wetlands NR, Genome Campus, Hinxton",TL496442,549600,244200,500.0,England,4.0,6,2005,2015,UKBMS,52.07595751562785,0.18149969053843504
3237,Fleam Dyke,TL541549,554100,254900,2250.0,England,8.0,17,2007,2023,UKBMS,52.17084882253187,0.2519498435904107
3238,Abbotts Hall Farm 2,TL958144,595800,214400,1560.0,England,7.0,18,2006,2023,UKBMS,51.79396944047224,0.837896142521349
3239,Granta Park,TL525490,552500,249000,975.0,England,4.0,10,2006,2015,UKBMS,52.11828921754421,0.22592742631554605
3242,Thrift Wood Bicknacre,TL792018,579200,201800,2040.0,England,8.0,9,2007,2015,UKBMS,51.686358351947995,0.5909731519282574
3243,Roman Road,TL527520,552700,252000,3225.0,England,8.0,17,2007,2023,UKBMS,52.14518510758814,0.23019193064073568
3244,Hatfield Forest 5320,TL535200,553500,220000,2815.0,England,13.0,16,2008,2023,UKBMS,51.857480400914426,0.22755249754982504
3245,Hatfield Forest TR5420,TL545205,554500,220500,1630.0,England,11.0,9,2008,2023,UKBMS,51.86169670793446,0.24228480934471394
3248,Sandford Mill,TL738061,573800,206100,,England,8.0,4,2004,2009,UKBMS,51.72667907843727,0.515079112553249
3249,Devils Dyke Stetchworth estate 2,TL622612,562200,261200,1100.0,England,4.0,1,2009,2009,UKBMS,52.22512057604692,0.37330063856481394
3250,Great Warley,TQ574910,557400,191000,2020.0,England,15.0,15,2009,2023,UKBMS,51.59585885587627,0.2710384255180336
3251,Orwell Clunch Pit,TL363506,536300,250600,1050.0,England,11.0,14,2008,2023,UKBMS,52.13689275170855,-0.009877947950780659
3252,"Ramsey Island, Essex",TL942060,594200,206000,1755.0,England,15.0,15,2009,2023,UKBMS,51.7190928480165,0.810035639575446
3253,Fairmead,TQ404959,540400,195900,3640.0,England,15.0,14,2009,2023,UKBMS,51.64437849131558,0.02774122203954255
3254,Fernhills,TQ392973,539200,197300,2880.0,England,14.0,15,2009,2023,UKBMS,51.65725651180224,0.01096642844223123
3255,Woodford Golf Course,TQ399938,539900,193800,3050.0,England,13.0,14,2009,2023,UKBMS,51.6256330986204,0.019681276600476912
3256,Lee Valley Waterworks,TQ361867,536100,186700,1625.0,England,9.0,16,2008,2023,UKBMS,51.56276331929412,-0.03793203404474415
3257,Wicken Fen Plantation,TL560710,556000,271000,905.0,England,8.0,14,2010,2023,UKBMS,52.31494462592982,0.2871359490527164
3258,Benfleet Downs,TQ783857,578300,185700,1610.0,England,8.0,14,2010,2023,UKBMS,51.54203106236383,0.5697836388525844
3259,Swaines Green Epping,TL455026,545500,202600,2757.0,England,6.0,9,2011,2019,UKBMS,51.703283662725504,0.10418533945564717
3260,Hockley Woods,TQ837917,583700,191700,1950.0,England,12.0,12,2011,2022,UKBMS,51.59419124812301,0.6507000615344756
3261,Cornmill Tree Park,TL380015,538000,201500,1800.0,England,6.0,18,2005,2023,UKBMS,51.69529225134476,-0.004711973171008508
3262,Gunpowder Park,TQ385994,538500,199400,3780.0,England,10.0,20,2004,2023,UKBMS,51.67629928080334,0.0016850918979940946
3263,Langdon Hillcrest,TQ663875,566300,187500,1270.0,England,14.0,12,2011,2023,UKBMS,51.56186192265231,0.3977566817587569
3264,Langdon Lake & Meadows,TQ662878,566200,187800,920.0,England,13.0,12,2011,2023,UKBMS,51.56458642369727,0.39645710247373867
3265,Willow Park,TQ688872,568800,187200,3400.0,England,15.0,13,2011,2023,UKBMS,51.558424893570105,0.43364462514165003
3266,Hatfield Forest 5318,TL534187,553400,218700,2965.0,England,12.0,13,2011,2023,UKBMS,51.8458285001389,0.22552521119210245
3267,Barking Riverside,TQ472821,547200,182100,3100.0,England,6.0,1,2011,2011,UKBMS,51.51864599424446,0.12016768592744201
3268,Woodwalton Marsh,TL212813,521200,281300,,England,1.0,12,2012,2023,UKBMS,52.41627678994988,-0.21936571612614764
3269,Lee Valley Turnford,TL368043,536800,204300,1830.0,England,8.0,4,2012,2017,UKBMS,51.720745897692616,-0.02096540727565518
3271,Belfairs Park Woodland,TQ829876,582900,187600,2000.0,England,8.0,10,2013,2023,UKBMS,51.55762591692585,0.6370304243362777
3272,Lee Valley - Walthamstow Marshes,TQ352875,535200,187500,3140.0,England,7.0,11,2013,2023,UKBMS,51.570168513360215,-0.05060039829789706
3273,Hinchingbrooke Country Park,TL218716,521800,271600,2135.0,England,9.0,10,2013,2023,UKBMS,52.3289819461227,-0.214067959716104
3274,Belfairs Park Golf Course,TQ832872,583200,187200,2480.0,England,7.0,9,2014,2023,UKBMS,51.55393591814865,0.6411449199501521
3276,Strawberry Hill,TQ412964,541200,196400,1439.0,England,13.0,6,2014,2019,UKBMS,51.64867113769502,0.03949703561019591
3277,Yardley Hill,TQ382959,538200,195900,1692.0,England,12.0,6,2014,2019,UKBMS,51.644922970145174,-0.004033453661800853
3279,Hampton Nature Reserve,TL164945,516400,294500,4775.0,England,10.0,2,2015,2016,UKBMS,52.53593266057263,-0.2853023484655318
3280,Canvey Wick SSSI,TQ766833,576600,183300,2500.0,England,7.0,6,2015,2023,UKBMS,51.521007016343695,0.5440923217065073
3281,Church Lane LNR,TL495046,549500,204600,990.0,England,7.0,9,2015,2023,UKBMS,51.72020268433918,0.16288419716808278
3282,Pheasanthouse Farm EssexWT,TL786069,578600,206900,1750.0,England,8.0,9,2015,2023,UKBMS,51.732357526973324,0.5849139795638439
3283,Layer Breton Heath,TL945186,594500,218600,980.0,England,8.0,5,2015,2019,UKBMS,51.83213896546143,0.8214254338545681
3284,Bobbingworth NR,TL536064,553600,206400,1515.0,England,7.0,9,2015,2023,UKBMS,51.735267562074064,0.22298503843553563
3285,RSPB Fen Drayton Lakes,TL342699,534200,269900,1830.0,England,6.0,7,2015,2023,UKBMS,52.3108181375525,-0.03289263252902227
3286,Tiptree Heath,TL884147,588400,214700,1745.0,England,10.0,5,2015,2021,UKBMS,51.79920310125461,0.7308855134605609
3287,Stebbing Green and adjacent meadow,TL683233,568300,223300,979.0,England,8.0,9,2015,2023,UKBMS,51.88286038057921,0.4438671142841792
3290,Chafford Gorges Nature Park Grays Gorge,TQ605789,560500,178900,1476.0,England,8.0,7,2016,2023,UKBMS,51.48627765813352,0.3102421037879698
3291,LBCP - Woodland and Lakes,TQ581826,558100,182600,1334.0,England,8.0,7,2016,2023,UKBMS,51.52019525604255,0.27736219720466865
3292,LBCP - East and North Field,TQ583827,558300,182700,1960.0,England,6.0,7,2016,2023,UKBMS,51.52103771852534,0.2802873045391163
3293,Phyllis Currie Reserve,TL721181,572100,218100,2420.0,England,1.0,8,2016,2023,UKBMS,51.83499314777666,0.496434545751401
3294,Highams Park Lake,TQ392919,539200,191900,1250.0,England,8.0,4,2016,2021,UKBMS,51.60873360963697,0.00882129430720781
3295,Boardwalks Nature Reserve,TL176983,517600,298300,3150.0,England,6.0,1,2016,2016,UKBMS,52.56982094269099,-0.2662736291566729
3296,EWT Roding Valley Meadows,TQ434951,543400,195100,3512.0,England,12.0,5,2017,2023,UKBMS,51.636433876259495,0.07074117355685496
3297,Sandon Valley Meadows,TQ746993,574600,199300,1100.0,England,1.0,3,2017,2019,UKBMS,51.66535024787176,0.523249481434183
3298,Tropical Wings Zoo,TQ794977,579400,197700,1600.0,England,8.0,1,2017,2017,UKBMS,51.64946837232338,0.5917597493718313
3299,Weeleyhall Wood,TM159210,615900,221000,1294.0,England,10.0,3,2017,2019,UKBMS,51.84583123639744,1.1330297416275157
3300,Stow Bedon Common,TL938958,593800,295800,4600.0,England,11.0,12,2002,2013,UKBMS,52.52559335483672,0.8553597654504218
3301,Mousehold Heath,TG244103,624400,310300,2000.0,England,11.0,20,2003,2023,UKBMS,52.64399744815543,1.315484594877332
3302,"UEA, Norwich",TG18900750,618900,307500,1650.0,England,8.0,2,2002,2003,UKBMS,52.62111134599985,1.2324758009160532
3303,Blakeney Point,TF999461,599900,346100,2700.0,England,10.0,14,2008,2023,UKBMS,52.97496182267305,0.9757842755594557
3305,Winterton Dunes,TG491208,649100,320800,2170.0,England,8.0,16,2008,2023,UKBMS,52.72742736132862,1.6877385756622
3306,Strumpshaw Fen TG341065,TG340065,634000,306500,1904.0,England,8.0,16,2008,2023,UKBMS,52.60584705408065,1.4544210044017947
3308,Sculthorpe Moor 1,TF899301,589900,330100,1300.0,England,6.0,2,2013,2014,UKBMS,52.83493995880832,0.8177086145674584
3309,Roydon Common,TF679226,567900,322600,2630.0,England,7.0,11,2009,2019,UKBMS,52.774881551718615,0.4876178712664097
3311,Narborough Railway Line,TF753113,575300,311300,1570.0,England,11.0,4,2009,2016,UKBMS,52.67105401518035,0.5911753486460395
3312,Thompson Common,TL935963,593500,296300,1990.0,England,9.0,1,2009,2009,UKBMS,52.530189258701014,0.8512343595397397
3313,Swanton Novers Great Wood 1,TG015310,601500,331000,2240.0,England,6.0,26,1992,2023,UKBMS,52.838810390022275,0.9902228594525447
3314,Marston Marshes,TG212055,621200,305500,2460.0,England,9.0,15,2009,2023,UKBMS,52.60222982183778,1.2650582469077705
3315,Dersingham Bog,TF675290,567500,329000,2841.0,England,9.0,12,2012,2023,UKBMS,52.832484157789324,0.484970256052022
3316,Scolt Head Island,TF800465,580000,346500,3503.0,England,8.0,15,2009,2023,UKBMS,52.985598955693746,0.6799973712209563
3318,Tomas's pightle,TG358082,635800,308200,373.0,England,5.0,15,2009,2023,UKBMS,52.62032387908204,1.482162659402232
3319,Swanton Novers Great Wood 2,TG015315,601500,331500,1375.0,England,4.0,21,1998,2023,UKBMS,52.84329896809128,0.9905314491955166
3320,Swanton Novers Great Wood 3,TG006317,600600,331700,1100.0,England,4.0,21,1998,2023,UKBMS,52.84543003725715,0.9773104173489242
3321,Strumpshaw Fen Swallowtail,TG339070,633900,307000,1300.0,England,8.0,14,2010,2023,UKBMS,52.61037678960506,1.4533003657068382
3322,Wheatfen Broad,TG326060,632600,306000,2680.0,England,4.0,14,2010,2023,UKBMS,52.60196088833472,1.4334341979551255
3323,Sutton Fen,TG370233,637000,323300,2733.0,England,13.0,14,2010,2023,UKBMS,52.75529135683404,1.510716918367114
3324,UEA Dry Transect,TG185072,618500,307200,2804.0,England,5.0,1,2010,2010,UKBMS,52.618579664309806,1.2263784525742865
3325,Ranworth,TG357149,635700,314900,1000.0,England,4.0,6,2010,2019,UKBMS,52.68048687623098,1.4854708806718233
3326,Buxton Heath,TG175221,617500,322100,1690.0,England,12.0,14,2010,2023,UKBMS,52.75271524687918,1.2214666406330963
3327,How Hill,TG369194,636900,319400,1180.0,England,6.0,1,2011,2011,UKBMS,52.72034160493602,1.5064254847924743
3328,Pensthorpe,TF950287,595000,328700,3690.0,England,10.0,8,2011,2023,UKBMS,52.820550944579786,0.892481065196454
3329,Middle Harling Heath,TL984834,598400,283400,3095.0,England,8.0,10,2011,2021,UKBMS,52.41260837431904,0.9157016836185529
3330,Marlingford Nature Reserve,TG129089,612900,308900,960.0,England,7.0,8,2011,2019,UKBMS,52.63606163851092,1.1448838801578747
3331,"Gaywood Valley, Kings Lynn",TF654216,565400,321600,2405.0,England,5.0,9,2011,2022,UKBMS,52.76667111445229,0.45008896371123147
3332,How Hill Full Transect,TG370194,637000,319400,1500.0,England,8.0,3,2012,2014,UKBMS,52.72029785162822,1.507903199416599
3333,Upton Fen,TG384138,638400,313800,1955.0,England,6.0,2,2012,2013,UKBMS,52.66943685271166,1.5245370918984915
3334,Syderstone Common,TF832316,583200,331600,1540.0,England,10.0,9,2012,2020,UKBMS,52.85072655136093,0.7192102153134265
3335,Mousehold Heath East,TG249102,624900,310200,1990.0,England,9.0,12,2012,2023,UKBMS,52.642893144906736,1.3227936430704905
3336,Ludham Marshes,TG409178,640900,317800,1700.0,England,9.0,12,2012,2023,UKBMS,52.70422161911966,1.5643595704098228
3337,Dersingham Village Railway Line,TF681320,568100,332000,1880.0,England,6.0,12,2012,2023,UKBMS,52.85924011402127,0.4954126713376286
3338,Cranwich Camp,TL774941,577400,294100,2790.0,England,8.0,7,2012,2018,UKBMS,52.51590853949224,0.6129881606237146
3339,Catfield Fen,TG366214,636600,321400,1450.0,England,7.0,12,2012,2023,UKBMS,52.73841829393792,1.5034321063240925
3340,Barnham Cross Common,TL864811,586400,281100,2040.0,England,8.0,11,2012,2023,UKBMS,52.39617171508273,0.7382085319620674
3342,Sculthorpe 2,TF902299,590200,329900,1160.0,England,5.0,10,2013,2023,UKBMS,52.83303853828741,0.8220398993441919
3343,Sculthorpe Moor 3,TF899301,589900,330100,1592.0,England,8.0,10,2014,2023,UKBMS,52.83493995880832,0.8177086145674584
3344,Holt Country Park,TG082377,608200,337700,1760.0,England,10.0,8,2015,2023,UKBMS,52.896406263852334,1.0938214344461972
3345,Courtyard Farm,TF722403,572200,340300,1800.0,England,7.0,9,2015,2023,UKBMS,52.932482444094525,0.5606380360127234
3346,How Hill New,TG370194,637000,319400,1955.0,England,6.0,9,2015,2023,UKBMS,52.72029785162822,1.507903199416599
3347,Blakeney Friary Hills,TG033441,603300,344100,2634.0,England,7.0,9,2015,2023,UKBMS,52.95573109948602,1.0250915230842994
3348,Felbrigg Hall,TG192395,619200,339500,1040.0,England,6.0,8,2015,2023,UKBMS,52.90819283399245,1.2582878550927932
3349,Foxley Wood,TG055227,605500,322700,2700.0,England,9.0,7,2016,2023,UKBMS,52.762793842127,1.0443083232881547
3350,Redgrave and Lopham Fen,TM053799,605300,279900,2700.0,England,9.0,8,2016,2023,UKBMS,52.37864320470127,1.0148603968958576
3351,Reffley Wood,TF655219,565500,321900,2600.0,England,10.0,8,2016,2023,UKBMS,52.769334897039855,0.4517210838572331
3352,Burgh Doles/Common,TG440126,644000,312600,1200.0,England,3.0,8,2016,2023,UKBMS,52.656181181650744,1.606298050793506
3353,Natural Surroundings,TG047407,604700,340700,592.0,England,5.0,4,2016,2019,UKBMS,52.9246789355958,1.0437571112864898
3354,Foulden common,TL762999,576200,299900,1262.0,England,5.0,8,2016,2023,UKBMS,52.56838506037922,0.598398536291378
3356,Lynford Water,TL824946,582400,294600,2000.0,England,10.0,6,2017,2023,UKBMS,52.51874974596237,0.6868624768669211
3357,Bintree Wood,TG000223,600000,322300,3432.0,England,8.0,3,2017,2019,UKBMS,52.76126525419291,0.9626684228537016
3358,East Ruston Common,TG345283,634500,328300,1200.0,England,8.0,5,2017,2023,UKBMS,52.80124581626578,1.4773213782763406
3359,Orchard House,TG296047,629600,304700,250.0,England,1.0,2,2017,2018,UKBMS,52.59156942445022,1.3883160869051978
3360,Blickling Lakeside,TG175290,617500,329000,2200.0,England,8.0,6,2018,2023,UKBMS,52.81464452059664,1.2260477013644244
3361,Snettisham Coastal Park,TF651342,565100,334200,3734.0,England,5.0,5,2018,2023,UKBMS,52.879926158002085,0.45201175057856163
3362,Blickling Mausoleum,TG169291,616900,329100,1920.0,England,5.0,5,2019,2023,UKBMS,52.8157835125285,1.2172259351566876
3363,Oxburgh Hall 1,TF742012,574200,301200,1900.0,England,10.0,4,2019,2023,UKBMS,52.5807035856709,0.5696037914581589
3364,Oxburgh Hall 2,TF741007,574100,300700,1420.0,England,4.0,4,2019,2023,UKBMS,52.576245196794794,0.5678669672246562
3365,Cley Marshes,TG059441,605900,344100,2280.0,England,3.0,5,2019,2023,UKBMS,52.95474043570064,1.0637378492193106
3366,Abbey Farm,TF742272,574200,327200,2900.0,England,15.0,5,2019,2023,UKBMS,52.81419739481401,0.5833592427429354
3367,"Waterloo Park, Norwich",TG226103,622600,310300,1970.0,England,6.0,2,2020,2021,UKBMS,52.644738292080504,1.2889261762683673
3368,Bintree Wood North,TG003219,600300,321900,2600.0,England,5.0,3,2020,2022,UKBMS,52.75756322337901,0.9668638755920889
3369,Marriott's Way,TG191112,619100,311200,2602.0,England,8.0,3,2021,2023,UKBMS,52.654239606212535,1.2378787084659557
3370,Wheatfen Full Transect,TG326060,632600,306000,3081.0,England,5.0,3,2021,2023,UKBMS,52.60196088833472,1.4334341979551255
3371,Broadland Country Park,TG179172,617900,317200,2737.0,England,10.0,3,2021,2023,UKBMS,52.708575191110825,1.2241346034352674
3372,Sheringham Park,TG139412,613900,341200,2150.0,England,10.0,3,2021,2023,UKBMS,52.92558488960933,1.180724210024184
3373,Cockleycley Wood,TF777051,577700,305100,2886.0,England,8.0,2,2021,2022,UKBMS,52.61459552579291,0.6232948022025085
3374,"Wensum Way, Lenwade",TG086183,608600,318300,2180.0,England,6.0,2,2021,2022,UKBMS,52.72211026457038,1.087386825330237
3375,Buxton 2,TG170219,617000,321900,442.0,England,1.0,3,2021,2023,UKBMS,52.751120987478345,1.2139381429218365
3376,Cranwich 2,TL774942,577400,294200,1647.0,England,7.0,3,2021,2023,UKBMS,52.51680659424643,0.6130414660515737
3377,Oxburgh Hall 3,TF741002,574100,300200,2900.0,England,10.0,3,2021,2023,UKBMS,52.57175480633688,0.5676045103445818
3378,Stoke Holy Cross - Jubilee Meadow,TG238019,623800,301900,308.0,England,4.0,2,2022,2023,UKBMS,52.56885664210744,1.3009531357239947
3379,Middle Harling New,TL983832,598300,283200,2368.0,England,7.0,2,2022,2023,UKBMS,52.410848913440425,0.9141149806234815
3381,Roydon Common 2,TF678225,567800,322500,3207.0,England,10.0,1,2023,2023,UKBMS,52.77401450334696,0.48608573460130283
3382,Grimston Warren & THMR,TF679216,567900,321600,3376.0,England,10.0,1,2023,2023,UKBMS,52.76590051364167,0.4871057571729684
3383,Cranwich 2 (PHS),TL776943,577600,294300,,England,4.0,1,2023,2023,UKBMS,52.51763957074566,0.616039041448721
3400,Walton Nature Park,SE359182,435900,418200,3000.0,England,5.0,19,1995,2015,UKBMS,53.65906425592205,-1.4582409580783875
3401,Ellerburn Bank,SE854848,485400,484800,400.0,England,1.0,5,2000,2010,UKBMS,54.25176370902483,-0.690750014894509
3402,Slingsby,SE710755,471000,475500,1400.0,England,7.0,7,2003,2009,UKBMS,54.170393519962694,-0.9139121521993416
3403,Sun Lane Nature Reserve,SE155467,415500,446700,930.0,England,1.0,16,2003,2023,UKBMS,53.91621726531419,-1.7655041328479746
3404,Thorpe Marsh Nature Reserve,SE585095,458500,409500,3550.0,England,12.0,22,2002,2023,UKBMS,53.57884139251215,-1.117927562829004
3405,"Swarth Moor SSSI, Settle",SD807693,380700,469300,1504.0,England,13.0,20,2003,2023,UKBMS,54.11919952182245,-2.296764259629694
3406,Middlethorpe,SE585485,458500,448500,520.0,England,5.0,2,2003,2004,UKBMS,53.92933232606989,-1.1105556937090684
3407,Foxglove Covert,SE160970,416000,497000,2500.0,England,12.0,3,2003,2005,UKBMS,54.368266171269525,-1.7552434101868506
3408,Yedmandale,SE980856,498000,485600,1125.0,England,2.0,12,2003,2016,UKBMS,54.256696605163796,-0.49716815034868367
3409,Bootham Stray,SE597543,459700,454300,1790.0,England,8.0,6,2004,2016,UKBMS,53.98131786320827,-1.0911501715827572
3410,"Threshfield, Long Ashes",SD977647,397700,464700,1650.0,England,11.0,15,2004,2023,UKBMS,54.07821781298736,-2.036645747781754
3411,Priory Fields,TA053314,505300,431400,1100.0,England,6.0,17,2007,2023,UKBMS,53.76830990751951,-0.4039045147027495
3412,Lea Green Bastow Wood,SD996652,399600,465200,2950.0,England,9.0,20,2004,2023,UKBMS,54.08271698126512,-2.007607283843594
3413,Ballowfield LNR,SD987899,398700,489900,831.0,England,9.0,14,2007,2023,UKBMS,54.304703054665495,-2.021480429861883
3414,Craven Limeworks - Langcliffe Quarry,SD824663,382400,466300,1027.0,England,9.0,11,2007,2017,UKBMS,54.09229871496595,-2.2705806330337404
3415,Scar Close NNR,SD750775,375000,477500,2389.0,England,15.0,19,2004,2023,UKBMS,54.19264791218932,-2.384649479043975
3416,Long Causeway Lane,SE979816,497900,481600,560.0,England,1.0,10,2007,2016,UKBMS,54.22077889180853,-0.5000065742318753
3417,Burniston-Cloughton,TA015932,501500,493200,1050.0,England,7.0,5,2007,2022,UKBMS,54.32429276452899,-0.44088673022776337
3418,Millington Wood,SE835535,483500,453500,1800.0,England,9.0,2,2007,2008,UKBMS,53.97083832038763,-0.7285379599151418
3419,Nostell Priory & Parkland,SE405180,440500,418000,1586.0,England,5.0,6,2008,2013,UKBMS,53.65693175065933,-1.388664415981866
3420,Broad Heads Farm,SE903882,490300,488200,1805.0,England,7.0,13,2008,2023,UKBMS,54.281471529612354,-0.6145426945575471
3421,Hawnby Hill,SE539917,453900,491700,2481.0,England,11.0,14,2009,2023,UKBMS,54.31804886352298,-1.1729107572120478
3422,Eston Moor,NZ562177,456200,517700,1278.0,England,11.0,3,2009,2011,UKBMS,54.55143671984525,-1.132637567514074
3423,Ashberry pastures,SE567851,456700,485100,1157.0,England,8.0,9,2010,2021,UKBMS,54.25843742868067,-1.1311212087293185
3424,Fen Bog,SE855981,485500,498100,1352.0,England,8.0,10,2010,2023,UKBMS,54.37124518074949,-0.6854128023310174
3425,Burton Leonard Lime Quarry,SE324632,432400,463200,674.0,England,9.0,13,2010,2023,UKBMS,54.06373083773149,-1.506466019602916
3426,Deep Dale South,TA044840,504400,484000,1000.0,England,10.0,3,2010,2012,UKBMS,54.241058446825626,-0.39952373136168223
3427,Deep Dale North,TA044844,504400,484400,1200.0,England,12.0,3,2010,2012,UKBMS,54.24465195772125,-0.39938463287310577
3428,Pexton Bank,SE854855,485400,485500,900.0,England,6.0,10,2010,2023,UKBMS,54.25805315280547,-0.690550790194427
3429,Bishop Monkton railway Cutting,SE315663,431500,466300,600.0,England,6.0,13,2011,2023,UKBMS,54.0916468119353,-1.5198949927506833
3430,Silpho Quarry,SE962920,496200,492000,1000.0,England,10.0,12,2011,2023,UKBMS,54.314536847967254,-0.5227325408432355
3431,Catterstye,NZ694198,469400,519800,2317.0,England,10.0,1,2011,2011,UKBMS,54.56867126275142,-0.9281011494620521
3432,Rosedale East,SE704990,470400,499000,3352.0,England,9.0,5,2011,2015,UKBMS,54.381638548086876,-0.9175820155987349
3433,Askham Bog,SE572482,457200,448200,1200.0,England,8.0,9,2011,2023,UKBMS,53.92678123665964,-1.1304076462739172
3434,Staveley East,SE370630,437000,463000,3402.0,England,9.0,13,2011,2023,UKBMS,54.06162470524299,-1.4362123652249483
3435,Staveley West,SE362628,436200,462800,2015.0,England,8.0,13,2011,2023,UKBMS,54.05988391052766,-1.4484578027980062
3436,South Gare,NZ556275,455600,527500,2316.0,England,7.0,8,2011,2018,UKBMS,54.639563158716065,-1.1400598092064878
3437,Yockenthwaite,SD912788,391200,478800,2192.0,England,11.0,7,2012,2021,UKBMS,54.20486883677612,-2.1364071882755513
3438,Stirley Farm,SE145136,414500,413600,1788.0,England,13.0,3,2013,2019,UKBMS,53.618745318577844,-1.78227145758903
3439,Malham Tarn NNR,SD890672,389000,467200,3175.0,England,14.0,8,2013,2023,UKBMS,54.10057223962812,-2.1697066540133885
3440,"Low Ox Pasture, Kilnsey",SD970685,397000,468500,1460.0,England,7.0,8,2014,2023,UKBMS,54.11236657100338,-2.0473835591082716
3441,Ingleborough High Brae,SD791738,379100,473800,2459.0,England,12.0,9,2014,2023,UKBMS,54.1595794792651,-2.321555547707019
3442,Lower Winskill,SD826666,382600,466600,2210.0,England,8.0,3,2014,2016,UKBMS,54.09500178173407,-2.267540226196242
3443,Oxenber Wood,SD782684,378200,468400,2090.0,England,6.0,3,2014,2016,UKBMS,54.11101047905725,-2.3349456742990475
3444,Flatts Lane Eston Moor,NZ551168,455100,516800,5411.0,England,8.0,9,2015,2023,UKBMS,54.54347013841715,-1.149810061481916
3446,Millfield Meadow Saltburn,NZ662204,466200,520400,775.0,England,8.0,6,2015,2021,UKBMS,54.574490601930854,-0.9774518210224902
3447,Yorkshire Arboretum at Castle Howard,SE698698,469800,469800,990.0,England,8.0,3,2015,2017,UKBMS,54.119338338056075,-0.9336070129035285
3449,Riddings Field & St Josephs Wood,SE016888,401600,488800,1025.0,England,11.0,3,2015,2017,UKBMS,54.29481693563938,-1.9769197759582475
3450,Ellerburn new,SE853849,485300,484900,925.0,England,7.0,9,2015,2023,UKBMS,54.25267885469416,-0.6922559862766886
3451,Brae Pasture,SD791740,379100,474000,1193.0,England,8.0,8,2015,2022,UKBMS,54.161376932734875,-2.321569493870911
3452,Burton Riggs,TA029831,502900,483100,700.0,England,6.0,3,2015,2021,UKBMS,54.23327624395129,-0.42283927967658264
3453,Cropton Forest,SE768910,476800,491000,4000.0,England,10.0,3,2015,2018,UKBMS,54.3088335070137,-0.821124235247844
3454,Grass Wood,SD986656,398600,465600,1800.0,England,10.0,9,2015,2023,UKBMS,54.086310019699084,-2.022894786888192
3455,Leyburn Old Glebe,SE101897,410100,489700,1200.0,England,8.0,8,2015,2023,UKBMS,54.30280998973615,-1.8462964543208926
3456,Littlebeck Wood,NZ880045,488000,504500,780.0,England,9.0,3,2015,2018,UKBMS,54.4283212294568,-0.645048617398029
3457,Ripon Loop,SE317738,431700,473800,2665.0,England,10.0,3,2015,2017,UKBMS,54.15903814536875,-1.5160529875055686
3458,Southerscales,SD743762,374300,476200,2210.0,England,8.0,9,2015,2023,UKBMS,54.18092985747025,-2.3952659152230242
3459,Barlow Common,SE630286,463000,428600,2920.0,England,9.0,8,2016,2023,UKBMS,53.74997130243239,-1.0461050028309564
3460,Wheldrake Ings,SE701441,470100,444100,2550.0,England,7.0,8,2016,2023,UKBMS,53.88835527511208,-0.9349295949767616
3461,Kiplingcotes Chalk Pit,SE914434,491400,443400,1610.0,England,8.0,6,2016,2023,UKBMS,53.87875445656155,-0.6111561628129488
3462,Upper Dunsforth Carrs,SE442628,444200,462800,1540.0,England,7.0,8,2016,2023,UKBMS,54.05926174032032,-1.3262487501234697
3463,Whitcliffe,NZ137024,413700,502400,3000.0,England,9.0,8,2016,2023,UKBMS,54.4168624772874,-1.7903963733219197
3464,Wooldale,SE150087,415000,408700,3000.0,England,10.0,8,2016,2023,UKBMS,53.57468921759858,-1.7749467281379145
3465,Green Hammerton,SE470570,447000,457000,3590.0,England,10.0,7,2017,2023,UKBMS,54.006890636667165,-1.2843720820146434
3466,Widdop,SD965311,396500,431100,2750.0,England,6.0,7,2017,2023,UKBMS,53.776222184217715,-2.054588992768125
3467,Hollin Hall,SD987295,398700,429500,2040.0,England,5.0,7,2017,2023,UKBMS,53.761852011424494,-2.0211990344381516
3468,Roundhay-Shadwell,SE336396,433600,439600,1170.0,England,6.0,7,2017,2023,UKBMS,53.851552623549836,-1.490722610286891
3470,Strensall Common and World's End,SE660603,466000,460300,3160.0,England,9.0,7,2017,2023,UKBMS,54.034470793818535,-0.9938002563021768
3471,Pickering Woods,SE814858,481400,485800,2886.0,England,6.0,1,2017,2017,UKBMS,54.26139971940809,-0.7518556798921816
3472,Calley Heath,SE751496,475100,449600,1200.0,England,4.0,6,2018,2023,UKBMS,53.937079505373795,-0.8575238403877988
3473,Spurn Point (part 1),TA406116,540600,411600,1560.0,England,4.0,3,2018,2020,UKBMS,53.58214564791136,0.12233919810478792
3474,Spurn Point (part 2),TA399109,539900,410900,1400.0,England,4.0,3,2018,2020,UKBMS,53.57604513532262,0.11145994362916234
3475,Appleton Mill Farm,SE744881,474400,488100,1720.0,England,6.0,1,2018,2018,UKBMS,54.283130481299956,-0.8587235517508254
3476,Littleworth Park,SE371078,437100,407800,2000.0,England,8.0,1,2019,2019,UKBMS,53.56550757520143,-1.441318333516922
3477,Three Hagges Woodmeadow,SE626396,462600,439600,2900.0,England,9.0,5,2019,2023,UKBMS,53.84887331970993,-1.0499386611289592
3478,Ripon City Wetlands,SE332688,433200,468800,1355.0,England,6.0,5,2019,2023,UKBMS,54.114008230143305,-1.4936315610304751
3479,East Riddlesden Hall,SE082416,408200,441600,1310.0,England,7.0,4,2019,2023,UKBMS,53.870544876580695,-1.8767782381330682
3480,"Langrickgate, East Cottingwith",SE719425,471900,442500,2200.0,England,4.0,5,2019,2023,UKBMS,53.87373135996513,-0.9079231171611905
3481,Potteric Carr visitor centre,SE589005,458900,400500,1370.0,England,9.0,1,2019,2019,UKBMS,53.49791129315292,-1.1135777534298017
3482,Sutherland Beck,SE772905,477200,490500,1760.0,England,10.0,5,2019,2023,UKBMS,54.30428066180018,-0.8151069098151691
3483,Maze Park,NZ468191,446800,519100,1800.0,England,10.0,5,2019,2023,UKBMS,54.56497142871873,-1.2777292202920516
3485,Main Bay Heath,SE453276,445300,427600,1400.0,England,11.0,5,2019,2023,UKBMS,53.74281874016043,-1.3146406143798366
3486,Bishop Wood,SE554336,455400,433600,4260.0,England,8.0,5,2019,2023,UKBMS,53.795767888383075,-1.160446029610342
3487,Foxglove Covert,SE160973,416000,497300,3600.0,England,11.0,3,2019,2023,UKBMS,54.37096227530685,-1.75522739434121
3488,Lin Dyke Link,SE443269,444300,426900,3250.0,England,10.0,5,2019,2023,UKBMS,53.736613241404996,-1.3299015005694725
3489,Riverbank Trail,SE461275,446100,427500,3000.0,England,14.0,4,2019,2023,UKBMS,53.74185006154429,-1.3025268768787825
3490,Bolton Percy Station,SE528417,452800,441700,480.0,England,5.0,5,2019,2023,UKBMS,53.8688325056076,-1.1985245227903822
3491,"Forest of Flowers, Home Farm, Huby",SE543657,454300,465700,3020.0,England,8.0,4,2020,2023,UKBMS,54.08436009632087,-1.1714486046373291
3492,Brockadale,SE507174,450700,417400,2988.0,England,10.0,3,2021,2023,UKBMS,53.650652320228176,-1.2344381310363397
3493,Rodley Nature Reserve,SE235363,423500,436300,1680.0,England,13.0,3,2021,2023,UKBMS,53.82244613903552,-1.6445020110956745
3494,Meanwood Park Trail,SE278378,427800,437800,1859.0,England,7.0,3,2021,2023,UKBMS,53.835716439854885,-1.5790489671826489
3495,Sprotborough Flash,SE533012,453300,401200,1625.0,England,8.0,3,2021,2023,UKBMS,53.50479852102686,-1.1978669778224704
3496,Allerthorpe Common,SE760477,476000,447700,2867.0,England,7.0,3,2021,2023,UKBMS,53.919875113183394,-0.8442893305540653
3497,Fordon Chalk Bank SSSI,TA057751,505700,475100,1718.0,England,13.0,3,2021,2023,UKBMS,54.1608365795807,-0.3827100264138563
3498,Wharram Quarry,SE859653,485900,465300,832.0,England,11.0,3,2021,2023,UKBMS,54.07647189527272,-0.6886296779496126
3499,Nosterfield Quarry,SE277808,427700,480800,3052.0,England,6.0,2,2021,2023,UKBMS,54.22217841456899,-1.5766637874773144
3500,Oxford Island,J055610,116891,518931,,Northern Ireland,13.0,15,1990,2004,UKBMS,54.48647584578489,-6.372879989056627
3501,Ecos Park,D119035,126901,560746,2040.0,Northern Ireland,14.0,12,2005,2023,UKBMS,54.86670882799004,-6.257900915251948
3502,Lagan Meadows,J336704,145699,525904,2148.0,Northern Ireland,10.0,14,2005,2023,UKBMS,54.56425039563559,-5.935311580081638
3504,Slievenacloy,J245712,136698,527477,1705.0,Northern Ireland,11.0,17,2006,2023,UKBMS,54.57374784316827,-6.075573364741929
3511,Banagher Glen,C672045,82425,565572,1230.0,Northern Ireland,11.0,17,2006,2023,UKBMS,54.88368542897928,-6.953710983800455
3523,Minnowburn,J325685,144441,524104,2817.0,Northern Ireland,6.0,14,2006,2023,UKBMS,54.547478897348,-5.953156812897116
3538,Belvoir Park Forest,J335695,145523,525016,2500.0,Northern Ireland,5.0,14,2007,2023,UKBMS,54.55620048426432,-5.937258698246315
3539,Crom Estate,H355239,43933,487893,3140.0,Northern Ireland,5.0,14,2007,2023,UKBMS,54.16291565012328,-7.457277871360542
3541,Craigavon Lakes,J052579,116328,515866,2710.0,Northern Ireland,11.0,15,2009,2023,UKBMS,54.458697045239326,-6.378605164370122
3542,Crossgar,J461521,156596,506604,,Northern Ireland,11.0,1,2008,2008,UKBMS,54.39653595509245,-5.751260801127804
3543,Milford Railway Cutting (new),H859428,95802,502456,200.0,Northern Ireland,4.0,2,2008,2009,UKBMS,54.32671229061442,-6.680466903859968
3544,Portstewart Strand,C795362,97409,596121,2500.0,Northern Ireland,12.0,14,2009,2023,UKBMS,55.16655265211689,-6.753302058556196
3545,Portinode Kesh,H146645,26542,530176,1800.0,Northern Ireland,7.0,1,2009,2009,UKBMS,54.528664144344404,-7.775244865679233
3546,Oxford Island (new),J048614,116228,519389,2070.0,Northern Ireland,14.0,15,2009,2023,UKBMS,54.49020955778869,-6.38352379000464
3548,Whitepark Bay,D014437,119885,601715,2667.0,Northern Ireland,14.0,10,2010,2023,UKBMS,55.22990290760539,-6.407100435372113
3549,Sir Thomas and Lady Dixon Park,J307677,142579,523461,2094.0,Northern Ireland,5.0,2,2010,2011,UKBMS,54.540771123538,-5.981309408208305
3550,McIlroy Park,J292669,141016,522791,2063.0,Northern Ireland,5.0,2,2010,2011,UKBMS,54.53396783191368,-6.004819400037048
3551,Shaw's Bridge (Lagan Valley Regional Park),J326692,144600,524794,2149.0,Northern Ireland,5.0,8,2010,2023,UKBMS,54.55374528150363,-5.9513035269789265
3552,Woodland Trust (Lagan Valley Regional Park),J341696,146129,525064,1901.0,Northern Ireland,5.0,2,2010,2011,UKBMS,54.55693514413984,-5.927952178749015
3553,Garry Bog NR,C935302,110850,588937,1520.0,Northern Ireland,5.0,13,2011,2023,UKBMS,55.11023493930313,-6.535668207246925
3554,Magilligan Point NR,C661389,84282,599966,1450.0,Northern Ireland,7.0,11,2011,2023,UKBMS,55.192777772496484,-6.962885068937543
3555,Breen Oakwood,D121336,129681,590728,2390.0,Northern Ireland,8.0,18,2006,2023,UKBMS,55.1369067711364,-6.2430197572702735
3556,Killykeeghan & Crossmurrin Nature Reserve,H107341,20059,500178,2890.0,Northern Ireland,8.0,12,2011,2023,UKBMS,54.25566241988244,-7.836575720872472
3557,Giant's Causeway,C946443,113159,602898,1650.0,Northern Ireland,12.0,13,2011,2023,UKBMS,55.23663944378493,-6.513725060485205
3558,Cave Hill,J322788,145020,534394,4000.0,Northern Ireland,12.0,11,2013,2023,UKBMS,54.64002483809507,-5.95316649411923
3559,Murlough (single-species),J401341,149087,489177,4414.0,Northern Ireland,3.0,10,2014,2023,UKBMS,54.236626816106174,-5.852007495390498
3560,Portmore Lough,J105689,122549,526379,1200.0,Northern Ireland,8.0,6,2016,2023,UKBMS,54.55634706392413,-6.292799702144348
3561,Portmore Lough (Brannigans),J102678,122156,525308,917.0,Northern Ireland,7.0,5,2016,2023,UKBMS,54.546533730762995,-6.297848163870706
3562,Glasswater Wood,J446537,155238,508326,1197.0,Northern Ireland,6.0,3,2017,2019,UKBMS,54.41132701672067,-5.77355076394666
3563,Quoile Pondage,J513484,161463,502475,2000.0,Northern Ireland,9.0,4,2017,2021,UKBMS,54.361808443495114,-5.673142779022601
3564,Killard Nature Reserve (New),J606434,170304,496702,2405.0,Northern Ireland,10.0,1,2017,2017,UKBMS,54.31408543911402,-5.532903266993166
3565,Killard Nature Reserve (2018),J608433,170494,496586,2700.0,Northern Ireland,11.0,6,2018,2023,UKBMS,54.31313034214015,-5.529899127860178
3566,Mount Stewart - National Trust ? 01 ? South Fields,J561694,168033,522989,1440.0,Northern Ireland,5.0,6,2018,2023,UKBMS,54.54883924564322,-5.588314952256027
3567,Mount Stewart - National Trust - 02 - Ploughmans Hill,J550702,167005,523880,1600.0,Northern Ireland,6.0,6,2018,2023,UKBMS,54.556358563269065,-5.604881215795947
3568,Castle Ward (Temple Water),J573498,167560,503359,2100.0,Northern Ireland,9.0,4,2018,2023,UKBMS,54.372554381089294,-5.580191825427254
3569,Marble Arch,H121344,21481,500358,625.0,Northern Ireland,9.0,1,2018,2018,UKBMS,54.258324696031224,-7.815088667407965
3570,Colin Glen Forest Park,J272711,139381,527148,1100.0,Northern Ireland,6.0,2,2018,2019,UKBMS,54.572187939821056,-6.033882448676763
3571,Belvoir Top,J342694,146212,524856,1200.0,Northern Ireland,7.0,5,2019,2023,UKBMS,54.555111901770765,-5.926492392030624
3572,Crawfordsburn Country Park,J465821,159552,536462,3595.0,Northern Ireland,13.0,5,2019,2023,UKBMS,54.66570485037267,-5.7301975485015815
3573,Bog Meadows,J315726,143794,528276,1867.0,Northern Ireland,10.0,3,2019,2023,UKBMS,54.58455504594998,-5.966770091988368
3574,"Springhill House, National Trust",H867828,100010,542267,2000.0,Northern Ireland,8.0,5,2019,2023,UKBMS,54.68580744505156,-6.656440705728327
3575,Brackfield Wood,C504102,66161,572696,1800.0,Northern Ireland,10.0,4,2019,2023,UKBMS,54.93685336773824,-7.214446490018183
3576,Derrymore,J055279,114075,485936,2075.0,Northern Ireland,6.0,3,2020,2022,UKBMS,54.18924142432913,-6.384583234432077
3577,O'Neills Farm margins,J154837,128696,540712,1220.0,Northern Ireland,8.0,3,2021,2023,UKBMS,54.688138572991356,-6.211283005423091
3578,"Mullenakill, Peatlands Park",H893611,100750,520412,966.0,Northern Ireland,8.0,3,2021,2023,UKBMS,54.49048420225551,-6.6227314630465335
3579,Burntollet Wood,C507108,66512,573268,1721.0,Northern Ireland,12.0,2,2022,2023,UKBMS,54.94220677953173,-7.209654409967282
3580,Orlock Coastal Path,J564832,169509,536713,2194.0,Northern Ireland,6.0,2,2022,2023,UKBMS,54.67260769197909,-5.576331519192254
3581,Killeter Bog,H085821,21960,548256,1577.0,Northern Ireland,6.0,2,2022,2023,UKBMS,54.68690025779636,-7.868963149970568
3582,Ballymacricket,J148701,126937,527209,2202.0,Northern Ireland,6.0,1,2023,2023,UKBMS,54.566171858590224,-6.225908219010863
3583,Carnmoney Hill,J339826,147039,538036,2593.0,Northern Ireland,10.0,1,2023,2023,UKBMS,54.673693674259034,-5.925109090842986
3584,Castle Espie,J493671,161062,521277,1941.0,Northern Ireland,13.0,1,2023,2023,UKBMS,54.53024381623457,-5.694470221297183
3585,Drumkeeran,H201717,32644,536889,1450.0,Northern Ireland,3.0,1,2023,2023,UKBMS,54.593153474739324,-7.6898052447285945
3586,Montiaghs Moss,J092653,120946,522902,2457.0,Northern Ireland,6.0,1,2023,2023,UKBMS,54.524307435239415,-6.314220878981883
3587,Orloch Farm,J557832,168812,536773,1764.0,Northern Ireland,7.0,1,2023,2023,UKBMS,54.67282655900723,-5.587165676466152
3589,Reilly Wood NNR (PHS),H337255,42273,489642,63.0,Northern Ireland,7.0,1,2023,2023,UKBMS,54.177409648776234,-7.484660343007893
3590,Umbra,C726358,90496,596316,2411.0,Northern Ireland,11.0,1,2023,2023,UKBMS,55.164025308112066,-6.861642639359075
3591,The Argory,H874581,98600,517583,,Northern Ireland,7.0,1,2023,2023,UKBMS,54.46387187314911,-6.652928778386378
3601,Severn Valley Country Park,SJ753840,375300,384000,4000.0,England,8.0,1,2005,2005,UKBMS,53.35230323429145,-2.372530728558829
3602,Ravensgate Hill,SO980186,398000,218600,585.0,England,4.0,19,2005,2023,UKBMS,51.86597490924065,-2.0304509675038034
3603,West Malvern,SO765458,376500,245800,2860.0,England,13.0,18,2006,2023,UKBMS,52.11002208417351,-2.3445602165068227
3604,"Coombe Hill, Wotton-u-Edge, code 3604",ST764941,376400,194100,2020.0,England,11.0,18,2006,2023,UKBMS,51.645197611453845,-2.3424678971143833
3605,Titterells,SO477860,347700,286000,1960.0,England,8.0,4,2006,2009,UKBMS,52.46941802814758,-2.7713198276133837
3606,Old Hills Revised,SO826488,382600,248800,1960.0,England,10.0,14,2006,2023,UKBMS,52.13722016155888,-2.2556439247677083
3607,Gorsty Knoll,SO588088,358800,208800,2100.0,England,15.0,14,2007,2022,UKBMS,51.776342440397976,-2.59855656505946
3608,Lord's Wood,SO552151,355200,215100,2750.0,England,10.0,10,2006,2022,UKBMS,51.832704712803185,-2.6515479827803645
3609,Masts Reserve,SO993246,399300,224600,1480.0,England,12.0,17,2007,2023,UKBMS,51.919923472065456,-2.0115855503685602
3610,Haugh Woods North 2007,SO590370,359000,237000,3036.0,England,14.0,17,2007,2023,UKBMS,52.02988513059941,-2.599022230158017
3611,Eastnor,SO756381,375600,238100,2247.0,England,12.0,4,2008,2012,UKBMS,52.04075682048433,-2.3571484450539644
3612,Merbach Common,SO306447,330600,244700,2847.0,England,12.0,16,2008,2023,UKBMS,52.096269622441945,-3.014488740565025
3613,Bury Ditches,SO334839,333400,283900,3180.0,England,8.0,16,2007,2023,UKBMS,52.44898173618188,-2.9813756635346937
3614,Purslow Wood,SO368788,336800,278800,2550.0,England,5.0,6,2008,2013,UKBMS,52.403543176981685,-2.930389645908392
3615,Northhill Malvern,SO769474,376900,247400,2076.0,England,5.0,2,2007,2008,UKBMS,52.124423589838415,-2.338828681047168
3616,Radnor Wood,SO320812,332000,281200,2320.0,England,5.0,5,2007,2012,UKBMS,52.42453964513373,-3.0014212751683234
3617,Garway Hill Common,SO437251,343700,225100,5718.0,England,12.0,3,2007,2009,UKBMS,51.92156121794917,-2.820055465967046
3618,Hammerwich Hall Farm - an eco-farm,SK074070,407400,307000,2000.0,England,6.0,3,2009,2011,UKBMS,52.660671610205924,-1.8920284962523086
3619,Prees Heath Common Reserve,SJ560370,356000,337000,3631.0,England,12.0,15,2009,2023,UKBMS,52.92859276195037,-2.6559875399250323
3620,Trench Wood2,SO926587,392600,258700,2318.0,England,7.0,14,2009,2023,UKBMS,52.226451620303784,-2.109755564709648
3621,Tiddesley Wood,SO927453,392700,245300,1958.0,England,6.0,13,2009,2022,UKBMS,52.105981314709716,-2.1079987954000896
3622,Wrens Nest National Nature Reserve,SO937914,393700,291400,1830.0,England,11.0,18,2004,2023,UKBMS,52.52044208924091,-2.094277122113856
3623,Melrose Farm Meadows,SO816410,381600,241000,697.0,England,4.0,15,2009,2023,UKBMS,52.067062147803604,-2.2698306490040387
3624,Daneway Banks,SO936034,393600,203400,2568.0,England,10.0,1,2023,2023,UKBMS,51.72927778536141,-2.0940654926609947
3625,Lower Woods South,ST742865,374200,186500,2913.0,England,10.0,7,2015,2023,UKBMS,51.576768155678415,-2.373700013372922
3627,Strawberry Banks,SO910033,391000,203300,1157.0,England,10.0,10,2014,2023,UKBMS,51.72834243170986,-2.13170798062399
3628,"Clemcroft, Nr Hazler Hill",SO461924,346100,292400,600.0,England,7.0,19,2005,2023,UKBMS,52.526792077988,-2.7959090380118363
3629,Kilkenny,SP004186,400400,218600,1300.0,England,9.0,12,2010,2023,UKBMS,51.86597884561664,-1.9955963235435785
3630,Birches Farm & Cother Wood,SO760465,376000,246500,2970.0,England,15.0,1,2010,2010,UKBMS,52.11629375271309,-2.3519106244578025
3631,Feckenham Wylde Moor,SP011606,401100,260600,2204.0,England,6.0,14,2010,2023,UKBMS,52.243583644420355,-1.9853092748161352
3632,Hill Court Farm,SO825345,382500,234500,3300.0,England,9.0,14,2010,2023,UKBMS,52.00865295760217,-2.2563668212683283
3633,North Hill Malvern (2010),SO770470,377000,247000,2621.0,England,7.0,14,2010,2023,UKBMS,52.1208316410306,-2.3373408699541396
3634,Hurst Coppice,SO752795,375200,279500,1840.0,England,6.0,8,2010,2023,UKBMS,52.41293175007604,-2.3660301319580346
3635,Nagshead extension - meadows,SO607086,360700,208600,510.0,England,4.0,1,2011,2011,UKBMS,51.77468135593824,-2.5709966969407567
3636,Wilden Marsh,SO825730,382500,273000,1640.0,England,15.0,12,2011,2023,UKBMS,52.35478042753909,-2.2583668946429807
3637,Newtown Green and Meadow,SO872545,387200,254500,1309.0,England,9.0,4,2011,2014,UKBMS,52.18859209019113,-2.1886514550844294
3638,Lynton Moss,SJ789243,378900,324300,2187.0,England,8.0,1,2011,2011,UKBMS,52.81582262753229,-2.314509579237217
3639,Highgate Common,SO836895,383600,289500,3841.0,England,15.0,4,2011,2022,UKBMS,52.50314892799867,-2.243031697093393
3640,Avon Meadows Community Wetland,SO950465,395000,246500,1380.0,England,7.0,12,2011,2023,UKBMS,52.11679598452008,-2.0744354701600907
3641,Hartlebury Common and Charlton,SO824707,382400,270700,3098.0,England,15.0,11,2011,2022,UKBMS,52.33410003803343,-2.259713814882468
3642,Harper Adams,SJ204712,320400,371200,2661.0,Wales,12.0,1,2011,2011,UKBMS,53.23184763674056,-3.1939508908382304
3643,Bathpool Park,SJ836527,383600,352700,3161.0,England,14.0,13,2011,2023,UKBMS,53.071279424256815,-2.2462215095637177
3644,Rowley Hills. Land to south of Bury Hill Park,SO975896,397500,289600,2250.0,England,15.0,11,2011,2023,UKBMS,52.50429174119132,-2.038260047554235
3645,Pound Green Common,SO752787,375200,278700,900.0,England,11.0,13,2011,2023,UKBMS,52.405739844373166,-2.3659705617872775
3646,Queenswood Country Park,SO505515,350500,251500,3347.0,England,14.0,12,2012,2023,UKBMS,52.159542426345766,-2.7250182040303996
3647,Lower Kites Wood,SO978564,397800,256400,1293.0,England,9.0,11,2013,2023,UKBMS,52.20582019882706,-2.0336114090972894
3648,Hollybed Farm,SO778382,377800,238200,1722.0,England,12.0,11,2013,2023,UKBMS,52.041748785183955,-2.325080956248756
3649,The Leasowes,SO976838,397600,283800,2000.0,England,10.0,4,2013,2018,UKBMS,52.45215045130175,-2.0367430545774914
3650,Coombeswood Wedge,SO975848,397500,284800,1200.0,England,4.0,11,2013,2023,UKBMS,52.46113997330869,-2.0382223721990553
3651,Woodgate Valley,SP008833,400800,283300,3000.0,England,10.0,11,2013,2023,UKBMS,52.447660808987415,-1.9896566892661116
3652,Besford Court,SO914452,391400,245200,2000.0,England,12.0,10,2014,2023,UKBMS,52.10506330823699,-2.1269769757696184
3653,Stiperstones,SJ367002,336700,300200,3500.0,England,7.0,7,2016,2023,UKBMS,52.5958904583261,-2.9359366822588133
3656,Mottey Meadows NNR,SJ840134,384000,313400,1595.0,England,6.0,7,2014,2023,UKBMS,52.7180142623235,-2.238303807509673
3657,Highgate Common (2014 route),SO840900,384000,290000,2800.0,England,8.0,7,2014,2023,UKBMS,52.50765581674898,-2.2371632329906657
3658,"Cherry Orchard, Worcester",SO851529,385100,252900,400.0,England,1.0,3,2014,2016,UKBMS,52.17415435337471,-2.2192984516097924
3659,North Hill Balcony Malvern,SO768470,376800,247000,133.0,England,2.0,8,2014,2021,UKBMS,52.12082324224703,-2.3402619093715225
3660,Loynton Moss,SJ788246,378800,324600,1612.0,England,8.0,1,2014,2014,UKBMS,52.81851547544137,-2.316012864874521
3661,Aqualate Mere,SJ782204,378200,320400,1106.0,England,5.0,5,2014,2023,UKBMS,52.7807362561304,-2.3246341858981867
3662,Gawcombe North,SP207210,420700,221000,4525.0,England,12.0,2,2014,2015,UKBMS,51.887176965936156,-1.7006431732773566
3663,Gawcombe South,SP230214,423000,221400,4782.0,England,12.0,2,2014,2015,UKBMS,51.89068357490913,-1.6671990947057758
3664,Rough Bank,SO907087,390700,208700,2528.0,England,10.0,9,2014,2023,UKBMS,51.776889137590445,-2.1361977960910656
3665,Linear Park Cinderford,SO649134,364900,213400,3750.0,England,9.0,9,2015,2023,UKBMS,51.81811648571219,-2.5106141931435517
3666,Blackhouse Wood,SO733521,373300,252100,3000.0,England,5.0,8,2015,2023,UKBMS,52.16651489196969,-2.391782269317546
3667,Preston Montford Field Centre,SJ432143,343200,314300,2000.0,England,13.0,2,2017,2018,UKBMS,52.72335086714925,-2.8424224481788753
3668,Stoulton M & J Wood,SO912493,391200,249300,1057.0,England,8.0,5,2015,2019,UKBMS,52.1419210925944,-2.1300044580328534
3670,Moseley Green,SO633091,363300,209100,3270.0,England,9.0,9,2015,2023,UKBMS,51.77935373641183,-2.5333684390819737
3671,Loynton Moss (2015 route),SJ788242,378800,324200,1490.0,England,7.0,1,2015,2015,UKBMS,52.814919752837476,-2.3159867646235623
3672,The Bog,SO357978,335700,297800,1000.0,England,10.0,4,2015,2023,UKBMS,52.57420031785376,-2.9502307599783086
3673,Bellpit Meadows,SK004488,400400,348800,1113.0,England,10.0,4,2015,2018,UKBMS,53.03647718748451,-1.995485102953972
3674,Monkwood North,SO803608,380300,260800,2000.0,England,9.0,8,2016,2023,UKBMS,52.245025883573916,-2.2899500134879647
3675,Highnam Woods (new),SO778192,377800,219200,2724.0,England,10.0,8,2016,2023,UKBMS,51.870927073874185,-2.32384688320525
3676,Batch Valley 2 National Trust,SO445960,344500,296000,4625.0,England,9.0,3,2016,2020,UKBMS,52.55899129129251,-2.82009330545435
3677,Droitwich Woods,SO882626,388200,262600,1300.0,England,9.0,7,2016,2022,UKBMS,52.26143608645941,-2.1743092238167994
3679,Mortimer Forest (Vinnals),SO475732,347500,273200,2232.0,England,5.0,1,2017,2017,UKBMS,52.3543364917621,-2.7722506160245945
3680,Malvern Pinnacle Hill,SO769419,376900,241900,4300.0,England,7.0,7,2017,2023,UKBMS,52.074976482003215,-2.3384539282155115
3681,Malvern Poolbrook Common,SO786442,378600,244200,2970.0,England,3.0,7,2017,2023,UKBMS,52.09572312845312,-2.3137956030333644
3682,Lower Smite Farm,SO890590,389000,259000,1200.0,England,7.0,6,2017,2023,UKBMS,52.2290878227095,-2.1624695450266342
3683,Sandwell RSPB,SP034926,403400,292600,860.0,England,3.0,4,2017,2023,UKBMS,52.53125780636872,-1.951310346191385
3684,Walsall Old Golf Course,SP037984,403700,298400,2200.0,England,7.0,5,2017,2022,UKBMS,52.58339696190612,-1.9468252898287968
3685,Stowell Park Gardens,SP087130,408700,213000,1159.0,England,3.0,5,2017,2022,UKBMS,51.815563724916956,-1.875196493506999
3686,Sutton Park - Streetly Heath,SP091984,409100,298400,4000.0,England,9.0,7,2017,2023,UKBMS,52.58333454149737,-1.8671283559335494
3687,Joy's Wood,SP091820,409100,282000,3271.0,England,1.0,7,2017,2023,UKBMS,52.43590037003279,-1.8675713563944683
3688,Trittiford,SP097803,409700,280300,4845.0,England,1.0,7,2017,2023,UKBMS,52.42060716144891,-1.858794498405903
3689,Blackberry Way,SP099821,409900,282100,6416.0,England,1.0,7,2017,2023,UKBMS,52.43678563399073,-1.8558009465798426
3690,Budgehill,SP173120,417300,212000,2000.0,England,5.0,3,2017,2019,UKBMS,51.806374553038324,-1.7504906301935104
3691,Westonbirt Downs,ST847898,384700,189800,2550.0,England,12.0,2,2017,2018,UKBMS,51.60682424948735,-2.222327072051307
3692,Sheepscombe Common,SO894106,389400,210600,1430.0,England,10.0,5,2018,2022,UKBMS,51.793948640342435,-2.1550988006943452
3693,Bredon Hill (2018 route),SO945391,394500,239100,2800.0,England,8.0,4,2018,2021,UKBMS,52.05026101628408,-2.081615691603448
3694,Llynclys Common,SJ268234,326800,323400,2840.0,England,6.0,6,2018,2023,UKBMS,52.80316703284897,-3.0872354707792176
3695,Malvern Swinyard Hill,SO762388,376200,238800,3700.0,England,5.0,6,2018,2023,UKBMS,52.047076348778575,-2.348449977967925
3696,Bodenham Lake,SO525513,352500,251300,3050.0,England,9.0,6,2018,2023,UKBMS,52.15792059167429,-2.695756106858014
3697,Ifton Meadows,SJ317374,331700,337400,1633.0,England,7.0,5,2019,2023,UKBMS,52.92964204564312,-3.017506094531309
3698,Hartlebury Common,SO823708,382300,270800,3500.0,England,15.0,5,2019,2023,UKBMS,52.3349958085348,-2.261186660801671
3699,Shatterford Wood,SO802824,380200,282400,2640.0,England,12.0,5,2019,2023,UKBMS,52.43920739358828,-2.2926951871599015
3800,Sims Wood,SU408015,440800,101500,3280.0,England,9.0,28,1995,2023,UKBMS,50.81162043754643,-1.4222759518293555
3801,Portsdown (compartments 1-3),SU628067,462800,106700,1480.0,England,7.0,18,2005,2023,UKBMS,50.856412655291315,-1.1091644865123076
3802,Lakeside Eastleigh,SU446176,444600,117600,1000.0,England,6.0,17,2002,2018,UKBMS,50.956110134104804,-1.3663845316407917
3803,Testwood Lakes - Lakeside,SU351151,435100,115100,2795.0,England,4.0,19,2004,2023,UKBMS,50.93428527215726,-1.5018737994507507
3804,Testwood Lakes - North,SU343156,434300,115600,1788.0,England,9.0,20,2004,2023,UKBMS,50.93882925565471,-1.513211014424747
3805,Magdalen Hill Down North,SU508292,450800,129200,1000.0,England,8.0,19,2005,2023,UKBMS,51.059899659406675,-1.2764994583688303
3806,Waverley (Chilbolton),SU390392,439000,139200,100.0,England,1.0,22,1990,2015,UKBMS,51.15073665019507,-1.4437890206685136
3807,Wildgrounds Meadow,SU580010,458000,101000,,England,,1,2005,2005,UKBMS,50.80566108914953,-1.1782507779132219
3808,Wildgrounds Red Trail,SU580010,458000,101000,,England,,1,2005,2005,UKBMS,50.80566108914953,-1.1782507779132219
3809,Park Woood Cowplain,SU685104,468500,110400,100.0,England,1.0,3,2006,2008,UKBMS,50.889033920588304,-1.0275041613525333
3810,YOELLS COPSE,SU685128,468500,112800,1000.0,England,6.0,2,2006,2007,UKBMS,50.91061254991262,-1.0270546664097533
3814,Pilot Hill,SU398595,439800,159500,1600.0,England,10.0,17,2007,2023,UKBMS,51.333207543945534,-1.430101836558574
3815,Bramshott Common,SU857335,485700,133500,5000.0,England,9.0,17,2007,2023,UKBMS,51.09441554536005,-0.7775817750536088
3816,Hazleton Common (new),SU703121,470300,112100,1000.0,England,8.0,18,2006,2023,UKBMS,50.90410276764945,-1.0015909043033764
3817,St Catherine's Hill,SU482274,448200,127400,980.0,England,12.0,14,2007,2023,UKBMS,51.04393858791777,-1.313835647987354
3818,Swanmore Village,SU573165,457300,116500,2125.0,England,7.0,13,2005,2017,UKBMS,50.945099235817786,-1.1857596721181152
3819,Dibden Bottom (north),SU393071,439300,107100,720.0,England,4.0,17,2007,2023,UKBMS,50.86207942696763,-1.442966147611349
3820,Keeping Marsh,SU401011,440100,101100,2582.0,England,5.0,13,2006,2021,UKBMS,50.808072349532765,-1.4322544024238848
3822,Great Copse Woods,SU320287,432000,128700,1140.0,England,9.0,9,1989,2007,UKBMS,51.0567556716401,-1.5447932900404435
3823,Bushfield Camp 2,SU470275,447000,127500,,England,10.0,2,2006,2007,UKBMS,51.0449369381824,-1.330938615988811
3824,Southampton Old Cemetery,SU414136,441400,113600,1800.0,England,8.0,18,2006,2023,UKBMS,50.92038085097868,-1.412394833958882
3825,The HOLT-Soakfield Row and Broadwalk,SU709123,470900,112300,1710.0,England,6.0,16,2008,2023,UKBMS,50.90582771191714,-0.9930205505372305
3826,Danebury Hill Fort Hampshire,SU325377,432500,137700,2300.0,England,12.0,16,2008,2023,UKBMS,51.137653826571835,-1.5368521039815848
3827,Hocombe Mead 2,SU430227,443000,122700,814.0,England,7.0,16,2008,2023,UKBMS,51.00208939529388,-1.3885612297173822
3828,"Hillier Gardens, Ampfield",SU383235,438300,123500,1000.0,England,10.0,13,2007,2019,UKBMS,51.00961401291693,-1.4554555086806593
3829,Staunton Country Park,SU723093,472300,109300,2900.0,England,8.0,3,2008,2010,UKBMS,50.87868146986705,-0.9737057559107833
3830,Ashford Hill Woods & Meadows,SU564616,456400,161600,2650.0,England,6.0,16,2008,2023,UKBMS,51.35068733056043,-1.1915172140861616
3831,Sparsholt (Ower Wood & Grassland),SU419321,441900,132100,1305.0,England,7.0,15,2008,2023,UKBMS,51.08669214356069,-1.403152253363107
3832,Normandy Marshes,SZ332938,433200,93800,3800.0,England,10.0,6,2008,2013,UKBMS,50.74286388010733,-1.5308345245061679
3833,The Commons Roydon,SU315005,431500,100500,1000.0,England,14.0,18,2005,2023,UKBMS,50.803206789342696,-1.5543553866396267
3834,Testwood North Perimeter,SU344157,434400,115700,2550.0,England,10.0,12,2009,2021,UKBMS,50.939722518585,-1.5117784484614443
3835,Southwood Meadows,SU855553,485500,155300,1700.0,England,10.0,5,2010,2014,UKBMS,51.29042500696033,-0.775253254437835
3836,Spearywell Mottisfont,SU309270,430900,127000,2000.0,England,9.0,14,2010,2023,UKBMS,51.04152947882433,-1.5606323861588274
3837,"Down Grange Meadow, Kempshott",SU607497,460700,149700,840.0,England,4.0,14,2010,2023,UKBMS,51.24325529846491,-1.1317991455146927
3838,Jeffereys Copse,SU591493,459100,149300,1460.0,England,5.0,1,2010,2010,UKBMS,51.239826644546454,-1.154783809350488
3839,Janesmoor Plain,SU247133,424700,113300,1137.0,England,9.0,8,2010,2023,UKBMS,50.91863650031585,-1.6499910303834848
3840,Priors Hill Copse,SU468092,446800,109200,908.0,England,6.0,13,2011,2023,UKBMS,50.88040532158987,-1.336139610562273
3841,Lepe Country Park,SZ456987,445600,98700,1623.0,England,8.0,11,2011,2021,UKBMS,50.78608583991425,-1.3544987091227525
3842,Kings Copse,SU426017,442600,101700,2800.0,England,7.0,13,2011,2023,UKBMS,50.81328960707781,-1.3967061163871983
3843,Great Copse,SU320282,432000,128200,1554.0,England,9.0,11,2011,2023,UKBMS,51.05225973726842,-1.5448373412413012
3844,Shipton Bellinger (West),SU218456,421800,145600,3547.0,England,10.0,12,2012,2023,UKBMS,51.20919459023781,-1.6893090685462058
3845,Sunderton & South Lane Meadows (Clanfield),SU698163,469800,116300,1336.0,England,6.0,1,2012,2012,UKBMS,50.94192557253418,-1.0078979420941954
3846,BEAULIEU HEATH NORTH,SU350018,435000,101800,1400.0,England,7.0,12,2012,2023,UKBMS,50.81469647411536,-1.504565717601243
3847,Hawkhill,SU351019,435100,101900,3080.0,England,7.0,12,2012,2023,UKBMS,50.815589660315176,-1.5031368047116673
3848,Pondhead,SU307073,430700,107300,1738.0,England,6.0,12,2012,2023,UKBMS,50.86439677871302,-1.5651402379088157
3849,Standing Hat,SU315036,431500,103600,3119.0,England,6.0,12,2012,2023,UKBMS,50.831082759078434,-1.5540901686543305
3850,Warren Farm,SZ419972,441900,97200,2440.0,England,6.0,12,2012,2023,UKBMS,50.77287619226731,-1.407153160259106
3851,Browndown N2 12 section,SZ582996,458200,99600,2560.0,England,12.0,7,2013,2019,UKBMS,50.793052807753554,-1.1756342016954433
3852,Barton Common,SZ247932,424700,93200,2015.0,England,9.0,11,2013,2023,UKBMS,50.73789054373227,-1.6513389497225144
3854,Godshill,SU177161,417700,116100,3400.0,England,7.0,11,2013,2023,UKBMS,50.94407062046904,-1.7494361627228205
3855,Perrywood Ivy,SU320034,432000,103400,3200.0,England,10.0,11,2013,2023,UKBMS,50.82925698674636,-1.5470081482725557
3856,Magdalen Hill Down (Old Allotments),SU497293,449700,129300,1086.0,England,7.0,11,2013,2023,UKBMS,51.06089486228419,-1.292180608558114
3857,Trinley Estate,SU392495,439200,149500,4600.0,England,13.0,2,2013,2014,UKBMS,51.24333550531612,-1.4398082470303772
3858,Anton Lakes Local Nature Reserve,SU360469,436000,146900,2535.0,England,10.0,11,2013,2023,UKBMS,51.22016786278118,-1.4859094328640483
3859,Portchester Common,SU621067,462100,106700,1800.0,England,8.0,8,2013,2020,UKBMS,50.85648811038195,-1.119108180438382
3860,Hazeley Heath,SU756578,475600,157800,1400.0,England,14.0,1,2013,2013,UKBMS,51.31429879527471,-0.9166684641863958
3861,"Old Down, Basingstoke",SU597488,459700,148800,2250.0,England,13.0,11,2013,2023,UKBMS,51.23526885568865,-1.1462731014542065
3862,Ladies Walk Down,SU371447,437100,144700,1080.0,England,5.0,11,2013,2023,UKBMS,51.200316295937974,-1.4703864350565354
3863,Rooksbury Mill Local Nature Reserve,SU355445,435500,144500,1457.0,England,5.0,11,2013,2023,UKBMS,51.19861932825151,-1.4933052175579955
3864,Coulters Dean,SU747191,474700,119100,1000.0,England,6.0,7,2013,2023,UKBMS,50.96648664202268,-0.9375941478062634
3865,Tadburn Meadows Local Nature Reserve,SU369215,436900,121500,1085.0,England,6.0,11,2013,2023,UKBMS,50.99172154022323,-1.475612519228592
3866,Zionshill Copse Local Nature Reserve,SU419204,441900,120400,1853.0,England,6.0,11,2013,2023,UKBMS,50.98148928596682,-1.404501524168538
3867,Spearywell North,SU313281,431300,128100,2000.0,England,10.0,10,2013,2023,UKBMS,51.0513989879111,-1.5548324137118503
3868,LANGLEY WOOD (MARCHWOOD),SU358103,435800,110300,4150.0,England,10.0,1,2013,2013,UKBMS,50.89108068961558,-1.4923821861024122
3869,STAPLEWOOD FARM,SU370091,437000,109100,4150.0,England,10.0,1,2013,2013,UKBMS,50.880214855935044,-1.4754430103699785
3870,Normandy Marsh,SZ331944,433100,94400,2700.0,England,6.0,10,2014,2023,UKBMS,50.74826496899468,-1.5321980049043433
3871,Foxbury,SU296167,429600,116700,2660.0,England,10.0,9,2014,2023,UKBMS,50.94898004795609,-1.580010751710995
3872,Hale Purlieu,SU200186,420000,118600,1500.0,England,8.0,6,2014,2019,UKBMS,50.966476363598645,-1.7165625316019888
3873,Speltham Down,SU647149,464700,114900,1000.0,England,7.0,9,2014,2023,UKBMS,50.92993179967325,-1.080724794810825
3876,Broadley Inclosure,SZ252993,425200,99300,2520.0,England,8.0,10,2014,2023,UKBMS,50.792722967604384,-1.6438376527930065
3877,Hook Heath,SU645079,464500,107900,2000.0,England,11.0,10,2014,2023,UKBMS,50.86701544533147,-1.084804553448373
3878,Wendleholme (new),SU491075,449100,107500,1200.0,England,5.0,10,2014,2023,UKBMS,50.864928896161636,-1.3036769042967893
3879,Rockford Common,SU173089,417300,108900,2540.0,England,6.0,10,2014,2023,UKBMS,50.879338181932056,-1.7554686880772243
3880,Ibsley Common,SU173089,417300,108900,1980.0,England,4.0,10,2014,2023,UKBMS,50.879338181932056,-1.7554686880772243
3881,Broxhead Common,SU803373,480300,137300,2000.0,England,4.0,10,2014,2023,UKBMS,51.12935907542063,-0.8538320231720249
3882,Fields Heath,SU456018,445600,101800,610.0,England,4.0,1,2014,2014,UKBMS,50.813960964917044,-1.35411471707312
3883,RSPB Hazeley Heath North,SU748586,474800,158600,2553.0,England,14.0,8,2015,2023,UKBMS,51.321596504237746,-0.9279771849251105
3884,RSPB Hazeley Heath South,SU757579,475700,157900,2000.0,England,9.0,8,2015,2023,UKBMS,51.31518453335993,-0.9152127310677738
3885,Breamore,SU144200,414400,120000,3200.0,England,9.0,9,2015,2023,UKBMS,50.97923157375739,-1.796253806148672
3886,Portsdown SSSI East 7 - 10,SU657063,465700,106300,2037.0,England,9.0,9,2015,2023,UKBMS,50.852494522789065,-1.0680413088606477
3887,Holmsley,SU225004,422500,100400,2850.0,England,10.0,9,2015,2023,UKBMS,50.802725192460635,-1.6820766406448715
3888,Ridge Copse,SU347181,434700,118100,3000.0,England,9.0,9,2015,2023,UKBMS,50.96128535647547,-1.5072809130853655
3889,Hasley,SU195119,419500,111900,2850.0,England,6.0,9,2015,2023,UKBMS,50.90624545819799,-1.724039164623505
3890,Hollybank Woods Transect 1,SU745081,474500,108100,1000.0,England,6.0,9,2015,2023,UKBMS,50.86761337099452,-0.9426848980691729
3891,Mottisfont Park and Gardens,SU326270,432600,127000,2508.0,England,6.0,5,2015,2019,UKBMS,51.041435866404306,-1.5363852036752321
3892,Pondhead Wood,SU308070,430800,107000,2539.0,England,10.0,9,2015,2023,UKBMS,50.86169382295635,-1.5637444994636533
3893,Tidpit Common,SU067180,406700,118000,2700.0,England,9.0,9,2015,2023,UKBMS,50.96138658648311,-1.9059717837514198
3894,Morn Hill (Mound Meadow),SU518292,451800,129200,403.0,England,5.0,2,2015,2016,UKBMS,51.05981050617625,-1.2622314833480723
3895,Manor Farm & Country Park,SU490112,449000,111200,1000.0,England,1.0,1,2015,2015,UKBMS,50.8982068670619,-1.304602890670239
3896,Fields Heath,SU451023,445100,102300,3200.0,England,10.0,9,2015,2023,UKBMS,50.81849599944578,-1.3611500051563654
3897,Mockbeggar,SU158088,415800,108800,2997.0,England,10.0,8,2016,2023,UKBMS,50.878481612411264,-1.7767937127700908
3898,Magdalen Hill Down (Tree & Shrub East),SU510293,451000,129300,767.0,England,5.0,8,2016,2023,UKBMS,51.06078111013542,-1.273631792855132
3899,Pitt Down,SU417293,441700,129300,1282.0,England,8.0,8,2016,2023,UKBMS,51.06153008940326,-1.406329670543024
3900,Bubbenhall Meadow,SP373717,437300,271700,1214.0,England,5.0,16,2008,2023,UKBMS,52.342115630237785,-1.4539223138731818
3901,Bubbenhall Wood,SP369717,436900,271700,1112.0,England,5.0,16,2008,2023,UKBMS,52.34214260416053,-1.4597933538328975
3902,HARBURY SPOILBANK NORTH,SP385602,438500,260200,780.0,England,3.0,16,2008,2023,UKBMS,52.23865009626817,-1.437619361034287
3903,Ryton Meadows Bund (Species),SP376727,437600,272700,504.0,England,1.0,16,2008,2023,UKBMS,52.351084955348576,-1.4494074215365915
3904,STOCKTON,SP439649,443900,264900,1420.0,England,4.0,10,2008,2020,UKBMS,52.280498820595255,-1.3579362996910944
3905,Ufton Fields,SP381615,438100,261500,1150.0,England,4.0,2,2008,2009,UKBMS,52.25036470471251,-1.4433305592824828
3906,Wappenbury Wood,SP379710,437900,271000,923.0,England,5.0,16,2008,2023,UKBMS,52.33578179589387,-1.4451944943445643
3907,Weston and Waverley Woods,SP355707,435500,270700,1250.0,England,5.0,3,2008,2010,UKBMS,52.333244909895924,-1.4804473765706978
3908,RSPB Middleton Lakes 1 (old),SP195984,419500,298400,1303.0,England,4.0,3,2009,2011,UKBMS,52.58306321950995,-1.7136393633031106
3909,RSPB Middleton Lakes 2 (old),SP202989,420200,298900,1179.0,England,3.0,3,2009,2011,UKBMS,52.58753265065425,-1.7032781478269803
3910,Hartshill Hayes,SP321939,432100,293900,3728.0,England,8.0,2,2009,2010,UKBMS,52.54201514794129,-1.5281202524793283
3911,Deans Green,SP132682,413200,268200,600.0,England,3.0,14,2010,2023,UKBMS,52.311754635987285,-1.8078016862066428
3912,Welches Meadow,SP326658,432600,265800,1230.0,England,8.0,10,2010,2019,UKBMS,52.28937375435049,-1.5234772797381428
3913,Draycote Water,SP466693,446600,269300,1232.0,England,4.0,13,2011,2023,UKBMS,52.31983134147286,-1.317755364006208
3914,Ufton Fields NR (2011 route),SP378615,437800,261500,2169.0,England,7.0,13,2011,2023,UKBMS,52.25038533212863,-1.4477247410143341
3915,Ryton Pools Country Park,SP374725,437400,272500,962.0,England,6.0,13,2011,2023,UKBMS,52.349300643393455,-1.452365741576416
3916,South Cubbington,SP349689,434900,268900,1566.0,England,8.0,1,2012,2012,UKBMS,52.31710157213579,-1.4894384239710468
3917,Lighthorne Quarry,SP345565,434500,256500,350.0,England,6.0,3,2011,2013,UKBMS,52.20565145906437,-1.4965694815085289
3918,Brandon Marsh,SP385755,438500,275500,1848.0,England,8.0,11,2012,2023,UKBMS,52.3761938463602,-1.435874597733266
3919,Brandon Wood,SP394766,439400,276600,2900.0,England,10.0,12,2012,2023,UKBMS,52.38601865938216,-1.42252573125054
3920,Coombe Abbey Country Park Meadows,SP401796,440100,279600,1300.0,England,4.0,12,2012,2023,UKBMS,52.412936816318826,-1.4118830046659405
3921,Coombe Abbey Country Park Poolside,SP392789,439200,278900,2340.0,England,4.0,12,2012,2023,UKBMS,52.40670912825142,-1.425195683035848
3922,Coombe Abbey Country Park Woodland,SP395799,439500,279900,2055.0,England,7.0,12,2012,2023,UKBMS,52.415677220942335,-1.4206682814284461
3923,Drayote Water Treatment,SP453703,445300,270300,1030.0,England,6.0,12,2012,2023,UKBMS,52.32892949001102,-1.3366918460782264
3924,Hampton Wood,SP254600,425400,260000,2181.0,England,9.0,13,2011,2023,UKBMS,52.23760965236654,-1.629467307584403
3925,Long Itchington (SUSTRANS),SP408646,440800,264600,231.0,England,4.0,12,2012,2023,UKBMS,52.27804008276729,-1.4034094223887599
3926,New Hall Valley Country Park,SP134946,413400,294600,3300.0,England,10.0,2,2012,2013,UKBMS,52.54908534165731,-1.8038185450925852
3927,Southam Old Quarry,SP420642,442000,264200,1350.0,England,9.0,12,2012,2023,UKBMS,52.2743540591196,-1.3858716119150685
3928,Sutton Park Banners Gate,SP092956,409200,295600,,England,1.0,1,2012,2012,UKBMS,52.55816145540417,-1.8657292411562896
3929,Sutton Park Blackroot,SP103975,410300,297500,470.0,England,2.0,2,2012,2013,UKBMS,52.57522258963005,-1.8494456450772605
3930,Sutton Park Bracebridge,SP103976,410300,297600,410.0,England,2.0,2,2012,2013,UKBMS,52.576121567686435,-1.8494425711843696
3931,Sutton Park Gun Targets,SP088966,408800,296600,100.0,England,1.0,2,2012,2013,UKBMS,52.5671577948743,-1.8716031349018691
3932,Sutton Park Little Bracebridge,SP095984,409500,298400,,England,1.0,2,2012,2013,UKBMS,52.583327784326414,-1.8612248929164648
3933,Sutton Park Lower Longmoor,SP094961,409400,296100,100.0,England,1.0,2,2012,2013,UKBMS,52.5626529844477,-1.8627652004806607
3934,Sutton Park Lower Nut Hurst,SP103967,410300,296700,120.0,England,1.0,2,2012,2013,UKBMS,52.568030760227884,-1.8494702303654014
3935,Sutton Park Streetly Heath,SP090982,409000,298200,,England,1.0,1,2012,2012,UKBMS,52.58153822928756,-1.8686095872828303
3936,RSPB Middleton Lakes 1,SP193982,419300,298200,2432.0,England,8.0,11,2012,2023,UKBMS,52.58127237480596,-1.7166026335320765
3937,RSPB Middleton Lakes 2,SP202989,420200,298900,2410.0,England,5.0,11,2012,2023,UKBMS,52.58753265065425,-1.7032781478269803
3938,Weston and Waverley Woods (2013 route),SP353700,435300,270000,4700.0,England,11.0,11,2013,2023,UKBMS,52.32696489755006,-1.4834555888798893
3939,Fenny Compton Tunnels,SP438522,443800,252200,1663.0,England,9.0,11,2013,2023,UKBMS,52.166336441577585,-1.3610421456924846
3940,Swift Valley Country Park,SP505775,450500,277500,2730.0,England,9.0,11,2013,2023,UKBMS,52.393200260973906,-1.2593126111224247
3941,Tasker's Meadow,SP438651,443800,265100,710.0,England,5.0,10,2014,2023,UKBMS,52.28230471713899,-1.3593760800362142
3942,Binswood Allotments,SP307668,430700,266800,966.0,England,8.0,10,2014,2023,UKBMS,52.29847276129034,-1.5512411667653516
3943,Old Nun Wood,SP382709,438200,270900,480.0,England,4.0,9,2015,2023,UKBMS,52.33486207544589,-1.4408031890481026
3944,Ashlawn Cutting,SP516731,451600,273100,3634.0,England,9.0,8,2016,2023,UKBMS,52.35354483443546,-1.243824892286024
3946,Stockton Locks,SP433648,443300,264800,1070.0,England,7.0,2,2016,2017,UKBMS,52.27964731572407,-1.366743301846523
3948,Charlecote Place's & Hill Park,SP260566,426000,256600,1970.0,England,5.0,7,2016,2023,UKBMS,52.20701523799092,-1.6209414102656208
3949,Southam Bypass North,SP421626,442100,262600,815.0,England,4.0,8,2016,2023,UKBMS,52.25996280782141,-1.3846052104161175
3950,Charlecote Gardens,SP259563,425900,256300,1100.0,England,7.0,7,2016,2023,UKBMS,52.20432287090507,-1.622427592898472
3951,Newton Cutting,SP531787,453100,278700,965.0,England,11.0,2,2016,2017,UKBMS,52.403741900292445,-1.2209186670694456
3952,Blue Lias Meadows,SP426647,442600,264700,780.0,England,9.0,2,2016,2017,UKBMS,52.2788028906542,-1.3770156176577797
3953,Charlecote West Park,SP259562,425900,256200,2217.0,England,7.0,7,2016,2023,UKBMS,52.203423852341466,-1.6224352070524555
3956,Haseley Gathering Grounds,SP235684,423500,268400,2015.0,England,7.0,3,2016,2018,UKBMS,52.31321056498891,-1.656707439033804
3957,Haseley Mill,SP235684,423500,268400,822.0,England,8.0,3,2016,2018,UKBMS,52.31321056498891,-1.656707439033804
3958,Fenny Compton Tunnels Copse,SP434524,443400,252400,519.0,England,4.0,8,2016,2023,UKBMS,52.1681659344044,-1.366864417843853
3960,Weston & Waverley (Purple Emperor),SP354702,435400,270200,200.0,England,1.0,7,2016,2023,UKBMS,52.328756441287624,-1.481967334259045
3961,Hay Wood,SP208710,420800,271000,2152.0,England,9.0,3,2017,2021,UKBMS,52.33669310898441,-1.6961523824966087
3962,Foundry Wood,SP310653,431000,265300,414.0,England,2.0,3,2017,2019,UKBMS,52.28497102822429,-1.5469796638075173
3963,Sun Rising Natural Burial Ground,SP350459,435000,245900,1000.0,England,10.0,7,2017,2023,UKBMS,52.11032503376871,-1.490342160740865
3964,Wolvey Meadows,SP423879,442300,287900,1196.0,England,7.0,5,2017,2022,UKBMS,52.48738424189911,-1.3784920643987024
3965,Wolvey Old Cricket Field,SP430881,443000,288100,404.0,England,3.0,4,2017,2021,UKBMS,52.489127550245726,-1.3681583398815063
3966,Stockton Cutting (New),SP439649,443900,264900,814.0,England,3.0,7,2017,2023,UKBMS,52.280498820595255,-1.3579362996910944
3967,Malpass,SP487759,448700,275900,1583.0,England,12.0,7,2017,2023,UKBMS,52.378979920020264,-1.2859938893615168
3968,Ettington Cutting North,SP264491,426400,249100,1008.0,England,3.0,6,2018,2023,UKBMS,52.13956961646774,-1.6156691593039405
3969,Packwood House,SP174722,417400,272200,2427.0,England,12.0,6,2018,2023,UKBMS,52.3475988762612,-1.7459900735842535
3970,Ettington Cutting South,SP264486,426400,248600,611.0,England,4.0,6,2018,2023,UKBMS,52.13507447611721,-1.6157078177657251
3971,HoEF Noleham A,SP144484,414400,248400,1075.0,England,4.0,6,2018,2023,UKBMS,52.13371694540129,-1.7910360953266982
3972,HoEF Noleham B,SP144490,414400,249000,330.0,England,2.0,6,2018,2023,UKBMS,52.13911120014128,-1.7910108850819748
3973,HoEF Noleham C,SP142491,414200,249100,800.0,England,4.0,6,2018,2023,UKBMS,52.140015377550675,-1.7939290089678488
3974,Southam Bypass South,SP418611,441800,261100,131.0,England,2.0,6,2018,2023,UKBMS,52.24650093287863,-1.38918546681686
3975,Napton Church Meadow,SP462613,446200,261300,724.0,England,4.0,6,2018,2023,UKBMS,52.24794801093751,-1.3247170905502763
3976,Napton Church,SP463612,446300,261200,202.0,England,4.0,6,2018,2023,UKBMS,52.247040658878994,-1.3232661495527307
3977,HoEF Alne Wood,SP107614,410700,261400,1500.0,England,7.0,5,2019,2023,UKBMS,52.25067496657632,-1.8446855782539482
3978,HoEF Alne Park,SP105612,410500,261200,548.0,England,4.0,5,2019,2023,UKBMS,52.2488807218382,-1.8476213290595564
3979,HoEF Alne Plantations,SP103612,410300,261200,444.0,England,3.0,5,2019,2023,UKBMS,52.24888445989963,-1.8505508123032897
3980,HoEF Coughton Park,SP064608,406400,260800,2300.0,England,5.0,5,2019,2023,UKBMS,52.24534670226245,-1.9076832895384557
3981,Newton Cutting,SP531787,453100,278700,750.0,England,8.0,5,2019,2023,UKBMS,52.403741900292445,-1.2209186670694456
3982,Newton Cutting South,SP529785,452900,278500,620.0,England,4.0,5,2019,2023,UKBMS,52.401963377644364,-1.2238896754923902
3983,HoEF College Wood,SP082636,408200,263600,2186.0,England,5.0,4,2020,2023,UKBMS,52.27049598320186,-1.8812529356619458
3984,HoEF Morgrove Coppice,SP098627,409800,262700,290.0,England,2.0,4,2020,2023,UKBMS,52.26237889776409,-1.857831494034035
3985,HoEF Spernal Park,SP101626,410100,262600,1600.0,England,7.0,4,2020,2023,UKBMS,52.26147450716139,-1.8534388927693828
3986,HoEF Spernal Plantations,SP098629,409800,262900,1350.0,England,5.0,4,2020,2023,UKBMS,52.264176950182495,-1.8578257542519234
3987,HoEF Netherstead Options Field,SP105642,410500,264200,1350.0,England,4.0,4,2020,2023,UKBMS,52.27585149990787,-1.847529014480092
3988,HoEF Netherstead Plantations,SP109638,410900,263800,1650.0,England,7.0,2,2020,2021,UKBMS,52.27224770270052,-1.8416792857530366
3989,HoEF Bannam's Wood,SP112639,411200,263900,650.0,England,3.0,4,2020,2023,UKBMS,52.27314076016366,-1.8372794666454337
3990,Luddington Nature Reserve,SP160528,416000,252800,333.0,England,3.0,3,2021,2023,UKBMS,52.173230955815086,-1.7674550248052663
3991,Compton Verney Old Town Meadow onwards,SP313528,431300,252800,2437.0,England,7.0,2,2022,2023,UKBMS,52.17257837636063,-1.5437347624870676
3992,HOEF Gorcott Hill Grassland,SP089678,408900,267800,860.0,England,5.0,2,2022,2023,UKBMS,52.30824419828303,-1.8708852467971713
3993,HoEF Oak Wood,SP098696,409800,269600,1545.0,England,7.0,2,2022,2023,UKBMS,52.32441138744653,-1.85763312206574
3995,Ladywalk NR,SP213917,421300,291700,3349.0,England,8.0,2,2022,2023,UKBMS,52.52276499232342,-1.6875020560860416
3996,Ryton Pools Country Park: Offsetting Meadow 1,SP369723,436900,272300,818.0,England,5.0,2,2022,2023,UKBMS,52.347536463188625,-1.4597276400826087
3997,HoEF Newnham,SP155596,415500,259600,1508.0,England,6.0,2,2022,2023,UKBMS,52.234379241160205,-1.7744573407569162
3998,HoEF Gorcott Hill Woodland,SP091679,409100,267900,1006.0,England,6.0,2,2022,2023,UKBMS,52.30913998179688,-1.8679491748995545
3999,HoEF Colletts Farm,SP126503,412600,250300,1673.0,England,7.0,2,2022,2023,UKBMS,52.15084236418959,-1.8172635597021165
4000,BRONZEFIELD,TQ055715,505500,171500,2020.0,England,8.0,3,2008,2010,UKBMS,51.43268960448873,-0.48373556420697494
4001,Great Ashby Park,TL267269,526700,226900,,England,9.0,2,2008,2009,UKBMS,51.92620778151102,-0.15883546946648155
4002,Waterford Heath South,TL317149,531700,214900,1985.0,England,7.0,16,2008,2023,UKBMS,51.81721791884876,-0.09073711218782478
4003,Wingrave Road to Marshcroft Lane,SP926127,492600,212700,10250.0,England,5.0,4,2009,2012,UKBMS,51.80528205609335,-0.658372869953489
4004,Butterfly World,TL127043,512700,204300,3150.0,England,8.0,7,2009,2016,UKBMS,51.72610208442363,-0.3696892737044932
4005,Hounslow Heath,TQ121749,512100,174900,1000.0,England,10.0,4,2010,2013,UKBMS,51.46198280224829,-0.38775551669840164
4006,Templewood - Muddy Bottom to Pentley Park Entrance,TL235142,523500,214200,300.0,England,6.0,7,2010,2016,UKBMS,51.812797721631476,-0.20988498476022535
4007,Sherrards Park Wood - Red Lion to Reddings,TL224140,522400,214000,800.0,England,7.0,7,2010,2016,UKBMS,51.81124210197919,-0.22590412346046154
4008,Sherrards Park Wood Reddings - 2010 route,TL230135,523000,213500,500.0,England,4.0,6,2010,2016,UKBMS,51.80661721792709,-0.2173825202371612
4009,Heartwood Forest,TL163109,516300,210900,4150.0,England,7.0,14,2010,2023,UKBMS,51.784683146633874,-0.31538524798142376
4010,Northaw Great Wood Middleway,TL280040,528000,204000,662.0,England,4.0,2,2011,2012,UKBMS,51.720125648705086,-0.14839776246312866
4011,Northaw Great Wood Bridleway (single section),TL285043,528500,204300,519.0,England,1.0,2,2011,2012,UKBMS,51.722707334418274,-0.14105299748975367
4012,Tring Park (9 sections),SP927100,492700,210000,900.0,England,9.0,10,2011,2023,UKBMS,51.78099644404708,-0.6576436327398311
4013,Lake Farm Country Park,TQ090804,509000,180400,1000.0,England,8.0,11,2011,2022,UKBMS,51.51202225563859,-0.43066434948415094
4014,Bedfont Lakes (shortened route),TQ080724,508000,172400,1400.0,England,14.0,3,2011,2013,UKBMS,51.440308546120455,-0.4475120053862911
4015,Lakeside Nature Reserve,SP922124,492200,212400,300.0,England,1.0,11,2011,2021,UKBMS,51.802651512308664,-0.6642522869449562
4016,Parkland Walk South,TQ289879,528900,187900,1394.0,England,6.0,7,2012,2018,UKBMS,51.57523727790448,-0.14130344092529673
4017,Dane Farm Field Kimpton,TL153173,515300,217300,,England,15.0,1,2012,2012,UKBMS,51.842407672039165,-0.3277479670762868
4018,Sherrards Park Wood (six ways mid section),TL230134,523000,213400,100.0,England,1.0,5,2012,2016,UKBMS,51.80571855418666,-0.21741797283658534
4019,Harpenden Common,TL137134,513700,213400,1000.0,England,10.0,11,2011,2023,UKBMS,51.80768518990747,-0.35224203095890105
4020,Stocker's Lake 2012,TQ045935,504500,193500,3150.0,England,12.0,12,2012,2023,UKBMS,51.63061754052813,-0.49159426412391893
4021,Roughdown Common (Lower),TL048055,504800,205500,1370.0,England,10.0,12,2012,2023,UKBMS,51.73841823257278,-0.4836626275182516
4022,Gravel Hill,TL216170,521600,217000,,England,15.0,11,2013,2023,UKBMS,51.83837663618725,-0.23645014493872157
4023,St James's Park / Green Park,TQ295798,529500,179800,3310.0,England,12.0,10,2013,2023,UKBMS,51.50230816980083,-0.13562718270804477
4024,Walpole Park,TQ173802,517300,180200,975.0,England,10.0,6,2013,2020,UKBMS,51.508564336741145,-0.31117881377824813
4025,Wormwood Scrubs,TQ224818,522400,181800,2280.0,England,13.0,1,2013,2013,UKBMS,51.52186323967075,-0.23717283226575747
4026,Denis Bland Nature Reserve,TQ235969,523500,196900,190.0,England,11.0,1,2013,2013,UKBMS,51.65732737784202,-0.2160179387748544
4027,Danemead Nature Reserve,TL346079,534600,207900,1300.0,England,9.0,11,2013,2023,UKBMS,51.75362697686383,-0.051403330529103494
4028,Broxbourne Wood,TL324072,532400,207200,1700.0,England,8.0,2,2014,2015,UKBMS,51.74786057973505,-0.08352241721786674
4029,Panshanger Park,TL299124,529900,212400,4390.0,England,10.0,1,2014,2014,UKBMS,51.795173453753776,-0.11777176446029239
4030,Great Ashby Park 2014,TL267267,526700,226700,800.0,England,7.0,1,2014,2014,UKBMS,51.92441054878965,-0.15890901596679322
4031,Tottenham Wildmarsh West,TQ351905,535100,190500,1750.0,England,7.0,6,2014,2023,UKBMS,51.59715085546407,-0.050889065991526504
4032,Fir and Pond Woods,TL277006,527700,200600,2500.0,England,7.0,1,2014,2014,UKBMS,51.68963995931751,-0.15398246106440316
4034,Sherrardspark Wood - Sefton,TL228138,522800,213800,1000.0,England,3.0,2,2014,2016,UKBMS,51.80935713275732,-0.22017566006911538
4035,Halsey Field,TL042088,504200,208800,1810.0,England,8.0,9,2015,2023,UKBMS,51.76819023617716,-0.49136076077222435
4036,Batford Springs,TL145150,514500,215000,2000.0,England,10.0,3,2015,2019,UKBMS,51.82190161836095,-0.34011538896634597
4037,Heartwood Forest - Transect 2,TL171123,517100,212300,3100.0,England,5.0,9,2015,2023,UKBMS,51.79709836601464,-0.3033209085429796
4038,Panshanger - Arable field west,TL298129,529800,212900,500.0,England,3.0,3,2015,2017,UKBMS,51.79968972583456,-0.1190340090531061
4039,Panshanger - Lady Hughes Wood,TL300125,530000,212500,500.0,England,4.0,6,2015,2023,UKBMS,51.79604885711798,-0.11628509834931791
4040,Panshanger - Rifle Butts,TL299122,529900,212200,500.0,England,4.0,6,2015,2023,UKBMS,51.793376222648334,-0.11784659830599806
4041,Panshanger - Chisel Shelf,TL294121,529400,212100,500.0,England,3.0,5,2015,2023,UKBMS,51.79259338395859,-0.12512969739833435
4042,London Zoo,TQ281834,528100,183400,1600.0,England,5.0,5,2015,2019,UKBMS,51.53497928006926,-0.15447897615438638
4043,Pinn Meadow,TQ094880,509400,188000,1300.0,England,5.0,2,2015,2023,UKBMS,51.58025373556028,-0.4225420613575154
4044,Totteridge Fields,TQ222940,522200,194000,1065.0,England,6.0,7,2016,2023,UKBMS,51.63154900721456,-0.23581367558378744
4045,Hedgeswood Common to Hoo Wood,TL031131,503100,213100,2250.0,England,9.0,8,2016,2023,UKBMS,51.807041901905194,-0.5060195576084833
4046,Broxbourne west ride,TL325070,532500,207000,800.0,England,2.0,8,2016,2023,UKBMS,51.746039753128116,-0.0821508664341439
4047,Harmondsworth Moor,TQ050775,505000,177500,3000.0,England,15.0,1,2016,2016,UKBMS,51.48671278842356,-0.4891459075539701
4048,Aldbury Nowers N1,SP949138,494900,213800,230.0,England,4.0,8,2016,2023,UKBMS,51.814784118878585,-0.6247240186023988
4050,Bencroft Field,TL330062,533000,206200,300.0,England,1.0,8,2016,2023,UKBMS,51.738732592853836,-0.07521837376747997
4051,London Zoo Car Park,TQ283836,528300,183600,780.0,England,4.0,7,2016,2023,UKBMS,51.536731251234656,-0.15152422306990887
4052,Knebworth Woods,TL227227,522700,222700,1800.0,England,5.0,7,2017,2023,UKBMS,51.88935966495072,-0.21846993488769953
4053,Wolf Fields,TQ128786,512800,178600,317.0,England,1.0,1,2017,2017,UKBMS,51.495099062237145,-0.3765033051101565
4054,Osterley Park,TQ145780,514500,178000,1748.0,England,7.0,6,2018,2023,UKBMS,51.489365018986305,-0.3522199886061481
4055,Long Deans Nature Reserve,TL074048,507400,204800,1870.0,England,10.0,1,2019,2019,UKBMS,51.73163512227977,-0.44623934235123425
4056,Chorleywood Common 2019,TQ029958,502900,195800,3500.0,England,15.0,5,2019,2023,UKBMS,51.65158502637216,-0.5140268508154753
4058,Northaw Great Wood Bridleway,TL282039,528200,203900,1900.0,England,6.0,2,2019,2020,UKBMS,51.71918136871973,-0.14554084720058505
4059,Northaw Great Wood Middleway,TL280043,528000,204300,900.0,England,5.0,2,2019,2020,UKBMS,51.722821575839276,-0.14828762008887922
4060,Alexandra Park,TQ302903,530200,190300,1600.0,England,6.0,5,2019,2023,UKBMS,51.59650640966371,-0.1216652904184254
4061,Norton Common LGC,TL218333,521800,233300,1971.0,England,15.0,3,2020,2022,UKBMS,51.98481369726441,-0.22779124880545393
4062,Greenwood Park,TL139051,513900,205100,2000.0,England,9.0,3,2021,2023,UKBMS,51.73304977096988,-0.3520614878387508
4063,London Zoo amended 2021,TQ281834,528100,183400,,England,4.0,3,2021,2023,UKBMS,51.53497928006926,-0.15447897615438638
4064,Greater Stanmore Country Park,TQ171932,517100,193200,3096.0,England,11.0,3,2021,2023,UKBMS,51.62544269242713,-0.3097320066222387
4065,Highgate Cemetery West,TQ284870,528400,187000,1374.0,England,6.0,3,2021,2023,UKBMS,51.56726328400505,-0.14884322386829835
4066,Highgate Cemetery East,TQ286869,528600,186900,1412.0,England,5.0,3,2021,2023,UKBMS,51.566319086388525,-0.14599581228162306
4067,Golders Hill Park,TQ256868,525600,186800,1257.0,England,5.0,2,2021,2022,UKBMS,51.56609592890704,-0.18929099674347002
4068,Hampstead Heath Highgate Ponds,TQ275867,527500,186700,,England,9.0,2,2021,2023,UKBMS,51.564771284679516,-0.16192991109401977
4069,Marble Hill Park,TQ173736,517300,173600,1189.0,England,7.0,1,2021,2021,UKBMS,51.44924622479269,-0.31336835937166196
4070,Mount Vernon Cancer Centre,TQ077917,507700,191700,795.0,England,8.0,2,2021,2022,UKBMS,51.61383641217084,-0.44593191072010746
4071,Chadwell Bank,TL349136,534900,213600,900.0,England,4.0,2,2022,2023,UKBMS,51.80477394244935,-0.0448468750542212
4072,Panshanger - Great Oak,TL288130,528800,213000,1387.0,England,3.0,2,2022,2023,UKBMS,51.800819337148404,-0.13349063623326038
4073,Westbrook Hay Fields,TL030058,503000,205800,2283.0,England,5.0,2,2022,2023,UKBMS,51.74144796493999,-0.5096323498972362
4074,Bovingdon Brickworks,TL007029,500700,202900,1681.0,England,5.0,2,2022,2023,UKBMS,51.715799715214416,-0.5437697640910872
4075,Gladstone Park,TQ223857,522300,185700,2399.0,England,7.0,2,2022,2023,UKBMS,51.55693475768334,-0.23725972783367064
4076,Panshanger- Cole Green,TL280122,528000,212200,716.0,England,4.0,2,2022,2023,UKBMS,51.79381381533033,-0.14538100593379438
4077,Wormwood Scrubs,TQ223817,522300,181700,3123.0,England,15.0,2,2022,2023,UKBMS,51.520986162787565,-0.23864813064398666
4078,Panshanger- Brocket Hill,TL283127,528300,212700,1728.0,England,4.0,2,2022,2023,UKBMS,51.798238285959464,-0.14084862429137263
4079,Bunchley's Pond,TL226065,522600,206500,2359.0,England,8.0,2,2022,2023,UKBMS,51.74379795285679,-0.22565037779448865
4080,Kempton Nature Reserve,TQ117709,511700,170900,,England,4.0,2,2022,2023,UKBMS,51.42610973500312,-0.3947719849840428
4081,"St Mary's, Standon churchyard",TL396222,539600,222200,799.0,England,9.0,1,2023,2023,UKBMS,51.880895051456505,0.026743612481534066
4082,Kenwood 2023,TQ270873,527000,187300,2030.0,England,8.0,1,2023,2023,UKBMS,51.570276057644044,-0.16892289991009246
4083,Hampstead Heath Highgate Ponds 2022,TQ275869,527500,186900,2331.0,England,9.0,1,2023,2023,UKBMS,51.56656863113358,-0.16185742567902073
4200,Castle Semple Country Park,NS367600,236700,660000,3207.0,Scotland,10.0,14,2010,2023,UKBMS,55.80559173081957,-4.607098205903562
4201,Earshaig,NT048026,304800,602600,1200.0,Scotland,12.0,5,2010,2015,UKBMS,55.30824774299448,-3.5013138781904356
4202,Glasdrum Mountain Ringlet,NM996463,199600,746300,2000.0,Scotland,2.0,16,2002,2022,UKBMS,56.56575153802322,-5.263195849363722
4203,Greenock Cut,NS247720,224700,672000,2300.0,Scotland,12.0,14,2010,2023,UKBMS,55.9090758395732,-4.806072583989062
4204,Lower Meadow Valleyfield,NT004862,300400,686200,1392.0,Scotland,9.0,2,2010,2011,UKBMS,56.058246325120585,-3.600996344493596
4205,RSPB Lochwinnoch,NS358581,235800,658100,1800.0,Scotland,7.0,1,2010,2010,UKBMS,55.78823304078871,-4.620295106334622
4206,Castlehill,ND194684,319400,968400,3498.0,Scotland,12.0,13,2010,2023,UKBMS,58.59606482605498,-3.3884305536577695
4207,Haddington Clerkington,NT508732,350800,673200,2646.0,Scotland,8.0,11,2011,2023,UKBMS,55.94930269234152,-2.789399817893603
4208,Glen Ogle,NN580256,258000,725600,1900.0,Scotland,10.0,4,2008,2011,UKBMS,56.40124012568217,-4.302478540321393
4209,Garscube Colliery,NS571696,257100,669600,1000.0,Scotland,6.0,1,2011,2011,UKBMS,55.89824537821898,-4.286976709761107
4210,Hurlethill,NS513614,251300,661400,2100.0,Scotland,8.0,13,2011,2023,UKBMS,55.82287583504665,-4.3751499301134125
4211,Robroyston Park LNR,NS629683,262900,668300,1845.0,Scotland,10.0,11,2011,2022,UKBMS,55.88826093166518,-4.193636324461414
4212,Lochgoin Reservoir,NS535472,253500,647200,1040.0,Scotland,8.0,7,2011,2023,UKBMS,55.696067343716294,-4.332440191338906
4213,Southannan Sands,NS195522,219500,652200,3100.0,Scotland,10.0,4,2011,2014,UKBMS,55.72947687966288,-4.875999688435323
4214,Archerfield,NT517841,351700,684100,2149.0,Scotland,8.0,11,2012,2023,UKBMS,56.04731820022304,-2.776952622898215
4215,Hopetoun House Transect one,NT088790,308800,679000,2225.0,Scotland,12.0,9,2012,2023,UKBMS,55.99525404561852,-3.4637083110204214
4216,Hopetoun House Transect Two,NT088790,308800,679000,1620.0,Scotland,9.0,9,2012,2023,UKBMS,55.99525404561852,-3.4637083110204214
4217,Uphall to Almondell Viaduct,NT075697,307500,669700,3050.0,Scotland,8.0,1,2012,2012,UKBMS,55.911474787923474,-3.4813481337237233
4218,"Ettrick Water, Selkirk",NT467293,346700,629300,1740.0,Scotland,11.0,1,2012,2012,UKBMS,55.55446475340147,-2.846457348025844
4219,Kelvingrove Park,NS568662,256800,666200,1977.0,Scotland,13.0,1,2012,2012,UKBMS,55.86763215987563,-4.289971512517199
4220,Malls Mire,NS603621,260300,662100,790.0,Scotland,7.0,1,2012,2012,UKBMS,55.83184960377673,-4.231976557349563
4221,Langlands Moss LNR,NS634514,263400,651400,2000.0,Scotland,8.0,11,2013,2023,UKBMS,55.736667500939156,-4.177156850253468
4222,Ballinlaggan,NH948245,294800,824500,1000.0,Scotland,5.0,11,2013,2023,UKBMS,57.29893185230253,-3.7474733634160784
4223,Hogganfield Park LNR,NS645671,264500,667100,2050.0,Scotland,9.0,10,2013,2023,UKBMS,55.87793982234773,-4.1674741949287695
4224,Rogart Quarry,NC742015,274200,901500,400.0,Scotland,3.0,11,2013,2023,UKBMS,57.984887239102655,-4.129198568919012
4225,Lein - Binn Hill forest,NJ320660,332000,866000,1700.0,Scotland,3.0,2,2013,2014,UKBMS,57.67869544161234,-3.1418793181100684
4226,Ardochrig Hill,NS637469,263700,646900,3034.0,Scotland,8.0,11,2013,2023,UKBMS,55.69634818254797,-4.17014019452815
4227,Beinn Eighe,NH025620,202500,862000,3390.0,Scotland,12.0,8,2013,2023,UKBMS,57.60464030544866,-5.307269344762814
4228,Inverinan,NM990179,199000,717900,2215.0,Scotland,15.0,4,2013,2016,UKBMS,56.31076216661066,-5.251102696553326
4229,"Leanachan, Spean Bridge",NN240796,224000,779600,2968.0,Scotland,11.0,6,2013,2018,UKBMS,56.87431078995131,-4.889522081212891
4230,Loch Avich,NM961147,196100,714700,1076.0,Scotland,15.0,4,2013,2016,UKBMS,56.2808218271482,-5.295425543947193
4231,Torlundy,NN160782,216000,778200,3417.0,Scotland,13.0,6,2013,2018,UKBMS,56.85864847227866,-5.019574647674909
4232,Glen Loy Oakwood,NN138828,213800,782800,1000.0,Scotland,3.0,5,2013,2020,UKBMS,56.89903624261333,-5.05897261583542
4233,Clunes Forest,NN205886,220500,788600,2110.0,Scotland,4.0,4,2013,2017,UKBMS,56.95371301567097,-4.953240527434275
4234,Allean Forest West,NN852601,285200,760100,1700.0,Scotland,8.0,6,2013,2018,UKBMS,56.718414762855595,-3.877326428445953
4235,Allean Forest East,NN874604,287400,760400,1770.0,Scotland,7.0,4,2013,2017,UKBMS,56.72164462497103,-3.8415336571381626
4236,Callop River,NM922794,192200,779400,1000.0,Scotland,10.0,8,2013,2020,UKBMS,56.85937087734831,-5.410181214661134
4237,"Cadderlie, Loch Etive",NN056387,205600,738700,2900.0,Scotland,11.0,5,2013,2018,UKBMS,56.50010061437045,-5.160026900399614
4238,Cambus O' May,NO400982,340000,798200,2055.0,Scotland,10.0,8,2013,2023,UKBMS,57.07090178497583,-2.9911938683909325
4240,Dahl,NM790683,179000,768300,1440.0,Scotland,6.0,6,2013,2018,UKBMS,56.75375987070913,-5.616616972173971
4241,Loch Achonachie,NH435551,243500,855100,1120.0,Scotland,7.0,5,2013,2017,UKBMS,57.558812579880666,-4.617515686857306
4242,"Barrs, Loch Etive",NN071401,207100,740100,2010.0,Scotland,10.0,5,2013,2018,UKBMS,56.51327640441852,-5.136735633594506
4243,Tummel Bridge West,NN771594,277100,759400,1100.0,Scotland,5.0,6,2013,2018,UKBMS,56.71006681415648,-4.009247574094617
4244,Kippen - Settie/Claylands,NS637943,263700,694300,2000.0,Scotland,10.0,1,2013,2013,UKBMS,56.12191911948811,-4.194051130486626
4245,Loch Garve,NH411602,241100,860200,880.0,Scotland,5.0,5,2013,2017,UKBMS,57.6037360739083,-4.660922689970436
4246,Black Craig PBF Timed Count 1,NN578925,257800,792500,1000.0,Scotland,1.0,6,2013,2018,UKBMS,57.001691591990856,-4.342752642869167
4247,Black Craig PBF Timed Count 2,NN575922,257500,792200,400.0,Scotland,1.0,6,2013,2018,UKBMS,56.99890638959286,-4.347517349620445
4248,Tummel Bridge East,NN791596,279100,759600,2530.0,Scotland,9.0,5,2013,2018,UKBMS,56.712384840878684,-3.976692974846106
4249,"Inver Plantation, Braemar",NO212923,321200,792300,1580.0,Scotland,13.0,6,2013,2018,UKBMS,57.01507869547818,-3.2993250397412073
4250,The Black Wood Laggan,NN573912,257300,791200,1000.0,Scotland,5.0,6,2013,2018,UKBMS,56.98986895649746,-4.350240541195387
4251,Mersehead RSPB,NX930556,293000,555600,2700.0,Scotland,6.0,9,2014,2023,UKBMS,54.883660632701556,-3.6694329720767827
4252,Glen Creran - Powerline,NN039487,203900,748700,3500.0,Scotland,13.0,6,2014,2019,UKBMS,56.589094827000395,-5.195152938231405
4253,Cardowan Moss LNR,NS654672,265400,667200,2600.0,Scotland,11.0,7,2014,2022,UKBMS,55.879090045013605,-4.153149312716005
4254,Ullapool,NH125944,212500,894400,1680.0,Scotland,10.0,7,2014,2023,UKBMS,57.89948634179341,-5.165517413043334
4255,"Kincraig, Fife",NT468999,346800,699900,1130.0,Scotland,6.0,7,2015,2023,UKBMS,56.18873705369173,-2.8587608779814317
4256,Glen Creran - Clansman Trail,NN033490,203300,749000,850.0,Scotland,4.0,6,2014,2019,UKBMS,56.59153456063696,-5.2051348318370225
4257,Preston Mill,NT594778,359400,677800,1995.0,Scotland,8.0,7,2014,2022,UKBMS,55.99143511968293,-2.6523973080297454
4259,Cambus Village Pools,NS853935,285300,693500,1000.0,Scotland,3.0,10,2014,2023,UKBMS,56.120416569347995,-3.8464805263677024
4260,"Balanton, Aberfoyle",NN530005,253000,700500,1810.0,Scotland,9.0,1,2014,2014,UKBMS,56.17439963776198,-4.36943152214546
4261,Red Fox Valley,NS779738,277900,673800,698.0,Scotland,12.0,1,2014,2014,UKBMS,55.9416870196544,-3.956457834853934
4262,Skinflats Pools,NS920832,292000,683200,2480.0,Scotland,5.0,5,2014,2018,UKBMS,56.029481668196006,-3.734610089733784
4263,Gathering Stone,NN812021,281200,702100,1000.0,Scotland,4.0,4,2014,2021,UKBMS,56.19663652605192,-3.9162283569369487
4264,Cambusmore GP,NN643058,264300,705800,1500.0,Scotland,5.0,3,2014,2016,UKBMS,56.22533561547207,-4.190280956130501
4265,Darnrigg Moss,NS870752,287000,675200,2000.0,Scotland,5.0,3,2014,2016,UKBMS,55.95648622335171,-3.8114346028516635
4266,Kinneil,NS963812,296300,681200,1300.0,Scotland,1.0,10,2014,2023,UKBMS,56.012470703996186,-3.664870045146451
4267,Whitesands Quarry,NT702768,370200,676800,4130.0,Scotland,9.0,1,2015,2015,UKBMS,55.98324547492968,-2.4791699712339232
4268,Cathkin Marsh,NS621574,262100,657400,1770.0,Scotland,11.0,9,2015,2023,UKBMS,55.79016938541596,-4.200878540077499
4269,Sustrans Lochwinnoch Visitor Centre to St Brydes,NS372598,237200,659800,3000.0,Scotland,10.0,2,2015,2016,UKBMS,55.80396537096643,-4.599010020479281
4270,Kirkconnel Flow,NX963703,296300,570300,1063.0,Scotland,11.0,1,2015,2015,UKBMS,55.016401206644446,-3.6233309222950845
4271,Coulter's Wood,NS606574,260600,657400,1200.0,Scotland,4.0,9,2015,2023,UKBMS,55.78973898445337,-4.224781264281199
4272,Barclye,NX392692,239200,569200,3727.0,Scotland,6.0,1,2015,2015,UKBMS,54.99134425240175,-4.514928506612496
4273,Kingshill LNR,NS856567,285600,656700,3260.0,Scotland,8.0,8,2016,2023,UKBMS,55.79001954679629,-3.8260284262060904
4274,Lower Killeyan to Giol,NR280435,128000,643500,3377.0,Scotland,10.0,8,2016,2023,UKBMS,55.60884233266333,-6.320631452849179
4275,Blacklaw Wood,NS923484,292300,648400,1600.0,Scotland,5.0,8,2016,2023,UKBMS,55.71701748831582,-3.7159550943942166
4276,Upper Killeyan,NR275425,127500,642500,2848.0,Scotland,4.0,8,2016,2023,UKBMS,55.599603144400206,-6.327557140028132
4277,Aberarder,NN479875,247900,787500,1500.0,Scotland,6.0,1,2016,2016,UKBMS,56.95366311550629,-4.5025576539654395
4278,Sustrans-Old Avon Bridge-Strathclyde Park,NS734554,273400,655400,2000.0,Scotland,5.0,4,2016,2019,UKBMS,55.775303636998316,-4.019861308893579
4279,Longcarse,NS865924,286500,692400,1800.0,Scotland,2.0,8,2016,2023,UKBMS,56.11082558492131,-3.826721955674857
4280,Gordon Castle victorian walled garden,NJ348590,334800,859000,800.0,Scotland,3.0,4,2016,2019,UKBMS,57.61624582134573,-3.0930473342931037
4281,Polldubh,NN158684,215800,768400,1500.0,Scotland,3.0,6,2016,2023,UKBMS,56.77065328546115,-5.015773198337839
4282,Belleisle Park,NS330194,233000,619400,2184.0,Scotland,8.0,3,2016,2021,UKBMS,55.43991780130428,-4.641424831677939
4283,Fochabers CC,NJ340591,334000,859100,1000.0,Scotland,4.0,4,2016,2019,UKBMS,57.61702739075154,-3.1064630576117884
4284,South River Nevis,NN145684,214500,768400,1500.0,Scotland,3.0,6,2016,2023,UKBMS,56.77013747951712,-5.0370119924584085
4285,Rouken Glen Park,NS547579,254700,657900,1000.0,Scotland,9.0,4,2016,2019,UKBMS,55.79248983002279,-4.319059084381484
4286,Fallin Bing & Wester Moss,NS836910,283600,691000,2600.0,Scotland,11.0,3,2017,2019,UKBMS,56.09755562976279,-3.872716991811281
4287,Plean Country Park,NS829866,282900,686600,1820.0,Scotland,9.0,7,2017,2023,UKBMS,56.05787379830163,-3.882035016969197
4288,Ken Dee Marshes,NX693691,269300,569100,2523.0,Scotland,6.0,5,2018,2023,UKBMS,54.99926092857031,-4.044774974012137
4289,Queensbury,NX848992,284800,599200,2809.0,Scotland,8.0,3,2017,2019,UKBMS,55.2734336905977,-3.8148349138615982
4290,Sustrans NCN77 Dunkeld and Birnam,NO030418,303000,741800,1652.0,Scotland,10.0,5,2017,2022,UKBMS,56.558116196198306,-3.57974470043565
4291,Sustrans Orchard Brae - Roseburn,NT229737,322900,673700,1760.0,Scotland,5.0,3,2017,2019,UKBMS,55.95012223321181,-3.236200539802519
4293,Dun Coilich,NN765528,276500,752800,2800.0,Scotland,11.0,1,2017,2017,UKBMS,56.650652904300586,-4.015872764241073
4294,Loch Leven - Vane (2012 route),NT159989,315900,698900,900.0,Scotland,4.0,6,2018,2023,UKBMS,56.17529528168706,-3.356184780367252
4295,Dundee Law,NO391313,339100,731300,1200.0,Scotland,8.0,5,2018,2022,UKBMS,56.46987499662864,-2.990083152513515
4296,Glen Rosa,NR985384,198500,638400,3330.0,Scotland,14.0,2,2018,2022,UKBMS,55.59739783759854,-5.199737401070188
4297,Dighty Burn,NO447326,344700,732600,1900.0,Scotland,7.0,6,2018,2023,UKBMS,56.482244338145065,-2.8994778195811124
4298,Sustrans NCN77 Section 2,NO112256,311200,725600,1380.0,Scotland,7.0,6,2018,2023,UKBMS,56.41424564366828,-3.4408587563142414
4299,Greenhead Moss LNR,NS810548,281000,654800,3000.0,Scotland,6.0,6,2018,2023,UKBMS,55.77184628748276,-3.898515028937803
4400,Durlston Meadows,SZ024773,402400,77300,2031.0,England,8.0,12,2011,2023,UKBMS,50.59542171420188,-1.9674522236337624
4401,Durlston NORTH meadows,SZ025778,402500,77800,1632.0,England,8.0,4,2011,2014,UKBMS,50.599917744007776,-1.966036187778155
4403,Canford Heath NNR,SZ024964,402400,96400,2000.0,England,10.0,1,2013,2013,UKBMS,50.76718285610387,-1.9673341718262682
4404,Bracketts Coppice II (DWT),ST515066,351500,106600,2660.0,England,10.0,10,2014,2023,UKBMS,50.85686749724234,-2.6904169835706213
4405,Avon Heath North 2014,SU125032,412500,103200,2000.0,England,6.0,10,2014,2023,UKBMS,50.82820420619034,-1.8238880450335544
4406,Ryewater Nursery,ST665105,366500,110500,2800.0,England,9.0,9,2015,2023,UKBMS,50.8930032854057,-2.477677632107218
4407,Higher Hyde Heath (DWT) II,SY855903,385500,90300,1720.0,England,9.0,8,2016,2023,UKBMS,50.71214849800193,-2.206732223917345
4408,Hambledon Hill,ST843126,384300,112600,2044.0,England,7.0,6,2018,2023,UKBMS,50.91264891681865,-2.224689210462731
4409,Weymouth Relief Road,SY672856,367200,85600,2130.0,England,9.0,6,2018,2023,UKBMS,50.66913589229716,-2.4654957026444912
4410,RSPB Arne Coombe Heath,SY971872,397100,87200,2100.0,England,6.0,4,2018,2023,UKBMS,50.68444705080199,-2.042412542070772
4411,Hogchester,SY352945,335200,94500,1900.0,England,10.0,2,2019,2022,UKBMS,50.74647175512057,-2.919826731515991
4412,RSPB Chafey’s Weymouth,SY669801,366900,80100,750.0,England,2.0,5,2019,2023,UKBMS,50.61966017802727,-2.4692475506410254
4413,Durlston Woodland,SZ033775,403300,77500,500.0,England,2.0,4,2019,2023,UKBMS,50.59721606892586,-1.9547350802859935
4414,Wyke Regis,SY651778,365100,77800,2676.0,England,10.0,3,2021,2023,UKBMS,50.598872105820455,-2.4944735975833514
4415,Bishops Court North,ST934030,393400,103000,2629.0,England,7.0,2,2022,2023,UKBMS,50.82649925101582,-2.0950741000653355
4416,Bishops Court South,ST938028,393800,102800,2904.0,England,6.0,2,2022,2023,UKBMS,50.824705253606346,-2.0893915089361825
4417,Wild Woodbury South,SY860935,386000,93500,3136.0,England,10.0,2,2022,2023,UKBMS,50.74093719565578,-2.1997731054954364
4418,Wild Woodbury,SY852941,385200,94100,3668.0,England,8.0,2,2022,2023,UKBMS,50.74631274079743,-2.2111349200853496
4419,Hooke Farm,ST532006,353200,100600,1222.0,England,7.0,2,2022,2023,UKBMS,50.80305656551407,-2.665498678905589
4420,Hicks,SZ103966,410300,96600,2811.0,England,11.0,2,2022,2023,UKBMS,50.768896460158025,-1.8553074681374235
4421,Brownsea South,SZ019876,401900,87600,2230.0,England,8.0,2,2022,2023,UKBMS,50.68804921464021,-1.9744667330904744
4422,Brownsea North,SZ019880,401900,88000,1679.0,England,7.0,2,2022,2023,UKBMS,50.6916463015269,-1.9744648008774786
4423,"Wyke Woodland, Chedington",ST500070,350000,107000,1716.0,England,5.0,1,2023,2023,UKBMS,50.86033615137473,-2.7117807836004078
4424,"Wyke Farmland, Chedington",ST501079,350100,107900,1876.0,England,5.0,1,2023,2023,UKBMS,50.86843738945351,-2.7104831119681605
4425,Slape Manor,SY471984,347100,98400,3586.0,England,9.0,1,2023,2023,UKBMS,50.78274858331788,-2.751737819274173
4426,Portland Tout 23,SY685727,368500,72700,1434.0,England,6.0,1,2023,2023,UKBMS,50.55320383922088,-2.446001983749761
4428,Southbourne Seafront,SZ147911,414700,91100,3788.0,England,7.0,1,2023,2023,UKBMS,50.71934335169482,-1.7931316425917567
4500,Saltlands Community Woodland,ST300382,330000,138200,2440.0,England,5.0,2,2011,2012,UKBMS,51.13877201461069,-3.0019312440586434
4501,Royate Hill,ST618748,361800,174800,400.0,England,5.0,5,2011,2015,UKBMS,51.470866856530115,-2.551357394438105
4502,Leigh Woods,ST561733,356100,173300,2000.0,England,8.0,6,2011,2023,UKBMS,51.45696569598829,-2.633228636764253
4503,Gilling Down,ST497324,349700,132400,1250.0,England,7.0,6,2011,2016,UKBMS,51.08869593909766,-2.719565061911336
4504,Collard Hill,ST487340,348700,134000,1278.0,England,7.0,10,2011,2023,UKBMS,51.10299332452853,-2.7340697473879256
4505,Black Rock Quarry Portishead,ST457747,345700,174700,550.0,England,4.0,1,2011,2011,UKBMS,51.46864848533114,-2.7831142780826488
4506,Shute Shelve Hill,ST423549,342300,154900,2750.0,England,7.0,13,2011,2023,UKBMS,51.290295366894796,-2.8288340797139515
4507,Avon Gorge 3,ST560730,356000,173000,1412.0,England,4.0,2,2011,2012,UKBMS,51.45426061779014,-2.6346303886989886
4508,Ebbor Gorge 2011,ST528488,352800,148800,,England,9.0,2,2011,2012,UKBMS,51.2364183208781,-2.6774638020746853
4509,East Field,ST437305,343700,130500,1400.0,England,9.0,10,2012,2021,UKBMS,51.07105382185171,-2.8049284026728976
4510,Higher Vexford,ST109353,310900,135300,1280.0,England,7.0,4,2012,2015,UKBMS,51.110044009705284,-3.2741566995233082
4511,Ash Priors Common (2013),ST152289,315200,128900,1250.0,England,6.0,11,2013,2023,UKBMS,51.05316063247,-3.2112431103488204
4512,Netherclay,ST197250,319700,125000,1500.0,England,6.0,10,2013,2022,UKBMS,51.01874592371973,-3.146188794831378
4513,New Hill & Tannager,ST498318,349800,131800,2544.0,England,9.0,8,2013,2020,UKBMS,51.08330988283067,-2.7180538077277387
4514,Wych Lodge Valley,ST251199,325100,119900,2500.0,England,9.0,11,2013,2023,UKBMS,50.97362336199275,-3.0681638432716274
4515,Lordleaze,ST331081,333100,108100,500.0,England,1.0,2,2013,2014,UKBMS,50.86851475795806,-2.9520704019261603
4516,Shapwick Heath East,ST426406,342600,140600,3700.0,England,7.0,11,2013,2023,UKBMS,51.16175506071736,-2.822237411974253
4517,Shapwick Heath Canada Farm,ST417406,341700,140600,2800.0,England,6.0,11,2013,2023,UKBMS,51.16166386574333,-2.8351065455023754
4518,Cheddar Wood 2013,ST448556,344800,155600,2300.0,England,15.0,11,2013,2023,UKBMS,51.29683734477793,-2.7930949461418573
4519,Ubley Warren 2013,ST505556,350500,155600,910.0,England,10.0,4,2013,2016,UKBMS,51.29736263312895,-2.7113494147834913
4521,Lower Chelmsine,ST192185,319200,118500,1500.0,England,7.0,10,2014,2023,UKBMS,50.96023797516041,-3.151867800795272
4522,Edford Meadows,ST674489,367400,148900,1727.0,England,11.0,4,2014,2017,UKBMS,51.23834148839073,-2.4683552826985644
4523,West Sedgemoor (North),ST377283,337700,128300,2120.0,England,5.0,6,2014,2019,UKBMS,51.050652333889325,-2.8901743799881143
4524,Steart Marsh North,ST273454,327300,145400,1700.0,England,6.0,7,2014,2020,UKBMS,51.203166488288446,-3.0419755250289757
4525,Plotgate,ST546327,354600,132700,530.0,England,4.0,3,2014,2017,UKBMS,51.0918031875779,-2.6496453213898743
4526,Bennett's Patch and White's Paddock,ST551752,355100,175200,1300.0,England,8.0,9,2015,2023,UKBMS,51.47396984718602,-2.6478622928234437
4527,Nettlecombe,ST053377,305300,137700,2100.0,England,7.0,3,2015,2017,UKBMS,51.13071983649031,-3.3547596164006865
4528,Priddy Mineries,ST546510,354600,151000,3641.0,England,11.0,9,2015,2023,UKBMS,51.25634555756991,-2.6519626057730203
4529,Single Hill & Stony Littleton,ST722563,372200,156300,2229.0,England,7.0,2,2015,2016,UKBMS,51.305134370743595,-2.4001784588950836
4530,Steart Marshes: Stockland Marsh (BT1),ST247440,324700,144000,1260.0,England,6.0,6,2015,2020,UKBMS,51.19024267578665,-3.078889656334882
4531,Steart Marshes: Wetland Walkway (BT2),ST257438,325700,143800,3000.0,England,6.0,6,2015,2020,UKBMS,51.18857568634839,-3.0645413372555455
4532,Knyfton's Firs,ST500501,350000,150100,330.0,England,3.0,9,2015,2023,UKBMS,51.24786774669037,-2.717748994508672
4533,Church Hill and Wain's Hill,ST395709,339500,170900,2300.0,England,9.0,6,2016,2021,UKBMS,51.43385441294187,-2.8717101814043824
4534,Meads Eco Park,ST292362,329200,136200,3130.0,England,12.0,6,2016,2022,UKBMS,51.12069222713798,-3.0129706469551856
4535,Long Run and Roughmoor,ST213253,321300,125300,3200.0,England,9.0,6,2016,2021,UKBMS,51.02166461285037,-3.1234480004961864
4536,Uphill and Walborough,ST315582,331500,158200,2850.0,England,6.0,2,2016,2017,UKBMS,51.31876492679408,-2.9843240584305133
4537,Lusty Hill Farm,ST681341,368100,134100,1120.0,England,9.0,4,2016,2023,UKBMS,51.10530428621623,-2.4570105460735223
4538,Narroways and Ashley Hill Allotments,ST599751,359900,175100,1800.0,England,5.0,7,2017,2023,UKBMS,51.47343231481721,-2.5787444235961234
4539,Packhorse Meadow,ST751614,375100,161400,895.0,England,5.0,7,2017,2023,UKBMS,51.351126139553266,-2.3589367157234893
4540,Ubley Warren 2018,ST505555,350500,155500,1826.0,England,9.0,6,2018,2023,UKBMS,51.296463524802114,-2.711335513856646
4541,Fyne Court 2,ST222320,322200,132000,2050.0,England,13.0,6,2018,2023,UKBMS,51.08202338784303,-3.112060926369245
4542,Cadbury Camp,ST454724,345400,172400,1750.0,England,3.0,6,2018,2023,UKBMS,51.44794099665909,-2.78707688176833
4543,Cothelstone Hill,ST191326,319100,132600,3100.0,England,4.0,6,2018,2023,UKBMS,51.08698815520282,-3.1564420323599713
4544,Tyntesfield Truckle Wood/Abrahams,ST499716,349900,171600,1200.0,England,3.0,5,2018,2023,UKBMS,51.4411652647456,-2.7222147512122166
4545,Bathwick Fields,ST760644,376000,164400,1480.0,England,6.0,4,2019,2023,UKBMS,51.37813957390246,-2.346216964591198
4546,Smallcombe Vale,ST763639,376300,163900,1650.0,England,10.0,4,2019,2023,UKBMS,51.37365649162525,-2.3418731665310735
4547,Rainbow Wood Fields,ST764633,376400,163300,2500.0,England,9.0,4,2019,2023,UKBMS,51.368265775097086,-2.3403965083876526
4548,Sham Castle Down,ST764652,376400,165200,1500.0,England,9.0,5,2019,2023,UKBMS,51.38534961532126,-2.340523334580995
4549,Thurlbear Quarrylands 2019,ST272209,327200,120900,2450.0,England,5.0,5,2019,2023,UKBMS,50.98288386832796,-3.038459750242313
4550,Kingswood Warren,ST747359,374700,135900,3360.0,England,6.0,4,2019,2022,UKBMS,51.121820312275204,-2.362870840864776
4551,Hinkley 2015,ST210456,321000,145600,2733.0,England,7.0,3,2020,2022,UKBMS,51.20412672027653,-3.132176770002337
4552,Fairview,ST470529,347000,152900,750.0,England,10.0,4,2020,2023,UKBMS,51.272771146498265,-2.7611428091689034
4553,Lytes Cary Manor,ST533266,353300,126600,2000.0,England,10.0,2,2020,2021,UKBMS,51.03685023054114,-2.6674172175321225
4554,Lamplighters Marsh LNR,ST524765,352400,176500,1670.0,England,6.0,2,2020,2021,UKBMS,51.48543667112128,-2.6869096617112875
4555,Westhay Moor (The Mire),ST454439,345400,143900,1150.0,England,5.0,3,2021,2023,UKBMS,51.191700432272995,-2.782702095476577
4556,Westhay Moor (Viridor Transect),ST456440,345600,144000,1190.0,England,5.0,3,2021,2023,UKBMS,51.19261865752882,-2.7798555803837366
4557,RSPB Ham Wall 2020+,ST452399,345200,139900,2420.0,England,7.0,3,2021,2023,UKBMS,51.155716759154394,-2.7849526930160207
4558,Jubilee Stone & Badgers Wood,ST499677,349900,167700,1578.0,England,10.0,3,2021,2023,UKBMS,51.40610088470092,-2.7216620463109815
4559,Gordano Valley,ST439733,343900,173300,2200.0,England,5.0,3,2021,2023,UKBMS,51.455885650193565,-2.808802419172827
4560,Hengrove Mounds,ST590685,359000,168500,1602.0,England,5.0,3,2021,2023,UKBMS,51.41402655561927,-2.590935010093876
4561,Montacute,ST499171,349900,117100,2780.0,England,9.0,1,2021,2021,UKBMS,50.951143482033416,-2.7145910044799155
4562,SWT Catcott Reserve,ST403412,340300,141200,2362.0,England,5.0,2,2022,2023,UKBMS,51.1669137809334,-2.8552248514692042
4563,Aller Wood & Turn Hill (2022 route),ST413315,341300,131500,1532.0,England,5.0,2,2022,2023,UKBMS,51.07980403507895,-2.839341676418752
4564,Northern Slopes,ST592704,359200,170400,1984.0,England,10.0,2,2022,2023,UKBMS,51.431124130936134,-2.5882787244109697
4565,East Harptree Woods,ST557543,355700,154300,1948.0,England,4.0,1,2022,2022,UKBMS,51.28610347535168,-2.636610776081053
4566,Grow Wilder,ST626770,362600,177000,1001.0,England,7.0,1,2022,2022,UKBMS,51.49070087157482,-2.5400740282618166
4567,Hellenge Hill,ST344571,334400,157100,1577.0,England,5.0,2,2022,2023,UKBMS,51.30921773464961,-2.942514058214716
4568,Burrington Ham,ST487582,348700,158200,3073.0,England,5.0,1,2022,2022,UKBMS,51.32057955068587,-2.737538851359314
4569,Over Stowey Customs Common,ST162382,316200,138200,3711.0,England,8.0,1,2023,2023,UKBMS,51.136915750925766,-3.1991404545289313
4570,Brean Down (revised),ST290589,329000,158900,4040.0,England,7.0,1,2023,2023,UKBMS,51.3247511173375,-3.020331395481099
4571,Hutton Hill,ST358579,335800,157900,2219.0,England,5.0,1,2023,2023,UKBMS,51.316570150557446,-2.9225761035298707
4572,Shapwick Moor,ST406400,340600,140000,2786.0,England,5.0,1,2023,2023,UKBMS,51.156155884019526,-2.8507361364366974
4573,Bubwith Acres,ST476536,347600,153600,1505.0,England,1.0,1,2023,2023,UKBMS,51.279120483791814,-2.752645435494585
4574,Goblin Combe Extension,ST476653,347600,165300,464.0,England,1.0,1,2023,2023,UKBMS,51.38431453775005,-2.754370352648936
4575,Cheddar Cliffs,ST477547,347700,154700,2467.0,England,7.0,1,2023,2023,UKBMS,51.28901981876983,-2.751373283230892
4576,Portbury Wharf Nature Reserve,ST484767,348400,176700,4319.0,England,10.0,1,2023,2023,UKBMS,51.4868831682743,-2.7445404937594615
4577,Watercress Farm Poplar Wood,ST499705,349900,170500,,England,6.0,1,2023,2023,UKBMS,51.4312753332103,-2.7220587470978095
4578,Watercress Farm Railway Siding,ST501704,350100,170400,,England,5.0,1,2023,2023,UKBMS,51.43039393695266,-2.719167947051068
4580,Worley Hill 2023,ST523358,352300,135800,2314.0,England,7.0,1,2023,2023,UKBMS,51.1194894757402,-2.682895415471795
4581,"Stoke Park, Bristol",ST616772,361600,177200,2746.0,England,11.0,1,2023,2023,UKBMS,51.49243184642471,-2.554498407930405
4582,Greenbank Cemetery & Royate Hill LNR,ST617747,361700,174700,1503.0,England,8.0,1,2023,2023,UKBMS,51.469960966777975,-2.552786154086316
4583,Prior Park Landscape Gardens,ST761633,376100,163300,2100.0,England,11.0,1,2023,2023,UKBMS,51.36825316719956,-2.3447058645927945
4584,Bathampton Meadows - Grosvenor,ST766663,376600,166300,2236.0,England,7.0,1,2023,2023,UKBMS,51.39524856184215,-2.3377222222075886
4585,Bathampton Meadows - Batheaston,ST777670,377700,167000,1881.0,England,5.0,1,2023,2023,UKBMS,51.40158712496841,-2.321956144306902
4586,Browne's Folly 2,ST797663,379700,166300,1436.0,England,4.0,1,2023,2023,UKBMS,51.39536858663767,-2.2931658307715224
4587,Mount Fancy Shutes (PHS),ST246169,324600,116900,,England,9.0,1,2023,2023,UKBMS,50.94658587462086,-3.074661355066517
4601,Chiddingfold Forest East,SU985344,498500,134400,4960.0,England,15.0,9,2015,2023,UKBMS,51.10045285336976,-0.5946076046403437
4602,Chiddingfold Forest West,SU982337,498200,133700,3750.0,England,14.0,9,2015,2023,UKBMS,51.09421167853431,-0.5990809775600586
4603,"Foxley Wood, Purley",TQ315604,531500,160400,1990.0,England,11.0,9,2015,2023,UKBMS,51.327504801254676,-0.11401806711040433
4604,"West Hanger, Shere Woodlands",TQ066490,506600,149000,1830.0,England,7.0,9,2015,2023,UKBMS,51.23024221290401,-0.4746433546393912
4605,"Runnymede, Egham (2015 route)",TQ005718,500500,171800,2200.0,England,9.0,9,2015,2023,UKBMS,51.43629413687559,-0.555552085042795
4606,"Bay Pond, Godstone",TQ353516,535300,151600,1030.0,England,8.0,4,2015,2018,UKBMS,51.24753187664125,-0.06284200287636948
4607,Wimbledon Common SW and Fishponds Wood,TQ219712,521900,171200,3390.0,England,12.0,9,2015,2023,UKBMS,51.4267060137207,-0.24802955847152475
4608,"Shortfield Common, Frensham",SU841422,484100,142200,1000.0,England,6.0,9,2015,2023,UKBMS,51.17286558448052,-0.7983963408824039
4609,Wimbledon Common (2015 route),TQ231725,523100,172500,2810.0,England,12.0,9,2015,2023,UKBMS,51.438130343946135,-0.23032664616166848
4610,RHS Wisley - Wild Area and Pinetum,TQ063590,506300,159000,620.0,England,2.0,2,2015,2017,UKBMS,51.32018444932952,-0.4759672332036317
4611,RHS Wisley - Main Garden,TQ062581,506200,158100,1130.0,England,5.0,4,2015,2023,UKBMS,51.312113392198256,-0.47766948019304367
4612,Chiddingfold Forest South,SU981323,498100,132300,1530.0,England,4.0,9,2015,2023,UKBMS,51.08164358993447,-0.600888264638718
4613,"Rodborough Common, Milford",SU935417,493500,141700,2500.0,England,11.0,5,2015,2020,UKBMS,51.16691306465572,-0.6641038376751579
4614,Brentmoor Heath Cuckoo Hill,SU933610,493300,161000,1330.0,England,5.0,9,2015,2023,UKBMS,51.34044109954953,-0.6619373329771214
4615,Tolworth Court Farm,TQ198649,519800,164900,2550.0,England,10.0,9,2015,2023,UKBMS,51.370531743737516,-0.2803450979311012
4616,"Pilgrim's Meadow, Farnham",SU856475,485600,147500,440.0,England,4.0,1,2015,2015,UKBMS,51.22028968614779,-0.7756831726867648
4617,Chobham Grazing South,SU974645,497400,164500,1545.0,England,6.0,5,2015,2023,UKBMS,51.37121576766961,-0.6021374624494455
4618,Merrow Downs,TQ026498,502600,149800,3347.0,England,15.0,8,2016,2023,UKBMS,51.23816568676969,-0.5316824400156812
4619,Blindley Heath,TQ367448,536700,144800,2090.0,England,9.0,4,2016,2019,UKBMS,51.18608907398335,-0.04538558488773742
4620,Chipstead Downs and Fames Rough,TQ268573,526800,157300,3771.0,England,12.0,8,2016,2023,UKBMS,51.30071073589551,-0.1825394853337591
4621,Horton Country Park North,TQ194630,519400,163000,3208.0,England,14.0,8,2016,2023,UKBMS,51.35353936683624,-0.2867260330262155
4622,"The Mount, Guildford",SU976487,497600,148700,2978.0,England,7.0,8,2016,2023,UKBMS,51.229153817405155,-0.6035811950849256
4623,Barnes Common,TQ222759,522200,175900,3006.0,England,10.0,7,2016,2023,UKBMS,51.468881841351106,-0.24209516503694
4624,"Nonsuch Park, Cheam",TQ231637,523100,163700,3229.0,England,11.0,8,2016,2023,UKBMS,51.35904178943937,-0.23337636164408987
4625,Leith Hill Place,TQ130421,513000,142100,3285.0,England,15.0,8,2016,2023,UKBMS,51.16699258349074,-0.385189530124746
4626,Reigate Heath,TQ235501,523500,150100,3358.0,England,12.0,7,2016,2023,UKBMS,51.23672529817115,-0.2323355715166534
4627,Spynes Mere,TQ306524,530600,152400,1688.0,England,8.0,8,2016,2023,UKBMS,51.2558161159,-0.1298514661987112
4628,"Inholms Clay Pit, North Holmwood",TQ173471,517300,147100,1575.0,England,10.0,4,2016,2019,UKBMS,51.21106826460196,-0.3220848617461429
4629,Selsdon Wood,TQ362615,536200,161500,2953.0,England,13.0,8,2016,2023,UKBMS,51.33628484066657,-0.04618198997476751
4630,Water Colours/Moors,TQ291514,529100,151400,1225.0,England,4.0,8,2016,2023,UKBMS,51.24717023622438,-0.15169518929730896
4631,Dawney's Hill Common and Brookwood Cemetery,SU947565,494700,156500,3927.0,England,13.0,8,2016,2023,UKBMS,51.29975840848726,-0.6430384739389079
4632,Featherbed Lane GC,TQ377620,537700,162000,1227.0,England,3.0,2,2016,2023,UKBMS,51.34041704034202,-0.024469395530665083
4633,RSPB Farnham Heath - East,SU861438,486100,143800,2280.0,England,7.0,6,2016,2023,UKBMS,51.18695217045045,-0.7694120507469158
4634,"Oxted Downs, Gangers Hill (2017 route)",TQ376541,537600,154100,1404.0,England,10.0,7,2017,2023,UKBMS,51.26944841791094,-0.028948224140683657
4635,"Hurst Meadows, East Molesey",TQ144689,514400,168900,2465.0,England,7.0,6,2017,2023,UKBMS,51.407595936233825,-0.35659874577222317
4636,Clandon Wood Natural Burial Ground,TQ048512,504800,151200,1969.0,England,12.0,6,2017,2023,UKBMS,51.25035055082516,-0.4997705071083669
4637,"Smithwood Common, Cranleigh",TQ051411,505100,141100,1720.0,England,8.0,4,2017,2021,UKBMS,51.15950828529599,-0.498428574162101
4638,Oaken Wood West,SU989338,498900,133800,689.0,England,5.0,7,2017,2023,UKBMS,51.09499045869179,-0.5890608510057034
4639,Barossa and Poors Allotment,SU886632,488600,163200,2921.0,England,10.0,7,2017,2023,UKBMS,51.36096898951657,-0.7288468852337195
4640,Polesden Lacey East,TQ142519,514200,151900,3409.0,England,9.0,7,2017,2023,UKBMS,51.2548393850246,-0.3649171177540476
4641,Polesden Lacey West,TQ131519,513100,151900,2351.0,England,8.0,3,2017,2019,UKBMS,51.255058407557,-0.38067314136069946
4642,Langley Vale Wood A,TQ212564,521200,156400,2815.0,England,12.0,6,2018,2023,UKBMS,51.293840512111785,-0.2631318205007306
4643,"Stave Hill Ecology Park, Rotherhithe",TQ361798,536100,179800,1641.0,England,10.0,6,2018,2023,UKBMS,51.500758911187,-0.04059634508624083
4644,"Gatwick Airport, North West Zone",TQ256407,525600,140700,2455.0,England,8.0,4,2018,2022,UKBMS,51.151784687757605,-0.20555538542125054
4645,"Denbies Hillside Secretaries, Dorking",TQ151501,515100,150100,1384.0,England,8.0,6,2018,2023,UKBMS,51.2384799659342,-0.35260413706810323
4646,Hatchlands Park,TQ067519,506700,151900,3957.0,England,14.0,4,2018,2023,UKBMS,51.25629067065829,-0.4723483999562216
4647,One Tree Hill and Brenchley Gardens,TQ354743,535400,174300,1810.0,England,11.0,6,2018,2023,UKBMS,51.45150223269718,-0.052781009135314985
4648,"Oxted Downs, Whistlers Steep (2018 route)",TQ386543,538600,154300,1365.0,England,10.0,6,2018,2023,UKBMS,51.271003599189484,-0.014545391524971411
4649,Streatham Common,TQ309708,530900,170800,1729.0,England,9.0,6,2018,2023,UKBMS,51.42110598889268,-0.11879725617942591
4650,"Lloyd Park, Croydon",TQ340649,534000,164900,1500.0,England,6.0,5,2018,2022,UKBMS,51.36736165873401,-0.07646533907910925
4651,"Gatwick Airport, Land East of the Railway",TQ293403,529300,140300,2431.0,England,10.0,5,2018,2023,UKBMS,51.147366553763,-0.1528254989455014
4652,Whitmoor Common,SU986535,498600,153500,2990.0,England,10.0,5,2018,2023,UKBMS,51.272129901576385,-0.5879432231829268
4653,Ham Lands South,TQ166719,516600,171900,2752.0,England,13.0,6,2018,2023,UKBMS,51.43411155294681,-0.32399656405498156
4654,Hankley Common North,SU887415,488700,141500,2923.0,England,9.0,6,2018,2023,UKBMS,51.165878666310554,-0.7327862402027173
4655,Elstead Common,SU905420,490500,142000,3162.0,England,9.0,6,2018,2023,UKBMS,51.170091910744866,-0.7069237851462227
4656,Coulsdon Common Merlewood Far,TQ326574,532600,157400,192.0,England,2.0,6,2018,2023,UKBMS,51.30028924371345,-0.09935400953035442
4657,Bookham Common,TQ124565,512400,156500,2880.0,England,12.0,5,2019,2023,UKBMS,51.296542665726086,-0.3892545339383903
4658,Hooley Meadows,TQ287569,528700,156900,1279.0,England,10.0,5,2019,2023,UKBMS,51.296689919643256,-0.15544464041683045
4659,"Brockwell Park, Herne Hill",TQ316738,531600,173800,2597.0,England,10.0,5,2019,2023,UKBMS,51.44790403735412,-0.10762198980797498
4660,Earlswood Common (2019 route),TQ270486,527000,148600,3084.0,England,10.0,4,2019,2023,UKBMS,51.22247669901666,-0.18275844342212635
4661,Frensham Great Pond,SU845406,484500,140600,2500.0,England,10.0,5,2019,2023,UKBMS,51.15842272445972,-0.7930514441199886
4662,Mare Hill Common,SU936401,493600,140100,2046.0,England,8.0,5,2019,2023,UKBMS,51.1525134661592,-0.663089781375677
4663,"Manor Park, Whyteleafe",TQ342571,534200,157100,1975.0,England,8.0,3,2019,2021,UKBMS,51.29721865024332,-0.07652990579277234
4664,Belair Park,TQ327733,532700,173300,2200.0,England,9.0,5,2019,2023,UKBMS,51.443154304099316,-0.09198932141064185
4665,"Burgess Park North, Walworth",TQ330777,533000,177700,2570.0,England,8.0,5,2019,2023,UKBMS,51.48262462494371,-0.08602156865028941
4666,"Burgess Park South, Walworth",TQ332776,533200,177600,2149.0,England,7.0,5,2019,2023,UKBMS,51.48167895770111,-0.08318072682019133
4667,"Hogsmill Nature Trail, Malden Manor",TQ207663,520700,166300,1988.0,England,9.0,4,2020,2023,UKBMS,51.382923903470434,-0.26694694083823134
4668,"Cannon Hill Common, Raynes Park",TQ238683,523800,168300,1800.0,England,10.0,4,2020,2023,UKBMS,51.40023149386471,-0.22172637599626951
4669,Polesden Lacey Stony Rock,TQ124503,512400,150300,2352.0,England,11.0,4,2020,2023,UKBMS,51.24081539420804,-0.391201703900336
4670,"Dungeon Hill, Woodmansterne",TQ271592,527100,159200,2681.0,England,9.0,4,2020,2023,UKBMS,51.31771959400704,-0.17756216969988992
4671,Dulwich Park,TQ334737,533400,173700,2115.0,England,8.0,4,2020,2023,UKBMS,51.44658462407782,-0.08177254439430084
4672,West Norwood Cemetery,TQ323721,532300,172100,2617.0,England,10.0,2,2020,2023,UKBMS,51.43246387004095,-0.09818943054789224
4673,"Barnes Common, The Orchard",TQ222756,522200,175600,448.0,England,3.0,4,2020,2023,UKBMS,51.46618565762163,-0.24219878241111428
4674,"Leg O'Mutton Reservoir, Barnes",TQ217773,521700,177300,2037.0,England,7.0,4,2020,2023,UKBMS,51.48157170986527,-0.2488081903622515
4675,Sidney Wood and Park Copse,TQ024344,502400,134400,4842.0,England,15.0,3,2021,2023,UKBMS,51.099770348640945,-0.5389270988119275
4676,Ham Lands North,TQ164727,516400,172700,2460.0,England,12.0,3,2021,2023,UKBMS,51.44134281381799,-0.3266096821698277
4677,Polesden Lacey West (2021 route),TQ132519,513200,151900,3189.0,England,8.0,3,2021,2023,UKBMS,51.255038584016475,-0.37924076740474666
4678,Sanderstead to Whyteleafe Countryside Area,TQ339598,533900,159800,2638.0,England,15.0,3,2021,2023,UKBMS,51.32155332998254,-0.07981761804941348
4679,Millstock,TQ287577,528700,157700,1012.0,England,2.0,1,2022,2022,UKBMS,51.30387960640758,-0.15515640666262648
4680,Runnymede North,SU997726,499700,172600,1785.0,England,9.0,2,2022,2023,UKBMS,51.443626320036266,-0.5668323159513275
4681,Wandsworth Common Grassland,TQ270743,527000,174300,2883.0,England,7.0,2,2022,2023,UKBMS,51.45344684751243,-0.17360142791921965
4682,Croham Hurst,TQ337632,533700,163200,1587.0,England,7.0,2,2022,2023,UKBMS,51.352155021344956,-0.08141075346264191
4683,Molesey Reservoirs,TQ122687,512200,168700,2745.0,England,7.0,2,2022,2023,UKBMS,51.40623740143806,-0.3882789467691228
4684,Runnymede Riverside,SU999727,499900,172700,981.0,England,1.0,2,2022,2023,UKBMS,51.44448999185867,-0.5639273444960176
4685,"Thundry Meadows Nature Reserve, Elstead",SU895440,489500,144000,1313.0,England,6.0,2,2022,2023,UKBMS,51.18822851321734,-0.7207258553032604
4686,"Unstead Wetland Nature Reserve, Godalming",SU995456,499500,145600,1427.0,England,5.0,2,2022,2023,UKBMS,51.20095981657329,-0.5772379198166971
4687,Wingate Hill (2020 route),TQ265523,526500,152300,1256.0,England,6.0,2,2022,2023,UKBMS,51.255840891048514,-0.18860884711050474
4688,Bealeswood Common (PHS),SU822409,482200,140900,,England,12.0,1,2023,2023,UKBMS,51.16145436134495,-0.8258649002405253
4689,Weybourne Nature Reserve (PHS),SU855485,485500,148500,,England,12.0,1,2023,2023,UKBMS,51.22929449064358,-0.7768764836937692
4690,Runforld Ridge,SU879481,487900,148100,1663.0,England,5.0,1,2023,2023,UKBMS,51.22533448651782,-0.7426111281804456
4691,Seale Meadow,SU900482,490000,148200,679.0,England,4.0,1,2023,2023,UKBMS,51.22590661360018,-0.712521065376553
4692,Hamtpon Downs,SU907481,490700,148100,2753.0,England,9.0,1,2023,2023,UKBMS,51.22489699128236,-0.7025246096475759
4693,Rodborough Common (PHS),SU938421,493800,142100,,England,11.0,1,2023,2023,UKBMS,51.17045981135357,-0.6597101494915039
4694,"Lammas Lands, Godalming",SU975442,497500,144200,2245.0,England,4.0,1,2023,2023,UKBMS,51.1887192700341,-0.6062344804338325
4695,"Blackheath, Chilworth",TQ038459,503800,145900,4007.0,England,12.0,1,2023,2023,UKBMS,51.202892263777365,-0.5156270341884036
4696,Richmond Park (PHS),TQ195737,519500,173700,,England,14.0,1,2023,2023,UKBMS,51.449685446819984,-0.28169037507257266
4697,Tolworth Court Farm (PHS),TQ199647,519900,164700,,England,6.0,1,2023,2023,UKBMS,51.36871313795388,-0.27897659357568955
4698,Newdigate Brickworks,TQ204427,520400,142700,1482.0,England,8.0,1,2023,2023,UKBMS,51.17087709656386,-0.2791993687704329
4699,"Nonsuch Park, Epsom (PHS)",TQ232637,523200,163700,,England,8.0,1,2023,2023,UKBMS,51.359020132667645,-0.2319408562469501
4700,Bushy Bank,SU583915,458300,191500,1010.0,England,7.0,8,2015,2023,UKBMS,51.619312633029026,-1.1593101048690326
4701,Marlow Common North,SU824870,482400,187000,,England,1.0,4,2015,2018,UKBMS,51.57585315444498,-0.8123335420570317
4702,Yoesden,SU788981,478800,198100,,England,8.0,1,2015,2015,UKBMS,51.67615058467791,-0.8617777199902019
4703,Yoesden 2016 route,SU788981,478800,198100,2000.0,England,11.0,8,2016,2023,UKBMS,51.67615058467791,-0.8617777199902019
4704,Merton Wood,SP585178,458500,217800,1880.0,England,11.0,2,2017,2021,UKBMS,51.85573201313976,-1.1520087365199227
4705,River Windrush Valley,SP341111,434100,211100,1437.0,England,1.0,4,2017,2021,UKBMS,51.797514132259224,-1.5069253953445951
4706,Fobney Island,SU702710,470200,171000,2000.0,England,6.0,7,2017,2023,UKBMS,51.43366112693358,-0.9915314575954335
4707,"Windmill Farm, Clanfield",SP278013,427800,201300,2405.0,England,6.0,2,2017,2018,UKBMS,51.70975114778222,-1.5990582469088936
4708,Cock Marsh,SU882867,488200,186700,2443.0,England,4.0,6,2017,2023,UKBMS,51.57227996123373,-0.7287341480357507
4709,Incombe Hole,SP959157,495900,215700,1280.0,England,11.0,5,2018,2023,UKBMS,51.83169144817305,-0.6096963721020318
4710,Lids Down,SU547849,454700,184900,1600.0,England,6.0,6,2018,2023,UKBMS,51.56033616744544,-1.2123296358418938
4711,Thrupp Lake,SU519975,451900,197500,1630.0,England,6.0,6,2018,2023,UKBMS,51.673880708199746,-1.2508545458949043
4712,Buckingham Railway Walk,SP692334,469200,233400,2237.0,England,9.0,6,2018,2023,UKBMS,51.994745141665994,-0.9935417859954023
4713,Stoke Common,SU986853,498600,185300,4490.0,England,10.0,6,2018,2023,UKBMS,51.55797518430244,-0.5791092010882629
4714,Abbey Fishponds LNR,SU512979,451200,197900,750.0,England,3.0,6,2018,2023,UKBMS,51.67754098255313,-1.260918059707828
4715,Whiteleaf Hill,SP821040,482100,204000,710.0,England,8.0,1,2018,2018,UKBMS,51.72871502783523,-0.812676042829501
4716,Gillotts Field,SU746813,474600,181300,2100.0,England,4.0,1,2019,2019,UKBMS,51.52569591617726,-0.9260749201588158
4717,West Wycombe Hill,SU827950,482700,195000,1898.0,England,8.0,4,2019,2023,UKBMS,51.64772401382504,-0.8061205636170446
4718,Hughenden Manor,SU860954,486000,195400,3450.0,England,8.0,1,2019,2019,UKBMS,51.650825283963734,-0.758338721127902
4719,Sallow Copse,SP971135,497100,213500,2400.0,England,9.0,4,2019,2023,UKBMS,51.811710233484746,-0.5929036686546041
4720,"Bradfield, Mirams Copse",SU579728,457900,172800,1200.0,England,6.0,4,2020,2023,UKBMS,51.45123228326721,-1.1681563931218335
4721,Warwick Spinney,SU610920,461000,192000,552.0,England,6.0,4,2020,2023,UKBMS,51.62352213768946,-1.1202291929820467
4722,Holly Copse,SU596701,459600,170100,2360.0,England,7.0,4,2020,2023,UKBMS,51.42678173808747,-1.1441484092030687
4724,"Owlpit Copse, Bradfield",SU587732,458700,173200,1809.0,England,8.0,3,2021,2023,UKBMS,51.454746296742854,-1.1565787457646017
4726,Oxfordshire Golf Club,SP683043,468300,204300,3680.0,England,9.0,3,2021,2023,UKBMS,51.73326021645531,-1.0123919947574813
4728,Cholsey West End,SU583863,458300,186300,586.0,England,3.0,1,2021,2021,UKBMS,51.57256282115988,-1.1601725297150713
4729,Kings Barn Rogues,SU815867,481500,186700,1017.0,England,4.0,2,2022,2023,UKBMS,51.57328697287818,-0.8253874150272952
4730,Aston Upthorpe Downs extension,SU545835,454500,183500,197.0,England,1.0,2,2022,2023,UKBMS,51.547768736800485,-1.2154309103967114
4731,Floodplain Forest,SP806420,480600,242000,2591.0,England,6.0,2,2022,2023,UKBMS,52.070513317778335,-0.8255171271944695
4732,Linford Lakes Nature Reserve,SP838430,483800,243000,2699.0,England,8.0,2,2022,2023,UKBMS,52.07902758479482,-0.7785974360162036
4733,Whiteleaf Cross Nature Reserve,SP821040,482100,204000,1005.0,England,9.0,2,2022,2023,UKBMS,51.72871502783523,-0.812676042829501
4735,Howe Park Wood (new),SP833343,483300,234300,2106.0,England,6.0,2,2022,2023,UKBMS,52.00090197091057,-0.7880083266480142
4736,Elfield Nature Park,SP853364,485300,236400,1207.0,England,6.0,2,2022,2023,UKBMS,52.01947471591406,-0.7583600423955138
4737,Stonepit Field,SP844421,484400,242100,1289.0,England,6.0,2,2022,2023,UKBMS,52.070846917846,-0.7700666735978249
4738,Magna Park,SP918389,491800,238900,1134.0,England,5.0,2,2022,2023,UKBMS,52.04090924599928,-0.6629944069699774
4739,Tattenhoe Valley,SP827330,482700,233000,1964.0,England,5.0,2,2022,2023,UKBMS,51.989306207105805,-0.7970594051988394
4740,Stoneham Farm,SU649750,464900,175000,1912.0,England,6.0,1,2023,2023,UKBMS,51.47025335274886,-1.0670304721498698
4741,Foxholes 2023,SP251204,425100,220400,2158.0,England,8.0,1,2023,2023,UKBMS,51.881602709513025,-1.6367575791548727
4742,Wigwell,SP358199,435800,219900,2127.0,England,10.0,1,2023,2023,UKBMS,51.876525316006926,-1.4813673818488717
4743,Whitecross Green Wood 2023,SP602144,460200,214400,1599.0,England,9.0,1,2023,2023,UKBMS,51.82498593033265,-1.1279190707785642
4744,Whitecross Green Wood Route 2 2023,SP598146,459800,214600,1442.0,England,5.0,1,2023,2023,UKBMS,51.8268267909475,-1.1336877576626576
4745,Waterperry Wood 2023,SP610101,461000,210100,1174.0,England,5.0,1,2023,2023,UKBMS,51.78624265106587,-1.1170681369617896
4746,Rushbeds Wood 2023,SP667155,466700,215500,2471.0,England,7.0,1,2023,2023,UKBMS,51.83413774844889,-1.0334080770153669
4747,Finemere Wood 2023,SP720216,472000,221600,2403.0,England,7.0,1,2023,2023,UKBMS,51.88831619779045,-0.9552348889448836
4748,North Bucks Way & Shenley Wood,SP822355,482200,235500,3392.0,England,5.0,1,2023,2023,UKBMS,52.011852155125226,-0.8037403198572476
4749,Moor Copse Nature Reserve 2023,SU636741,463600,174100,1058.0,England,4.0,1,2023,2023,UKBMS,51.46230937318386,-1.085905537125699
4750,Moor Copse Extension 2023,SU637737,463700,173700,1513.0,England,7.0,1,2023,2023,UKBMS,51.458701996974476,-1.0845382250657067
4751,Sadlers Farm,SU651742,465100,174200,1742.0,England,6.0,1,2023,2023,UKBMS,51.463038165566665,-1.064298583793788
4800,Wollaton LNR,SK529402,452900,340200,800.0,England,8.0,9,2015,2023,UKBMS,52.95657344535208,-1.2139998393186997
4801,Ollerton Pit Wood,SK670673,467000,367300,4000.0,England,10.0,7,2015,2023,UKBMS,53.1985670450946,-0.9985091633731199
4802,Bardon Hill Quarry 2,SK460131,446000,313100,,England,8.0,9,2015,2023,UKBMS,52.71361207106902,-1.3205126292585658
4803,Donisthorpe Woodland Park,SK315140,431500,314000,,England,13.0,9,2015,2023,UKBMS,52.72273760612985,-1.535056594564789
4804,Great Glen,SP655975,465500,297500,,England,10.0,9,2015,2023,UKBMS,52.5713880039487,-1.0349881068355884
4805,Croft Hill Nature Trail,SP513970,451300,297000,,England,10.0,8,2016,2023,UKBMS,52.568415021725706,-1.2445619355790207
4806,Sarah's Wood,SK313157,431300,315700,,England,9.0,8,2016,2023,UKBMS,52.73803095263646,-1.5378561758047071
4807,Elton Guide Campsite,SK765401,476500,340100,940.0,England,10.0,8,2016,2023,UKBMS,52.95283372751312,-0.8627875354742739
4808,Skylarks NR,SK623386,462300,338600,1600.0,England,5.0,6,2016,2023,UKBMS,52.94118531673656,-1.0744007593153373
4809,Gedling Country Park,SK621443,462100,344300,1399.0,England,8.0,1,2016,2016,UKBMS,52.99244032035887,-1.0762851870459642
4810,King's Meadow,SK558384,455800,338400,400.0,England,5.0,5,2016,2020,UKBMS,52.94010132763948,-1.1711456874240633
4811,Sandy Lane Open Space LNR Bramcote,SK518385,451800,338500,1300.0,England,1.0,3,2016,2018,UKBMS,52.94140021680877,-1.230643438646975
4812,Toyota UK Burnaston Pond,SK288302,428800,330200,825.0,England,1.0,8,2016,2023,UKBMS,52.86851298913305,-1.573610089539867
4813,Toyota UK Burnaston Meadow,SK289312,428900,331200,820.0,England,5.0,8,2016,2023,UKBMS,52.87749675684882,-1.5720361889252017
4814,Toyota UK Burnaston Grid 1 to Buildings,SK288307,428800,330700,1565.0,England,8.0,8,2016,2023,UKBMS,52.87300754526933,-1.5735660427426093
4815,Toyota UK Burnaston Grid 2 to Buildings,SK294307,429400,330700,802.0,England,6.0,8,2016,2023,UKBMS,52.87297522507463,-1.564652199524962
4816,Rowthorne Trail,SK480647,448000,364700,4550.0,England,4.0,6,2016,2021,UKBMS,53.177248073180415,-1.2832875793668943
4817,Coton Park LNR,SK270180,427000,318000,1450.0,England,6.0,8,2016,2023,UKBMS,52.75893731499521,-1.6013528686147889
4818,"Seal Brook Wood, Netherseal",SK264124,426400,312400,1916.0,England,8.0,3,2016,2018,UKBMS,52.70862640838943,-1.6106918570240716
4819,"Lightwood, Buxton",SK054751,405400,375100,2260.0,England,8.0,8,2016,2023,UKBMS,53.27285976765188,-1.9204862196771875
4820,Hilton Gravel Pits NR,SK247314,424700,331400,2276.0,England,10.0,8,2016,2023,UKBMS,52.87950291377641,-1.6344248690194962
4821,"Gnathole Farm, Glossop",SK035926,403500,392600,990.0,England,9.0,8,2016,2023,UKBMS,53.430176267077314,-1.9487896722781675
4822,"Greenhead, Baslow",SK258727,425800,372700,850.0,England,8.0,3,2016,2018,UKBMS,53.25069160512724,-1.6147846420346634
4823,Hardwick Park - Section 11,SK456639,445600,363900,300.0,England,1.0,8,2016,2023,UKBMS,53.17026798634901,-1.3193069287787011
4824,Carr Vale 2,SK462695,446200,369500,1350.0,England,5.0,8,2016,2023,UKBMS,53.220550388002806,-1.3095240019835968
4825,Lawrence Field and Padley,SK256801,425600,380100,1300.0,England,7.0,7,2016,2023,UKBMS,53.3172163865454,-1.6171884661012847
4826,Sherwood Forest NNR,SK622682,462200,368200,1804.0,England,6.0,4,2016,2019,UKBMS,53.207237980949344,-1.0701763592908144
4827,Cotgrave Woods,SK646323,464600,332300,3060.0,England,10.0,7,2017,2023,UKBMS,52.88428930407473,-1.041431801696885
4829,Newstead & Annesley CP,SK521530,452100,353000,2400.0,England,9.0,1,2017,2017,UKBMS,53.071702058314564,-1.2238461729828434
4830,Budby South Forest 2,SK618688,461800,368800,4038.0,England,11.0,3,2017,2019,UKBMS,53.212677147894574,-1.076048474060455
4831,Sandy Banks LNR Bestwood,SK567451,456700,345100,600.0,England,1.0,7,2017,2023,UKBMS,53.000228398227996,-1.1565841501090897
4832,Alexandra Plantation Bramcote Hills,SK514386,451400,338600,764.0,England,1.0,1,2017,2017,UKBMS,52.94233742900272,-1.2365791911952841
4833,Nottingham City Hospital (Day Brook),SK567437,456700,343700,720.0,England,6.0,5,2017,2021,UKBMS,52.98764491879066,-1.1568292150723956
4834,Shireoaks Pit Tip,SK561806,456100,380600,1546.0,England,10.0,4,2017,2020,UKBMS,53.319364048638555,-1.1593141484061171
4835,University Park Campus Nottingham,SK539380,453900,338000,2100.0,England,7.0,5,2017,2023,UKBMS,52.936699712463636,-1.1994808494862264
4836,Leen Cutting,SK557383,455700,338300,433.0,England,2.0,4,2017,2020,UKBMS,52.93921286007068,-1.172650652293088
4837,Brook Park Shirebrook,SK536667,453600,366700,2070.0,England,10.0,6,2017,2023,UKBMS,53.194690775627855,-1.199175041143861
4838,Broomfield College,SK385401,438500,340100,1839.0,England,10.0,7,2017,2023,UKBMS,52.95689818960347,-1.428350248715431
4839,Denby Footpaths 2,SK393465,439300,346500,1898.0,England,8.0,7,2017,2023,UKBMS,53.01436815536129,-1.4156669774288275
4840,Markham Vale North Seymour,SK450738,445000,373800,3570.0,England,9.0,7,2017,2023,UKBMS,53.25930227851295,-1.3268890543639633
4841,Sunnydale Park Littleover,SK335331,433500,333100,1350.0,England,10.0,5,2017,2021,UKBMS,52.89431007632598,-1.5034951655349067
4842,Bottom Moor Wood Matlock Moor,SK322626,432200,362600,1900.0,England,4.0,7,2017,2023,UKBMS,53.15955911045272,-1.5198839557847885
4843,Clowne Linear Park and Railway Line,SK498754,449800,375400,2200.0,England,10.0,7,2017,2023,UKBMS,53.27325535295971,-1.2546913049749047
4844,Holmebrook Valley Park,SK355730,435500,373000,3220.0,England,8.0,7,2017,2023,UKBMS,53.25283011897414,-1.4693796739550178
4845,Poolsbrook Country Park North,SK440741,444000,374100,3050.0,England,9.0,7,2017,2023,UKBMS,53.26208237621599,-1.341837027123416
4846,Poolsbrook Country Park South,SK435733,443500,373300,3480.0,England,10.0,7,2017,2023,UKBMS,53.254932942805986,-1.3494412777791134
4847,Waingroves Woodland,SK413487,441300,348700,2785.0,England,6.0,1,2017,2017,UKBMS,53.03399297420984,-1.3855771904225074
4848,Clover Close Meadows Elvaston,SK407323,440700,332300,2200.0,England,6.0,7,2017,2023,UKBMS,52.88662374775615,-1.3965789060301639
4849,Codnor Park,SK441514,444100,351400,3962.0,England,8.0,1,2017,2017,UKBMS,53.05803905151934,-1.3434574597177504
4850,Denby Pottery,SK391473,439100,347300,850.0,England,1.0,4,2017,2021,UKBMS,53.02157369632099,-1.4185512709291266
4851,"Quaker House, Bamford",SK201829,420100,382900,2300.0,England,10.0,1,2017,2017,UKBMS,53.34262044302926,-1.6995691057752047
4852,Redhill Quarry Middleton Top,SK274553,427400,355300,600.0,England,1.0,1,2017,2017,UKBMS,53.094208844928104,-1.5922898789001214
4853,Manor Farm LNR Long Eaton,SK499341,449900,334100,1150.0,England,1.0,7,2017,2023,UKBMS,52.9020302640357,-1.2595882671681407
4854,Nether North Grain Snake Pass,SK103925,410300,392500,1960.0,England,7.0,4,2017,2021,UKBMS,53.429189928162295,-1.8464504420755994
4855,Old House Farm Upper Derwent Valley,SK177892,417700,389200,3143.0,England,8.0,4,2017,2021,UKBMS,53.39933324545506,-1.7352651200084115
4857,Willesley Wood,SK333142,433300,314200,,England,10.0,6,2017,2023,UKBMS,52.724428040676706,-1.50838706309883
4858,Freckland Wood,SK524527,452400,352700,1250.0,England,5.0,6,2018,2023,UKBMS,53.068976315818276,-1.2194177948992817
4859,Newstead & Annesley CP 2,SK521530,452100,353000,2318.0,England,6.0,6,2018,2023,UKBMS,53.071702058314564,-1.2238461729828434
4860,"School Lane, Colston Bassett",SK693327,469300,332700,1400.0,England,8.0,6,2018,2023,UKBMS,52.88730046380809,-0.9715124851925638
4861,"Langar Lane, Colston Bassett",SK705333,470500,333300,1668.0,England,8.0,1,2018,2018,UKBMS,52.8925374588852,-0.9535515454133372
4862,"Washpit Lane, Colston Bassett",SK695337,469500,333700,2150.0,England,10.0,1,2018,2018,UKBMS,52.89626257050458,-0.9683272791289796
4863,Bevercotes Pit Wood,SK696734,469600,373400,1332.0,England,5.0,6,2018,2023,UKBMS,53.253056450579294,-0.9582663020147765
4864,Newark Mather Road,SK798544,479800,354400,1450.0,England,6.0,2,2018,2019,UKBMS,53.08087083464522,-0.8101504336263092
4865,Dene Quarry & Gang Mine NR,SK280550,428000,355000,3713.0,England,9.0,6,2018,2023,UKBMS,53.09148120363648,-1.5833563994928137
4866,Markham South Pit - Linear Route,SK450715,445000,371500,2810.0,England,7.0,6,2018,2023,UKBMS,53.23862949711605,-1.3272133019622543
4867,Markham South Pit - Perimeter Route,SK450710,445000,371000,2605.0,England,8.0,6,2018,2023,UKBMS,53.23413540447169,-1.3272837376668027
4868,Bamford 2,SK200820,420000,382000,2575.0,England,8.0,6,2018,2023,UKBMS,53.334534536286355,-1.7011275535552908
4869,Derby Canal Little Eaton,SK363406,436300,340600,1500.0,England,5.0,6,2018,2023,UKBMS,52.96154550807675,-1.4610411590790997
4870,The Forge Ironville,SK441512,444100,351200,1500.0,England,5.0,6,2018,2023,UKBMS,53.05624135408389,-1.343484775992021
4871,Upper Longdendale,SK095995,409500,399500,3000.0,England,10.0,2,2018,2019,UKBMS,53.49212383471006,-1.8582814740152152
4872,Lower Longdendale,SK034972,403400,397200,2000.0,England,10.0,2,2018,2019,UKBMS,53.471523891237496,-1.9502466716405913
4873,Woodthorpe Grange Park,SK583434,458300,343400,1900.0,England,6.0,2,2018,2021,UKBMS,52.98477713425646,-1.133052076584266
4874,"Brown's Hay, Sandhills",SK506109,450600,310900,,England,15.0,6,2018,2023,UKBMS,52.693427038081246,-1.2527638823028084
4875,Charnwood Lodge,SK468157,446800,315700,,England,9.0,6,2018,2023,UKBMS,52.736914864736576,-1.3083018145735217
4876,"Cover Cloud, Sandhills",SK497103,449700,310300,,England,15.0,6,2018,2023,UKBMS,52.68811684725418,-1.2661693993581598
4877,Fosse Meadows (2018),SP489910,448900,291000,,England,10.0,6,2018,2023,UKBMS,52.5147006093582,-1.2808495780752303
4878,"The Cordals, South Kilworth",SP611821,461100,282100,,England,8.0,1,2018,2018,UKBMS,52.43347131107174,-1.1027227538836897
4880,Quarry Lane Nature Reserve,SK534601,453400,360100,2500.0,England,9.0,4,2019,2022,UKBMS,53.13538976692787,-1.203267370327369
4881,Ashbourne Town,SK175465,417500,346500,1703.0,England,10.0,5,2019,2023,UKBMS,53.01551997801152,-1.7405989114305542
4882,Spring Wood Unstone,SK391768,439100,376800,1000.0,England,10.0,1,2019,2019,UKBMS,53.286733390575606,-1.4149594003689998
4883,Norbriggs Flash,SK444754,444400,375400,2475.0,England,8.0,5,2019,2023,UKBMS,53.27373373994061,-1.3356598750444457
4884,Cunningdale,SK076732,407600,373200,1437.0,England,6.0,5,2019,2023,UKBMS,53.25575466554513,-1.8875417831835353
4885,Eastern Moors - Curbar,SK255755,425500,375500,3990.0,England,9.0,4,2019,2023,UKBMS,53.27587402127775,-1.6190573049763168
4886,Charnwood Lodge Timberwood Hill,SK471148,447100,314800,,England,12.0,5,2019,2023,UKBMS,52.72879886354214,-1.303987794913443
4887,QEII Diamond Jubilee Wood,SK385123,438500,312300,,England,10.0,5,2019,2023,UKBMS,52.70700467171076,-1.4316198966385127
4888,East Leake - Meadow Park,SK551266,455100,326600,2100.0,England,10.0,1,2019,2019,UKBMS,52.83411011849163,-1.1835549603356688
4889,Mapleton,SK165482,416500,348200,2361.0,England,10.0,4,2019,2022,UKBMS,53.030832900174275,-1.7554181839704581
4890,Middle Hay Cressbrookdale,SK175739,417500,373900,2400.0,England,12.0,2,2019,2021,UKBMS,53.26181476773555,-1.7391125285965283
4891,Stoney Wood Wirksworth,SK284543,428400,354300,1000.0,England,5.0,5,2019,2023,UKBMS,53.085168010722334,-1.577445370344597
4892,Tansley Dale,SK171747,417100,374700,1380.0,England,8.0,5,2019,2023,UKBMS,53.269018661101896,-1.7450662395566978
4893,BASF Factory Alfreton,SK415545,441500,354500,912.0,England,6.0,4,2019,2023,UKBMS,53.08611113213753,-1.3818494668453971
4894,Wilwell Farm Cutting,SK567350,456700,335000,1600.0,England,6.0,4,2020,2023,UKBMS,52.90944696344279,-1.1583480248525593
4895,Radcliffe On Trent (clifftop riverside and field margin),SK651406,465100,340600,3270.0,England,7.0,4,2020,2023,UKBMS,52.95882955706011,-1.0323411099463067
4896,"The Hook, Lady Bay",SK592385,459200,338500,2150.0,England,8.0,4,2020,2023,UKBMS,52.940636679799994,-1.1205419782975243
4897,Hucknall Ranges,SK532505,453200,350500,2920.0,England,10.0,4,2020,2023,UKBMS,53.04912335922297,-1.20784226845971
4898,Lubrizol Estate Hazelwood,SK320455,432000,345500,941.0,England,6.0,4,2020,2023,UKBMS,53.00586387382299,-1.5245706145351
4899,High Peak Quarry Longcliffe,SK231555,423100,355500,1720.0,England,7.0,1,2020,2020,UKBMS,53.09620908906351,-1.6564858590554834
4900,Studland Common,SZ276922,427600,92200,1800.0,England,10.0,8,2016,2023,UKBMS,50.728768083956304,-1.6103183031239063
4901,Frohawk,SU318048,431800,104800,2320.0,England,6.0,8,2016,2023,UKBMS,50.84185706926489,-1.5497267568792565
4902,Janesmoor,SU252135,425200,113500,2570.0,England,7.0,8,2016,2023,UKBMS,50.9204134168421,-1.6428644596652957
4903,RSPB Hazeley Heath East,SU745590,474500,159000,870.0,England,5.0,7,2016,2023,UKBMS,51.32523188384756,-0.93219800665461
4904,RSPB Hazeley Heath West,SU750581,475000,158100,1365.0,England,6.0,7,2016,2023,UKBMS,51.31707512989552,-0.9252126873774753
4905,Acres Down,SU268093,426800,109300,2370.0,England,10.0,8,2016,2023,UKBMS,50.882574426577634,-1.6204096251159017
4906,Harmony Woods,SU371485,437100,148500,640.0,England,9.0,4,2016,2019,UKBMS,51.234484056363854,-1.4699944577025996
4907,Selborne Common,SU736331,473600,133100,1500.0,England,12.0,7,2017,2023,UKBMS,51.092497616247186,-0.9504175412140585
4908,Briddlesford Woods Nature Reserve 1,SZ549905,454900,90500,2483.0,England,15.0,7,2017,2023,UKBMS,50.71154881355674,-1.2238033544372637
4909,Briddlesford Woods Nature Reserve 2,SZ545908,454500,90800,2998.0,England,15.0,1,2017,2017,UKBMS,50.71428393774345,-1.22942388198291
4910,Blashford Lakes South,SU150077,415000,107700,3490.0,England,7.0,7,2017,2023,UKBMS,50.868611166023214,-1.7882093498591942
4911,Kemphill Moor Copse,SZ569896,456900,89600,1484.0,England,10.0,7,2017,2023,UKBMS,50.703264243759136,-1.1956182855284083
4912,Blashford Lakes North,SU155084,415500,108400,1960.0,England,6.0,7,2017,2023,UKBMS,50.874892733082454,-1.7810746161905169
4913,Morn Hill (Mound & Percy Hobbs Meadows),SU518292,451800,129200,1000.0,England,10.0,7,2017,2023,UKBMS,51.05981050617625,-1.2622314833480723
4914,Gilbert White's House Garden and Meadow,SU740334,474000,133400,1617.0,England,6.0,7,2017,2023,UKBMS,51.09514339024099,-0.9446454552310611
4915,Blackwater New Forest,SU264047,426400,104700,2303.0,England,10.0,7,2017,2023,UKBMS,50.841228368801815,-1.6264259114816
4916,Harewood Common,SU393452,439300,145200,1172.0,England,4.0,7,2017,2023,UKBMS,51.204665372798466,-1.4388458473300425
4917,Vales Moor,SU189040,418900,104000,2300.0,England,10.0,7,2017,2023,UKBMS,50.835225812514665,-1.7329781215245952
4918,Abbotswood,SU363225,436300,122500,1222.0,England,5.0,7,2017,2023,UKBMS,51.00075145619607,-1.484061459309901
4919,Westend Copse,SU458145,445800,114500,1200.0,England,8.0,6,2017,2023,UKBMS,50.92814183029749,-1.3496896285671256
4920,The Chase,SU442628,444200,162800,3300.0,England,12.0,4,2017,2021,UKBMS,51.36255420540552,-1.366539928590555
4921,Basing Wood,SU645555,464500,155500,2163.0,England,9.0,6,2018,2023,UKBMS,51.294984817043854,-1.0763234022636297
4922,Roe North,SU197094,419700,109400,2960.0,England,10.0,6,2018,2023,UKBMS,50.883757973786906,-1.7213288364341697
4923,Roe South,SU202086,420200,108600,2525.0,England,6.0,6,2018,2023,UKBMS,50.87654695809825,-1.714265242657939
4924,Great Linford,SU182077,418200,107700,2500.0,England,8.0,6,2018,2023,UKBMS,50.86851990295093,-1.7427356240226644
4925,Romsey Allotment Holders Association Allotments,SU360210,436000,121000,1066.0,England,11.0,6,2018,2023,UKBMS,50.98728241496596,-1.4884848068487755
4926,Staunton Country Park (woods),SU721092,472100,109200,1504.0,England,7.0,5,2018,2022,UKBMS,50.87780732087802,-0.9765677391298367
4927,Staunton Country Park (meadow & lake),SU717090,471700,109000,2358.0,England,10.0,5,2018,2022,UKBMS,50.87605881012804,-0.9822913866049813
4928,Little Linford,SU185072,418500,107200,1920.0,England,5.0,6,2018,2023,UKBMS,50.86401426344022,-1.7384976034832162
4929,Yew Hill (Hill Top),SU453264,445300,126400,935.0,England,9.0,5,2018,2022,UKBMS,51.035182412306256,-1.3553240189342401
4931,Hightown Common,SU179054,417900,105400,1320.0,England,8.0,6,2018,2023,UKBMS,50.84784676214134,-1.7471105435599066
4932,The Wildgrounds,SU583010,458300,101000,1139.0,England,9.0,1,2018,2018,UKBMS,50.805631035988085,-1.1739937493832076
4933,Furzey Gardens,SU273113,427300,111300,2000.0,England,6.0,4,2019,2023,UKBMS,50.900535516191006,-1.6131534860840313
4934,Ballard Water Meadow,SZ240955,424000,95500,1850.0,England,7.0,5,2019,2023,UKBMS,50.75860243896222,-1.661109361779875
4935,West Wood (Burrow Copse),SU423296,442300,129600,1190.0,England,6.0,5,2019,2023,UKBMS,51.0641838065759,-1.3977333653707256
4937,Arreton Down,SZ538871,453800,87100,2260.0,England,1.0,1,2019,2019,UKBMS,50.68107893793441,-1.2398755694788162
4938,Ox Drove Meadow,SU396469,439600,146900,750.0,England,4.0,5,2019,2023,UKBMS,51.21993021207633,-1.4343647495379241
4939,Black Down,SU352069,435200,106900,2080.0,England,8.0,5,2019,2023,UKBMS,50.86054434846465,-1.5012386302121141
4940,Broomy Plain,SU222114,422200,111400,2522.0,England,6.0,5,2019,2023,UKBMS,50.9016523482482,-1.6856702229917109
4941,Claypits Bottom,SU227162,422700,116200,2729.0,England,8.0,5,2019,2023,UKBMS,50.944795634424345,-1.6782626617735943
4942,Dur Hill,SU192013,419200,101300,2901.0,England,7.0,5,2019,2023,UKBMS,50.81093648799594,-1.728858524657588
4943,Wilverley Plain,SU256020,425600,102000,2704.0,England,7.0,3,2019,2021,UKBMS,50.816984889461516,-1.637975264515039
4945,Bouldnor Forest,SZ382902,438200,90200,1900.0,England,1.0,1,2019,2019,UKBMS,50.7101852895183,-1.4603464330410312
4946,Itchen Valley CP Woods-2,SU467165,446700,116500,1113.0,England,6.0,2,2019,2021,UKBMS,50.94605330918923,-1.336628840795597
4947,Micheldever Wood,SU531369,453100,136900,3280.0,England,10.0,5,2019,2023,UKBMS,51.12892505938707,-1.2425533566263984
4948,"Skys Wood, Valley Park Local Nature Reserve",SU414210,441400,121000,1025.0,England,7.0,1,2019,2019,UKBMS,50.986920430602524,-1.4115555267617272
4949,Brockishill,SU300118,430000,111800,2541.0,England,9.0,4,2020,2023,UKBMS,50.90489814577129,-1.5747185285345042
4950,Martin Down Kitts Grave Extension,SU032206,403200,120600,700.0,England,5.0,4,2020,2023,UKBMS,50.98479587689807,-1.9557860418822506
4951,Yateley Common South Central,SU826589,482600,158900,970.0,England,4.0,4,2020,2023,UKBMS,51.32321588194203,-0.8159992268148123
4952,Yateley Common East,SU835595,483500,159500,1380.0,England,4.0,4,2020,2023,UKBMS,51.328478517366534,-0.802946000000985
4953,Yateley Common West,SU814589,481400,158900,1450.0,England,5.0,4,2020,2023,UKBMS,51.32338863618796,-0.8332164768444014
4955,Bouldnor Forest 2,SZ379901,437900,90100,2410.0,England,3.0,4,2020,2023,UKBMS,50.70930563857054,-1.4646053009941586
4956,Hyden Hill,SU688196,468800,119600,2152.0,England,7.0,3,2021,2023,UKBMS,50.9717158484677,-1.0215060738797554
4958,Shawford Down,SU470249,447000,124900,1122.0,England,8.0,3,2021,2023,UKBMS,51.021558849825695,-1.331275032150085
4959,Deacon Hill,SU494276,449400,127600,1499.0,England,6.0,3,2021,2023,UKBMS,51.04563518480724,-1.2966926102180183
4960,Whitchurch (Mill-trail),SU472478,447200,147800,4005.0,England,10.0,3,2021,2023,UKBMS,51.22744610267458,-1.3254324661603372
4961,Shepherd's Chine,SZ445799,444500,79900,1166.0,England,7.0,3,2021,2023,UKBMS,50.61711853083531,-1.3723617039590261
4962,Grange Chine,SZ420817,442000,81700,783.0,England,5.0,3,2021,2023,UKBMS,50.633489647089725,-1.4074933720742973
4963,Hillier Gardens 2,SU379238,437900,123800,1142.0,England,6.0,2,2022,2023,UKBMS,51.01233797737256,-1.4611254978156978
4964,Keeping Marsh 22,SU398011,439800,101100,2004.0,England,5.0,2,2022,2023,UKBMS,50.80809297997226,-1.4365118852755236
4965,Poulner Lakes,SU156068,415600,106800,1331.0,England,6.0,2,2022,2023,UKBMS,50.860502261115045,-1.7797211017785883
4966,Lepe Meadows and Nature Reserve,SZ456987,445600,98700,2066.0,England,10.0,2,2022,2023,UKBMS,50.78608583991425,-1.3544987091227525
4967,Brading Down LNR 2,SZ600867,460000,86700,1680.0,England,6.0,2,2022,2023,UKBMS,50.67687719607399,-1.1521950057492076
4968,Hillier Gardens 1,SU374239,437400,123900,1336.0,England,4.0,2,2022,2023,UKBMS,51.01326979456231,-1.4682421862870823
4969,Twyford Waterworks,SU492248,449200,124800,1567.0,England,6.0,2,2022,2023,UKBMS,51.02047607132683,-1.299924639679181
4970,RSPB Hazeley Bottom,SU746585,474600,158500,1413.0,England,11.0,2,2022,2023,UKBMS,51.320723711097884,-0.9308676214050655
4971,Bere Copse,SU604148,460400,114800,270.0,England,1.0,2,2022,2023,UKBMS,50.92949813350629,-1.1419204731177515
4972,Bury Hill,SU345432,434500,143200,2000.0,England,5.0,2,2022,2023,UKBMS,51.1869913028174,-1.5077411376585774
4974,Broomy Walk,SU201111,420100,111100,3155.0,England,10.0,1,2023,2023,UKBMS,50.8990311757097,-1.715549788223055
4975,Stockbridge Marsh,SU354342,435400,134200,2394.0,England,6.0,1,2023,2023,UKBMS,51.10601149655929,-1.4957462148948248
4976,Hillier Gardens 3,SU377237,437700,123700,443.0,England,6.0,1,2023,2023,UKBMS,51.01145190072499,-1.4639866426527623
4977,Harewood Common Extension,SU394455,439400,145500,,England,3.0,1,2023,2023,UKBMS,51.20735594896194,-1.4373816844948069
4978,Magdalen Hill Cemetery,SU514292,451400,129200,938.0,England,5.0,1,2023,2023,UKBMS,51.059846376439964,-1.2679386646209667
4979,CPRE Hedgerow Heroes 2022,SU523030,452300,103000,1321.0,England,3.0,1,2023,2023,UKBMS,50.82418613113443,-1.2588511844503645
4980,Blackwood Forest,SU536431,453600,143100,1328.0,England,8.0,1,2023,2023,UKBMS,51.184623975822305,-1.2344871479111312
4981,Beggarwood Park LNR,SU600485,460000,148500,2115.0,England,7.0,1,2023,2023,UKBMS,51.232540187465275,-1.1420267372112312
4982,Milton Common,SU672008,467200,100800,2527.0,England,12.0,1,2023,2023,UKBMS,50.80287055183504,-1.047741933463134
4983,Farlington Marshes Route B2,SU687052,468700,105200,970.0,England,5.0,1,2023,2023,UKBMS,50.84225626486302,-1.0256360483262996
4984,Bordon Inclosure,SU802362,480200,136200,1710.0,England,12.0,1,2023,2023,UKBMS,51.11948379360169,-0.8555051710418974
4985,Blackbushe Airport,SU805595,480500,159500,2730.0,England,8.0,1,2023,2023,UKBMS,51.32891048576992,-0.8459941711535789
4986,Arreton Down 2,SZ534872,453400,87200,2280.0,England,5.0,1,2023,2023,UKBMS,50.682014900027355,-1.2455222475932461
4987,Newchurch Moors,SZ565857,456500,85700,4786.0,England,9.0,1,2023,2023,UKBMS,50.66823495394405,-1.2018769586157783
4988,Fishlake Meadows,SU358228,435800,122800,1600.0,England,9.0,1,2023,2023,UKBMS,51.003480250209606,-1.491157184118112
5001,Skirrid,SO327167,332700,216700,1130.0,Wales,8.0,6,2017,2023,UKBMS,51.84482573663744,-2.978340067333582
5002,Brockwells Meadows,ST470896,347000,189600,1300.0,Wales,7.0,4,2017,2021,UKBMS,51.60273201858911,-2.7666488451395597
5003,"Fenns, Whixall NNR transect C",SJ482371,348200,337100,3500.0,Wales,11.0,6,2018,2023,UKBMS,52.928794212223714,-2.772025254026109
5004,"Bryn Euryn, Rhos-on-Sea",SH829800,282900,380000,1000.0,Wales,9.0,6,2018,2023,UKBMS,53.30396124345058,-3.7587406355802586
5005,Merthyr Mawr NNR 2,SS860770,286000,177000,867.0,Wales,3.0,6,2018,2023,UKBMS,51.4804317734954,-3.6430403345057734
5007,Forest Wood Quarry,ST013798,301300,179800,1681.0,Wales,8.0,1,2018,2018,UKBMS,51.508479995105226,-3.4235765751910083
5008,New Range Transect (South Stack),SH214799,221400,379900,2142.0,Wales,7.0,4,2018,2023,UKBMS,53.28589493787045,-4.68067715000535
5009,Gwaith Powdwr,SH618389,261800,338900,2090.0,Wales,6.0,2,2018,2019,UKBMS,52.92966668131257,-4.057460644842939
5010,Rogiet Poorland & Lower Minnetts Field,ST452884,345200,188400,1234.0,Wales,6.0,2,2018,2019,UKBMS,51.59177082798244,-2.7924480864335095
5011,The Gop,SJ088799,308800,379900,2560.0,Wales,6.0,1,2018,2018,UKBMS,53.308160059243534,-3.3701785378139424
5012,"Rhyd-y-Fen, Migneint",SH832397,283200,339700,2723.0,Wales,7.0,5,2018,2023,UKBMS,52.941940294762446,-3.7395540103276526
5013,Gilfach Nature Reserve,SN960713,296000,271300,2700.0,Wales,9.0,3,2019,2021,UKBMS,52.329900850581595,-3.527586545117444
5014,Allt-yr-Esgair,SO125245,312500,224500,1600.0,Wales,10.0,2,2019,2020,UKBMS,51.912132972751145,-3.2734767266735587
5015,Minera Quarry,SJ257519,325700,351900,1400.0,Wales,4.0,1,2019,2019,UKBMS,53.05916272842934,-3.1100851127263742
5016,Slade Wood,ST454893,345400,189300,1550.0,Wales,6.0,1,2019,2019,UKBMS,51.5998817022419,-2.7897016922900604
5017,Hendre Woods,SO473127,347300,212700,1449.0,Wales,7.0,1,2019,2019,UKBMS,51.81043719106669,-2.7658175775292504
5018,Highmeadow Woods,SO544148,354400,214800,1780.0,Wales,9.0,1,2019,2019,UKBMS,51.82994270375737,-2.6631172318088305
5019,Llanmelin Wood Hillfort,ST462926,346200,192600,1100.0,Wales,7.0,1,2019,2019,UKBMS,51.62962735667564,-2.778660275025705
5020,Cemlyn,SH330931,233000,393100,4751.0,Wales,9.0,1,2021,2021,UKBMS,53.40821397651867,-4.513820398199191
5022,Plas Power LNR,SJ298518,329800,351800,2000.0,Wales,6.0,2,2020,2021,UKBMS,53.05881906508385,-3.048898516451666
5023,Broad Haven Inland,SM864143,186400,214300,3480.0,Wales,7.0,2,2020,2021,UKBMS,51.786475945493656,-5.098363512109027
5024,Cwm Ivy Tor,SS436940,243600,194000,1035.0,Wales,10.0,1,2020,2020,UKBMS,51.623026160024565,-4.26074091257803
5025,Skrinkle - Manorbier,SS080975,208000,197500,1314.0,Wales,6.0,4,2020,2023,UKBMS,51.64343586680831,-4.776346549754627
5026,Freshwater East,SS016979,201600,197900,1345.0,Wales,9.0,4,2020,2023,UKBMS,51.64480567175104,-4.868948852016
5027,Cwm Ivy Tor (2021 route),SS436941,243600,194100,1357.0,Wales,14.0,3,2021,2023,UKBMS,51.62392458664086,-4.260785589078675
5028,Bishopston Valley,SS568877,256800,187700,1985.0,Wales,9.0,3,2021,2023,UKBMS,51.56993400739617,-4.067621246765325
5029,Pwll Du - Brandy Cove,SS581872,258100,187200,1119.0,Wales,9.0,3,2021,2023,UKBMS,51.56577010994809,-4.048674527813132
5030,Coed Bell,SJ088830,308800,383000,2195.0,Wales,11.0,3,2021,2023,UKBMS,53.33601696926259,-3.3710714812364118
5031,Tir Cethyn Farm,SS556952,255600,195200,1285.0,Wales,8.0,3,2021,2023,UKBMS,51.63701776587435,-4.0880140339354005
5032,Lavernock National Nature Reserve,ST180679,318000,167900,396.0,Wales,8.0,3,2021,2023,UKBMS,51.40417730947359,-3.1802412641641666
5033,Lydstep Point,SS088975,208800,197500,1561.0,Wales,4.0,2,2022,2023,UKBMS,51.64370853465125,-4.76479879443415
5034,Centre for Alternative Technology Wales,SH755044,275500,304400,1229.0,Wales,7.0,1,2022,2022,UKBMS,52.62304397243457,-3.8406377306416424
5035,Giltar Point,SS120985,212000,198500,1731.0,Wales,6.0,2,2022,2023,UKBMS,51.65376896053755,-4.719143683776625
5036,"Llandough Allotments, Corbett Road",ST166725,316600,172500,368.0,Wales,6.0,2,2022,2023,UKBMS,51.44532505793425,-3.2014475530582573
5037,Allt Forgan Wood (PHS),SH967246,296700,324600,,Wales,6.0,1,2023,2023,UKBMS,52.80902061903597,-3.533947007334793
5038,Aberduna Nature Reserve (east),SJ203612,320300,361200,1595.0,Wales,11.0,1,2023,2023,UKBMS,53.14196336764185,-3.1929511221713924
5039,Llanymynech Golf Club,SJ264219,326400,321900,3421.0,Wales,8.0,1,2023,2023,UKBMS,52.78963076795995,-3.0928295278483535
5040,Llanymynech WT reserves,SJ264216,326400,321600,1776.0,Wales,4.0,1,2023,2023,UKBMS,52.7869344130624,-3.0927619460534284
5041,Carew Castle Meadows,SN045037,204500,203700,750.0,Wales,5.0,1,2023,2023,UKBMS,51.69790705584288,-4.83033669522538
5042,Pentwyn North,SO182730,318200,273000,1855.0,Wales,9.0,1,2023,2023,UKBMS,52.34894413863114,-3.202312156971474
5043,Pentwyn South,SO183726,318300,272600,1904.0,Wales,7.0,1,2023,2023,UKBMS,52.345363794408264,-3.2007469817018737
5044,Clyne Common North,SS596900,259600,190000,2613.0,Wales,9.0,1,2023,2023,UKBMS,51.591305812443096,-4.028167955502191
5045,Clyne Common South,SS598894,259800,189400,1965.0,Wales,10.0,1,2023,2023,UKBMS,51.58596423070539,-4.025042918637733
5046,West Cross Common,SS604897,260400,189700,1175.0,Wales,14.0,1,2023,2023,UKBMS,51.58880902477432,-4.0165077015206165
5100,Wandlebury Country Park,TL494533,549400,253300,3100.0,England,12.0,4,2017,2021,UKBMS,52.157765854187126,0.18257416855046357
5101,"RSPB Old Hall Marshes, Essex",TL960123,596000,212300,12455.0,England,15.0,6,2017,2023,UKBMS,51.775041513151955,0.8396074406349314
5102,Coton Countryside Reserve South (CPPF),TL413576,541300,257600,2800.0,England,6.0,1,2017,2017,UKBMS,52.19853007944477,0.06604048438533286
5103,Coton Countryside Reserve North (CPPF),TL413583,541300,258300,2300.0,England,6.0,7,2017,2023,UKBMS,52.20481925363727,0.06633223838953435
5104,Ferry Meadows,TL148974,514800,297400,1500.0,England,10.0,3,2017,2019,UKBMS,52.562331084140084,-0.3078783985242073
5105,Greenacres Epping,TL488033,548800,203300,2700.0,England,5.0,2,2016,2017,UKBMS,51.70870846567889,0.1522034884487423
5106,Pods Wood,TL902177,590200,217700,2790.0,England,11.0,1,2017,2017,UKBMS,51.82553601055635,0.7586032169813322
5107,Hyde Hall,TQ782997,578200,199700,6460.0,England,15.0,4,2018,2023,UKBMS,51.66781393914277,0.5754518280328885
5108,Ferry Meadows 2,TL142972,514200,297200,2100.0,England,10.0,1,2018,2018,UKBMS,52.56066001012662,-0.3167943573851227
5109,Pound Wood EWT,TQ820888,582000,188800,2360.0,England,15.0,6,2018,2023,UKBMS,51.568695090804056,0.6246829716443192
5110,Ferry Medows B 2019,TL142972,514200,297200,2300.0,England,10.0,5,2019,2023,UKBMS,52.56066001012662,-0.3167943573851227
5111,EWT Hanningfield Reserve,TQ726972,572600,197200,1800.0,England,10.0,5,2019,2023,UKBMS,51.647103948190534,0.49332408629815544
5112,Ferry Medows A 2019,TL148975,514800,297500,2700.0,England,10.0,5,2019,2023,UKBMS,52.56322967496841,-0.30784381600582206
5113,Great Notley,TL732214,573200,221400,2950.0,England,9.0,1,2019,2019,UKBMS,51.86429490009867,0.51403511888888
5114,Ferry Meadows E,TL152977,515200,297700,2505.0,England,11.0,4,2020,2023,UKBMS,52.5649424033647,-0.3018762137270485
5115,Spaldwick Village,TL127723,512700,272300,3100.0,England,6.0,4,2020,2023,UKBMS,52.33721491734549,-0.34730882438540883
5116,Magog Down,TL490530,549000,253000,3500.0,England,10.0,1,2020,2020,UKBMS,52.1551786624154,0.1765998720700642
5117,Little Baddow Heath,TL788063,578800,206300,2000.0,England,12.0,4,2020,2023,UKBMS,51.726904664443964,0.5874991113317698
5118,Ferry Meadows C,TL149974,514900,297400,2291.0,England,9.0,4,2020,2023,UKBMS,52.56231000051907,-0.3064038781573838
5119,Ferry Meadows D,TL139981,513900,298100,1822.0,England,5.0,4,2020,2023,UKBMS,52.56881018599069,-0.32090894483644933
5120,Cambridge University Botanic Garden,TL454571,545400,257100,1600.0,England,9.0,3,2021,2023,UKBMS,52.192972903515326,0.12577196559884757
5121,Warley Place NR,TQ583908,558300,190800,1778.0,England,15.0,3,2021,2023,UKBMS,51.593810045658536,0.28393077523536125
5122,Magog Down 2021+,TL490530,549000,253000,3276.0,England,10.0,1,2021,2021,UKBMS,52.1551786624154,0.1765998720700642
5123,RSPB Wallasea Island Marsh Flats Trail,TQ9594,595000,194000,4716.0,England,11.0,3,2021,2023,UKBMS,51.61105159516897,0.81491136262051
5124,Great Holland Pits EWT,TM203190,620300,219000,290.0,England,14.0,3,2021,2023,UKBMS,51.826160026181135,1.1955304090779673
5125,Chafford Gorges Nature park Wouldham Cliffs,TQ601793,560100,179300,832.0,England,5.0,3,2021,2023,UKBMS,51.48998462557844,0.30466728493552037
5126,Fingringhoe Wick 2,TM050193,605000,219300,1970.0,England,10.0,3,2021,2023,UKBMS,51.83467273910105,0.9740132027183197
5127,Trumpington Meadows nature reserve (south),TL434536,543400,253600,2362.0,England,5.0,2,2022,2023,UKBMS,52.162050762245634,0.09505510378423827
5128,Hainault Forest,TQ476926,547600,192600,2986.0,England,7.0,1,2022,2022,UKBMS,51.61288584379464,0.1303343028967542
5129,Swadywell Pit,TF118034,511800,303400,1860.0,England,8.0,2,2022,2023,UKBMS,52.616871445744856,-0.3500909373010071
5130,Etton Maxey,TF138077,513800,307700,2236.0,England,8.0,1,2022,2022,UKBMS,52.655095660131,-0.31908316650960594
5131,Garden on Meadgate Avenue,TL718058,571800,205800,119.0,England,9.0,1,2022,2022,UKBMS,51.724600153848,0.48600244298091533
5132,Abbess Roding,TL571112,557100,211200,500.0,England,4.0,1,2022,2022,UKBMS,51.777421483838786,0.275795819441328
5133,Meadgate Park & Meadow,TL726058,572600,205800,860.0,England,4.0,1,2022,2022,UKBMS,51.724354683692845,0.49757339263629513
5134,"Park Wood, Chrishall",TL451390,545100,239000,2656.0,England,3.0,1,2022,2022,UKBMS,52.030434611429506,0.11367987810575902
5135,Baddow Meads - River Chelmer,TL723062,572300,206200,3964.0,England,7.0,1,2022,2022,UKBMS,51.728039906729,0.4934320673172718
5136,Magog Downs,TL490530,549000,253000,3282.0,England,10.0,2,2022,2023,UKBMS,52.1551786624154,0.1765998720700642
5137,Cely Woods,TQ560833,556000,183300,,England,12.0,1,2022,2022,UKBMS,51.52706780885252,0.24742900205871893
5138,Lee Valley - Norman's Pond,TL378033,537800,203300,859.0,England,1.0,1,2022,2022,UKBMS,51.711515615052996,-0.00689309762759162
5139,West Wood,TL622332,562200,233200,2050.0,England,9.0,2,2022,2023,UKBMS,51.973600311739695,0.35998321718489007
5140,Oak Meadow Tree Belt (PHS),TL145972,514500,297200,,England,7.0,1,2023,2023,UKBMS,52.560597038672576,-0.3123709495241997
5141,Wicken Fen Boardwalk,TL562705,556200,270500,1260.0,England,7.0,1,2023,2023,UKBMS,52.31039629600726,0.28983557747425337
5142,Shadwell Wood,TL572413,557200,241300,887.0,England,8.0,1,2023,2023,UKBMS,52.04780217237506,0.2909688911246875
5143,Baddow Meads,TL725064,572500,206400,5914.0,England,11.0,1,2023,2023,UKBMS,51.72977497435142,0.4964240340043354
5144,Brookes Reserve,TL810267,581000,226700,1843.0,England,7.0,1,2023,2023,UKBMS,51.90942267806909,0.629969537159093
5145,Belhus Woods Country Park,TQ571823,557100,182300,1989.0,England,10.0,1,2023,2023,UKBMS,51.517778711722926,0.2628273249245695
5146,Thorndon Country Park,TQ609906,560900,190600,,England,7.0,1,2023,2023,UKBMS,51.591277313664094,0.3213416224910992
5147,Jury Hill,TQ618893,561800,189300,875.0,England,6.0,1,2023,2023,UKBMS,51.579340763697545,0.33372371741346274
5148,Thameside Nature Discovery Park,TQ696806,569600,180600,3880.0,England,6.0,1,2023,2023,UKBMS,51.498895762780364,0.4419983782838793
5149,Bowers Marsh RSPB,TQ758868,575800,186800,2801.0,England,5.0,1,2023,2023,UKBMS,51.55269551386981,0.5343197502018038
5150,Little Haven Nature Reserve,TQ810891,581000,189100,2690.0,England,15.0,1,2023,2023,UKBMS,51.57171131864122,0.6104245452211483
5151,Gunners Park and Shoebury Old Ranges 03,TQ931841,593100,184100,2147.0,England,6.0,1,2023,2023,UKBMS,51.52279667195564,0.7820702068170603
5200,"Cheriton Hill, East",TR203381,620300,138100,1500.0,England,7.0,5,2018,2022,UKBMS,51.09986016658513,1.1451576693133032
5201,Old Park Hill Nature Reserve,TR296436,629600,143600,3300.0,England,14.0,5,2018,2023,UKBMS,51.14558984325091,1.2812604810850319
5202,Bockhill Farm and Kingsdown Leas,TR377474,637700,147400,4000.0,England,10.0,4,2018,2022,UKBMS,51.176396002763916,1.3993620849950121
5203,Darland Banks C,TQ786658,578600,165800,1500.0,England,7.0,6,2018,2023,UKBMS,51.363184701655236,0.5640665303421034
5204,Tonbridge Water Meadows 3,TQ608472,560800,147200,2000.0,England,6.0,1,2018,2018,UKBMS,51.20138676295773,0.30025180069744645
5205,Hawk Wood and Alder Carr East,TQ843527,584300,152700,1300.0,England,4.0,3,2018,2020,UKBMS,51.243698575000145,0.6390898124791575
5206,Alder Carr West and Great Water,TQ837527,583700,152700,914.0,England,3.0,2,2018,2019,UKBMS,51.243891957816295,0.6305033226723956
5207,One Tree Hill (Greenwich Park),TQ390775,539000,177500,1350.0,England,10.0,5,2019,2023,UKBMS,51.47938605625143,0.0002520625216881403
5208,Darrick & Newstead Wood,TQ444650,544400,165000,1120.0,England,6.0,1,2019,2019,UKBMS,51.36571356684623,0.07287096288453218
5209,"Broadham Woods, Scotney Castle",TQ690357,569000,135700,3372.0,England,12.0,5,2019,2023,UKBMS,51.095705727218586,0.41212046673082786
5210,Claypits Wood Transect 2019,TQ684355,568400,135500,1200.0,England,4.0,2,2019,2020,UKBMS,51.09408526391151,0.40346672832294894
5211,South Foreland Valley and Lighthouse Down,TR363438,636300,143800,2000.0,England,10.0,5,2019,2023,UKBMS,51.14466094120612,1.3770072284347925
5212,"Parkland 2019, Scotney Castle",TQ686352,568600,135200,3174.0,England,15.0,5,2019,2023,UKBMS,51.09133129959527,0.4061802043326168
5213,Shorne Woods Country Park,TQ683699,568300,169900,4600.0,England,12.0,4,2019,2023,UKBMS,51.403160454535175,0.4182017708182272
5214,Aycliffe,TR301400,630100,140000,2100.0,England,6.0,1,2019,2019,UKBMS,51.11307122294763,1.2860999286240118
5215,Lullingstone Country Park,TQ526638,552600,163800,3100.0,England,8.0,5,2019,2023,UKBMS,51.35278937971268,0.19005689690649494
5216,Trosley Country Park,TQ632610,563200,161000,4100.0,England,6.0,5,2019,2023,UKBMS,51.32469066647768,0.34086615088307154
5217,Crofton Woods,TQ441664,544100,166400,2200.0,England,6.0,5,2019,2023,UKBMS,51.37836980748251,0.06913171716842215
5218,Devonshire Road Nature Reserve,TQ355736,535500,173600,800.0,England,8.0,3,2019,2022,UKBMS,51.44518789488392,-0.05161056219463739
5219,Hadlow College Estate,TQ627498,562700,149800,2875.0,England,13.0,3,2019,2021,UKBMS,51.22420891132729,0.3286022118839859
5220,Saltbox Hill SSSI,TQ407611,540700,161100,1200.0,England,5.0,3,2019,2021,UKBMS,51.33159558280337,0.018217065490511265
5221,West Kent Golf Course,TQ427609,542700,160900,1464.0,England,5.0,2,2020,2021,UKBMS,51.32930045695027,0.04682543220058205
5222,"Crofton Heath, Clay & Sparrow Woods & Kyd Brook",TQ442667,544200,166700,4027.0,England,11.0,3,2021,2023,UKBMS,51.381040170040414,0.07068923954165002
5223,Dover Castle,TR326418,632600,141800,1500.0,England,9.0,3,2021,2023,UKBMS,51.128221313533494,1.3229140660614112
5224,Crockhamhill Common,TQ441517,544100,151700,1553.0,England,6.0,3,2021,2023,UKBMS,51.246277035978764,0.06319719124467711
5225,Fackenden Down 2021,TQ529604,552900,160400,3587.0,England,9.0,3,2021,2023,UKBMS,51.32215939454254,0.19290314961140745
5226,Hosey Common,TQ453530,545300,153000,,England,5.0,3,2021,2023,UKBMS,51.25765456114952,0.08090533916317456
5227,Thornden Wood East,TR150638,615000,163800,2111.0,England,6.0,3,2021,2023,UKBMS,51.33262884248048,1.0849726584136388
5228,Thornden Wood West,TR142637,614200,163700,3071.0,England,8.0,3,2021,2023,UKBMS,51.3320326385344,1.0734462190791605
5229,Nemo Down,TR292417,629200,141700,1320.0,England,3.0,3,2021,2023,UKBMS,51.1286930926596,1.2743437304852798
5230,Riverside Country Park,TQ809682,580900,168200,4954.0,England,15.0,2,2021,2022,UKBMS,51.38401524263979,0.5982887575049729
5231,Park Gate Down,TR168459,616800,145900,1086.0,England,3.0,2,2021,2022,UKBMS,51.171228466657524,1.0999362870666003
5232,Brenchley Wood,TQ648421,564800,142100,1001.0,England,4.0,1,2021,2021,UKBMS,51.15442764967238,0.3551184167816836
5233,Maceys Meadow,TQ675580,567500,158000,1617.0,England,8.0,3,2021,2023,UKBMS,51.296490141225895,0.40111473109881246
5234,Henley Down,TQ667665,566700,166500,1840.0,England,7.0,3,2021,2023,UKBMS,51.37308771469591,0.39362590534675146
5236,Brockley and Ladywell Cemetery,TQ368749,536800,174900,2327.0,England,11.0,2,2022,2023,UKBMS,51.45655777032515,-0.0324137792318754
5237,Hoblingwell Wood,TQ459692,545900,169200,1849.0,England,9.0,2,2022,2023,UKBMS,51.40307018694635,0.0961264600325421
5238,Braeburn Park Transect 1 Woodland & Scrub,TQ508739,550800,173900,2130.0,England,9.0,2,2022,2023,UKBMS,51.44401992763176,0.1685158993089384
5239,Braeburn Park Transect 2 Grassland & Scrub,TQ511738,551100,173800,797.0,England,3.0,2,2022,2023,UKBMS,51.44304153297384,0.1727867023335314
5240,Hayes Common,TQ411647,541100,164700,,England,5.0,2,2022,2023,UKBMS,51.36384644996732,0.025380783778998006
5241,Chelsfield Green,TQ473641,547300,164100,1604.0,England,6.0,2,2022,2023,UKBMS,51.35688251896957,0.11412589227524902
5242,Eltham Park,TQ438753,543800,175300,1481.0,England,5.0,2,2022,2023,UKBMS,51.458418864485296,0.06843160623497928
5243,Prestson Hill,TQ529624,552900,162400,4080.0,England,8.0,2,2022,2023,UKBMS,51.34012965728928,0.19376082169872616
5244,Sevenoaks Common,TQ529525,552900,152500,,England,8.0,1,2022,2022,UKBMS,51.25117621357454,0.1895239874295876
5245,Farley Common,TQ437540,543700,154000,,England,8.0,1,2022,2022,UKBMS,51.26704574458253,0.058393192006314106
5246,Jumping Downs,TR193486,619300,148600,1263.0,England,6.0,1,2022,2022,UKBMS,51.19451795793434,1.1372882471393329
5248,Avery Hill Park,TQ439741,543900,174100,1241.0,England,5.0,1,2023,2023,UKBMS,51.44761067632692,0.0693822646743789
5249,"Shrewsbury Park, London Borough of Greenwich",TQ443772,544300,177200,2084.0,England,10.0,1,2023,2023,UKBMS,51.47536439992546,0.07639838625596715
5250,Tyland Barn,TQ753593,575300,159300,1076.0,England,12.0,1,2023,2023,UKBMS,51.305822100150195,0.5135174694330855
5251,Roundshill Park Wood,TQ809380,580900,138000,2036.0,England,11.0,1,2023,2023,UKBMS,51.112739083005394,0.5830381080047375
5252,Jubilee Country Park (PHS),TQ437679,543700,167900,,England,9.0,1,2023,2023,UKBMS,51.391949816018894,0.06399468994882639
5253,Fort Burgoyne,TR324427,632400,142700,583.0,England,4.0,1,2023,2023,UKBMS,51.13638165993961,1.320640810665334
5300,Lancing Ring,TQ181062,518100,106200,2320.0,England,9.0,6,2018,2023,UKBMS,50.84328149883161,-0.3239489618775161
5302,Slindon Park Woods,SU954075,495400,107500,2661.0,England,6.0,5,2018,2023,UKBMS,50.85915239205164,-0.6459199116739955
5303,"The Ghyll LNR, Crowborough",TQ532306,553200,130600,3400.0,England,13.0,6,2018,2023,UKBMS,51.05431480503062,0.18450516389377114
5304,Lane End Common,TQ402223,540200,122300,1570.0,England,6.0,6,2018,2023,UKBMS,50.98304308046772,-0.004060357630269016
5305,Northwood,SU956110,495600,111000,2490.0,England,10.0,6,2018,2023,UKBMS,50.89058407115101,-0.6421651997572013
5306,Pound Common,TQ378207,537800,120700,1800.0,England,14.0,6,2018,2023,UKBMS,50.969242807161656,-0.03883545777091737
5307,Slindon Common,SU963073,496300,107300,2641.0,England,11.0,4,2018,2021,UKBMS,50.857205410231224,-0.6331890802934951
5308,Seaford Head East 1,TV509975,550900,97500,2820.0,England,12.0,6,2018,2023,UKBMS,50.7574841196221,0.13804111142043446
5309,Sheffield Park Woodlands,TQ420240,542000,124000,2967.0,England,3.0,1,2018,2018,UKBMS,50.99787963312158,0.022229722551975136
5310,Bedelands Farm Local Nature Reserve,TQ319208,531900,120800,3000.0,England,11.0,1,2019,2019,UKBMS,50.97152157826306,-0.12277729266023248
5311,Seaford Head West,TV497981,549700,98100,2100.0,England,14.0,3,2019,2023,UKBMS,50.763186498227654,0.12128425146652907
5312,Bateman's 01,TQ667239,566700,123900,2750.0,England,10.0,5,2019,2023,UKBMS,50.99036216118613,0.3738777045687606
5313,Chanctonbury Ring,TQ140121,514000,112100,2440.0,England,4.0,5,2019,2023,UKBMS,50.897137226573086,-0.3803205591808633
5314,Nortwood Wood Pasture,SU959108,495900,110800,1850.0,England,7.0,1,2019,2019,UKBMS,50.888736427089306,-0.6379536312580923
5315,Jointer Copse,TQ327144,532700,114400,920.0,England,11.0,3,2020,2023,UKBMS,50.9138183511778,-0.11371921460160947
5316,Footpaths near Billingshurst,TQ095248,509500,124800,1950.0,England,5.0,4,2020,2023,UKBMS,51.01216719709866,-0.44046721019557056
5317,Verdley Wood,SU902260,490200,126000,1539.0,England,4.0,4,2020,2023,UKBMS,51.02630219603481,-0.7152060618985288
5318,Bepton Down,SU859174,485900,117400,1170.0,England,5.0,1,2020,2020,UKBMS,50.94964421824346,-0.7785354795398346
5319,Owlbeech Wood Horsham,TQ202317,520200,131700,1722.0,England,10.0,3,2021,2023,UKBMS,51.07205098837525,-0.2857222967582839
5320,The Liz Williams Butterfly Haven,TQ309072,530900,107200,449.0,England,13.0,3,2021,2023,UKBMS,50.8495177292004,-0.14188566636230307
5321,Knowlands Wood,TQ417171,541700,117100,2968.0,England,12.0,2,2021,2022,UKBMS,50.93594519430703,0.015271821234254501
5322,Crowborough Country Park,TQ529299,552900,129900,937.0,England,2.0,3,2021,2023,UKBMS,51.04810473957831,0.17993263049282057
5323,"Coldean Woods, Brighton",TQ335085,533500,108500,1614.0,England,7.0,3,2021,2023,UKBMS,50.860607884779625,-0.10449942989132581
5324,Graffham Down - Dimmer & Parish,SU913163,491300,116300,763.0,England,6.0,3,2021,2023,UKBMS,50.93892623820965,-0.7019591729477671
5325,Graffham Down - Bowleys Field (2021 NEW ROUTE),SU918163,491800,116300,667.0,England,3.0,3,2021,2023,UKBMS,50.93884695268591,-0.6948449699040065
5326,Walshes Park,TQ523284,552300,128400,4031.0,England,11.0,2,2022,2023,UKBMS,51.034785436319126,0.17074929657665833
5327,"Lawn Memorial Cemetery, BN2 6DD",TQ347055,534700,105500,2343.0,England,8.0,1,2023,2023,UKBMS,50.833367453427314,-0.08856134604071163
5328,Rocking Hill Wood & J&T Field Standen National Trust,TQ389356,538900,135600,1045.0,England,9.0,1,2023,2023,UKBMS,51.102882304674175,-0.017472288012856226
5329,Bateman's 02,TQ674240,567400,124000,1795.0,England,9.0,1,2023,2023,UKBMS,50.99105761541313,0.3838885967886482
5400,Kincorth Hill LNR,NJ939027,393900,802700,2900.0,Scotland,10.0,6,2018,2023,UKBMS,57.115205474163645,-2.1023573325788774
5401,Kernsary path,NG873810,187300,881000,2150.0,Scotland,4.0,2,2018,2023,UKBMS,57.76806551197479,-5.577900104002189
5402,Muirshiel Country Park Transect 1,NS311632,231100,663200,900.0,Scotland,5.0,5,2018,2023,UKBMS,55.83238605851768,-4.698327821544899
5403,Muirshiel Country Park Transect 2,NS311631,231100,663100,1875.0,Scotland,6.0,5,2018,2023,UKBMS,55.83148856317348,-4.698265633251404
5404,Muirshiel Country Park Transect 3,NS311632,231100,663200,2200.0,Scotland,8.0,5,2018,2023,UKBMS,55.83238605851768,-4.698327821544899
5405,Moyle Hill,NX846571,284600,557100,1296.0,Scotland,6.0,2,2018,2019,UKBMS,54.89526386787577,-3.8009030959332866
5406,Sustrans NCN77 Section 3,NO100266,310000,726600,1436.0,Scotland,8.0,6,2016,2022,UKBMS,56.422999392867624,-3.460645357446071
5408,Castlemilk Park,NS607593,260700,659300,2000.0,Scotland,4.0,6,2018,2023,UKBMS,55.80682640483119,-4.224160418716798
5409,Linn Park Original Meadow,NS581592,258100,659200,1400.0,Scotland,11.0,6,2018,2023,UKBMS,55.80517163708758,-4.265556248833206
5410,Holyrood Park: Grayling transect,NT275733,327500,673300,1479.0,Scotland,6.0,6,2018,2023,UKBMS,55.94724600978446,-3.162449364004686
5411,Sustrans - Gailes NCN7,NS320361,232000,636100,1833.0,Scotland,4.0,3,2018,2020,UKBMS,55.58946966366157,-4.6673393993726835
5412,Sustrans East Haven,NO590362,359000,736200,1557.0,Scotland,5.0,6,2018,2023,UKBMS,56.51604927683553,-2.6678859111073474
5413,Carrick Shore,NX576500,257600,550000,1100.0,Scotland,8.0,5,2019,2023,UKBMS,54.824541594209315,-4.218078381513804
5414,Holmhills Wood Community Park,NS638597,263800,659700,1974.0,Scotland,11.0,5,2019,2023,UKBMS,55.81130209573141,-4.174939445137311
5415,Donmouth LNR,NJ952092,395200,809200,1600.0,Scotland,8.0,5,2019,2023,UKBMS,57.173610725965005,-2.081019592672686
5416,Fallin Bing,NS839911,283900,691100,1900.0,Scotland,8.0,5,2019,2023,UKBMS,56.09852662876178,-3.8679408674515043
5417,Little France Park,NT300704,330000,670400,1800.0,Scotland,7.0,3,2019,2023,UKBMS,55.921566304203644,-3.121674888995474
5418,Wet alder woodland,NJ349646,334900,864600,2215.0,Scotland,5.0,1,2019,2019,UKBMS,57.66655201315019,-3.0928843673263136
5419,Calton Hill Grayling Transect,NT262741,326200,674100,850.0,Scotland,3.0,4,2019,2023,UKBMS,55.954234149075674,-3.183479319143872
5421,Fochabers amended,NJ341589,334100,858900,700.0,Scotland,3.0,4,2020,2023,UKBMS,57.61524589801699,-3.1047349488918936
5422,Gordon Castle Walled Garden amended,NJ348591,334800,859100,750.0,Scotland,2.0,4,2020,2023,UKBMS,57.61714389119653,-3.093074306467092
5423,Howietoun Fish Ponds,NS784884,278400,688400,1100.0,Scotland,3.0,4,2020,2023,UKBMS,56.07291379672661,-3.9550701066156044
5424,Monikie Park,NO502383,350200,738300,2075.0,Scotland,5.0,4,2020,2023,UKBMS,56.534062417509844,-2.8112811798086064
5425,Water of Leith,NT219703,321900,670300,1650.0,Scotland,6.0,4,2020,2023,UKBMS,55.91941962441852,-3.2512245063084486
5426,Carron Woodlands,NJ217409,321700,840900,2900.0,Scotland,9.0,4,2020,2023,UKBMS,57.45161982017701,-3.3064401550460834
5427,Havoc Meadow,NS381753,238100,675300,1780.0,Scotland,8.0,4,2020,2023,UKBMS,55.943390915843125,-4.593931838818335
5428,Redlees Quarry,NS681598,268100,659800,1025.0,Scotland,4.0,4,2020,2023,UKBMS,55.813393888487866,-4.106424988795666
5429,Cambusmore B,NN644058,264400,705800,2310.0,Scotland,3.0,4,2020,2023,UKBMS,56.22536415005246,-4.188669394326684
5430,Haughhead,NT106475,310600,647500,1560.0,Scotland,4.0,4,2020,2023,UKBMS,55.71265730505666,-3.4244692706093596
5431,Stonehill - Monument,NN810014,281000,701400,1740.0,Scotland,1.0,3,2020,2022,UKBMS,56.19030100578342,-3.9191356704970928
5432,Sheriff Muir,NN833028,283300,702800,2395.0,Scotland,1.0,3,2020,2022,UKBMS,56.20344188165277,-3.882712516336533
5433,Eildon Hill North,NT558328,355800,632800,2166.0,Scotland,4.0,1,2020,2020,UKBMS,55.58682254809236,-2.702781164551625
5434,S. Muir. Mon - Inn.,NN821019,282100,701900,1200.0,Scotland,1.0,3,2020,2022,UKBMS,56.19506449280276,-3.901643667535386
5435,Seafield Dunes,NS328206,232800,620600,1380.0,Scotland,6.0,2,2020,2021,UKBMS,55.450620644726094,-4.6453035978444355
5436,Abbotsford House,NT507343,350700,634300,1065.0,Scotland,10.0,3,2020,2022,UKBMS,55.599808643816814,-2.7839520113637857
5437,Jenny's Well LNR,NS499627,249900,662700,1967.0,Scotland,11.0,3,2021,2023,UKBMS,55.834112661467394,-4.398193523856518
5438,"Cannerton Brickworks (dis), Banknock",NS784796,278400,679600,1536.0,Scotland,8.0,3,2021,2023,UKBMS,55.99389504171971,-3.951078029434074
5439,Gourdon Coastal Walk,NO823706,382300,770600,1828.0,Scotland,5.0,3,2021,2023,UKBMS,56.82654349486892,-2.2916313599759315
5440,Sustrans - Croftamie,NS477862,247700,686200,2000.0,Scotland,5.0,3,2021,2023,UKBMS,56.04437364393352,-4.446554285735622
5441,Menstrie,NS850973,285000,697300,2123.0,Scotland,6.0,3,2021,2023,UKBMS,56.154467517869314,-3.8529442558606686
5442,Old Mine Nature Park,NS71456017,271450,660170,1545.0,Scotland,5.0,3,2021,2023,UKBMS,55.81761987368527,-4.053179890035966
5443,Ruaig,NM070470,107000,747000,2001.0,Scotland,7.0,3,2021,2023,UKBMS,56.523425236681994,-6.766120240204186
5444,The Saltings LNR,NS465726,246500,672600,1000.0,Scotland,4.0,3,2021,2023,UKBMS,55.921911284442515,-4.458037546963947
5445,Ardersier Common II,NH777559,277700,855900,1132.0,Scotland,8.0,3,2021,2023,UKBMS,57.57654467391919,-4.046748886036241
5446,Pitroddie Den,NO210251,321000,725100,1144.0,Scotland,5.0,3,2021,2023,UKBMS,56.411497765134456,-3.28191818322359
5447,House of Dun,NO668599,366800,759900,1784.0,Scotland,10.0,3,2021,2023,UKBMS,56.72957189451923,-2.544193147321255
5448,Leith Hall,NJ540296,354000,829600,1607.0,Scotland,6.0,3,2021,2023,UKBMS,57.354554097318434,-2.7661462588139125
5449,Community Woodland Dunkeld,NO021422,302100,742200,1542.0,Scotland,13.0,1,2021,2021,UKBMS,56.561521455511944,-3.5945319654050047
5450,Drum Castle Estate,NJ796005,379600,800500,2170.0,Scotland,11.0,3,2021,2023,UKBMS,57.09502758650746,-2.338296386183147
5451,Isle Of May NNR,NT656993,365600,699300,2931.0,Scotland,13.0,1,2021,2021,UKBMS,56.18507978248253,-2.555792663486181
5452,Straiton Pond LNR,NT282667,328200,666700,1760.0,Scotland,6.0,3,2021,2023,UKBMS,55.88806353574359,-3.149487253241002
5453,Girdle Burn,NT028322,302800,632200,2102.0,Scotland,5.0,3,2021,2023,UKBMS,55.57373138241132,-3.5431521468996743
5454,Saughton Park,NT221719,322100,671900,1015.0,Scotland,5.0,2,2021,2022,UKBMS,55.933824329885326,-3.2484873615324608
5455,Carluke Meadow Butterfly Transect,NS839507,283900,650700,1507.0,Scotland,10.0,1,2021,2021,UKBMS,55.73573202493939,-3.85056956577792
5456,Lower Cabrach,NJ379304,337900,830400,5387.0,Scotland,10.0,1,2021,2021,UKBMS,57.359825983262326,-3.0338801160782927
5457,Oldhall Ponds,NS337363,233700,636300,1323.0,Scotland,6.0,3,2021,2023,UKBMS,55.59184836920706,-4.640517140128454
5458,Carnoustie Golf Links,NO560336,356000,733600,410.0,Scotland,5.0,1,2021,2021,UKBMS,56.49242117023587,-2.7161935107065434
5459,Talich Wildlife Reserve,NH850786,285000,878600,1083.0,Scotland,5.0,2,2021,2022,UKBMS,57.78224401249104,-3.9355958277623935
5460,Rewilding Denmarkfield - House Field,NO094280,309400,728000,789.0,Scotland,5.0,3,2021,2023,UKBMS,56.43545803710302,-3.4708541922570966
5461,Rewilding Denmarkfield - West Field,NO094283,309400,728300,786.0,Scotland,4.0,3,2021,2023,UKBMS,56.438152359691536,-3.4709582723351953
5462,Rewilding Denmarkfield - East Field,NO099285,309900,728500,1102.0,Scotland,4.0,3,2021,2023,UKBMS,56.44004442052002,-3.462921242124721
5463,Kingsbarns,NO602124,360200,712400,1593.0,Scotland,9.0,2,2022,2023,UKBMS,56.30234515696837,-2.6447594708782702
5464,Bo'ness Foreshore,NT005819,300500,681900,1500.0,Scotland,4.0,2,2022,2023,UKBMS,56.019648327597224,-3.597794100875389
5465,Hamiltonhill Claypits LNR,NS583675,258300,667500,1102.0,Scotland,6.0,2,2022,2023,UKBMS,55.87974680757874,-4.266702229921674
5466,Corstorphine Hill,NT203737,320300,673700,2114.0,Scotland,6.0,2,2022,2023,UKBMS,55.94969754605783,-3.2778236082562606
5467,Ravenscraig-Pathhead,NT291925,329100,692500,1963.0,Scotland,9.0,2,2022,2023,UKBMS,56.119955742105844,-3.1419182331375097
5468,Lower Meadow Valleyfield (new 2022),NT004862,300400,686200,1650.0,Scotland,6.0,2,2022,2023,UKBMS,56.058246325120585,-3.600996344493596
5469,Easter Anguston,NJ824017,382400,801700,1844.0,Scotland,10.0,2,2022,2023,UKBMS,57.10592340289554,-2.2921732616168415
5470,Newport-on-Tay,NO414268,341400,726800,1966.0,Scotland,5.0,2,2022,2023,UKBMS,56.42974460041864,-2.9517459163837145
5471,Holyrood Park - South,NT270728,327000,672800,862.0,Scotland,7.0,2,2022,2023,UKBMS,55.942678782648876,-3.1703180090368734
5472,Grandhome Moss,NJ914123,391400,812300,1367.0,Scotland,4.0,2,2022,2023,UKBMS,57.20140136279117,-2.143972592940677
5473,Pow Burn,NS345276,234500,627600,2102.0,Scotland,7.0,2,2022,2023,UKBMS,55.514030659950386,-4.622627886411279
5474,Kingsbarns Station,NO579115,357900,711500,1316.0,Scotland,8.0,2,2022,2023,UKBMS,56.294060802553524,-2.6817804380210206
5475,Maud Railway Path,NJ925478,392500,847800,1843.0,Scotland,5.0,1,2022,2022,UKBMS,57.52030607689767,-2.1268648277793374
5476,Longniddry No 4,NT441777,344100,677700,569.0,Scotland,8.0,2,2022,2023,UKBMS,55.98899491714294,-2.8976065196115925
5477,Ruchill Park,NS580680,258000,668000,1061.0,Scotland,9.0,2,2022,2023,UKBMS,55.88414733901641,-4.271755910404062
5478,Wester Kirk Craig,NS916977,291600,697700,1778.0,Scotland,5.0,2,2022,2023,UKBMS,56.15960667892395,-3.7469128321491016
5479,Levenhall Links,NT348738,334800,673800,,Scotland,9.0,2,2022,2023,UKBMS,55.952784920286305,-3.045705688108701
5480,Rex Park - Lyne Burn,NT102868,310200,686800,1208.0,Scotland,6.0,1,2022,2022,UKBMS,56.0655763091145,-3.443885021684067
5481,Clyde Walkway Wishaw,NS779525,277900,652500,1345.0,Scotland,6.0,1,2022,2022,UKBMS,55.75041969953263,-3.9468698713095227
5482,Lily Loch,NH533495,253300,849500,1572.0,Scotland,8.0,2,2022,2023,UKBMS,57.511844115523125,-4.450511485903871
5483,Nairn East Beach,NH898576,289800,857600,2024.0,Scotland,5.0,1,2023,2023,UKBMS,57.594922090456464,-3.8453128563914127
5484,Rewilding Denmarkfield - EF - SRG,NO097286,309700,728600,544.0,Scotland,3.0,1,2023,2023,UKBMS,56.44090425434026,-3.4661984055953603
5485,Dreelside Woods,NO562035,356200,703500,437.0,Scotland,9.0,1,2023,2023,UKBMS,56.22203762142086,-2.7079157190124574
5486,Newlands Park,NS570605,257000,660500,1271.0,Scotland,12.0,1,2023,2023,UKBMS,55.81651834560267,-4.28377462617185
5487,K-Woodlands,NS605545,260500,654500,1702.0,Scotland,8.0,1,2023,2023,UKBMS,55.76367328463591,-4.224890082537345
5488,Lauriston Farm,NT202763,320200,676300,2489.0,Scotland,5.0,1,2023,2023,UKBMS,55.97303540580071,-3.280195409158272
5489,Lindean Loch,NT505292,350500,629200,2070.0,Scotland,7.0,1,2023,2023,UKBMS,55.55396760497043,-2.786209286696751
5500,Merrington Green,SJ467209,346700,320900,1400.0,England,4.0,5,2019,2023,UKBMS,52.783033057200626,-2.7916819376241193
5501,Stanmore Country Park,SO740928,374000,292800,1800.0,England,8.0,5,2019,2023,UKBMS,52.53243967682095,-2.384713767832803
5502,Lyth Hill,SJ471067,347100,306700,2450.0,England,8.0,4,2019,2023,UKBMS,52.655432264509614,-2.7834607430853913
5503,Severn Valley Country Park,SO753839,375300,283900,1870.0,England,8.0,1,2019,2019,UKBMS,52.45249162481768,-2.3648867554634108
5504,Croft Castle,SO443663,344300,266300,2300.0,England,6.0,4,2019,2023,UKBMS,52.29199401307391,-2.818084104658371
5505,Blakeridge Wood,SO303863,330300,286300,2665.0,England,6.0,4,2019,2022,UKBMS,52.470166920039,-3.027483309535118
5506,Colemere,SJ433332,343300,333200,2367.0,England,5.0,2,2019,2023,UKBMS,52.89324370563633,-2.8442275165756814
5507,South Hyde Farm,SO738441,373800,244100,1413.0,England,5.0,4,2019,2022,UKBMS,52.09461663240981,-2.383853234763194
5508,Walsall: College Farm,SP041999,404100,299900,216.0,England,1.0,3,2019,2021,UKBMS,52.596878854368775,-1.9409037484469756
5509,Walsall: Rushall Canal,SP035998,403500,299800,3300.0,England,6.0,1,2019,2019,UKBMS,52.595983945191,-1.9497627183293793
5510,Wildgoose Rural Training Reserve,SO834613,383400,261300,1050.0,England,3.0,1,2019,2019,UKBMS,52.2496238797234,-2.2445719874178134
5511,Wyre Forest West - Edwards Way,SO744763,374400,276300,500.0,England,1.0,4,2020,2023,UKBMS,52.38412709280807,-2.377545505897289
5512,Bettisfield Moss NNR Transect A,SJ481351,348100,335100,1980.0,England,9.0,4,2020,2023,UKBMS,52.91080760280453,-2.773192304315293
5513,HoEF Sheriff's Lench,SP021485,402100,248500,2550.0,England,8.0,4,2020,2023,UKBMS,52.13479708008004,-1.9707344198557735
5514,SWT Wolseley Bridge visitor centre,SK024202,402400,320200,2050.0,England,6.0,4,2020,2023,UKBMS,52.77937831657125,-1.9658603407798871
5515,Quabbs Head,SO744454,374400,245400,2440.0,England,6.0,4,2020,2023,UKBMS,52.106332291433354,-2.375193410357123
5516,Grafton Wood Regeneration,SO972560,397200,256000,435.0,England,2.0,4,2020,2023,UKBMS,52.20222120077318,-2.0423879456989567
5517,The Cliffe,SJ394209,339400,320900,500.0,England,7.0,3,2021,2023,UKBMS,52.782261410788216,-2.8999002184793286
5521,Pipe Green Nature Reserve,SK102096,410200,309600,2197.0,England,9.0,1,2021,2021,UKBMS,52.68399980715967,-1.850551775711138
5522,Awnells Farm,SO659316,365900,231600,2249.0,England,6.0,3,2021,2023,UKBMS,51.98180586294973,-2.49791393161151
5523,Turnastone Court Farm,SO351365,335100,236500,2463.0,England,6.0,3,2021,2023,UKBMS,52.02310384678724,-2.9472484803184353
5524,Bringsty Common 2,SO698550,369800,255000,2864.0,England,12.0,1,2021,2021,UKBMS,52.19240517846989,-2.443211459314284
5525,Bromlow Callow SJ30F,SJ326010,332600,301000,1562.0,England,8.0,3,2021,2023,UKBMS,52.60258734172868,-2.996618919787595
5526,Tean Valley Meadow Nature Trust,SK068364,406800,336400,1424.0,England,9.0,2,2022,2023,UKBMS,52.92496965661755,-1.9002984987321603
5527,Green Farm,SO799610,379900,261000,2347.0,England,13.0,2,2022,2023,UKBMS,52.246809376102604,-2.2958203826804104
5528,Clee Liberty Common,SO573848,357300,284800,1080.0,England,11.0,1,2022,2022,UKBMS,52.459467962495054,-2.6298575653330842
5529,Princes Wood,SK205212,420500,321200,1426.0,England,6.0,2,2022,2023,UKBMS,52.787987683883955,-1.6974691143095726
5530,Venusbank SJ30K Shropshire,SJ350007,335000,300700,2765.0,England,10.0,2,2022,2023,UKBMS,52.60018369972022,-2.961128528537496
5531,Sustainability Hub,SJ822452,382200,345200,454.0,England,3.0,1,2022,2022,UKBMS,53.00381674150921,-2.266699520100474
5533,Development Area,SJ824451,382400,345100,1409.0,England,4.0,1,2022,2022,UKBMS,53.00292448806828,-2.2637137285393694
5534,Z Block/Plantation Park,SJ822449,382200,344900,319.0,England,2.0,1,2022,2022,UKBMS,53.00112002262008,-2.266682885306989
5535,Horwood,SJ822451,382200,345100,296.0,England,2.0,1,2022,2022,UKBMS,53.00291783535003,-2.2666939748734256
5536,Walsall: College Farm Extension,SP041998,404100,299800,250.0,England,2.0,2,2022,2023,UKBMS,52.59597987686243,-1.9409049526249627
5538,Oswestry Racecourse,SJ258304,325800,330400,2801.0,England,5.0,1,2023,2023,UKBMS,52.865944444971234,-3.1036598475431956
5539,Prees Heath Common Runways East,SJ562378,356200,337800,1500.0,England,4.0,1,2023,2023,UKBMS,52.93580010059431,-2.6531208476476924
5540,Donington and Albrighton pool,SJ808045,380800,304500,1102.0,England,7.0,1,2023,2023,UKBMS,52.637902560163674,-2.2851544793072955
5541,Nant Valley,SO496934,349600,293400,1193.0,England,10.0,1,2023,2023,UKBMS,52.53611694447169,-2.744476474271277
5543,Clee Liberty Common 2,SO574841,357400,284100,2902.0,England,10.0,1,2023,2023,UKBMS,52.453183175933155,-2.628296320491347
5544,Ruskin Land,SO755760,375500,276000,2169.0,England,10.0,1,2023,2023,UKBMS,52.38148066264258,-2.361362395939193
5545,Hallow Fields,SO834588,383400,258800,1332.0,England,7.0,1,2023,2023,UKBMS,52.2271482653087,-2.2444483422056507
5546,Bishop's Wood,SO836683,383600,268300,,England,9.0,1,2023,2023,UKBMS,52.312561193202654,-2.241985391404158
5547,HoEF Naunton Beauchamp,SO954523,395400,252300,1748.0,England,5.0,1,2023,2023,UKBMS,52.16894425405417,-2.0686742872449058
5548,HoEF Roundhill Wood,SO984583,398400,258300,2095.0,England,7.0,1,2023,2023,UKBMS,52.22290408375613,-2.0248410560143424
5549,HoEF Middle Spernal,SP096612,409600,261200,1806.0,England,5.0,1,2023,2023,UKBMS,52.24889697069036,-1.8608040085695867
5600,WWT Slimbridge,SO727059,372700,205900,2800.0,England,14.0,5,2019,2023,UKBMS,51.75112251143271,-2.3968671254855374
5601,Westonbirt Restored Downs,ST846898,384600,189800,1670.0,England,8.0,4,2019,2023,UKBMS,51.6068215028663,-2.2237710547554115
5602,Westonbirt Silk Wood,ST839896,383900,189600,1670.0,England,8.0,3,2019,2023,UKBMS,51.60500353418832,-2.23386967772653
5603,Painswick Beacon North,SO867117,386700,211700,2090.0,England,7.0,4,2019,2023,UKBMS,51.80378044465972,-2.1942901307817113
5604,Painswick Beacon South,SO867114,386700,211400,1800.0,England,6.0,4,2019,2023,UKBMS,51.80108316093034,-2.194278521107
5605,Nagshead Meadows,SO607086,360700,208600,797.0,England,4.0,3,2021,2023,UKBMS,51.77468135593824,-2.5709966969407567
5606,Westonbirt Silk Wood (New),ST840896,384000,189600,3058.0,England,8.0,2,2022,2023,UKBMS,51.60500640494445,-2.2324257537030383
5607,Oak Grange Estate,SP159439,415900,243900,396.0,England,1.0,1,2022,2022,UKBMS,52.093219120789456,-1.7693304160252217
5608,Lineover Wood (PHS),SO986190,398600,219000,,England,15.0,1,2023,2023,UKBMS,51.86957321986069,-2.0217390622235962
5611,Juniper Hill,SO866081,386600,208100,695.0,England,6.0,1,2023,2023,UKBMS,51.77141055207933,-2.19560016588054
5700,Scrata Wood Monsal Dale,SK182731,418200,373100,175.0,England,4.0,4,2020,2023,UKBMS,53.25460043269832,-1.7286642523764293
5701,Calver Quarry,SK232748,423200,374800,1665.0,England,8.0,4,2020,2023,UKBMS,53.26968712096476,-1.6535986183099478
5702,The Forge Ironville - Site 2,SK441512,444100,351200,2300.0,England,4.0,4,2020,2023,UKBMS,53.05624135408389,-1.343484775992021
5703,Craft Wood Wessington,SK365553,436500,355300,1234.0,England,6.0,4,2020,2023,UKBMS,53.09366614784446,-1.4564059220759682
5704,Ironville Village,SK435515,443500,351500,1450.0,England,9.0,2,2020,2021,UKBMS,53.05898693916083,-1.3523956529857453
5705,Croft Orchard Overseal,SK296153,429600,315300,450.0,England,6.0,4,2020,2023,UKBMS,52.73453060502903,-1.563069885339419
5706,Horseshoe Quarry Eyam,SK208760,420800,376000,1700.0,England,6.0,4,2020,2023,UKBMS,53.28057248024535,-1.6895055403237058
5707,Ferneydale Harpur Hill,SK067712,406700,371200,2100.0,England,8.0,4,2020,2023,UKBMS,53.2377890444559,-1.9010733216688764
5708,Linton Heath - Paradise Wood,SK271162,427100,316200,3500.0,England,10.0,4,2020,2023,UKBMS,52.74275154487392,-1.6000192229755026
5709,Linton Heath - Foxley Wood,SK278168,427800,316800,2895.0,England,10.0,4,2020,2023,UKBMS,52.74810974398782,-1.5896001020009893
5710,Southwell Trail,SK699550,469900,355000,1477.0,England,3.0,3,2021,2023,UKBMS,53.08764871301543,-0.957784657608309
5711,Stanton on the Wolds,SK626306,462600,330600,489.0,England,5.0,3,2021,2023,UKBMS,52.86924547144562,-1.0714755556690574
5712,Sconce and Devon Park,SK790530,479000,353000,2172.0,England,14.0,3,2021,2023,UKBMS,53.06840758324026,-0.8224338139364619
5713,Moor Pond Woods,SK548506,454800,350600,2139.0,England,12.0,3,2021,2023,UKBMS,53.04986093136499,-1.1839599754911947
5714,Weleda Fields Shipley,SK443448,444300,344800,1135.0,England,9.0,3,2021,2023,UKBMS,52.998698281990414,-1.3413775660400769
5715,Coachlands Meadows Willington,SK305283,430500,328300,835.0,England,8.0,3,2021,2023,UKBMS,52.851340405475995,-1.5485340385976385
5716,Coombs Dale,SK224745,422400,374500,4260.0,England,10.0,2,2021,2022,UKBMS,53.26702475382255,-1.6656146198719044
5717,Haddon Hall Estate,SK235665,423500,366500,2000.0,England,10.0,3,2021,2023,UKBMS,53.1950682433761,-1.6497095391448755
5718,Longstone Edge,SK195725,419500,372500,2940.0,England,10.0,3,2021,2023,UKBMS,53.24916134148842,-1.709215717271098
5719,Midway Sand Holes,SK300207,430000,320700,900.0,England,1.0,3,2021,2023,UKBMS,52.78305066861222,-1.556653843166021
5720,Ripley Greenway,SK403495,440300,349500,2190.0,England,4.0,3,2021,2023,UKBMS,53.041259916817424,-1.400388757107736
5721,Ryder Point Hopton,SK252547,425200,354700,1500.0,England,4.0,3,2021,2023,UKBMS,53.088923463117176,-1.6251883898008717
5722,Staunton Harold Reservoir,SK375244,437500,324400,2546.0,England,10.0,3,2021,2023,UKBMS,52.815842855718515,-1.4450393204418726
5723,The Mead Smalley,SK425451,442500,345100,1686.0,England,10.0,1,2021,2021,UKBMS,53.00154032116599,-1.368156447778739
5724,Thornhill Carrs NR,SK195845,419500,384500,1700.0,England,9.0,3,2021,2023,UKBMS,53.35702439558078,-1.7084827134084783
5725,"Waterswallows, Dove Holes",SK084749,408400,374900,3260.0,England,8.0,3,2021,2023,UKBMS,53.27102364206287,-1.8755062461377907
5726,Willington Gravel Pits,SK285275,428500,327500,2500.0,England,7.0,2,2021,2022,UKBMS,52.84425821911214,-1.578301721992566
5727,Avenue Country Park Wingerworth,SK386682,438600,368200,2350.0,England,8.0,3,2021,2023,UKBMS,53.20947027607178,-1.423498477003592
5728,Hogshaw Buxton,SK065745,406500,374500,1700.0,England,7.0,3,2021,2023,UKBMS,53.26745442072252,-1.9040036882270388
5729,Whaley Bridge Linear Park,SK012803,401200,380300,3310.0,England,11.0,1,2021,2021,UKBMS,53.3196263024474,-1.9834478308994736
5730,Goseley Cutting Woodville,SK325198,432500,319800,2250.0,England,4.0,3,2021,2023,UKBMS,52.77481621372766,-1.5196786931080049
5731,Gurdall Cottage Wensley,SK255608,425500,360800,100.0,England,6.0,1,2021,2021,UKBMS,53.14374090441092,-1.6202266291877672
5732,Peak Rail Rowsley,SK265635,426500,363500,2526.0,England,9.0,1,2021,2021,UKBMS,53.167961853980785,-1.6050543780219917
5733,Salter Wood Denby,SK387482,438700,348200,2160.0,England,4.0,3,2021,2023,UKBMS,53.02969248759278,-1.4244064652480755
5734,Tideswell Dale,SK154743,415400,374300,1490.0,England,10.0,3,2021,2023,UKBMS,53.26547489764371,-1.770574623773204
5735,Kinoulton Gorse,SK662309,466200,330900,3664.0,England,8.0,2,2022,2023,UKBMS,52.87151186513133,-1.0179424097363396
5736,Rose End Meadows Extension,SK289566,428900,356600,1000.0,England,6.0,2,2022,2023,UKBMS,53.105815453106544,-1.569774637299968
5737,Vicar Water Beards Meadow,SK591625,459100,362500,2063.0,England,7.0,1,2022,2022,UKBMS,53.15636038711407,-1.117636256416526
5738,Lubrizol Estate Hazelwood - Ponds,SK3245,432000,345000,330.0,England,1.0,2,2022,2023,UKBMS,53.00136944910313,-1.5246199621391356
5739,Rowsley Peak Village,SK2566,425000,366000,1020.0,England,7.0,2,2022,2023,UKBMS,53.19050583545031,-1.6272970522209809
5740,Sunart Fields Whaley Bridge,SK0280,402000,380000,2500.0,England,8.0,2,2022,2023,UKBMS,53.31692745463378,-1.9714404320109775
5741,New Lount NR,SK399185,439900,318500,,England,10.0,3,2021,2023,UKBMS,52.76263596136844,-1.410148973123005
5742,Sence Valley Centenary Woodland,SK402115,440200,311500,2550.0,England,10.0,3,2021,2023,UKBMS,52.69969014690541,-1.4065580759949232
5743,Twycross Zoo Nature Reserve,SK324060,432400,306000,,England,12.0,2,2022,2023,UKBMS,52.65077001263899,-1.5225165248880805
5744,Bagworth Heath,SK458067,445800,306700,2200.0,England,10.0,3,2021,2023,UKBMS,52.6560992713227,-1.3243610583656387
5745,Bradgate Park - Newtown Linford,SK522099,452200,309900,,England,10.0,2,2022,2023,UKBMS,52.68428670242017,-1.2292509684681843
5746,Bradgate Park - Old John,SK524115,452400,311500,,England,10.0,2,2022,2023,UKBMS,52.69864954071975,-1.2260384954468913
5747,Burbage Common,SP447953,444700,295300,,England,8.0,2,2022,2023,UKBMS,52.55371425251491,-1.3421580889465954
5748,Donington le Heath Woodlands,SK423125,442300,312500,,England,8.0,2,2022,2023,UKBMS,52.70851968982719,-1.3753559851315433
5749,Ingles Hill Woodland,SK343179,434300,317900,2005.0,England,9.0,3,2021,2023,UKBMS,52.7576258416265,-1.4931958758074886
5750,Loughborough Uni Holywell,SK510184,451000,318400,,England,10.0,2,2022,2023,UKBMS,52.76080561972852,-1.2456839685587424
5751,High Peak Quarry 2 Longcliffe,SK231555,423100,355500,1100.0,England,4.0,1,2023,2023,UKBMS,53.09620908906351,-1.6564858590554834
5752,Rowland Village Great Longstone,SK216728,421600,372800,1200.0,England,10.0,1,2023,2023,UKBMS,53.251777090530744,-1.6777236594533553
5753,Holloway Fields,SK321571,432100,357100,500.0,England,7.0,1,2023,2023,UKBMS,53.11012757269907,-1.5219282525521414
5754,High Lees Farm Riber,SK313577,431300,357700,3212.0,England,10.0,1,2023,2023,UKBMS,53.11556815254436,-1.5338202984703893
5755,Hilton Valley Park,SK251295,425100,329500,1200.0,England,1.0,1,2023,2023,UKBMS,52.862405057896815,-1.628627163020846
5756,Sunnydale Park 2,SK336333,433600,333300,1350.0,England,10.0,1,2023,2023,UKBMS,52.89610165473598,-1.5019882135148483
5757,Coombs Dale 2,SK223743,422300,374300,3061.0,England,6.0,1,2023,2023,UKBMS,53.265231223664976,-1.6671278500494184
5758,Toyota UK Burnaston Woods (PHS),SK280312,428000,331200,,England,14.0,1,2023,2023,UKBMS,52.87754415770629,-1.5854083633411253
5759,Denby Footpaths 3,SK396464,439600,346400,1871.0,England,4.0,1,2023,2023,UKBMS,53.01344724597498,-1.4112078419287797
5760,Willington Gravel Pits 2,SK290277,429000,327700,1687.0,England,8.0,1,2023,2023,UKBMS,52.84602946802153,-1.5708607060627853
5761,Morley Quarry,SK476179,447600,317900,899.0,England,6.0,1,2023,2023,UKBMS,52.75662072272972,-1.29613581136796
5762,Stonebow Washlands,SK506204,450600,320400,1477.0,England,9.0,1,2023,2023,UKBMS,52.7788206406215,-1.2513026742598135
5763,Beacon Hill Heathland,SK509146,450900,314600,1965.0,England,7.0,1,2023,2023,UKBMS,52.726657667744114,-1.2477539225624663
5764,Bestwood Country Park,SK555475,455500,347500,1068.0,England,7.0,1,2023,2023,UKBMS,53.0219255367876,-1.1740512137613253
5765,Gedling House Woods,SK626427,462600,342700,1435.0,England,7.0,1,2023,2023,UKBMS,52.97800144263134,-1.0691463910123693
5766,White Post Farm,SK628574,462800,357400,950.0,England,4.0,1,2023,2023,UKBMS,53.11010021261984,-1.063309158598319
5800,Fryston Country Trails,SE454269,445400,426900,2444.0,England,15.0,1,2021,2021,UKBMS,53.736518886591625,-1.3132270717934171
5801,Potteric Carr new,SE590003,459000,400300,2682.0,England,14.0,3,2021,2023,UKBMS,53.496102643309726,-1.112108039033268
5802,Frickley Country Park,SE469098,446900,409800,1711.0,England,15.0,1,2021,2021,UKBMS,53.58270062056565,-1.2930647223859422
5803,Gauber,SD771779,377100,477900,2744.0,England,7.0,3,2021,2023,UKBMS,54.19634131388466,-2.3524960483642623
5804,Crook Sike,SD780759,378000,475900,2516.0,England,9.0,3,2021,2023,UKBMS,54.17840648998527,-2.338554631461232
5805,Fountains Abbey & Studley Royal,SE274684,427400,468400,4130.0,England,9.0,2,2021,2022,UKBMS,54.1107536830164,-1.582387820910309
5806,Green Park 1,SE373340,437300,434000,2684.0,England,8.0,1,2021,2021,UKBMS,53.80097102365541,-1.4351580845137717
5807,Green Park 2,SE375337,437500,433700,1257.0,England,6.0,1,2021,2021,UKBMS,53.798260438271264,-1.4321580725067697
5808,Burton Riggs,TA031832,503100,483200,756.0,England,6.0,2,2021,2023,UKBMS,54.23413445807409,-0.41973790807522837
5809,Rabbit Ings Country Park,SE377115,437700,411500,1776.0,England,15.0,1,2021,2021,UKBMS,53.59871995186047,-1.4318141522787553
5810,"Roach Hills, Shuttocks wood & surroundings",SE418313,441800,431300,1919.0,England,9.0,2,2022,2023,UKBMS,53.776363924092756,-1.3672043852725462
5811,Townclose Hills,SE407303,440700,430300,1376.0,England,10.0,2,2022,2023,UKBMS,53.76746333716799,-1.3840263151296426
5812,Wenthillside,SE478182,447800,418200,1912.0,England,5.0,2,2022,2023,UKBMS,53.658114655456096,-1.278185335132559
5813,Hipperley Beck,SE924939,492400,493900,6193.0,England,10.0,2,2022,2023,UKBMS,54.33230807742106,-0.5805376894524726
5814,East Park Animal Education Centre,TA123313,512300,431300,466.0,England,15.0,2,2022,2023,UKBMS,53.765951190747,-0.2977892360699718
5815,Hell Wath,SE300701,430000,470100,2166.0,England,8.0,2,2022,2023,UKBMS,54.12588743455666,-1.5424517871569456
5816,Canklow,SK428913,442800,391300,947.0,England,9.0,2,2022,2023,UKBMS,53.41677534247241,-1.3575070069965232
5817,Duck Street Quarry,SE112638,411200,463800,931.0,England,6.0,2,2022,2023,UKBMS,54.070015437976814,-1.8303470947196008
5818,North Selby Mine,SE650441,465000,444100,2197.0,England,11.0,2,2022,2023,UKBMS,53.88901836909683,-1.0125117249060558
5819,Allerton Ings,SE430271,443000,427100,2461.0,England,11.0,2,2022,2023,UKBMS,53.73851925431161,-1.3495800239651476
5820,Thorne Moors Transect A,SE734159,473400,415900,6865.0,England,7.0,1,2022,2022,UKBMS,53.63448535249226,-0.8914245429697869
5821,Thorne Moors Transect D,SE734160,473400,416000,5784.0,England,7.0,1,2022,2022,UKBMS,53.63538400430595,-0.8914009874714982
5822,Thorne Moors Transect B,SE734154,473400,415400,5605.0,England,6.0,2,2022,2023,UKBMS,53.6299920912794,-0.8915423013653304
5823,Stirley Farm (revised) East,SE143139,414300,413900,2787.0,England,12.0,1,2023,2023,UKBMS,53.621447221633524,-1.7852812477447066
5824,Nosterfield Quarry - extension,SE275807,427500,480700,969.0,England,3.0,1,2023,2023,UKBMS,54.22129043573212,-1.5797402190177239
5825,Nosterfield NR Main,SE278795,427800,479500,1459.0,England,5.0,1,2023,2023,UKBMS,54.210489819064904,-1.575249962552213
5826,RHS Harlow Carr,SE280540,428000,454000,2186.0,England,10.0,1,2023,2023,UKBMS,53.981303918369356,-1.5745337524346985
5827,Woolley Grange,SE307112,430700,411200,1006.0,England,12.0,1,2023,2023,UKBMS,53.596478777119536,-1.5376115574744758
5828,Walton Nature Park (revised),SE363180,436300,418000,3801.0,England,11.0,1,2023,2023,UKBMS,53.657239182575,-1.45221180322116
5829,Hetchell Woods,SE379422,437900,442200,2354.0,England,7.0,1,2023,2023,UKBMS,53.87462483151062,-1.4250406521402792
5830,RSPB St Aidan's - Astley to Outfall sluice,SE387275,438700,427500,2457.0,England,5.0,1,2023,2023,UKBMS,53.742450171713024,-1.4147160182855398
5831,RSPB St Aidan's - Hillside,SE393291,439300,429100,2258.0,England,5.0,1,2023,2023,UKBMS,53.75678549672305,-1.4054165314441003
5832,RSPB St Aidan's - Lowther,SE403281,440300,428100,1711.0,England,4.0,1,2023,2023,UKBMS,53.74772183136028,-1.390380552079076
5833,Pickup,SE450277,445000,427700,796.0,England,7.0,1,2023,2023,UKBMS,53.74374339205454,-1.3191743359671226
5834,Gowerdale,SE516892,451600,489200,2384.0,England,5.0,1,2023,2023,UKBMS,54.29582014043865,-1.2086952266096567
5835,Noddle End,SE528886,452800,488600,1464.0,England,5.0,1,2023,2023,UKBMS,54.29030603864096,-1.1903656089105648
5836,Manor Farm (PHS),SE621002,462100,400200,,England,4.0,1,2023,2023,UKBMS,53.49484782200176,-1.0654053245313104
5837,Thorne Moors (SOM),SE718173,471800,417300,890.0,England,2.0,1,2023,2023,UKBMS,53.64728811535751,-0.9152943049678386
5838,Thorne Moors (GMT),SE719178,471900,417800,1464.0,England,4.0,1,2023,2023,UKBMS,53.6517676870638,-0.9136663488107472
5839,Cropton Forest South,SE767907,476700,490700,4024.0,England,9.0,1,2023,2023,UKBMS,54.306152923837786,-0.8227377464817105
5840,Moorgate Cemetery Rotherham,SK430916,443000,391600,1194.0,England,8.0,1,2023,2023,UKBMS,53.41945551191585,-1.3544572444999075
5841,Paull Holme Strays,TA178251,517800,425100,3078.0,England,6.0,1,2023,2023,UKBMS,53.709039079835385,-0.21675244175900138
5842,Thorne Moors Transect C,SE726155,472600,415500,6422.0,England,13.0,1,2023,2023,UKBMS,53.6310021148724,-0.9036139129286828
5843,Thorne Moors Historical,SE718154,471800,415400,4778.0,England,5.0,1,2023,2023,UKBMS,53.63021360429497,-0.9157321895438011
5900,HoEF Upper Binton,SP147540,414700,254000,1063.0,England,5.0,2,2022,2023,UKBMS,52.18405527820996,-1.7864126726688032
5901,HoEF Alne Skippers,SP103610,410300,261000,60.0,England,1.0,2,2022,2023,UKBMS,52.2470864033731,-1.850556843009952
5902,HoEF The Moors Binton,SP146539,414600,253900,1167.0,England,6.0,2,2022,2023,UKBMS,52.1831588784023,-1.7878795507414504
5903,HoEF Lower Binton,SP158533,415800,253300,1338.0,England,5.0,2,2022,2023,UKBMS,52.17773185340824,-1.7703564027145202
5904,HoEF Honeybourne South,SP130445,413000,244500,1843.0,England,6.0,2,2022,2023,UKBMS,52.09868854491051,-1.8116371480899105
5905,HoEF Honeybourne North,SP140452,414000,245200,1995.0,England,6.0,2,2022,2023,UKBMS,52.104957688420455,-1.7970104849852384
5906,HoEF Bearley,SP182600,418200,260000,2210.0,England,7.0,2,2022,2023,UKBMS,52.237893267181235,-1.734901067016548
5907,Wolverton Langley Road,SP205628,420500,262800,1151.0,England,5.0,2,2022,2023,UKBMS,52.26298542784215,-1.701051644695116
5908,HoEF Netherstead Plantations v2,SP108641,410800,264100,1433.0,England,6.0,2,2022,2023,UKBMS,52.27494672721952,-1.843135292567248
5909,"Rotten Row, Dorridge (PHS)",SP183753,418300,275300,,England,4.0,1,2023,2023,UKBMS,52.37543889612101,-1.7326101396670508
5910,Baddesley Clinton,SP199714,419900,271400,1639.0,England,9.0,1,2023,2023,UKBMS,52.34032233139111,-1.709337469097707
5911,Compton Verney West Lawn,SP309527,430900,252700,397.0,England,3.0,1,2023,2023,UKBMS,52.17170182239712,-1.5495926123234505
6000,Combe Wood Farm,SY147881,314700,88100,1146.0,England,15.0,2,2022,2023,UKBMS,50.68627739226827,-3.208847014364382
6001,Scobbiscombe part 1,SX624469,262400,46900,706.0,England,3.0,2,2022,2023,UKBMS,50.30595078540356,-3.9336404028156626
6002,Wembury Point,SX498484,249800,48400,1454.0,England,4.0,2,2022,2023,UKBMS,50.31635476029137,-4.111054690297606
6003,Brownsham,SS287256,228700,125600,2068.0,England,11.0,1,2023,2023,UKBMS,51.004217092753635,-4.442905793767671
6004,Twitchen Fields,SS469446,246900,144600,2198.0,England,9.0,1,2023,2023,UKBMS,51.18007691423864,-4.191776411695849
6005,Lydford Gorge Orchard,SX508843,250800,84300,430.0,England,5.0,1,2023,2023,UKBMS,50.63924131030117,-4.111350133944148
6006,Wembury Barton,SX531480,253100,48000,1969.0,England,8.0,1,2023,2023,UKBMS,50.31359198634078,-4.0645795549770884
6007,Parke 1 Wet Meadow Route,SX804790,280400,79000,2221.0,England,5.0,1,2023,2023,UKBMS,50.598432738669416,-3.691255068102115
6008,Parke 2 Orchard Route,SX801789,280100,78900,1773.0,England,4.0,1,2023,2023,UKBMS,50.59747223415102,-3.6954596522446277
6009,Dartmouth Community Orchard,SX876516,287600,51600,1194.0,England,7.0,1,2023,2023,UKBMS,50.3535501429268,-3.581322956800748
6010,Yonder Oak Wood 1,SY008853,300800,85300,1964.0,England,7.0,1,2023,2023,UKBMS,50.65889864189546,-3.4048011900421242
6011,Yonder Oak Wood 2,SY013848,301300,84800,1856.0,England,6.0,1,2023,2023,UKBMS,50.65448865043115,-3.397596204743898
6012,Lydford Old Railway Line,SX499834,249900,83400,1038.0,England,5.0,1,2023,2023,UKBMS,50.63092209180436,-4.123703978311886
6100,Warton Crag LNR (lower),SD495725,349500,472500,1814.0,England,8.0,2,2022,2023,UKBMS,54.14583265655658,-2.774594498210945
6101,Hull Brook Valley,SD985080,398500,408000,1751.0,England,7.0,2,2022,2023,UKBMS,53.56860610399018,-2.0241209758584913
6102,"Hardknott Forest, Grassguards",SD216984,321600,498400,1974.0,England,7.0,2,2022,2023,UKBMS,54.375045561613504,-3.208414855725766
6103,"Hardknott Forest, Great Wood",SD232992,323200,499200,1797.0,England,9.0,2,2022,2023,UKBMS,54.38247772773863,-3.1839968410924175
6104,Peel Park and The Coppice LNR,SD775290,377500,429000,1781.0,England,12.0,2,2022,2023,UKBMS,53.75686923123318,-2.3427363335305347
6105,Township Allotment,SD442888,344200,488800,4410.0,England,14.0,2,2022,2023,UKBMS,54.29176015831597,-2.858756930394906
6106,Starr Hills sand dunes,SD309303,330900,430300,2051.0,England,11.0,1,2023,2023,UKBMS,53.76444635895974,-3.0497219748278512
6107,Myers Allotment (PHS),SD473750,347300,475000,,England,15.0,1,2023,2023,UKBMS,54.16807752331237,-2.8087084346278606
6108,Coldwell Meadow,SD476777,347600,477700,2644.0,England,11.0,1,2023,2023,UKBMS,54.19237182832207,-2.804584844274471
6109,Coldwell Horseshoe (PHS),SD478778,347800,477800,,England,9.0,1,2023,2023,UKBMS,54.19329091359817,-2.801537351639946
6110,RHS Garden Bridgewater,SD735004,373500,400400,1918.0,England,11.0,1,2023,2023,UKBMS,53.49962379460681,-2.4009569376385294
6200,Gunwalloe,SW660209,166000,20900,855.0,England,6.0,1,2023,2023,UKBMS,50.042131265183386,-5.269510291203092
6201,North Goonhilly,SW731213,173100,21300,2319.0,England,8.0,1,2023,2023,UKBMS,50.04847282080999,-5.170748095094312
6202,Penryn Campus,SW770346,177000,34600,1463.0,England,5.0,1,2023,2023,UKBMS,50.16938504744211,-5.124126452833627
6203,Carrine Common,SW796431,179600,43100,1487.0,England,10.0,1,2023,2023,UKBMS,50.24669124080883,-5.09270822322822
6204,Trevose 2023,SW856762,185600,76200,4134.0,England,11.0,1,2023,2023,UKBMS,50.54615984676311,-5.027569955417464
6205,Goss Moor - Unit 12,SW950603,195000,60300,1957.0,England,10.0,1,2023,2023,UKBMS,50.406724987044036,-4.886357476348815
6206,Goss Moor - Unit 16,SW957609,195700,60900,1494.0,England,10.0,1,2023,2023,UKBMS,50.412357949188674,-4.876846055970741
6207,The Lost Gardens of Heligan Transect 1 (New),SX000463,200000,46300,1693.0,England,8.0,1,2023,2023,UKBMS,50.282695039257106,-4.8086497825912495
6208,Breney Common,SX056613,205600,61300,3009.0,England,14.0,1,2023,2023,UKBMS,50.41931186842609,-4.737885756466858
6209,Golitha Falls,SX225688,222500,68800,1219.0,England,8.0,1,2023,2023,UKBMS,50.49204895719578,-4.503797249311701
6300,Banstead Heath,TQ237540,523700,154000,4459.0,England,11.0,1,2023,2023,UKBMS,51.2717334360195,-0.2281252366853984
6301,"Gatwick Airport, North West Zone (2023 route)",TQ256407,525600,140700,2759.0,England,10.0,1,2023,2023,UKBMS,51.151784687757605,-0.20555538542125054
6302,Wandsworth Common (PHS),TQ274734,527400,173400,,England,6.0,1,2023,2023,UKBMS,51.44526882053949,-0.16817151960798193
6303,Battersea Park,TQ280773,528000,177300,3447.0,England,10.0,1,2023,2023,UKBMS,51.480182477339035,-0.15813200530140117
6304,"Tanyard Meadows, Horley",TQ292444,529200,144400,2082.0,England,9.0,1,2023,2023,UKBMS,51.18423707343959,-0.15278282218242406
6305,One Tree Hill (PHS),TQ354742,535400,174200,,England,7.0,1,2023,2023,UKBMS,51.45060359839263,-0.052819245298771494
6306,"Crowhurst Place, Crowhurst",TQ386465,538600,146500,2247.0,England,9.0,1,2023,2023,UKBMS,51.20090907745255,-0.017560820551419623
9001,West Down (HBFrit Transect),SX48407030,248400,70300,900.0,England,,1,2001,2001,UKBMS,50.512809114031015,-4.139555712650173
9002,West Down (Frit Transect),SX48407030,248400,70300,900.0,England,,1,2002,2002,UKBMS,50.512809114031015,-4.139555712650173
50001,,SK6330,463000,330000,,England,,1,2009,2009,WCBS,52.86380597735009,-1.0656499683612073
50002,,NZ2557,425000,557000,,England,10.0,1,2009,2009,WCBS,54.90709564117505,-1.6116225989059503
50003,,TL0547,505000,247000,2000.0,England,10.0,13,2009,2023,WCBS,52.11136708582893,-0.46812196986650495
50004,,TL1058,510000,258000,2000.0,England,10.0,14,2009,2023,WCBS,52.20925229333492,-0.3915785012248405
50005,,NY1945,319000,545000,2000.0,England,10.0,12,2009,2023,WCBS,54.79332143832997,-3.2613007296505776
50006,,SD3086,330000,486000,2000.0,England,10.0,12,2009,2022,WCBS,54.26484957583276,-3.0762170102080963
50007,,SD3780,337000,480000,2000.0,England,10.0,5,2009,2014,WCBS,54.211845041704265,-2.9675008179367723
50008,,SU8082,480000,182000,2000.0,England,10.0,13,2009,2023,WCBS,51.53125057413849,-0.8480944594601182
50009,,TQ0186,501000,186000,,England,10.0,1,2009,2009,WCBS,51.563842983970886,-0.5443006903840475
50010,,TL1166,511000,266000,,England,10.0,5,2009,2014,WCBS,52.28094562261155,-0.37432437568954724
50011,,TL3962,539000,262000,2000.0,England,10.0,8,2009,2016,WCBS,52.23864688248267,0.034216542164608246
50012,,TL4789,547000,289000,2000.0,England,10.0,10,2009,2018,WCBS,52.47913258000842,0.1631035558961985
50013,,TL5764,557000,264000,2000.0,England,10.0,3,2009,2015,WCBS,52.2517787528852,0.29853604762224656
50014,,SN5718,257000,218000,,Wales,10.0,1,2009,2009,WCBS,51.84223836332261,-4.077175362453424
50015,,SJ5170,351000,370000,2000.0,England,10.0,11,2009,2019,WCBS,53.2247730286349,-2.7353996869212502
50016,,SJ6286,362000,386000,,England,,3,2009,2011,WCBS,53.369488270262984,-2.572568464347968
50017,,NZ6122,461000,522000,,England,,1,2009,2009,WCBS,54.58952017453293,-1.0575475108475854
50018,,SY7999,379000,99000,2000.0,England,10.0,9,2009,2022,WCBS,50.79018346167929,-2.2992915611642726
50019,,SY8985,389000,85000,2000.0,England,10.0,10,2009,2019,WCBS,50.66456473028334,-2.1570014174004886
50020,,NX7587,275000,587000,2000.0,Scotland,10.0,5,2009,2017,WCBS,55.16148144683129,-3.9635884430698547
50021,,NZ0437,404000,537000,,England,10.0,5,2009,2013,WCBS,54.727971857009244,-1.9394114532831543
50022,,NZ0953,409000,553000,2000.0,England,10.0,4,2009,2023,WCBS,54.87169119742685,-1.8612843206770289
50023,,NZ3934,439000,534000,2000.0,England,10.0,7,2009,2015,WCBS,54.69952545635178,-1.3963730578600764
50024,,SU1320,413000,120000,2000.0,England,10.0,10,2009,2020,WCBS,50.97926460671541,-1.8161958745314273
50025,,SU3737,437000,137000,2000.0,England,10.0,16,2007,2023,WCBS,51.13108745061397,-1.4726074015598007
50026,,SU5839,458000,139000,2000.0,England,10.0,10,2009,2021,WCBS,51.14733205875004,-1.1721999306872684
50027,,H3641,45886,504908,,Northern Ireland,10.0,8,2009,2017,WCBS,54.31649530362771,-7.447578529167131
50028,,NO5203,352000,703000,,Scotland,10.0,3,2009,2011,WCBS,56.21713966400431,-2.775548185972796
50029,,SO7713,377000,213000,2000.0,England,10.0,17,2007,2023,WCBS,51.81515165322665,-2.3350517810614972
50030,,SP0728,407000,228000,2000.0,England,10.0,15,2009,2023,WCBS,51.95045015194873,-1.8995582802235755
50031,,TQ3778,537000,178000,,England,10.0,2,2009,2010,WCBS,51.484366623799446,-0.02833631083486934
50032,,SJ7694,376000,394000,2000.0,England,10.0,15,2009,2023,WCBS,53.442219424962815,-2.362779035231934
50033,,SS9718,297000,118000,,England,10.0,4,2009,2013,WCBS,50.95219823286911,-3.4677284813888454
50034,,SX5452,254000,52000,,England,10.0,6,2009,2014,WCBS,50.34976570613368,-4.053497299631805
50035,,SX8675,286000,75000,,England,10.0,2,2009,2010,WCBS,50.563597269828186,-3.610936125550634
50036,,ST8216,382000,116000,2000.0,England,10.0,13,2009,2022,WCBS,50.943154981615194,-2.257573234857871
50037,,SY7892,378000,92000,2000.0,England,10.0,14,2009,2023,WCBS,50.727198834978246,-2.3130576382756565
50038,,TG1206,612000,306000,2000.0,England,10.0,9,2009,2017,WCBS,52.61038234522863,1.1297459647415828
50039,,TG2600,626000,300000,,England,10.0,6,2009,2016,WCBS,52.55089620249787,1.332063306157512
50040,,TL6698,566000,298000,,England,,6,2007,2014,WCBS,52.554525286913375,0.44710120000611236
50041,,TL6794,567000,294000,,England,,1,2009,2009,WCBS,52.51829336254306,0.45982709450740045
50042,,TM0285,602000,285000,,England,10.0,2,2009,2010,WCBS,52.42565692060345,0.9695225954440001
50043,,TM0587,605000,287000,,England,10.0,2,2009,2016,WCBS,52.44249663503533,1.0148058231347676
50044,,TM1490,614000,290000,2032.0,England,10.0,15,2007,2023,WCBS,52.4659789710844,1.1489353347711726
50045,,SU6213,462000,113000,,England,10.0,4,2007,2010,WCBS,50.913144352447944,-1.119461844459228
50046,,SU7959,479000,159000,2000.0,England,10.0,13,2009,2023,WCBS,51.324625551374794,-0.8676293478136674
50047,,SU8230,482000,130000,2000.0,England,10.0,10,2009,2023,WCBS,51.06348998958569,-0.8311987021987296
50048,,TQ8559,585000,159000,,England,,1,2009,2009,WCBS,51.3000599415963,0.6523651306261133
50049,,NH9216,292000,816000,2000.0,Scotland,10.0,15,2007,2021,WCBS,57.221960945284266,-3.790207826888136
50050,,SZ4587,445000,87000,2000.0,England,10.0,1,2009,2009,WCBS,50.68092508770986,-1.364434310933447
50051,,TQ8467,584000,167000,,England,,4,2007,2010,WCBS,51.37224108318444,0.6421667927660708
50052,,TQ9726,597000,126000,2000.0,England,10.0,10,2007,2019,WCBS,50.999659585031054,0.8062391419737708
50053,,SD7224,372000,424000,2000.0,England,10.0,8,2009,2016,WCBS,53.711662522732325,-2.425697822189471
50054,,SK8699,486000,399000,2000.0,England,10.0,7,2009,2023,WCBS,53.48070616985509,-0.7055642612248062
50055,,SK8881,488000,381000,,England,10.0,1,2009,2009,WCBS,53.31862512904771,-0.6804489948532289
50056,,TF0938,509000,338000,,England,10.0,5,2009,2015,WCBS,52.92835354905057,-0.3799280184760093
50057,,TF3944,539000,344000,,England,10.0,10,2007,2016,WCBS,52.97533478368315,0.06864944150991181
50058,,TF7040,570000,340000,2000.0,England,10.0,8,2009,2016,WCBS,52.930488721499856,0.5277831968966528
50059,,TF7413,574000,313000,2000.0,England,10.0,17,2007,2023,WCBS,52.68673953294281,0.5728674533075832
50060,,TG0305,603000,305000,2000.0,England,10.0,3,2009,2023,WCBS,52.604839996756326,0.996407389501895
50061,,SS8531,285000,131000,,England,10.0,5,2007,2011,WCBS,51.06677745418184,-3.6426189632368047
50062,,SS9944,299000,144000,2000.0,England,10.0,13,2007,2020,WCBS,51.186273711658984,-3.4465352372301385
50063,,TQ1750,517000,150000,2000.0,England,10.0,1,2009,2009,WCBS,51.237195084965904,-0.32543211423913454
50064,,TQ3269,532000,169000,2000.0,England,10.0,11,2009,2023,WCBS,51.40467513425836,-0.10365591428163586
50065,,ST4858,348000,158000,2000.0,England,10.0,5,2008,2023,WCBS,51.3187176540375,-2.747553674861107
50066,,ST6821,368000,121000,,England,10.0,1,2009,2009,WCBS,50.987505098495014,-2.4572768771549467
50067,,TL8381,583000,281000,2414.0,England,10.0,9,2009,2023,WCBS,52.3964199183661,0.688242318607361
50068,,TM0969,609000,269000,2000.0,England,10.0,7,2009,2023,WCBS,52.27939247056125,1.0623670772218063
50069,,TM3388,633000,288000,2000.0,England,10.0,11,2009,2023,WCBS,52.440262183378124,1.4267242131981939
50070,,TQ0148,501000,148000,2000.0,England,10.0,13,2009,2023,WCBS,51.22227061867707,-0.5551006662252946
50071,,TQ0647,506000,147000,2000.0,England,10.0,16,2007,2023,WCBS,51.21237636436184,-0.4838241129288153
50072,,SP6348,463000,248000,2000.0,England,10.0,1,2009,2009,WCBS,52.1267277588996,-1.0811404502094923
50073,,SP9479,494000,279000,2000.0,England,10.0,4,2009,2019,WCBS,52.400950495895216,-0.6198011373796931
50074,,TL0591,505000,291000,,England,,1,2009,2009,WCBS,52.50679401318687,-0.4544109655866953
50075,,TL0787,507000,287000,2000.0,England,10.0,2,2009,2012,WCBS,52.470459442740264,-0.4262395412469964
50076,,SK5451,454000,351000,2000.0,England,10.0,14,2009,2022,WCBS,53.05353743513227,-1.1958259481970324
50077,,SP6100,461000,200000,2000.0,England,10.0,8,2009,2018,WCBS,51.69544338308347,-1.1188357114481202
50078,,SU3783,437000,183000,2000.0,England,10.0,12,2009,2020,WCBS,51.544688620343045,-1.4678422419066661
50079,,SU6688,466000,188000,2000.0,England,10.0,13,2007,2019,WCBS,51.58699871607734,-1.0487642700473434
50080,,SU7689,476000,189000,2000.0,England,10.0,9,2009,2023,WCBS,51.59473042959914,-0.9042365469686023
50081,,NO1737,317000,737000,2000.0,Scotland,10.0,13,2009,2023,WCBS,56.517690919537515,-3.350514070226848
50082,,SO2173,321000,273000,,Wales,,4,2008,2013,WCBS,52.34935527318584,-3.16121527476823
50083,,NN6998,269000,798000,,Scotland,,1,2007,2007,WCBS,57.05437814559243,-4.161380613239143
50084,,NT2895,328000,695000,,Scotland,10.0,3,2007,2010,WCBS,56.14224752949989,-3.1602824210286418
50085,,SD4631,346000,431000,,England,,1,2007,2007,WCBS,53.772524561558406,-2.820808277439556
50086,,SD4717,347000,417000,2000.0,England,10.0,14,2007,2023,WCBS,53.64680668310822,-2.803236236181755
50087,,SE2401,424000,401000,,England,,1,2007,2007,WCBS,53.505147760852374,-1.6396217836603086
50088,,TQ2631,526000,131000,,England,10.0,1,2009,2009,WCBS,51.06451677178934,-0.20322319800769323
50089,,TQ4939,549000,139000,,England,10.0,1,2009,2009,WCBS,51.13090048228228,0.1280863588007317
50090,,TV6099,560000,99000,,England,10.0,4,2009,2014,WCBS,50.76852713259546,0.2676045870676136
50091,,NC2234,222000,934000,2000.0,Scotland,10.0,17,2007,2023,WCBS,58.25855728413674,-5.0355089166733995
50092,,SP1861,418000,261000,2000.0,England,10.0,2,2009,2010,WCBS,52.24689002885997,-1.7377768735033288
50093,,SP4656,446000,256000,,England,,1,2009,2009,WCBS,52.20031914792093,-1.3283652898435359
50094,,SU1374,413000,174000,2000.0,England,10.0,15,2009,2023,WCBS,51.46482432554594,-1.814254687914628
50095,,SO8778,387000,278000,2000.0,England,10.0,14,2007,2020,WCBS,52.399856873563245,-2.1924919014334225
50096,,SO9840,398000,240000,,England,,8,2008,2015,WCBS,52.05837697282299,-2.0305827516473114
50097,,SO9881,398000,281000,,England,10.0,1,2009,2009,WCBS,52.42698009491176,-2.030839401714635
50098,,NZ5700,457000,500000,,England,10.0,1,2009,2009,WCBS,54.39229725989502,-1.1236758283092398
50099,,SE4639,446000,439000,,England,,1,2009,2009,WCBS,53.84521278587711,-1.3023305048074243
50100,,SE6951,469000,451000,,England,,4,2009,2013,WCBS,53.950507760792306,-0.9501085211465101
50101,,SK5488,454000,388000,,England,10.0,3,2009,2023,WCBS,53.38609113162288,-1.1895746762743824
50102,,NG4426,144000,826000,,Scotland,,2,2007,2008,WCBS,57.252793720803304,-6.246077772159847
50103,,NH4817,248000,817000,2126.0,Scotland,10.0,5,2007,2023,WCBS,57.218442933140594,-4.518810154856797
50104,,SN5039,250000,239000,,Wales,10.0,1,2007,2007,WCBS,52.02907008261617,-4.1878714857141945
50105,,ST0642,306000,142000,,England,10.0,1,2007,2007,WCBS,51.16949024302802,-3.345883003497605
50106,,ST2331,323000,131000,,England,10.0,3,2007,2023,WCBS,51.07314102636008,-3.100428929193555
50107,,SO8114,381000,214000,,England,10.0,1,2007,2007,WCBS,51.82429364021736,-2.2770820099170628
50108,,SO8642,386000,242000,,England,,6,2007,2013,WCBS,52.076182279006915,-2.2056856803900704
50109,,SP6131,461000,231000,,England,10.0,1,2007,2007,WCBS,51.97412958626758,-1.1133807870303776
50110,,SP6320,463000,220000,2000.0,England,10.0,2,2007,2019,WCBS,51.87502057624822,-1.0862786560225457
50111,,SS8342,283000,142000,,England,,2,2007,2008,WCBS,51.1652433140998,-3.6747212130505775
50112,,SS8542,285000,142000,1960.0,England,10.0,3,2007,2021,WCBS,51.16564929207581,-3.6461298578340107
50113,,SS8933,289000,133000,,England,,1,2007,2007,WCBS,51.08554302139053,-3.5861708740154308
50114,,SS9042,290000,142000,,England,,2,2007,2008,WCBS,51.1666336746917,-3.5746486100384747
50115,,SE4445,444000,445000,,England,10.0,1,2008,2008,WCBS,53.89930899274881,-1.3318675559218405
50116,,SE9269,492000,469000,,England,10.0,2,2007,2008,WCBS,54.10866375326015,-0.5943061393379281
50117,,SE9329,493000,429000,,England,10.0,1,2008,2008,WCBS,53.7490835537008,-0.5911715549526791
50118,,SH9123,291000,323000,,Wales,,2,2007,2008,WCBS,52.79352024819123,-3.6179395467060824
50119,,SK2290,422000,390000,,England,,2,2007,2010,WCBS,53.406363231065356,-1.670540691006421
50120,,SK6286,462000,386000,,England,,4,2007,2011,WCBS,53.36723963536761,-1.0697027053467854
50121,,TF7228,572000,328000,2058.0,England,10.0,5,2007,2023,WCBS,52.82208742139313,0.5511717541987844
50122,,ST3742,337000,142000,,England,10.0,2,2007,2008,WCBS,51.17375183193194,-2.9025566272248704
50123,,ST4018,340000,118000,,England,10.0,1,2007,2007,WCBS,50.95828808537178,-2.855659622129127
50124,,ST5876,358000,176000,,England,,3,2007,2010,WCBS,51.481385961268174,-2.606206013522344
50125,,ST7043,370000,143000,,England,,1,2007,2007,WCBS,51.18543390382336,-2.430617846089756
50126,,ST7258,372000,158000,,England,,1,2007,2007,WCBS,51.320410126810685,-2.403181436004543
50127,,SU3823,438000,123000,,England,,1,2007,2007,WCBS,51.00513793949796,-1.4597836320257076
50128,,SX6781,267000,81000,,England,,2,2007,2008,WCBS,50.61350650384722,-3.8812048286069456
50129,,SZ1691,416000,91000,,England,,1,2007,2007,WCBS,50.71841000762303,-1.774720958535303
50130,,TA1319,513000,419000,,England,10.0,1,2007,2007,WCBS,53.655295822174885,-0.29165783442323256
50131,,NO6184,361000,784000,2000.0,Scotland,10.0,11,2011,2022,WCBS,56.94560964311729,-2.6426744312754957
50132,,NS6153,261000,653000,,Scotland,,3,2010,2014,WCBS,55.75034977307206,-4.216163656860895
50133,,TQ9991,599000,191000,,England,10.0,2,2007,2008,WCBS,51.58271312847892,0.8709041597530075
50134,,SY8284,382000,84000,,England,10.0,1,2006,2006,WCBS,50.65539633590575,-2.2559946151727743
50135,,TL3450,534000,250000,2000.0,England,10.0,1,2006,2006,WCBS,52.13206366780392,-0.0436990646102927
50136,,TL5466,554000,266000,,England,10.0,1,2006,2006,WCBS,52.27059244954685,0.2555368067513752
50137,,HY3615,336000,1015000,,Scotland,10.0,2,2010,2011,WCBS,59.01725133288041,-3.116262315713838
50138,,H9560,106339,518829,2000.0,Northern Ireland,10.0,14,2010,2023,WCBS,54.479567387190926,-6.535152087665621
50139,,H9739,106545,497724,2000.0,Northern Ireland,10.0,7,2010,2018,WCBS,54.29060518608391,-6.511154942172831
50140,,J1091,123938,548450,2000.0,Northern Ireland,10.0,1,2010,2010,WCBS,54.75489706954169,-6.292218188107314
50141,,J2191,134901,547509,2000.0,Northern Ireland,10.0,3,2010,2014,WCBS,54.75236614409229,-6.121467598594174
50142,,J2263,133508,519518,2000.0,Northern Ireland,10.0,13,2010,2022,WCBS,54.50073628636107,-6.11759070777544
50143,,J2768,138917,524075,2000.0,Northern Ireland,10.0,1,2010,2010,WCBS,54.54440088888691,-6.038314428650465
50144,,TL0865,508000,265000,,England,10.0,1,2007,2007,WCBS,52.27255575024247,-0.4186014583137044
50145,,SM8713,187000,213000,,Wales,10.0,4,2010,2015,WCBS,51.77503340698221,-5.088879923502183
50146,,NY8935,389000,535000,,England,10.0,4,2010,2013,WCBS,54.709890983561486,-2.172244988413488
50147,,SD4441,344000,441000,2000.0,England,10.0,6,2010,2015,WCBS,53.86218223548997,-2.8529737613929136
50148,,SE5579,455000,479000,2000.0,England,10.0,9,2010,2022,WCBS,54.20380597332514,-1.158329761825085
50149,,SE9338,493000,438000,,England,10.0,2,2010,2011,WCBS,53.829950751500405,-0.5884594981282926
50150,,SJ1168,311000,368000,,Wales,,1,2010,2010,WCBS,53.2015973832702,-3.333839388183328
50151,,SJ9094,390000,394000,2000.0,England,10.0,7,2010,2022,WCBS,53.44267398576662,-2.152014812897167
50152,,SK5515,455000,315000,,England,,5,2010,2014,WCBS,52.72985268061554,-1.18698413625914
50153,,SP7354,473000,254000,2000.0,England,10.0,13,2010,2023,WCBS,52.17943301023849,-0.9338030983420313
50154,,SO7475,374000,275000,,England,,1,2010,2010,WCBS,52.372421278517436,-2.383320969108445
50155,,TL4404,544000,204000,,England,10.0,7,2010,2018,WCBS,51.71624951302918,0.08307171010080026
50156,,SU9814,498000,114000,2000.0,England,10.0,12,2010,2022,WCBS,50.91715153095165,-0.6072491286522074
50157,,SY8289,382000,89000,2000.0,England,10.0,13,2010,2023,WCBS,50.700359568782815,-2.2562395744000234
50158,,TL0037,500000,237000,1938.0,England,10.0,3,2010,2023,WCBS,52.02241594258827,-0.5440355717201701
50159,,TL0330,503000,230000,2000.0,England,10.0,9,2010,2018,WCBS,51.9589543164207,-0.5024304705402469
50160,,TQ2916,529000,116000,,England,10.0,1,2010,2010,WCBS,50.9290368460665,-0.16575691146273686
50161,,ST7722,377000,122000,2000.0,England,10.0,13,2011,2023,WCBS,50.99692899493814,-2.32912046117765
50162,,TF6700,567000,300000,,England,,5,2012,2016,WCBS,52.57218270990645,0.4628430054412659
50163,,ST3540,335000,140000,,England,10.0,6,2011,2016,WCBS,51.1555459948099,-2.930799301728364
50164,,TL2222,522000,222000,2000.0,England,10.0,12,2011,2023,WCBS,51.883222552103575,-0.22888357030716747
50165,,TQ0124,501000,124000,,England,10.0,5,2011,2015,WCBS,51.00652953581096,-0.5618133968052177
50166,,TQ5309,553000,109000,2000.0,England,10.0,13,2011,2023,WCBS,50.860274659061275,0.1725811214417348
50167,,SU8026,480000,126000,2000.0,England,10.0,2,2012,2014,WCBS,51.027810244879284,-0.8606159503440539
50168,,ST9326,393000,126000,2000.0,England,10.0,8,2011,2023,WCBS,51.03331809904798,-2.101202223341937
50169,,SU9797,497000,197000,2000.0,England,10.0,6,2011,2021,WCBS,51.663418993334126,-0.5989477038872812
50170,,SK2313,423000,313000,,England,10.0,1,2011,2011,WCBS,52.714174505811926,-1.6609723457862464
50171,,NS9649,296000,649000,2000.0,Scotland,10.0,1,2011,2011,WCBS,55.72321485713058,-3.6573141972516625
50172,,NJ8619,386000,819000,,Scotland,,4,2011,2014,WCBS,57.2614517648856,-2.233725431584732
50173,,SK4229,442000,329000,,England,10.0,13,2011,2023,WCBS,52.85686094102209,-1.3776846081108758
50174,,SK1932,419000,332000,2000.0,England,10.0,13,2011,2023,WCBS,52.88512675258296,-1.7190855149800095
50175,,NN9140,291000,740000,2000.0,Scotland,10.0,3,2011,2018,WCBS,56.539319482075946,-3.7741217128125997
50176,,NR3953,139000,653000,2000.0,Scotland,10.0,1,2011,2011,WCBS,55.69999906543398,-6.155511065574998
50177,,NR3272,132000,672000,2000.0,Scotland,10.0,6,2011,2016,WCBS,55.866423011908225,-6.285255150551792
50178,,ST7870,378000,170000,2000.0,England,10.0,12,2011,2023,WCBS,51.4285732702964,-2.3178307996171266
50179,,SD3917,339000,417000,2000.0,England,10.0,2,2012,2018,WCBS,53.64593344388432,-2.924240618730962
50180,,SP1130,411000,230000,2000.0,England,10.0,9,2012,2022,WCBS,51.96836769704054,-1.8412949362798967
50181,,SD3839,338000,439000,2000.0,England,9.0,8,2012,2021,WCBS,53.843525736650406,-2.943787244016056
50182,,NO5115,351000,715000,2029.0,Scotland,10.0,6,2011,2023,WCBS,56.32483853933485,-2.7939009755966087
50183,,TF0710,507000,310000,1957.0,England,10.0,9,2011,2023,WCBS,52.67714676241095,-0.4188215545422974
50184,,NB9713,197000,913000,,Scotland,10.0,2,2011,2013,WCBS,58.0594669542197,-5.442519289793713
50185,,SO3105,331000,205000,2000.0,Wales,10.0,6,2012,2018,WCBS,51.73943912495229,-3.0006822007681517
50186,,NJ1534,315000,834000,2000.0,Scotland,10.0,4,2011,2018,WCBS,57.38845246149797,-3.4156573620037056
50188,,SO9008,390000,208000,2000.0,England,10.0,12,2012,2023,WCBS,51.7705832150782,-2.14632327951934
50189,,SP0008,400000,208000,2000.0,England,10.0,12,2012,2023,WCBS,51.77067459097784,-2.0014019113593906
50190,,NO3936,339000,736000,2000.0,Scotland,10.0,1,2011,2011,WCBS,56.51208031344251,-2.992808394031337
50191,,SY4392,343000,92000,2000.0,England,,4,2012,2015,WCBS,50.72481218219734,-2.8088963314890494
50192,,SW7725,177000,25000,2000.0,England,10.0,1,2009,2009,WCBS,50.083174789745314,-5.11851379441913
50193,,TL2348,523000,248000,,England,,1,2009,2009,WCBS,52.11664692366118,-0.20504022279077122
50194,,SU5877,458000,177000,,England,10.0,5,2009,2013,WCBS,51.48898241126395,-1.1660294952151244
50195,,NT7752,377000,652000,,Scotland,,2,2009,2010,WCBS,55.76080104151449,-2.368077110272385
50196,,NT5156,351000,656000,2000.0,Scotland,10.0,7,2009,2019,WCBS,55.794798000267086,-2.7830807426786284
50197,,SH6773,267000,373000,,Wales,,4,2009,2012,WCBS,53.23732232533377,-3.9942673490758396
50198,,SN5158,251000,258000,,Wales,,1,2009,2009,WCBS,52.200036133402776,-4.181627819106897
50199,,SN6390,263000,290000,,Wales,10.0,3,2009,2011,WCBS,52.4906586929759,-4.019225907555424
50200,,SJ5054,350000,354000,,England,10.0,1,2009,2009,WCBS,53.0808690440918,-2.7478726462768304
50201,,SJ5058,350000,358000,2000.0,England,10.0,11,2007,2017,WCBS,53.116822029829095,-2.7484966511063447
50202,,SJ6679,366000,379000,2000.0,England,10.0,7,2009,2016,WCBS,53.306843564551016,-2.511700894161221
50203,,SJ6884,368000,384000,2000.0,England,10.0,14,2009,2023,WCBS,53.35191031907009,-2.4821947617780915
50204,,SJ7159,371000,359000,2000.0,England,10.0,12,2009,2021,WCBS,53.127370505161664,-2.4348427443067027
50205,,SJ8456,384000,356000,2000.0,England,10.0,8,2009,2022,WCBS,53.100955187827864,-2.2404169894309947
50206,,NS8994,289000,694000,,Scotland,10.0,2,2009,2010,WCBS,56.125781707240385,-3.7872091826250283
50207,,SW4426,144000,26000,2000.0,England,10.0,13,2009,2022,WCBS,50.078854558993704,-5.5795761541705575
50208,,J2354,133738,510463,,Northern Ireland,10.0,1,2009,2009,WCBS,54.41968962071264,-6.105901750181029
50209,,TL8715,587000,215000,2000.0,England,10.0,17,2007,2023,WCBS,51.802366878322395,0.7107681593067842
50210,,NS9076,290000,676000,,Scotland,10.0,7,2009,2016,WCBS,55.9643673543128,-3.763738064403766
50211,,SS8086,280000,186000,,Wales,10.0,1,2009,2009,WCBS,51.560075476127146,-3.732469208059262
50212,,SE3199,431000,499000,,England,10.0,8,2009,2016,WCBS,54.385551436068106,-1.5241719279471149
50213,,SS8185,281000,185000,2000.0,Wales,10.0,13,2009,2023,WCBS,51.55130020681066,-3.717711884441182
50214,,SO8013,380000,213000,2000.0,England,10.0,15,2009,2023,WCBS,51.81526767815091,-2.2915331015323313
50215,,SP2221,422000,221000,2000.0,England,10.0,14,2009,2023,WCBS,51.887127445339324,-1.6817549777130736
50216,,ST6883,368000,183000,,England,10.0,3,2007,2009,WCBS,51.544980241183865,-2.462846110600978
50217,,TQ3067,530000,167000,2000.0,England,10.0,9,2009,2018,WCBS,51.3871629583754,-0.13312479509383124
50218,,SK3527,435000,327000,2000.0,England,10.0,11,2009,2021,WCBS,52.83938195177166,-1.4818532572093643
50219,,SK4737,447000,337000,,England,,1,2009,2009,WCBS,52.92835805380643,-1.302279933924165
50220,,C5805,73294,566859,2000.0,Northern Ireland,10.0,10,2009,2019,WCBS,54.88932644828049,-7.096937346297059
50221,,SS5411,254000,111000,,England,10.0,5,2009,2013,WCBS,50.87999790078427,-4.07672597086678
50222,,SS6629,266000,129000,2000.0,England,10.0,11,2009,2021,WCBS,51.04467890742517,-3.9128892276634835
50223,,SY0181,301000,81000,2091.0,England,10.0,8,2009,2022,WCBS,50.620275274504145,-3.400822537407802
50224,,TG2111,621000,311000,,England,10.0,1,2009,2009,WCBS,52.65167439285521,1.2657861927878167
50225,,TG4210,642000,310000,2000.0,England,10.0,16,2007,2023,WCBS,52.63374883560565,1.574884468682803
50226,,TG4710,647000,310000,2000.0,England,10.0,15,2009,2023,WCBS,52.631498607269215,1.648614012768306
50227,,TL8490,584000,290000,2000.0,England,10.0,3,2007,2012,WCBS,52.47690495858111,0.7078749639977564
50228,,TM0582,605000,282000,,England,,2,2009,2016,WCBS,52.39760858692124,1.0117432541557407
50229,,SP9212,492000,212000,2000.0,England,10.0,11,2009,2020,WCBS,51.79908898616603,-0.6672579930070527
50230,,TL3740,537000,240000,2000.0,England,10.0,9,2009,2017,WCBS,52.04147788363719,-0.003912107440785589
50231,,TL4717,547000,217000,2000.0,England,10.0,15,2009,2023,WCBS,51.83227478527621,0.13196468376476034
50232,,TQ0495,504000,195000,,England,10.0,3,2009,2015,WCBS,51.64419232809285,-0.4983703120061995
50233,,TQ1593,515000,193000,2000.0,England,10.0,14,2009,2023,WCBS,51.62407783349895,-0.3401210535093905
50234,,NH4266,242000,866000,2000.0,Scotland,10.0,6,2009,2017,WCBS,57.6560938741783,-4.64966897990699
50235,,TQ9648,596000,148000,2060.0,England,10.0,5,2009,2023,WCBS,51.19759061491252,0.803939749541523
50236,,TR0535,605000,135000,,England,10.0,1,2009,2009,WCBS,51.07769161072733,0.9251870133991802
50237,,TR0622,606000,122000,2000.0,England,10.0,15,2009,2023,WCBS,50.96058862844607,0.9320648086698802
50238,,TR1939,619000,139000,2000.0,England,10.0,4,2009,2022,WCBS,51.10843859782521,1.127165191186099
50239,,TR1943,619000,143000,,England,10.0,6,2009,2014,WCBS,51.14435311143887,1.1295934712257527
50240,,SD5313,353000,413000,2000.0,England,10.0,12,2009,2023,WCBS,53.61143130607985,-2.7118734550876695
50241,,SD5505,355000,405000,2000.0,England,10.0,14,2009,2023,WCBS,53.53970610998777,-2.6804900930110853
50242,,SD9042,390000,442000,,England,,4,2009,2013,WCBS,53.87410441121202,-2.15357769416511
50243,,SK6417,464000,317000,2000.0,England,10.0,13,2009,2021,WCBS,52.746841229600044,-1.0533389161759168
50244,,SD7716,377000,416000,2000.0,England,10.0,14,2009,2022,WCBS,53.64000410711455,-2.3493500725864975
50245,,SN7895,278000,295000,,Wales,10.0,2,2009,2013,WCBS,52.539149637671024,-3.800260952213904
50246,,TF9040,590000,340000,2000.0,England,10.0,13,2007,2023,WCBS,52.923791272076826,0.8249656595232375
50247,,TG1034,610000,334000,2000.0,England,10.0,13,2009,2022,WCBS,52.862495561204206,1.118153302966604
50248,,SJ3919,339000,319000,,England,,5,2007,2011,WCBS,52.76513834628857,-2.905475285089196
50249,,ST3512,335000,112000,,England,10.0,1,2009,2009,WCBS,50.903797743129026,-2.9257687150282417
50250,,ST3736,337000,136000,,England,10.0,5,2007,2011,WCBS,51.11980647061945,-2.9015047390464663
50251,,SU8801,488000,101000,2000.0,England,10.0,2,2009,2011,WCBS,50.80188708822189,-0.7525901516489039
50252,,SU9521,495000,121000,2000.0,England,10.0,2,2009,2010,WCBS,50.980581311966354,-0.6480893496808708
50253,,TQ0527,505000,127000,2000.0,England,10.0,15,2009,2023,WCBS,51.032781555223686,-0.5039538339221209
50254,,ST5375,353000,175000,2867.0,England,10.0,2,2009,2023,WCBS,51.47200068001145,-2.678069242325765
50255,,ST7245,372000,145000,,England,10.0,2,2007,2009,WCBS,51.203519210703696,-2.4021594427175117
50256,,TL8482,584000,282000,2000.0,England,10.0,11,2009,2023,WCBS,52.40506505834433,0.7034713960618545
50257,,SU9038,490000,138000,2000.0,England,10.0,11,2009,2023,WCBS,51.13421176571524,-0.7150725123161938
50258,,SU9761,497000,161000,2000.0,England,10.0,15,2007,2023,WCBS,51.33982254207132,-0.6088352653007725
50259,,TQ0944,509000,144000,1979.0,England,10.0,14,2009,2023,WCBS,51.18484643897537,-0.4418011565827189
50260,,TM2393,623000,293000,2000.0,England,10.0,16,2008,2023,WCBS,52.48930658484708,1.2832014589398177
50261,,SP4854,448000,254000,2000.0,England,10.0,15,2009,2023,WCBS,52.182169589993514,-1.2993870414178141
50262,,SP6872,468000,272000,549.0,England,10.0,13,2009,2023,WCBS,52.34187180427446,-1.0032947686760978
50263,,SP9766,497000,266000,2000.0,England,10.0,12,2009,2021,WCBS,52.28359152361652,-0.5794704631461227
50264,,SM9225,192000,225000,2000.0,Wales,10.0,14,2009,2023,WCBS,51.88465574946892,-5.023727230345919
50265,,NN6585,265000,785000,,Scotland,10.0,1,2007,2007,WCBS,56.936529496974,-4.220308002707437
50266,,SE1867,418000,467000,,England,10.0,1,2007,2007,WCBS,54.098584009108535,-1.7262493835699042
50267,,TQ2110,521000,110000,,England,,4,2009,2012,WCBS,50.87683884421008,-0.2815235544039376
50268,,SP2138,421000,238000,2000.0,England,10.0,1,2009,2009,WCBS,52.040006399501365,-1.6952505057752478
50269,,SP4153,441000,253000,2000.0,England,10.0,1,2009,2009,WCBS,52.17374291545706,-1.4018804395293927
50270,,ST8946,389000,146000,2000.0,England,10.0,13,2009,2023,WCBS,51.213094884599926,-2.158862652403987
50271,,ST9325,393000,125000,2000.0,England,10.0,9,2009,2018,WCBS,51.02432592083842,-2.1011825921427976
50272,,SU0869,408000,169000,2000.0,England,10.0,7,2009,2023,WCBS,51.41995840544088,-1.8863412838365852
50273,,SU0944,409000,144000,1921.0,England,10.0,10,2009,2023,WCBS,51.19515014350137,-1.8725830753619341
50274,,SO9237,392000,237000,,England,,6,2007,2012,WCBS,52.0313497639512,-2.118021864792652
50275,,SO9848,398000,248000,,England,,6,2009,2014,WCBS,52.13030135344092,-2.030632396840856
50276,,SE8821,488000,421000,,England,10.0,5,2009,2013,WCBS,53.67806524283274,-0.6692419269498178
50277,,SE4361,443000,461000,,England,,10,2009,2019,WCBS,54.04318640654082,-1.34483425087616
50278,,SE9445,494000,445000,2000.0,England,10.0,1,2009,2009,WCBS,53.892666564919125,-0.5711295269516221
50279,,SK4982,449000,382000,,England,10.0,12,2009,2023,WCBS,53.33265027297656,-1.265669861625171
50280,,SK2442,424000,342000,2000.0,England,10.0,14,2009,2023,WCBS,52.97481893226506,-1.6440458599063723
50281,,SK3778,437000,378000,2000.0,England,10.0,14,2009,2023,WCBS,53.29766963018928,-1.4463184119362502
50282,,SO7651,376000,251000,,England,10.0,1,2006,2006,WCBS,52.156750165715785,-2.3522298120004868
50283,,NH5411,254000,811000,,Scotland,,1,2007,2007,WCBS,57.16654573794755,-4.416030411922814
50284,,NH5828,258000,828000,,Scotland,,1,2007,2007,WCBS,57.320380949558604,-4.35968123926247
50285,,SK7250,472000,350000,,England,10.0,2,2007,2010,WCBS,53.04243268180408,-0.9275523268582901
50286,,SM9711,197000,211000,,Wales,10.0,3,2007,2015,WCBS,51.760792407734186,-4.942970174848034
50287,,SO1828,318000,228000,2000.0,Wales,10.0,2,2007,2008,WCBS,51.94443195761883,-3.1943725853614664
50288,,SO7503,375000,203000,,England,10.0,2,2007,2008,WCBS,51.72515669903334,-2.363340915475573
50289,,SP6238,462000,238000,2000.0,England,10.0,3,2007,2019,WCBS,52.03694612858566,-1.0975604188801142
50290,,SH9724,297000,324000,,Wales,10.0,1,2007,2007,WCBS,52.803686303666446,-3.5293088280462275
50291,,SJ0217,302000,317000,,Wales,,2,2007,2008,WCBS,52.74171257081733,-3.453070319546188
50292,,SJ2946,329000,346000,,Wales,10.0,1,2008,2008,WCBS,53.00658529859251,-3.059554126816858
50293,,SJ3417,334000,317000,,England,10.0,1,2007,2007,WCBS,52.74657309428984,-2.9791618886976816
50294,,SJ7188,371000,388000,,England,10.0,1,2007,2007,WCBS,53.38803734612823,-2.4374961060248808
50295,,ST6760,367000,160000,,England,10.0,1,2007,2007,WCBS,51.338123857700516,-2.4751141600162168
50296,,ST6877,368000,177000,781.0,England,10.0,6,2007,2023,WCBS,51.49103338708372,-2.462299319282843
50297,,SX6879,268000,79000,,England,,2,2007,2008,WCBS,50.595757699092715,-3.866367146713471
50298,,SX6880,268000,80000,,England,,2,2007,2008,WCBS,50.60474577820291,-3.86672282837588
50299,,TA1619,516000,419000,,England,10.0,1,2007,2007,WCBS,53.6546398493485,-0.2462875230005244
50300,,TQ7642,576000,142000,,England,,1,2007,2007,WCBS,51.15019714248297,0.5150598566331319
50301,,NJ1740,317000,840000,2000.0,Scotland,10.0,3,2010,2019,WCBS,57.44270201738702,-3.3844299943329914
50302,,NS4060,240000,660000,2000.0,Scotland,10.0,1,2010,2010,WCBS,55.80669616195103,-4.554504542782205
50303,,SY7782,377000,82000,,England,10.0,1,2006,2006,WCBS,50.63723407294656,-2.326599966758333
50304,,TL0025,500000,225000,,England,,1,2006,2006,WCBS,51.914561808542274,-0.5475265245810018
50305,,TL0114,501000,214000,,England,10.0,1,2006,2006,WCBS,51.81551402156587,-0.5362055207452104
50306,,NT1400,314000,600000,2000.0,Scotland,10.0,1,2010,2010,WCBS,55.286586714858096,-3.355629430140247
50307,,NY2480,324000,580000,2000.0,Scotland,10.0,2,2010,2012,WCBS,55.108555068501225,-3.192834751314716
50308,,TM4293,642000,293000,,England,10.0,1,2007,2007,WCBS,52.481218159181175,1.5624932516205858
50309,,TQ4326,543000,126000,2000.0,England,10.0,9,2008,2022,WCBS,51.0156052905346,0.037258197105314896
50310,,SN6672,266000,272000,2000.0,Wales,10.0,6,2010,2015,WCBS,52.3296791093517,-3.967855036288441
50311,,NT9222,392000,622000,,England,,1,2010,2010,WCBS,55.49172879488107,-2.128166085727736
50312,,NX9391,293000,591000,,Scotland,,1,2010,2010,WCBS,55.20163201371143,-3.68271463525685
50313,,NY1268,312000,568000,2000.0,Scotland,10.0,2,2010,2011,WCBS,54.99876668568689,-3.377171462097921
50314,,SD5641,356000,441000,2000.0,England,10.0,7,2010,2022,WCBS,53.86334064811962,-2.67052729321354
50316,,SP6474,464000,274000,,England,,3,2010,2013,WCBS,52.360330202963596,-1.0616188563849283
50317,,SU1689,416000,189000,2000.0,England,10.0,13,2010,2023,WCBS,51.599618201234826,-1.7703930746375223
50318,,SU2882,428000,182000,2000.0,England,10.0,10,2010,2023,WCBS,51.536213945581764,-1.597700253217027
50319,,TL0597,505000,297000,2000.0,England,10.0,14,2010,2023,WCBS,52.56071360569552,-0.4525165253590694
50320,,SP4909,449000,209000,2000.0,England,10.0,10,2012,2021,WCBS,51.77753050514843,-1.291174372028557
50321,,TQ5907,559000,107000,2000.0,England,10.0,6,2010,2016,WCBS,50.84068639522861,0.25689705165048626
50323,,TL4989,549000,289000,2000.0,England,10.0,9,2010,2018,WCBS,52.47859074058068,0.1925297074267964
50324,,NT1940,319000,640000,2136.0,Scotland,10.0,6,2011,2021,WCBS,55.6467635675238,-3.2885961141665803
50325,,SP9588,495000,288000,2000.0,England,10.0,2,2012,2022,WCBS,52.481664169990054,-0.6025508740299393
50326,,TQ5736,557000,136000,,England,,1,2012,2012,WCBS,51.10180969065342,0.24102389881040656
50327,,TQ4136,541000,136000,,England,10.0,1,2012,2012,WCBS,51.10596472668107,0.012658431281368438
50328,,NT3257,332000,657000,2000.0,Scotland,10.0,6,2012,2022,WCBS,55.80147790970253,-3.086313287173504
50329,,NN9950,299000,750000,2000.0,Scotland,10.0,4,2011,2020,WCBS,56.63090918111027,-3.6479959841343677
50330,,TL2479,524000,279000,2000.0,England,10.0,8,2012,2021,WCBS,52.39498317379304,-0.1790696161676399
50331,,TL4498,544000,298000,,England,10.0,2,2011,2012,WCBS,52.56078522083227,0.12285750449954592
50333,,H2645,36251,509750,2000.0,Northern Ireland,10.0,4,2011,2016,WCBS,54.353036110088674,-7.600889020313904
50334,,SD7234,372000,434000,2000.0,England,10.0,6,2010,2022,WCBS,53.80154020665635,-2.4266081788187703
50335,,TQ4214,542000,114000,2000.0,England,10.0,10,2012,2021,WCBS,50.90801247797276,0.01833253241273271
50336,,TL1030,510000,230000,,England,,1,2011,2011,WCBS,51.95761515214219,-0.40059966716698253
50337,,NX4438,244000,538000,2000.0,Scotland,10.0,5,2011,2019,WCBS,54.7127494117949,-4.423119121876095
50339,,NT1925,319000,625000,2000.0,Scotland,10.0,1,2011,2011,WCBS,55.51201813269837,-3.2841890708798953
50340,,NT4221,342000,621000,2000.0,Scotland,10.0,1,2011,2011,WCBS,55.47935837306235,-2.9192100194006656
50341,,SD6736,367000,436000,2000.0,England,10.0,7,2011,2022,WCBS,53.81922117978516,-2.5027358583520742
50342,,NT0372,303000,672000,2000.0,Scotland,10.0,3,2011,2014,WCBS,55.931245417754866,-3.554134666577612
50343,,NR2943,129000,643000,2000.0,Scotland,10.0,13,2011,2023,WCBS,55.60492000581456,-6.304311253790138
50344,,SE8247,482000,447000,,England,10.0,3,2012,2014,WCBS,53.91267158184772,-0.7531420379295238
50345,,NM8412,184000,712000,2000.0,Scotland,10.0,1,2012,2012,WCBS,56.25125752647595,-5.488286798434654
50346,,TF2018,520000,318000,,England,10.0,1,2012,2012,WCBS,52.746309384838185,-0.22371880138667433
50347,,ST7415,374000,115000,2000.0,England,10.0,5,2012,2023,WCBS,50.93385594949451,-2.3713665347663664
50348,,NU0934,409000,634000,2000.0,England,10.0,7,2012,2019,WCBS,55.59953922403854,-1.8587325314007683
50349,,TQ1130,511000,130000,2000.0,England,10.0,3,2012,2014,WCBS,51.0586214776301,-0.4175022356252219
50350,,SD5983,359000,483000,2000.0,England,10.0,12,2012,2023,WCBS,54.241042247494924,-2.6306062767147798
50351,,SO1219,312000,219000,2000.0,Wales,10.0,11,2012,2022,WCBS,51.862616686849336,-3.279338876794664
50352,,NX3761,237000,561000,2000.0,Scotland,10.0,1,2011,2011,WCBS,54.91701464184528,-4.544619498968256
50353,,NX7849,278000,549000,2000.0,Scotland,10.0,1,2011,2011,WCBS,54.82094585534426,-3.900327142915195
50354,,NX3153,231000,553000,2000.0,Scotland,10.0,1,2011,2011,WCBS,54.84320505843147,-4.633431286777001
50355,,NJ4064,340000,864000,,Scotland,10.0,1,2011,2011,WCBS,57.66187306538429,-3.007263270369141
50356,,NO7770,377000,770000,2000.0,Scotland,10.0,12,2011,2023,WCBS,56.82092030133038,-2.37841486294445
50357,,SX8377,283000,77000,,England,10.0,3,2012,2014,WCBS,50.58098202257286,-3.6539044796662252
50358,,NK0144,401000,844000,2000.0,Scotland,10.0,4,2009,2013,WCBS,57.48623573372981,-1.9849738448704164
50359,,SH6181,261000,381000,,Wales,,7,2007,2014,WCBS,53.307647033670406,-4.087604534352421
50360,,J2097,134417,553575,2000.0,Northern Ireland,10.0,14,2009,2023,WCBS,54.80648080804845,-6.134519184394055
50361,,D1704,132027,560808,,Northern Ireland,10.0,1,2009,2009,WCBS,54.870035591341335,-6.178306047157127
50362,,NH2603,226000,803000,,Scotland,10.0,5,2009,2013,WCBS,57.08501021230007,-4.872886496307804
50363,,NM5753,157000,753000,,Scotland,10.0,4,2009,2013,WCBS,56.60569591616453,-5.961105630788053
50364,,ST6260,362000,160000,,England,,5,2009,2015,WCBS,51.33781060670303,-2.5468878429274553
50365,,NY0935,309000,535000,2000.0,England,10.0,8,2009,2023,WCBS,54.7017673838994,-3.41364513539478
50366,,NY1641,316000,541000,2000.0,England,10.0,11,2009,2023,WCBS,54.756890905698164,-3.306786681201022
50367,,SU7170,471000,170000,2000.0,England,10.0,15,2009,2023,WCBS,51.42457145223595,-0.9802251637254306
50368,,NT9263,392000,663000,2000.0,Scotland,10.0,3,2009,2012,WCBS,55.860119165257196,-2.1293785937388585
50369,,TF4310,543000,310000,,England,10.0,1,2009,2009,WCBS,52.668852447971794,0.1133023252431015
50370,,SN6974,269000,274000,,Wales,10.0,1,2009,2009,WCBS,52.34837428433375,-3.9246380846633735
50371,,SJ4654,346000,354000,2000.0,England,10.0,15,2007,2021,WCBS,53.0804787266227,-2.807580043429102
50372,,SJ6855,368000,355000,,England,10.0,1,2009,2009,WCBS,53.091243512281565,-2.479274302620802
50373,,SJ7181,371000,381000,,England,10.0,2,2009,2010,WCBS,53.3251188224759,-2.436851853684907
50374,,SJ8380,383000,380000,,England,10.0,1,2009,2009,WCBS,53.31665422304945,-2.2566391594179165
50375,,NZ6612,466000,512000,,England,10.0,8,2009,2016,WCBS,54.49903912537409,-0.982424150886873
50376,,NZ2850,428000,550000,2000.0,England,10.0,9,2009,2019,WCBS,54.84403464989581,-1.5655119952791041
50377,,NH5537,255000,837000,2000.0,Scotland,10.0,9,2007,2015,WCBS,57.400209750844006,-4.414751508475076
50378,,SH4941,249000,341000,,Wales,10.0,1,2009,2009,WCBS,52.94508084238727,-4.248712389611778
50379,,SU2003,420000,103000,2000.0,England,10.0,14,2009,2022,WCBS,50.82619667048216,-1.717411970251474
50380,,SU3104,431000,104000,,England,10.0,5,2007,2011,WCBS,50.83470654857258,-1.5611558895801867
50381,,SU4662,446000,162000,2000.0,England,10.0,15,2009,2023,WCBS,51.355218774011725,-1.340791440204182
50382,,TQ6682,566000,182000,1776.0,England,10.0,14,2009,2023,WCBS,51.51254062287593,0.3908414413457178
50383,,NO3616,336000,716000,,Scotland,10.0,1,2009,2009,WCBS,56.3320295549226,-3.0366476955274213
50384,,TL3147,531000,247000,2000.0,England,10.0,8,2009,2020,WCBS,52.10582578088875,-0.08865542333622761
50385,,SD4464,344000,464000,,England,,1,2009,2009,WCBS,54.068876340476656,-2.8572058984710353
50386,,SD9704,397000,404000,2000.0,England,10.0,8,2009,2022,WCBS,53.53264604047081,-2.0467303789935056
50387,,SO6206,362000,206000,2000.0,England,10.0,12,2009,2023,WCBS,51.7513957297733,-2.55187088346818
50388,,SO7518,375000,218000,2000.0,England,10.0,15,2009,2023,WCBS,51.860019164806985,-2.364427052217421
50389,,SO8815,388000,215000,2000.0,England,10.0,15,2009,2023,WCBS,51.83348019475808,-2.175552054577237
50390,,SO9224,392000,224000,2000.0,England,10.0,5,2009,2013,WCBS,51.91447045205514,-2.1177145093916683
50391,,ST8690,386000,190000,2000.0,England,10.0,15,2009,2023,WCBS,51.608656587531826,-2.203563329072289
50392,,SU0096,400000,196000,2000.0,England,10.0,14,2009,2023,WCBS,51.66278103568131,-2.001397949684729
50393,,SU1797,417000,197000,2000.0,England,10.0,4,2009,2012,WCBS,51.6715184932696,-1.7555696256973257
50394,,TQ3993,539000,193000,2000.0,England,10.0,14,2007,2022,WCBS,51.618667323609046,0.00637081575168233
50395,,SJ8191,381000,391000,2000.0,England,10.0,14,2009,2023,WCBS,53.41545925278671,-2.2873247217296613
50396,,SX3783,237000,83000,2000.0,England,10.0,8,2009,2016,WCBS,50.62386167202635,-4.305776702997082
50397,,SX8478,284000,78000,,England,10.0,2,2009,2010,WCBS,50.59017089992004,-3.6400987126984448
50398,,ST6014,360000,114000,2000.0,England,10.0,15,2009,2023,WCBS,50.92406013841143,-2.570475683588594
50399,,ST8105,381000,105000,2000.0,England,10.0,12,2009,2023,WCBS,50.844207385482314,-2.2712307761050257
50400,,ST9601,396000,101000,2000.0,England,10.0,13,2009,2023,WCBS,50.80853854210456,-2.058137189142837
50401,,ST9911,399000,111000,2000.0,England,10.0,15,2009,2023,WCBS,50.89847672325061,-2.015590333602192
50402,,SU0510,405000,110000,2197.0,England,10.0,15,2009,2023,WCBS,50.889464741711734,-1.9302851744410048
50403,,SU0814,408000,114000,,England,10.0,1,2009,2009,WCBS,50.92540103132829,-1.8875477748194507
50404,,SY5499,354000,99000,2000.0,England,10.0,15,2009,2023,WCBS,50.78873364778211,-2.6539459140576556
50405,,SU7218,472000,118000,2000.0,England,10.0,16,2007,2022,WCBS,50.956939963548564,-0.9762546273299139
50406,,SU7835,478000,135000,2000.0,England,10.0,11,2007,2019,WCBS,51.10899865733403,-0.8871907845076694
50407,,TL1302,513000,202000,2000.0,England,10.0,13,2009,2023,WCBS,51.70537058514254,-0.36609282181241243
50408,,TL2831,528000,231000,2000.0,England,10.0,14,2009,2023,WCBS,51.96275343281885,-0.1384156719523038
50409,,TL3128,531000,228000,2000.0,England,10.0,15,2009,2023,WCBS,51.93509794711625,-0.09591975487205119
50410,,TQ5460,554000,160000,2000.0,England,10.0,17,2007,2023,WCBS,51.318268890307856,0.20850419697746936
50411,,TQ6048,560000,148000,,England,,1,2009,2009,WCBS,51.208798982796104,0.2891671267306737
50412,,TQ7961,579000,161000,2000.0,England,10.0,17,2007,2023,WCBS,51.31994209238714,0.5673947146722444
50413,,TR0759,607000,159000,2000.0,England,10.0,6,2009,2017,WCBS,51.29249270142346,0.9675161483398841
50414,,TR3046,630000,146000,,England,10.0,3,2007,2011,WCBS,51.16697463211132,1.2885020331635642
50415,,SD7732,377000,432000,2000.0,England,10.0,12,2009,2021,WCBS,53.78381077858685,-2.3505443880479997
50416,,SP5482,454000,282000,,England,10.0,4,2009,2012,WCBS,52.43331835417154,-1.2071593722026548
50417,,TF0518,505000,318000,,England,10.0,1,2009,2009,WCBS,52.749427907356285,-0.4458384075659701
50418,,NT2370,323000,670000,2000.0,Scotland,10.0,2,2009,2017,WCBS,55.916902339058865,-3.2335428294264763
50419,,TF7429,574000,329000,2000.0,England,10.0,11,2009,2022,WCBS,52.83042646818133,0.58135314182678
50420,,TF9432,594000,332000,2000.0,England,10.0,14,2009,2022,WCBS,52.850539015489574,0.8796211623596544
50421,,TF9538,595000,338000,2000.0,England,10.0,6,2009,2019,WCBS,52.904045327487175,0.8980426872978675
50422,,TG0717,607000,317000,2000.0,England,10.0,16,2007,2023,WCBS,52.711054502722554,1.0629137982257244
50423,,SJ2738,327000,338000,,Wales,,4,2007,2010,WCBS,52.93441529028362,-3.087547199806393
50424,,SJ6433,364000,333000,2000.0,England,10.0,6,2007,2020,WCBS,52.89323475296636,-2.5365416297676817
50425,,SS7944,279000,144000,2000.0,England,10.0,12,2007,2020,WCBS,51.18238611057402,-3.732575710239745
50426,,SS9645,296000,145000,,England,,1,2009,2009,WCBS,51.19472403921681,-3.4897351913574184
50427,,ST0140,301000,140000,2000.0,England,10.0,12,2007,2019,WCBS,51.15066713631805,-3.4168252349917902
50428,,ST2042,320000,142000,,England,10.0,7,2009,2023,WCBS,51.17162281976478,-3.145684582980689
50429,,TQ2657,526000,157000,2000.0,England,10.0,11,2009,2023,WCBS,51.298192006639475,-0.19411452822089068
50430,,TQ2854,528000,154000,2000.0,England,10.0,2,2007,2009,WCBS,51.27078472849321,-0.16651735992675107
50431,,SU9628,496000,128000,2000.0,England,10.0,15,2009,2023,WCBS,51.043343247320585,-0.631998595180368
50432,,TQ1025,510000,125000,2000.0,England,10.0,4,2009,2012,WCBS,51.01386965613772,-0.43328204707679646
50433,,ST4154,341000,154000,2000.0,England,10.0,5,2008,2020,WCBS,51.28207016854331,-2.8473256561329903
50434,,SK0719,407000,319000,2000.0,England,10.0,15,2009,2023,WCBS,52.76855185799465,-1.897690976454789
50435,,NS4495,244000,695000,,Scotland,10.0,2,2009,2010,WCBS,56.12217045727885,-4.511025637822529
50436,,TL7951,579000,251000,2000.0,England,10.0,9,2009,2020,WCBS,52.12831520592098,0.6136215665886883
50437,,TL9047,590000,247000,2000.0,England,10.0,12,2009,2023,WCBS,52.08872658577944,0.7718946373451329
50438,,TM0553,605000,253000,2000.0,England,10.0,11,2009,2023,WCBS,52.13724866705595,0.9941382695253581
50439,,TM3549,635000,249000,2000.0,England,10.0,14,2009,2023,WCBS,52.08941864809418,1.4289575994320818
50440,,SU8748,487000,148000,2000.0,England,10.0,13,2009,2023,WCBS,51.224573218139554,-0.7555205341768148
50441,,TQ1049,510000,149000,2000.0,England,10.0,10,2007,2017,WCBS,51.22959770190389,-0.42596751279369066
50442,,TQ1547,515000,147000,2000.0,England,10.0,9,2009,2017,WCBS,51.21063675738953,-0.3550295829814375
50443,,TM1599,615000,299000,2000.0,England,10.0,11,2007,2023,WCBS,52.546372116813814,1.169443083113801
50444,,SP5645,456000,245000,2000.0,England,10.0,5,2009,2018,WCBS,52.100511049222014,-1.1838737301238709
50445,,SK6276,462000,376000,2000.0,England,10.0,15,2009,2023,WCBS,53.27736471670572,-1.0716549259571142
50446,,SP2302,423000,202000,2000.0,England,7.0,14,2009,2023,WCBS,51.71626118154901,-1.6684799141858984
50447,,SP4217,442000,217000,2000.0,England,10.0,7,2009,2019,WCBS,51.85002196920837,-1.3916615663154004
50448,,SU4795,447000,195000,2000.0,England,10.0,15,2006,2023,WCBS,51.65183461320464,-1.3220449167969588
50449,,SM8322,183000,222000,2000.0,Wales,10.0,14,2009,2023,WCBS,51.8542930855628,-5.152405759795088
50450,,NO2444,324000,744000,2000.0,Scotland,10.0,15,2009,2023,WCBS,56.58174776422831,-3.2388345473176785
50451,,NS9877,298000,677000,,Scotland,,1,2007,2007,WCBS,55.975115429397746,-3.636021075850959
50452,,NS9986,299000,686000,,Scotland,10.0,2,2007,2008,WCBS,56.056156488453404,-3.6233924922217433
50453,,SD9501,395000,401000,,England,,1,2007,2007,WCBS,53.50566527181536,-2.076854793070532
50454,,SE2917,429000,417000,,England,10.0,7,2007,2014,WCBS,53.64870537152863,-1.562758731850825
50455,,TQ2733,527000,133000,2000.0,England,10.0,13,2008,2020,WCBS,51.08227187722464,-0.18825787341582248
50456,,TQ2823,528000,123000,2000.0,England,10.0,9,2009,2017,WCBS,50.99217366644022,-0.17751876132327177
50457,,TQ3313,533000,113000,2000.0,England,10.0,5,2009,2014,WCBS,50.901166883289484,-0.1099638899831834
50458,,TQ3734,537000,134000,,England,10.0,3,2009,2012,WCBS,51.08896013609148,-0.045199430285871235
50459,,TQ5220,552000,120000,,England,10.0,5,2008,2012,WCBS,50.95938391998462,0.16296079874007396
50460,,SP2638,426000,238000,2000.0,England,10.0,10,2009,2022,WCBS,52.039795503547154,-1.6223564785771227
50461,,SP4778,447000,278000,2000.0,England,10.0,9,2009,2017,WCBS,52.398005914129314,-1.310671967898529
50462,,SU2282,422000,182000,2000.0,England,10.0,8,2009,2023,WCBS,51.53647845738405,-1.6842043087369596
50463,,SO7267,372000,267000,2000.0,England,10.0,14,2007,2020,WCBS,52.30040273819689,-2.412027482312665
50464,,SE3734,437000,434000,,England,10.0,3,2009,2011,WCBS,53.80099237759436,-1.4397127223201713
50465,,SE4554,445000,454000,2000.0,England,10.0,4,2009,2016,WCBS,53.98010728883281,-1.3153275741518238
50466,,SK4880,448000,380000,2000.0,England,10.0,11,2009,2019,WCBS,53.31476577004617,-1.280986866015048
50467,,NY1548,315000,548000,,England,10.0,7,2009,2016,WCBS,54.81961098838524,-3.324375313837488
50468,,SK2444,424000,344000,,England,10.0,14,2009,2023,WCBS,52.992796963318824,-1.6438981681619806
50469,,SP2556,425000,256000,,England,,8,2009,2023,WCBS,52.20166718027812,-1.6356188974105001
50470,,ST4698,346000,198000,,Wales,,1,2009,2009,WCBS,51.67815624876255,-2.7823851876700747
50471,,SX3158,231000,58000,2000.0,England,10.0,11,2009,2019,WCBS,50.397522693250245,-4.379201283449818
50472,,SE8481,484000,481000,,England,,1,2006,2006,WCBS,54.21785196270339,-0.7132941321667401
50473,,SK8353,483000,353000,,England,10.0,3,2007,2010,WCBS,53.06780208379082,-0.7627515543605585
50474,,ST0797,307000,197000,,Wales,10.0,7,2007,2016,WCBS,51.664056315455746,-3.3460318757479857
50476,,SP8605,486000,205000,2000.0,England,10.0,1,2007,2007,WCBS,51.73712014526581,-0.7559752887726888
50477,,SS8942,289000,142000,,England,,2,2007,2008,WCBS,51.166440291191805,-3.5889451807138832
50478,,SH9824,298000,324000,,Wales,,1,2007,2007,WCBS,52.80387651728525,-3.5144808407439196
50479,,SJ0218,302000,318000,,Wales,,2,2007,2008,WCBS,52.75069922690676,-3.4533694038304508
50480,,SJ7465,374000,365000,,England,10.0,2,2007,2008,WCBS,53.18145821034583,-2.3904999983921686
50481,,TF5804,558000,304000,2000.0,England,10.0,1,2007,2007,WCBS,52.61079844031418,0.3320681323468757
50482,,ST3943,339000,143000,,England,10.0,2,2007,2008,WCBS,51.18296000205067,-2.8741215514202554
50483,,ST5787,357000,187000,,England,10.0,1,2007,2007,WCBS,51.580210368847595,-2.621952255884723
50484,,ST7550,375000,150000,,England,10.0,2,2007,2010,WCBS,51.24861754527375,-2.3595703044606866
50485,,ST8677,386000,177000,,England,,1,2008,2008,WCBS,51.49176930391668,-2.203041656758424
50486,,TA0135,501000,435000,,England,10.0,1,2007,2007,WCBS,53.80150551055627,-0.46793852234809935
50487,,TQ7635,576000,135000,,England,,1,2007,2007,WCBS,51.08731337627594,0.5116461999327506
50488,,NS6381,263000,681000,2000.0,Scotland,10.0,2,2010,2011,WCBS,56.00231199818566,-4.198492653632401
50489,,TR2235,622000,135000,,England,,1,2007,2007,WCBS,51.0713721255226,1.1674958641700228
50490,,SP9512,495000,212000,,England,,1,2006,2006,WCBS,51.79858804112227,-0.6237665874613029
50491,,SY8081,380000,81000,,England,10.0,1,2006,2006,WCBS,50.62835264795215,-2.28412389319339
50492,,SY8184,381000,84000,,England,10.0,1,2006,2006,WCBS,50.65536437301003,-2.270140701708222
50493,,TL1112,511000,212000,,England,,1,2006,2006,WCBS,51.795644770138985,-0.39183508823535107
50494,,TL3467,534000,267000,,England,10.0,1,2006,2006,WCBS,52.28481056937406,-0.03697716969081055
50495,,TG2410,624000,310000,,England,10.0,1,2007,2007,WCBS,52.641470182565214,1.3093793955682225
50496,,NT7568,375000,668000,2000.0,Scotland,10.0,14,2010,2023,WCBS,55.90445665505467,-2.4014256008764847
50497,,NU0436,404000,636000,2000.0,England,10.0,10,2010,2019,WCBS,55.61757527927142,-1.938052923422822
50498,,SE1028,410000,428000,2000.0,England,10.0,13,2010,2023,WCBS,53.74827817888483,-1.849840556650698
50499,,ST8763,387000,163000,,England,,3,2010,2012,WCBS,51.36591203791421,-2.1881198162262288
50500,,SO7472,374000,272000,,England,,2,2010,2013,WCBS,52.34545145365568,-2.3830875127482987
50501,,SO7624,376000,224000,2000.0,England,10.0,12,2010,2022,WCBS,51.914007473239685,-2.3503259248432204
50502,,TL3312,533000,212000,,England,,4,2010,2013,WCBS,51.79085123528762,-0.07300016331471341
50503,,SY7092,370000,92000,2000.0,England,10.0,8,2010,2021,WCBS,50.72683920009416,-2.4263976533995457
50504,,TL1031,510000,231000,,England,10.0,5,2010,2015,WCBS,51.966602398205,-0.4002797545668824
50505,,TQ3008,530000,108000,2000.0,England,10.0,11,2012,2023,WCBS,50.85691073947614,-0.1543795986665386
50506,,SJ6460,364000,360000,2000.0,England,10.0,2,2011,2012,WCBS,53.13593087174357,-2.5395618993129814
50507,,TQ5906,559000,106000,,England,,3,2010,2013,WCBS,50.83170088471325,0.2564635525287004
50508,,TQ2419,524000,119000,2000.0,England,10.0,6,2012,2020,WCBS,50.957096515451504,-0.2358477103395164
50509,,TQ2835,528000,135000,2000.0,England,10.0,9,2012,2020,WCBS,51.100024897169085,-0.1732809591165856
50510,,TL6807,568000,207000,,England,,1,2010,2010,WCBS,51.73653019713676,0.4316168438717006
50511,,TM1797,617000,297000,2000.0,England,10.0,13,2010,2023,WCBS,52.52762766537274,1.1975842147043774
50512,,TM1827,618000,227000,2000.0,England,10.0,10,2010,2023,WCBS,51.89887888780636,1.1672526631245959
50513,,NT5675,356000,675000,2000.0,Scotland,10.0,8,2011,2023,WCBS,55.96597936285102,-2.7064360549893784
50514,,TQ0322,503000,122000,,England,10.0,4,2012,2015,WCBS,50.988196719243916,-0.533883798036753
50515,,TQ6524,565000,124000,2000.0,England,10.0,7,2012,2022,WCBS,50.991750073945965,0.3497222670243586
50516,,TL2722,527000,222000,2000.0,England,10.0,13,2011,2023,WCBS,51.882107216643206,-0.1562790093836961
50517,,SY2288,322000,88000,2000.0,England,10.0,11,2011,2023,WCBS,50.686404250613705,-3.105510528825912
50518,,TL7320,573000,220000,2000.0,England,10.0,5,2012,2016,WCBS,51.85178171417789,0.5104331566582148
50519,,SP4586,445000,286000,,England,10.0,1,2011,2011,WCBS,52.47008901814199,-1.3389888447913219
50521,,TQ0960,509000,160000,2000.0,England,10.0,12,2011,2023,WCBS,51.328662464150355,-0.4369316468198931
50522,,NS2971,229000,671000,2000.0,Scotland,10.0,1,2011,2011,WCBS,55.90164863256512,-4.736736814399286
50523,,TQ9741,597000,141000,,England,,1,2011,2011,WCBS,51.134379213317025,0.8144027963876923
50524,,SP1719,417000,219000,2000.0,England,10.0,13,2011,2023,WCBS,51.869319719630994,-1.754500008508523
50525,,NT5376,353000,676000,2000.0,Scotland,10.0,10,2011,2023,WCBS,55.97467843529631,-2.7546649803639154
50526,,NT0574,305000,674000,2000.0,Scotland,10.0,5,2011,2021,WCBS,55.94960822240171,-3.5228408650712097
50527,,TF3085,530000,385000,2000.0,England,10.0,11,2011,2021,WCBS,53.34592420991445,-0.048661698303768645
50529,,NS0030,200000,630000,2000.0,Scotland,10.0,1,2011,2011,WCBS,55.522655379503924,-5.169891175015928
50530,,SO9519,395000,219000,2000.0,England,10.0,13,2011,2023,WCBS,51.8695518252091,-2.0740251687473905
50531,,TF8532,585000,332000,2000.0,England,10.0,13,2011,2023,WCBS,52.8537033759407,0.7461350153650759
50532,,TL0532,505000,232000,2000.0,England,10.0,9,2012,2023,WCBS,51.9765557787157,-0.47272423870289243
50533,,TF0114,501000,314000,,England,,1,2012,2012,WCBS,52.714243229790796,-0.5063060699581146
50534,,NY7189,371000,589000,2000.0,England,10.0,1,2016,2016,WCBS,55.19441250806887,-2.45708300450174
50535,,SU3235,432000,135000,2000.0,England,10.0,8,2012,2022,WCBS,51.11340414411918,-1.5442372730962364
50536,,TQ4611,546000,111000,2000.0,England,10.0,7,2011,2017,WCBS,50.88005604928856,0.07398822002086657
50537,,SW5731,157000,31000,,England,,2,2012,2013,WCBS,50.1292007557597,-5.4013982019046995
50538,,SK3959,439000,359000,,England,,4,2012,2015,WCBS,53.12674747243734,-1.4186278216422803
50539,,SH3039,230000,339000,,Wales,10.0,2,2012,2013,WCBS,52.92143546945712,-4.530148091484413
50540,,NT2710,327000,610000,2000.0,Scotland,10.0,2,2011,2013,WCBS,55.378525852369194,-3.1536005005756835
50541,,NT2607,326000,607000,,Scotland,,1,2011,2011,WCBS,55.35142470817302,-3.1685837585940675
50542,,SJ7558,375000,358000,,England,10.0,1,2012,2012,WCBS,53.11858514647394,-2.374988194455818
50543,,SS5631,256000,131000,,England,10.0,2,2012,2013,WCBS,51.060230282554464,-4.056240751941036
50544,,SY8779,387000,79000,2000.0,England,10.0,13,2011,2023,WCBS,50.61056659932443,-2.1850869386044085
50545,,SS9874,298000,174000,2000.0,Wales,10.0,7,2012,2018,WCBS,51.455759834868175,-3.4694331843920225
50546,,NX2863,228000,563000,2000.0,Scotland,10.0,1,2011,2011,WCBS,54.931947911273376,-4.686064935672668
50547,,NJ0934,309000,834000,2000.0,Scotland,10.0,2,2011,2012,WCBS,57.387291147921246,-3.5154312868403736
50548,,NY8961,389000,561000,2000.0,England,10.0,1,2012,2012,WCBS,54.94353663641238,-2.173243855655232
50549,,SP5634,456000,234000,2000.0,England,10.0,8,2012,2020,WCBS,52.00162429537149,-1.1856728591066175
50550,,NM8441,184000,741000,2000.0,Scotland,10.0,1,2012,2012,WCBS,56.51131058989513,-5.512163685604193
50551,,ST6805,368000,105000,2000.0,England,10.0,12,2012,2023,WCBS,50.843631790854346,-2.4558682807218406
50552,,J0745,117024,502854,2000.0,Northern Ireland,10.0,7,2012,2018,WCBS,54.34248468186196,-6.355505248359763
50553,,NZ9503,495000,503000,2000.0,England,10.0,3,2012,2016,WCBS,54.41358722781491,-0.5376657505588824
50554,,SK4021,440000,321000,,England,10.0,1,2012,2012,WCBS,52.78510116226134,-1.4083626560808926
50555,,TL1152,511000,252000,2000.0,England,10.0,15,2009,2023,WCBS,52.1551311483218,-0.3789118613043766
50556,,NY7412,374000,512000,2000.0,England,10.0,9,2009,2023,WCBS,54.50264627602283,-2.402999037112718
50557,,SU4380,443000,180000,,England,,3,2009,2011,WCBS,51.51729187166378,-1.3816907837390329
50558,,SU5375,453000,175000,2000.0,England,10.0,12,2009,2020,WCBS,51.47149077155166,-1.2383357915651978
50559,,SP7222,472000,222000,,England,10.0,1,2009,2009,WCBS,51.89191194461153,-0.9551515211361743
50560,,SP9217,492000,217000,,England,10.0,3,2009,2011,WCBS,51.84403164570202,-0.6659312853383261
50561,,TL3085,530000,285000,2000.0,England,10.0,11,2009,2023,WCBS,52.447502940198675,-0.0886126792677782
50562,,TL5456,554000,256000,2000.0,England,10.0,12,2009,2023,WCBS,52.180758543520085,0.25098773170917194
50563,,SN6342,263000,242000,,Wales,10.0,4,2009,2013,WCBS,52.05939133361495,-3.9997122646234398
50564,,SN5462,254000,262000,,Wales,10.0,2,2009,2010,WCBS,52.23677570214769,-4.139491518925567
50565,,SN5755,257000,255000,2127.0,Wales,10.0,2,2009,2010,WCBS,52.17467307461144,-4.092632542394841
50566,,SJ8662,386000,362000,2000.0,England,10.0,13,2009,2023,WCBS,53.154945285040064,-2.21081079826837
50567,,SH8565,285000,365000,,Wales,10.0,3,2009,2018,WCBS,53.16965075264568,-3.7218234556612226
50568,,SW3935,139000,35000,,England,10.0,4,2009,2012,WCBS,50.157458152128854,-5.655468708086667
50569,,SW5032,150000,32000,2000.0,England,10.0,15,2009,2023,WCBS,50.13526955156135,-5.499806720765982
50570,,SW6929,169000,29000,2000.0,England,10.0,7,2009,2020,WCBS,50.116036167299406,-5.232574057874462
50571,,NZ0825,408000,525000,2000.0,England,10.0,2,2009,2023,WCBS,54.620085616694524,-1.877626166628819
50572,,SM8518,185000,218000,2000.0,Wales,10.0,15,2009,2023,WCBS,51.81915692606324,-5.120924808821338
50573,,SH6756,267000,356000,2000.0,Wales,10.0,10,2009,2018,WCBS,53.084603025324206,-3.987197820813626
50574,,TL8536,585000,236000,2000.0,England,10.0,14,2009,2023,WCBS,51.991631649659965,0.6930545339034768
50575,,SK9208,492000,308000,,England,10.0,8,2009,2016,WCBS,52.66192347084813,-0.6411676221222505
50576,,TQ1883,518000,183000,2000.0,England,10.0,1,2009,2009,WCBS,51.53358366888975,-0.3001603262549278
50577,,TQ3668,536000,168000,,England,,7,2009,2022,WCBS,51.39474458735669,-0.046567165069510454
50578,,TQ3685,536000,185000,,England,10.0,5,2009,2013,WCBS,51.54751102912116,-0.04003061361670341
50579,,SK2672,426000,372000,2000.0,England,10.0,14,2009,2023,WCBS,53.244389882176904,-1.6118441491855688
50580,,SS5904,259000,104000,2000.0,England,10.0,7,2009,2019,WCBS,50.818331806148294,-4.003002186934849
50581,,SX4583,245000,83000,,England,10.0,4,2009,2013,WCBS,50.62604453505657,-4.192767113420036
50582,,SX4863,248000,63000,,England,,6,2009,2014,WCBS,50.447102103399764,-4.142224104603019
50583,,SX6147,261000,47000,2000.0,England,10.0,7,2009,2017,WCBS,50.306520997559815,-3.9533250902684007
50584,,SX8146,281000,46000,2000.0,England,10.0,10,2009,2019,WCBS,50.301910884364844,-3.6722878084751125
50585,,SX8256,282000,56000,,England,10.0,8,2009,2017,WCBS,50.39200672519784,-3.6613873506907595
50586,,ST6702,367000,102000,2000.0,England,10.0,15,2009,2023,WCBS,50.81659882350415,-2.4697998793840683
50587,,ST8906,389000,106000,2000.0,England,10.0,10,2009,2022,WCBS,50.8534088415175,-2.1576356095218143
50588,,TL2440,524000,240000,,England,10.0,6,2009,2015,WCBS,52.044535067637355,-0.19334865395066583
50589,,TL2608,526000,208000,,England,,4,2009,2015,WCBS,51.756524278258496,-0.1758879747864316
50590,,TL2804,528000,204000,2000.0,England,10.0,7,2009,2023,WCBS,51.720125648705086,-0.14839776246312866
50591,,TL3811,538000,211000,2000.0,England,10.0,7,2009,2017,WCBS,51.780655744837986,-0.0009478802936623321
50592,,NN0661,206000,761000,2000.0,Scotland,10.0,4,2009,2014,WCBS,56.70029917691245,-5.170265181372142
50593,,TQ5164,551000,164000,2000.0,England,10.0,10,2009,2023,WCBS,51.35501350777205,0.167182320404821
50594,,TQ6278,562000,178000,,England,10.0,3,2007,2009,WCBS,51.47776468373905,0.3314145175964475
50595,,TQ6761,567000,161000,,England,10.0,8,2007,2014,WCBS,51.32358859019183,0.3953533049081025
50596,,TQ7371,573000,171000,2000.0,England,10.0,12,2009,2023,WCBS,51.411629050842734,0.48624072316317385
50597,,TQ9048,590000,148000,2000.0,England,10.0,10,2009,2022,WCBS,51.19961578215841,0.7181677998699529
50598,,TQ9060,590000,160000,2000.0,England,10.0,12,2007,2018,WCBS,51.30739612097661,0.7245343169738686
50599,,TR1961,619000,161000,,England,,2,2009,2010,WCBS,51.30596464306881,1.1405828057254015
50600,,SD7044,370000,444000,2000.0,England,10.0,9,2009,2017,WCBS,53.89130423970164,-2.457953766320984
50601,,SK4801,448000,301000,,England,10.0,1,2009,2009,WCBS,52.60467193857479,-1.2926668768756615
50602,,SK5814,458000,314000,2000.0,England,10.0,13,2009,2023,WCBS,52.720551363681885,-1.1427408823458722
50603,,SP3994,439000,294000,,England,10.0,2,2009,2010,WCBS,52.54246508234966,-1.4263739013782113
50604,,SP5583,455000,283000,,England,10.0,4,2009,2012,WCBS,52.44220799954851,-1.1922879837014828
50605,,TF3281,532000,381000,,England,,5,2009,2014,WCBS,53.30949623711659,-0.020302643643759888
50606,,ST4088,340000,188000,,Wales,10.0,1,2009,2009,WCBS,51.58764384444148,-2.867434099784805
50607,,ST5194,351000,194000,,Wales,10.0,4,2009,2013,WCBS,51.642653657315975,-2.709515808084577
50608,,TF5016,550000,316000,2000.0,England,10.0,13,2007,2023,WCBS,52.72085978393048,0.21947126089384567
50609,,ST0238,302000,138000,,England,10.0,4,2009,2012,WCBS,51.13286080649045,-3.4019875299362274
50610,,ST4037,340000,137000,,England,10.0,5,2007,2011,WCBS,51.12912014821981,-2.858813638548508
50611,,TQ3566,535000,166000,2000.0,England,10.0,11,2009,2022,WCBS,51.37701021386304,-0.061691588000773914
50612,,SU9005,490000,105000,,England,10.0,1,2009,2009,WCBS,50.837541420725124,-0.7232361096633577
50613,,SU9216,492000,116000,,England,10.0,5,2009,2015,WCBS,50.936118120412324,-0.6920749527625321
50614,,ST6158,361000,158000,,England,10.0,2,2007,2009,WCBS,51.31976008739875,-2.5610228347357946
50615,,ST6537,365000,137000,2000.0,England,10.0,14,2009,2023,WCBS,51.13119871215329,-2.5015689992670955
50616,,TL6545,565000,245000,2000.0,England,10.0,12,2009,2023,WCBS,52.07877311262904,0.40639351262587836
50617,,TL7163,571000,263000,2000.0,England,10.0,14,2009,2023,WCBS,52.238628360961364,0.5029185311609599
50618,,TL9354,593000,254000,,England,10.0,3,2009,2023,WCBS,52.15054693563658,0.8195931401458724
50619,,SU9647,496000,147000,2000.0,England,10.0,10,2009,2023,WCBS,51.214143049973444,-0.6269435575553722
50620,,TQ0945,509000,145000,2000.0,England,10.0,12,2007,2019,WCBS,51.193835054500596,-0.4414979879379326
50621,,TQ1070,510000,170000,,England,10.0,6,2009,2014,WCBS,51.41835255171105,-0.4194926295619461
50622,,SP8984,489000,284000,,England,,2,2009,2010,WCBS,52.446723838838764,-0.6919411451175118
50623,,SP9769,497000,269000,2000.0,England,10.0,3,2009,2015,WCBS,52.310553938019744,-0.5786075472365833
50624,,NU0126,401000,626000,,England,,5,2009,2014,WCBS,55.527736926693215,-1.9857160155795184
50625,,SK5446,454000,346000,2000.0,England,10.0,11,2009,2019,WCBS,53.008596273548356,-1.1966612598347657
50626,,SK5681,456000,381000,2000.0,England,10.0,3,2009,2014,WCBS,53.32296969736852,-1.1607446126631875
50627,,SK7980,479000,380000,2000.0,England,10.0,7,2009,2021,WCBS,53.311055660330666,-0.815767870121221
50628,,SP2818,428000,218000,,England,10.0,11,2009,2019,WCBS,51.85988761430193,-1.594821785802156
50629,,NO0460,304000,760000,2000.0,Scotland,10.0,10,2009,2021,WCBS,56.72176475998761,-3.5702600878640336
50630,,TQ2615,526000,115000,2000.0,England,10.0,10,2008,2021,WCBS,50.920711377823764,-0.20876829138892547
50631,,TQ6827,568000,127000,2000.0,England,10.0,6,2009,2016,WCBS,51.017836082365726,0.3938173437230181
50632,,NC1833,218000,933000,,Scotland,10.0,2,2008,2009,WCBS,58.24795289011596,-5.102786476950155
50633,,SP3340,433000,240000,2000.0,England,10.0,1,2009,2009,WCBS,52.0574051076279,-1.5201140880914001
50634,,SP4173,441000,273000,2000.0,England,10.0,2,2009,2010,WCBS,52.353538859956124,-1.3994573742876766
50635,,SP4359,443000,259000,2000.0,England,10.0,1,2009,2009,WCBS,52.227530174161934,-1.3718769434100377
50636,,SU1023,410000,123000,,England,,3,2009,2013,WCBS,51.006300591225376,-1.8588473409653878
50637,,SU2871,428000,171000,,England,,6,2009,2023,WCBS,51.4373100518568,-1.598569101609568
50638,,SO8877,388000,277000,2000.0,England,10.0,14,2009,2023,WCBS,52.39088987844372,-2.1777583888968928
50639,,SO9849,398000,249000,,England,10.0,5,2009,2014,WCBS,52.13929183890975,-2.0306386171371633
50641,,SE8726,487000,426000,2000.0,England,10.0,11,2009,2022,WCBS,53.72316107957064,-0.6829746838845991
50642,,SK2094,420000,394000,2000.0,England,10.0,1,2009,2009,WCBS,53.44239595833824,-1.7003717956140563
50643,,ST1225,312000,125000,,England,10.0,2,2008,2009,WCBS,51.01761749171454,-3.2559384737123485
50644,,NH6916,269000,816000,,Scotland,,1,2007,2007,WCBS,57.21595698336008,-4.170822697382413
50645,,SN8226,282000,226000,,Wales,10.0,1,2007,2007,WCBS,51.91998112186082,-3.71721086217508
50646,,SN8422,284000,222000,,Wales,10.0,1,2007,2007,WCBS,51.88445399156066,-3.6867957046620345
50647,,SO0643,306000,243000,,Wales,10.0,1,2007,2007,WCBS,52.07735297279271,-3.3730238709015805
50648,,SO1522,315000,222000,,Wales,,1,2007,2007,WCBS,51.89004874768313,-3.23652383838245
50649,,ST1069,310000,169000,,Wales,,1,2007,2007,WCBS,51.412850899821336,-3.2955005879325237
50650,,ST2390,323000,190000,,Wales,10.0,2,2007,2008,WCBS,51.603553000646244,-3.113207004224342
50651,,SO4706,347000,206000,,Wales,10.0,3,2007,2016,WCBS,51.750174297262745,-2.7691433992796264
50652,,SJ0121,301000,321000,,Wales,,2,2007,2008,WCBS,52.777476478124036,-3.4690870933539366
50653,,SJ0317,303000,317000,,Wales,,2,2007,2008,WCBS,52.7418931142321,-3.438262865364996
50654,,SJ5078,350000,378000,,England,10.0,3,2007,2014,WCBS,53.2965836043253,-2.751636797876615
50655,,SJ6152,361000,352000,,England,10.0,1,2008,2008,WCBS,53.06381079885789,-2.5834276086523627
50656,,SJ6153,361000,353000,,England,,1,2007,2007,WCBS,53.072799392375295,-2.5835491483137965
50657,,SJ8182,381000,382000,,England,10.0,6,2007,2022,WCBS,53.33456291792154,-2.2867802970048965
50658,,ST3638,336000,138000,,England,10.0,8,2007,2016,WCBS,51.13767720591868,-2.916146333069602
50659,,ST4417,344000,117000,2000.0,England,10.0,1,2007,2007,WCBS,50.94970009335659,-2.7985591282470894
50660,,ST4465,344000,165000,,England,10.0,1,2007,2007,WCBS,51.38127278824708,-2.8060492488363438
50661,,ST5444,354000,144000,2174.0,England,10.0,3,2007,2022,WCBS,51.193358304630266,-2.6596592706207502
50662,,SU1917,419000,117000,,England,,2,2007,2008,WCBS,50.952122495645966,-1.7308859191023298
50663,,SU7553,475000,153000,,England,,2,2007,2008,WCBS,51.271225108339465,-0.9262825185004806
50664,,SX6779,267000,79000,,England,,2,2007,2008,WCBS,50.595530505846455,-3.8804879088953075
50665,,TA2406,524000,406000,,England,10.0,1,2007,2007,WCBS,53.536021575358156,-0.13047255462546264
50666,,TQ6487,564000,187000,,England,,1,2007,2007,WCBS,51.55804299241826,0.36437297306340843
50667,,NO0251,302000,751000,2000.0,Scotland,10.0,4,2010,2020,WCBS,56.64052724780831,-3.599495378807947
50668,,TR2468,624000,168000,2000.0,England,10.0,4,2007,2018,WCBS,51.3668634035879,1.2165965320864742
50669,,TQ5298,552000,198000,,England,,2,2007,2013,WCBS,51.660233231587846,0.19617528261649322
50670,,SU4599,445000,199000,2000.0,England,10.0,1,2006,2006,WCBS,51.68796035468712,-1.350437536037103
50671,,TL0627,506000,227000,,England,10.0,1,2006,2006,WCBS,51.93142859200161,-0.4597116119488681
50672,,TL1309,513000,209000,,England,,1,2006,2006,WCBS,51.76828263159876,-0.363822188421796
50673,,TL5060,550000,260000,2000.0,England,10.0,6,2006,2021,WCBS,52.217794890690946,0.19430038492497465
50675,,J2678,138773,534126,2000.0,Northern Ireland,10.0,13,2010,2022,WCBS,54.63442740606874,-6.0494773156666355
50676,,TL8435,584000,235000,,England,10.0,2,2007,2008,WCBS,51.98298267595436,0.6779710607701547
50677,,TQ2753,527000,153000,2000.0,England,10.0,2,2007,2014,WCBS,51.262020960026035,-0.18119931409324808
50678,,TQ3171,531000,171000,2000.0,England,10.0,1,2007,2007,WCBS,51.42288025394953,-0.11728603697058035
50679,,SD9908,399000,408000,2000.0,England,10.0,7,2010,2022,WCBS,53.56860740458633,-2.016571224116608
50680,,SJ1381,313000,381000,,Wales,,1,2010,2010,WCBS,53.31875240151127,-3.30746604900895
50681,,SJ2656,326000,356000,2000.0,Wales,10.0,12,2010,2021,WCBS,53.096052624169666,-3.1065544071447624
50682,,SK2073,420000,373000,,England,,2,2010,2023,WCBS,53.2536371768315,-1.7016911822489968
50683,,SP7639,476000,239000,2000.0,England,10.0,6,2010,2018,WCBS,52.04419592562434,-0.8932803593058996
50684,,SP9824,498000,224000,2000.0,England,10.0,5,2010,2015,WCBS,51.90592884861649,-0.5768784777323271
50685,,ST6808,368000,108000,2000.0,England,10.0,13,2010,2023,WCBS,50.87060831006654,-2.456131513067799
50686,,SO0102,301000,202000,,Wales,10.0,5,2010,2014,WCBS,51.707971904780784,-3.4341739451422004
50687,,SO8935,389000,235000,,England,,1,2010,2010,WCBS,52.013316505374746,-2.1616856036007563
50688,,TL1452,514000,252000,2000.0,England,10.0,3,2010,2012,WCBS,52.15452058118116,-0.33508017069051804
50689,,TL1745,517000,245000,2000.0,England,10.0,10,2010,2023,WCBS,52.090988159026715,-0.2936544287041808
50690,,SX6153,261000,53000,,England,10.0,7,2010,2016,WCBS,50.36044919703618,-3.9555385534161247
50691,,SX6653,266000,53000,,England,10.0,4,2010,2013,WCBS,50.361609757952586,-3.8852852798547564
50692,,SX7681,276000,81000,2000.0,England,10.0,4,2010,2019,WCBS,50.615490907637025,-3.754063174795628
50693,,SX8760,287000,60000,2000.0,England,10.0,10,2010,2023,WCBS,50.42894872961665,-3.5922815743491188
50694,,SY5091,350000,91000,,England,,1,2010,2010,WCBS,50.716466197720514,-2.7095985848300694
50695,,TF2105,521000,305000,2000.0,England,10.0,13,2010,2022,WCBS,52.62927835839578,-0.2136860475685833
50696,,TF7644,576000,344000,,England,10.0,1,2010,2010,WCBS,52.96447689188717,0.6191200362200021
50697,,TQ1302,513000,102000,2000.0,England,10.0,14,2010,2023,WCBS,50.806545268623545,-0.39764815193056646
50698,,SU3300,433000,100000,2000.0,England,10.0,11,2012,2022,WCBS,50.79862746678988,-1.533114624375968
50699,,SU9622,496000,122000,2000.0,England,10.0,11,2012,2022,WCBS,50.989405349299176,-0.6335846873837989
50700,,SE2043,420000,443000,2000.0,England,10.0,8,2011,2018,WCBS,53.88280969704818,-1.697234476149569
50701,,SX4951,249000,51000,,England,10.0,3,2011,2013,WCBS,50.339516697617725,-4.123324837381676
50702,,NR9451,194000,651000,2000.0,Scotland,10.0,2,2011,2012,WCBS,55.708543093896175,-5.280478603431278
50703,,NY2084,320000,584000,2000.0,Scotland,10.0,2,2011,2012,WCBS,55.14386028485925,-3.256646511039819
50704,,NH6853,268000,853000,2000.0,Scotland,10.0,12,2012,2023,WCBS,57.54778407159851,-4.207242724007292
50705,,NS5852,258000,652000,2000.0,Scotland,10.0,13,2011,2023,WCBS,55.740500766806974,-4.263399170098062
50706,,NJ5726,357000,826000,2000.0,Scotland,10.0,12,2012,2023,WCBS,57.3225124278278,-2.7156627919987386
50707,,TL6999,569000,299000,,England,10.0,2,2012,2013,WCBS,52.56258424911828,0.49181577649139296
50708,,NH4947,249000,847000,,Scotland,,1,2011,2011,WCBS,57.48799610426465,-4.520665117185559
50709,,J3864,149538,519151,2000.0,Northern Ireland,10.0,13,2011,2023,WCBS,54.50561578981011,-5.870335643266782
50710,,NS4036,240000,636000,2000.0,Scotland,10.0,5,2011,2017,WCBS,55.59126659337061,-4.5404828634069325
50711,,NX8663,286000,563000,2000.0,Scotland,10.0,1,2011,2011,WCBS,54.94857878736712,-3.781426029499613
50712,,TF7222,572000,322000,2000.0,England,10.0,13,2011,2023,WCBS,52.768203995632135,0.5480194105780717
50713,,NS9872,298000,672000,2000.0,Scotland,10.0,8,2011,2019,WCBS,55.930210005402834,-3.6341277592058088
50714,,NR6014,160000,614000,2000.0,Scotland,10.0,8,2011,2020,WCBS,55.361187604891924,-5.788342958642699
50715,,NR7227,172000,627000,2000.0,Scotland,10.0,1,2011,2011,WCBS,55.48348426042694,-5.610065999928629
50716,,SU7964,479000,164000,,England,10.0,1,2011,2011,WCBS,51.369575256361905,-0.8665211075925595
50717,,SH7067,270000,367000,2000.0,Wales,10.0,2,2013,2018,WCBS,53.184163895472494,-3.946899394675202
50718,,NY9971,399000,571000,2000.0,England,10.0,12,2012,2023,WCBS,55.033520894195696,-2.0171796549230168
50719,,TQ6212,562000,112000,,England,,1,2012,2012,WCBS,50.884780959706355,0.3016812275289184
50720,,SK1678,416000,378000,,England,10.0,4,2012,2015,WCBS,53.298715305243825,-1.761394224580334
50721,,NX0366,203000,566000,,Scotland,10.0,2,2012,2013,WCBS,54.949625972733834,-5.077729667305661
50722,,SN9331,293000,231000,2000.0,Wales,10.0,7,2012,2018,WCBS,51.967143026194194,-3.5588878886045787
50723,,NH9326,293000,826000,2000.0,Scotland,10.0,6,2011,2021,WCBS,57.31198101470664,-3.7779787636875253
50724,,SU3524,435000,124000,334.0,England,10.0,8,2012,2019,WCBS,51.01431958057524,-1.5024428496205675
50725,,SE6218,462000,418000,,England,10.0,1,2011,2011,WCBS,53.654829890156925,-1.0633845087844354
50726,,J6165,172540,518188,2000.0,Northern Ireland,10.0,6,2012,2019,WCBS,54.50781990692806,-5.515066044376411
50727,,SU2569,425000,169000,2000.0,England,10.0,8,2012,2022,WCBS,51.41946698950186,-1.6418680008824043
50728,,NH1110,211000,810000,,Scotland,10.0,1,2009,2009,WCBS,57.14188480366822,-5.125294623097593
50729,,TL0253,502000,253000,,England,10.0,3,2009,2011,WCBS,52.165852555277276,-0.5101159256540103
50730,,NY1255,312000,555000,2000.0,England,10.0,11,2009,2023,WCBS,54.881979211345886,-3.373184473425433
50731,,NY5882,358000,582000,,England,10.0,1,2009,2009,WCBS,55.13057877815146,-2.660238011909548
50732,,SD4083,340000,483000,2000.0,England,10.0,17,2007,2023,WCBS,54.23916410471781,-2.922108236824928
50733,,SD6793,367000,493000,2000.0,England,10.0,7,2009,2023,WCBS,54.331490809827926,-2.508967052429587
50734,,SJ0272,302000,372000,,Wales,10.0,6,2009,2014,WCBS,53.235956544207504,-3.4697587584597396
50735,,SU5268,452000,168000,,England,10.0,7,2009,2015,WCBS,51.40864781392928,-1.2537577285310104
50737,,SS9190,291000,190000,2000.0,Wales,10.0,9,2009,2020,WCBS,51.598262513183435,-3.575097919295546
50738,,SN7554,275000,254000,,Wales,10.0,1,2009,2009,WCBS,52.17006222541119,-3.829189701212512
50739,,SJ6557,365000,357000,2000.0,England,10.0,5,2009,2013,WCBS,53.109031888501995,-2.5242867704821794
50740,,SJ7656,376000,356000,2000.0,England,10.0,14,2009,2023,WCBS,53.10065365957389,-2.3598969066592317
50741,,SJ7768,377000,368000,,England,,10,2007,2016,WCBS,53.20856309485434,-2.3458283716892856
50742,,SJ2441,324000,341000,2000.0,Wales,10.0,8,2009,2023,WCBS,52.96096084315316,-3.1328765814838477
50743,,NZ1251,412000,551000,2000.0,England,10.0,6,2009,2016,WCBS,54.85365629879333,-1.8146192794773242
50744,,TL5011,550000,211000,2000.0,England,10.0,9,2009,2019,WCBS,51.777570850517584,0.17287517128273844
50745,,SU3027,430000,127000,,England,10.0,3,2007,2009,WCBS,51.04157700190175,-1.5734691813951232
50746,,SU4132,441000,132000,2000.0,England,10.0,13,2009,2023,WCBS,51.08585783920846,-1.416012549575125
50747,,SU6112,461000,112000,,England,,4,2007,2010,WCBS,50.9042593662452,-1.1338512710085142
50748,,TQ9296,592000,196000,,England,10.0,4,2009,2014,WCBS,51.630043316440116,0.772733748298521
50749,,H2743,37078,507670,,Northern Ireland,10.0,6,2009,2017,WCBS,54.33502058383111,-7.585694522894046
50750,,SN8002,280000,202000,2000.0,Wales,10.0,12,2007,2020,WCBS,51.703869584805986,-3.7379581794729106
50751,,SP6597,465000,297000,,England,10.0,4,2009,2015,WCBS,52.56695359103222,-1.042462289864737
50752,,ST0173,301000,173000,,Wales,10.0,9,2009,2019,WCBS,51.44730425546106,-3.425989898536087
50753,,SO8309,383000,209000,1000.0,England,10.0,8,2009,2018,WCBS,51.77940391621744,-2.247816717463538
50754,,SP0410,404000,210000,,England,10.0,8,2007,2014,WCBS,51.78864317805699,-1.9434108904075762
50755,,ST8796,387000,196000,2000.0,England,10.0,17,2007,2023,WCBS,51.66262800166544,-2.1893477119266085
50756,,ST9198,391000,198000,2000.0,England,10.0,8,2009,2016,WCBS,51.680689471436395,-2.131569407746348
50757,,ST9493,394000,193000,2000.0,England,10.0,11,2009,2019,WCBS,51.635774106763186,-2.0880917415549467
50758,,SO4202,342000,202000,,Wales,,5,2009,2014,WCBS,51.713717371854514,-2.8408960146619897
50759,,ST2497,324000,197000,,Wales,,2,2009,2010,WCBS,51.66661623003536,-3.100292904633868
50760,,SK1978,419000,378000,2000.0,England,10.0,12,2009,2023,WCBS,53.298616875486665,-1.7163823035041832
50761,,SK2369,423000,369000,,England,10.0,1,2009,2009,WCBS,53.217561716908634,-1.657014129039344
50762,,SK3248,432000,348000,2000.0,England,10.0,14,2009,2023,WCBS,53.02833594564797,-1.5243236788714194
50763,,SK7099,470000,399000,,England,10.0,2,2009,2011,WCBS,53.483073534294064,-0.9466128356556405
50764,,SX6281,262000,81000,2000.0,England,10.0,3,2009,2019,WCBS,50.61234413763173,-3.9518327440624774
50765,,SX7386,273000,86000,,England,10.0,7,2009,2015,WCBS,50.65978669644914,-3.7981600341183412
50766,,ST5406,354000,106000,2000.0,England,10.0,11,2009,2022,WCBS,50.85167714495487,-2.6548260164961297
50767,,ST6511,365000,111000,2000.0,England,10.0,13,2009,2023,WCBS,50.897410057942324,-2.499052049720566
50768,,ST8518,385000,118000,2000.0,England,10.0,12,2006,2022,WCBS,50.961225939659805,-2.2149564505084975
50769,,SU0210,402000,110000,2000.0,England,10.0,12,2009,2023,WCBS,50.88948232300269,-1.9729362155983656
50770,,SY7388,373000,88000,2000.0,England,10.0,14,2009,2023,WCBS,50.69101702822145,-2.3836015760871483
50771,,TG3022,630000,322000,,England,10.0,1,2009,2009,WCBS,52.74664774312813,1.4062741755837223
50772,,TG3033,630000,333000,2000.0,England,10.0,10,2007,2023,WCBS,52.84535673722131,1.4140025432521044
50773,,TG4717,647000,317000,2000.0,England,10.0,17,2007,2023,WCBS,52.69429851842988,1.6538540589787312
50774,,SU6231,462000,131000,2000.0,England,10.0,7,2009,2020,WCBS,51.07498559209965,-1.1163945781407802
50775,,SU6420,464000,120000,2000.0,England,10.0,14,2009,2023,WCBS,50.97586475329411,-1.0897890430133343
50776,,SU6630,466000,130000,2000.0,England,10.0,13,2007,2023,WCBS,51.06554935020307,-1.0594891427518665
50777,,SZ3191,431000,91000,,England,10.0,3,2007,2009,WCBS,50.71780637793482,-1.5622478337333214
50778,,TL0511,505000,211000,,England,10.0,1,2009,2009,WCBS,51.78781424642051,-0.4791070950501579
50779,,TL0717,507000,217000,,England,10.0,3,2009,2011,WCBS,51.8413618415314,-0.4482711914576635
50780,,TL3316,533000,216000,,England,,5,2009,2013,WCBS,51.826794816072585,-0.0714664538800934
50781,,TL3618,536000,218000,2000.0,England,10.0,15,2009,2023,WCBS,51.844044511547025,-0.027176185857465843
50782,,TQ2397,523000,197000,,England,10.0,1,2009,2009,WCBS,51.658335596307325,-0.22320729688490204
50783,,NG2753,127000,853000,,Scotland,10.0,1,2009,2009,WCBS,57.48474077387216,-6.556897467736232
50784,,TL2684,526000,284000,2000.0,England,10.0,14,2009,2023,WCBS,52.43945375376413,-0.14781152462668132
50785,,TQ8241,582000,141000,2000.0,England,10.0,5,2009,2020,WCBS,51.13933942875685,0.6002494205495539
50786,,TQ9269,592000,169000,,England,,4,2007,2010,WCBS,51.38755712032059,0.7580440088284576
50787,,TR0438,604000,138000,2000.0,England,10.0,10,2009,2018,WCBS,51.10498914491266,0.9126239718327992
50788,,TR3248,632000,148000,,England,10.0,9,2007,2015,WCBS,51.18412137071491,1.3183483404789293
50789,,SP6996,469000,296000,2000.0,England,10.0,8,2009,2016,WCBS,52.55747343179352,-0.9836662992013866
50790,,SE8705,487000,405000,,England,10.0,1,2009,2009,WCBS,53.53445832541606,-0.6888371001291337
50791,,TA2012,520000,412000,,England,10.0,2,2007,2009,WCBS,53.59085245580385,-0.18849172521763108
50792,,SO2712,327000,212000,,Wales,10.0,1,2009,2009,WCBS,51.80185810417571,-3.060074811526913
50793,,TF6920,569000,320000,2000.0,England,10.0,6,2009,2015,WCBS,52.751188273667,0.5025684433148104
50794,,TF7238,572000,338000,2000.0,England,10.0,15,2007,2023,WCBS,52.91189174282869,0.556448044235433
50795,,TF8313,583000,313000,509.0,England,10.0,7,2009,2023,WCBS,52.68377672355529,0.7058634433477246
50796,,TF9124,591000,324000,2000.0,England,10.0,13,2009,2022,WCBS,52.77978284722764,0.8304554157169466
50797,,TG0941,609000,341000,,England,,6,2009,2014,WCBS,52.92571720356711,1.1078170909278378
50798,,SO3676,336000,276000,,England,10.0,11,2007,2023,WCBS,52.37828117933206,-2.941611030811247
50799,,SS8838,288000,138000,2452.0,England,10.0,12,2007,2020,WCBS,51.13029122035918,-3.601995885490519
50800,,SS9238,292000,138000,2000.0,England,10.0,12,2007,2020,WCBS,51.131060278880625,-3.544853672542579
50801,,ST1340,313000,140000,2000.0,England,10.0,16,2007,2023,WCBS,51.15261962796845,-3.245302495470874
50802,,TQ2061,520000,161000,2000.0,England,10.0,2,2009,2010,WCBS,51.33543780948197,-0.2787873626035095
50803,,SU7707,477000,107000,2000.0,England,10.0,1,2009,2009,WCBS,50.857396372939796,-0.9073964875187394
50804,,SU9620,496000,120000,2000.0,England,10.0,15,2009,2023,WCBS,50.971425930659116,-0.6341122996278811
50805,,SZ8299,482000,99000,2000.0,England,10.0,9,2009,2017,WCBS,50.784784692120965,-0.8381604767681481
50806,,TQ1223,512000,123000,2000.0,England,10.0,5,2009,2014,WCBS,50.99550655583947,-0.4053994718296425
50807,,ST7555,375000,155000,2000.0,England,10.0,15,2007,2023,WCBS,51.293575743777325,-2.3599216198508843
50808,,ST7943,379000,143000,2000.0,England,10.0,14,2007,2021,WCBS,51.18583725038137,-2.3018490351343175
50809,,ST7944,379000,144000,,England,10.0,2,2009,2023,WCBS,51.19482906751923,-2.3019078346431194
50810,,ST7954,379000,154000,2000.0,England,10.0,17,2007,2023,WCBS,51.28474647128122,-2.3024975005524144
50811,,SK0708,407000,308000,2000.0,England,10.0,14,2009,2023,WCBS,52.669666497580884,-1.897921491317374
50812,,TM2144,621000,244000,2000.0,England,10.0,10,2009,2019,WCBS,52.05029975700965,1.221721193998291
50813,,TM5075,650000,275000,2000.0,England,10.0,15,2009,2023,WCBS,52.31612680823815,1.6666227702004934
50814,,NO1957,319000,757000,2000.0,Scotland,10.0,14,2009,2023,WCBS,56.69766792576613,-3.324293099073965
50815,,NT3549,335000,649000,2000.0,Scotland,10.0,15,2009,2023,WCBS,55.73002300241111,-3.0365568726548164
50816,,NH9545,295000,845000,,Scotland,,1,2007,2007,WCBS,57.483036591638545,-3.752923061187627
50817,,SD5017,350000,417000,,England,10.0,2,2007,2010,WCBS,53.64710262165565,-2.757858020743635
50818,,TQ4726,547000,126000,2000.0,England,10.0,15,2009,2023,WCBS,51.014597607933766,0.09424269598914402
50819,,TQ5023,550000,123000,,England,10.0,1,2009,2009,WCBS,50.98686567750936,0.13574049150930717
50820,,TQ5036,550000,136000,2000.0,England,10.0,8,2009,2018,WCBS,51.10368236640322,0.14112070411534067
50821,,TQ5829,558000,129000,,England,10.0,5,2009,2014,WCBS,51.03863903718522,0.2522389696324081
50822,,SP2273,422000,273000,2000.0,England,10.0,1,2009,2009,WCBS,52.354626590993185,-1.678410575095686
50823,,SP3552,435000,252000,2000.0,England,10.0,3,2009,2022,WCBS,52.165164803006626,-1.489716204219125
50824,,ST9790,397000,190000,2000.0,England,10.0,7,2009,2023,WCBS,51.60882490431185,-2.0447176945462173
50825,,SO9476,394000,276000,2000.0,England,10.0,14,2007,2020,WCBS,52.38199968018894,-2.0895737033968227
50826,,SD9767,397000,467000,1966.0,England,10.0,4,2009,2023,WCBS,54.09888533817164,-2.0473681073073893
50827,,SE0430,404000,430000,2000.0,England,10.0,15,2009,2023,WCBS,53.76633344836598,-1.9407984342925682
50828,,SE1191,411000,491000,,England,10.0,4,2009,2012,WCBS,54.31447489851242,-1.8324189007414906
50829,,SE3246,432000,446000,2000.0,England,10.0,10,2007,2016,WCBS,53.90917337363863,-1.5143778529446696
50830,,SE3593,435000,493000,2000.0,England,10.0,11,2009,2023,WCBS,54.33137286124295,-1.4632862162072786
50831,,TR1847,618000,147000,2000.0,England,10.0,10,2009,2023,WCBS,51.180649191221406,1.117741708289419
50832,,SK2517,425000,317000,2000.0,England,10.0,12,2009,2023,WCBS,52.75004378038792,-1.6310641105146337
50833,,SO5414,354000,214000,,Wales,,1,2009,2009,WCBS,51.82271754754223,-2.668814737488733
50834,,SD5582,355000,482000,,England,,1,2006,2006,WCBS,54.23171878748396,-2.691827393626978
50835,,SO4786,347000,286000,,England,10.0,1,2006,2006,WCBS,52.46935037629164,-2.7816232690137235
50836,,NH3934,239000,834000,,Scotland,,1,2007,2007,WCBS,57.36790863440699,-4.678744112985714
50837,,SN0514,205000,214000,2000.0,Wales,10.0,14,2007,2022,WCBS,51.790576491829825,-4.828887213905886
50838,,SN8523,285000,223000,,Wales,10.0,1,2007,2007,WCBS,51.89364837771394,-3.6726069164973985
50839,,SO0344,303000,244000,,Wales,10.0,1,2007,2007,WCBS,52.085822758541084,-3.4170691215858806
50840,,SO0741,307000,241000,,Wales,10.0,1,2007,2007,WCBS,52.05954592164544,-3.3578911693798137
50841,,ST0781,307000,181000,2000.0,Wales,10.0,9,2007,2016,WCBS,51.520234796345285,-3.341786320919423
50842,,ST3244,332000,144000,,England,10.0,1,2007,2007,WCBS,51.1911593999608,-2.9744470507972056
50843,,SP5409,454000,209000,,England,,8,2007,2015,WCBS,51.77707142791205,-1.2187090744799733
50844,,SP8837,488000,237000,,England,,2,2007,2008,WCBS,52.024446676549424,-0.7188701684794258
50845,,SS8444,284000,144000,,England,,2,2007,2008,WCBS,51.18342354552338,-3.66107165681033
50846,,SS9041,290000,141000,,England,,2,2007,2008,WCBS,51.157645088447595,-3.574342494635031
50847,,SJ4200,342000,300000,,England,,1,2007,2007,WCBS,52.594685274546556,-2.8576671633088195
50848,,SJ6838,368000,338000,2000.0,England,10.0,3,2007,2020,WCBS,52.93843343941394,-2.4775832561507913
50849,,SJ9272,392000,372000,,England,,1,2007,2007,WCBS,53.244958892679385,-2.1213413245995825
50850,,TF6803,568000,303000,,England,10.0,1,2007,2007,WCBS,52.59881919904467,0.4791047595843788
50851,,SU8154,481000,154000,2000.0,England,10.0,6,2007,2020,WCBS,51.279395026486476,-0.8400662866991131
50852,,TQ6248,562000,148000,,England,10.0,2,2007,2022,WCBS,51.20823566990429,0.3177740264229995
50853,,SU8890,488000,190000,,England,,2,2006,2023,WCBS,51.601975280537836,-0.7307930104140451
50854,,SY8283,382000,83000,,England,10.0,1,2006,2006,WCBS,50.646403647322906,-2.2559456983315855
50855,,SY8482,384000,82000,,England,10.0,1,2006,2006,WCBS,50.637469682152286,-2.2276153580716525
50856,,SY8483,384000,83000,,England,10.0,1,2006,2006,WCBS,50.6464624034209,-2.227658852204509
50857,,TL6283,562000,283000,,England,,1,2006,2006,WCBS,52.42099713462505,0.3808672330220939
50858,,TQ7057,570000,157000,,England,10.0,6,2006,2016,WCBS,51.28676614692907,0.4364626662158792
50859,,D2204,137010,560380,2000.0,Northern Ireland,10.0,10,2011,2023,WCBS,54.868843145800874,-6.100471595783609
50860,,H7593,89218,553437,2000.0,Northern Ireland,10.0,2,2010,2013,WCBS,54.779291222114935,-6.835173725516542
50861,,J0197,115480,555200,1865.0,Northern Ireland,10.0,6,2010,2020,WCBS,54.81065789103253,-6.429865268778367
50862,,TL5142,551000,242000,,England,10.0,1,2007,2007,WCBS,52.055813160975475,0.20093960563748023
50863,,TL6096,560000,296000,,England,10.0,1,2007,2007,WCBS,52.53835607253868,0.35771979956341027
50864,,SN0107,201000,207000,2000.0,Wales,10.0,10,2010,2022,WCBS,51.72630983139409,-4.882799170385614
50865,,SN5164,251000,264000,2000.0,Wales,10.0,6,2010,2019,WCBS,52.2539390124165,-4.184272889633811
50866,,SD3511,335000,411000,1942.0,England,10.0,7,2010,2023,WCBS,53.59152958014097,-2.9834857802652963
50867,,SD4391,343000,491000,2000.0,England,10.0,14,2010,2023,WCBS,54.311396975087646,-2.8776106780573465
50868,,SD5044,350000,444000,2000.0,England,10.0,10,2010,2019,WCBS,53.88975722986151,-2.7622424609830354
50869,,SJ6478,364000,378000,2000.0,England,10.0,4,2010,2014,WCBS,53.29772268317743,-2.5415997759021685
50870,,SP7474,474000,274000,2000.0,England,10.0,13,2010,2023,WCBS,52.3590734652827,-0.9148009391715909
50871,,SP7870,478000,270000,2000.0,England,10.0,7,2010,2022,WCBS,52.32256618945193,-0.8570042356171471
50872,,ST8520,385000,120000,2000.0,England,10.0,4,2010,2017,WCBS,50.97921037886398,-2.215039579695481
50873,,SO3962,339000,262000,,England,10.0,6,2010,2015,WCBS,52.25277660721023,-2.895002728168694
50874,,SO7322,373000,222000,2000.0,England,10.0,14,2010,2023,WCBS,51.895888237594896,-2.393782337991569
50875,,SO9524,395000,224000,2000.0,England,10.0,14,2010,2023,WCBS,51.91450608622954,-2.0740993308991245
50876,,SP1807,418000,207000,,England,,1,2010,2010,WCBS,51.761397927457764,-1.7405958983483232
50877,,SU5828,458000,128000,,England,,1,2010,2010,WCBS,51.04842942644672,-1.173963654316038
50879,,SX6447,264000,47000,,England,10.0,4,2010,2013,WCBS,50.3072210902653,-3.9112213108771257
50880,,SY8780,387000,80000,1700.0,England,10.0,14,2010,2023,WCBS,50.619559386491936,-2.1851222818651688
50881,,TL0855,508000,255000,,England,,5,2010,2014,WCBS,52.182686502797445,-0.4217913790918914
50882,,TQ3045,530000,145000,2000.0,England,10.0,13,2010,2023,WCBS,51.18944819603566,-0.14112588818201635
50883,,TQ5204,552000,104000,2000.0,England,10.0,11,2010,2022,WCBS,50.815607623952424,0.15631083759354839
50884,,NY0287,302000,587000,2000.0,Scotland,10.0,12,2012,2023,WCBS,55.167570052139,-3.5399804666817682
50885,,ST7202,372000,102000,2000.0,England,10.0,12,2011,2023,WCBS,50.81686316422008,-2.398827311050746
50886,,SH4659,246000,359000,2000.0,Wales,10.0,12,2012,2023,WCBS,53.10590196628478,-4.301917459762615
50887,,TQ5301,553000,101000,2000.0,England,10.0,13,2011,2023,WCBS,50.78838626381234,0.16924629093806812
50888,,TL9315,593000,215000,2000.0,England,10.0,12,2010,2021,WCBS,51.80032994962793,0.7976795327214545
50889,,SP9897,498000,297000,,England,,1,2012,2012,WCBS,52.56201772196296,-0.5557405991598459
50890,,TL0367,503000,267000,2000.0,England,10.0,8,2011,2018,WCBS,52.29148832514704,-0.4912415655048466
50891,,NT1930,319000,630000,2000.0,Scotland,10.0,7,2011,2022,WCBS,55.556933634781316,-3.2856539449340714
50892,,SX8767,287000,67000,,England,10.0,1,2012,2012,WCBS,50.491875877604514,-3.5943965436631857
50893,,ST2528,325000,128000,,England,,1,2012,2012,WCBS,51.04643459075174,-3.0712647136602134
50894,,SU6365,463000,165000,,England,10.0,4,2012,2015,WCBS,51.38056313728032,-1.0961558459468765
50895,,SO6212,362000,212000,2000.0,England,10.0,11,2012,2023,WCBS,51.80533942776392,-2.5525296705722016
50896,,SD5058,350000,458000,2228.0,England,10.0,7,2012,2023,WCBS,54.01557415113364,-2.764541307900576
50897,,SO9514,395000,214000,2000.0,England,10.0,12,2012,2023,WCBS,51.82459721832515,-2.0739511998511024
50898,,TL0043,500000,243000,2000.0,England,10.0,5,2011,2017,WCBS,52.076342201430144,-0.5422818595998607
50900,,H2447,34426,511916,2000.0,Northern Ireland,10.0,4,2011,2016,WCBS,54.371104094852775,-7.631490331162956
50901,,TF7611,576000,311000,,England,,3,2012,2022,WCBS,52.668133252005845,0.6013563634580618
50902,,NS5651,256000,651000,2000.0,Scotland,10.0,12,2011,2022,WCBS,55.730932159942334,-4.294700387721352
50903,,NX0941,209000,541000,2000.0,Scotland,10.0,1,2011,2011,WCBS,54.727603521731304,-4.967659118796637
50904,,TF6841,568000,341000,2000.0,England,10.0,7,2011,2023,WCBS,52.9400983264511,0.4985760595173558
50905,,SJ3326,333000,326000,,England,10.0,1,2011,2011,WCBS,52.827343048171215,-2.995819253764166
50906,,SO8911,389000,211000,,England,10.0,3,2011,2013,WCBS,51.79753722324628,-2.1609114472444166
50907,,NO2602,326000,702000,2000.0,Scotland,10.0,2,2011,2013,WCBS,56.20481842085916,-3.194411757765538
50908,,NR9922,199000,622000,2000.0,Scotland,10.0,1,2011,2011,WCBS,55.450472250080125,-5.179913403188745
50909,,SX6356,263000,56000,,England,10.0,3,2011,2013,WCBS,50.38788284240014,-3.9285311457584933
50910,,SU8583,485000,183000,2000.0,England,10.0,12,2012,2023,WCBS,51.53951035819811,-0.7757893586169488
50911,,SK6491,464000,391000,2037.0,England,10.0,3,2011,2013,WCBS,53.411938236255736,-1.0386387504101997
50912,,SU0101,401000,101000,2000.0,England,10.0,10,2012,2022,WCBS,50.80855248334224,-1.9871749864661363
50913,,SP8168,481000,268000,2000.0,England,10.0,1,2012,2012,WCBS,52.30415571918819,-0.8134789351810269
50914,,NT2515,325000,615000,2000.0,Scotland,10.0,2,2011,2013,WCBS,55.42314213960899,-3.1865012811475113
50915,,SJ4162,341000,362000,2000.0,England,10.0,6,2012,2022,WCBS,53.15185206564078,-2.883685874132741
50916,,TQ2586,525000,186000,,England,10.0,1,2012,2012,WCBS,51.55903958380947,-0.19822712679515936
50917,,SO0433,304000,233000,,Wales,10.0,1,2012,2012,WCBS,51.98712988304422,-3.3993879916710266
50918,,NB9614,196000,914000,,Scotland,10.0,2,2011,2013,WCBS,58.06797344172067,-5.46030188886912
50919,,NH2191,221000,891000,,Scotland,10.0,1,2011,2011,WCBS,57.872481221184785,-5.019764017960046
50920,,SU0308,403000,108000,2000.0,England,10.0,12,2011,2023,WCBS,50.87149335405778,-1.9587349827388487
50921,,TL1724,517000,224000,,England,,2,2012,2023,WCBS,51.90226691207112,-0.3008148816121888
50922,,TQ3228,532000,128000,,England,10.0,1,2012,2012,WCBS,51.03620787548627,-0.11873799102053965
50923,,H5250,62611,512522,2000.0,Northern Ireland,10.0,4,2011,2017,WCBS,54.3959621182992,-7.2001788113837115
50925,,SJ6869,368000,369000,,England,10.0,1,2011,2011,WCBS,53.217084107330315,-2.4806785125529935
50926,,SK2206,422000,306000,,England,10.0,2,2012,2013,WCBS,52.65128933981184,-1.6762401963383304
50927,,SE5974,459000,474000,2000.0,England,10.0,9,2012,2020,WCBS,54.15843087038436,-1.0979946951099762
50928,,NJ9961,399000,861000,2000.0,Scotland,10.0,8,2009,2022,WCBS,57.63893622660102,-2.0184100664100404
50929,,NK0457,404000,857000,2000.0,Scotland,10.0,9,2009,2022,WCBS,57.60299157174585,-1.9347288925196062
50930,,ST7581,375000,181000,,England,,6,2007,2012,WCBS,51.527352749293215,-2.361763171111409
50931,,SP9026,490000,226000,2000.0,England,10.0,15,2009,2023,WCBS,51.925253993333456,-0.6926104038938048
50932,,TL2042,520000,242000,,England,10.0,1,2009,2009,WCBS,52.06338733334499,-0.2509416283223988
50933,,NY1847,318000,547000,2000.0,England,10.0,11,2009,2023,WCBS,54.81112721033738,-3.2774160185040637
50934,,NY5651,356000,551000,2000.0,England,10.0,1,2009,2009,WCBS,54.85185375649015,-2.6868269645530876
50935,,NY7907,379000,507000,2000.0,England,10.0,5,2007,2012,WCBS,54.45794518605571,-2.3254341355434867
50936,,SD1868,318000,468000,2000.0,England,10.0,9,2009,2023,WCBS,54.10133051469251,-3.255497590340327
50937,,NT8544,385000,644000,2000.0,Scotland,10.0,6,2009,2014,WCBS,55.689236932902546,-2.240155131986577
50938,,ST6070,360000,170000,2000.0,England,10.0,13,2007,2023,WCBS,51.427584889277036,-2.5767264256010125
50939,,TL2486,524000,286000,2000.0,England,10.0,11,2009,2023,WCBS,52.45788160578006,-0.17647555943715793
50940,,SN6861,268000,261000,,Wales,10.0,2,2009,2010,WCBS,52.231327896980716,-3.9342135199779555
50941,,SJ5958,359000,358000,2000.0,England,10.0,6,2009,2014,WCBS,53.11759172839218,-2.614038260875684
50942,,SJ9385,393000,385000,,England,10.0,5,2007,2011,WCBS,53.36182617654968,-2.106647474195788
50943,,SW6727,167000,27000,2000.0,England,10.0,3,2009,2021,WCBS,50.097296342129454,-5.259281976893748
50944,,SY9594,395000,94000,2000.0,England,10.0,15,2009,2023,WCBS,50.745582546294195,-2.0722322348560924
50945,,SZ0176,401000,76000,2000.0,England,10.0,15,2009,2023,WCBS,50.58373478026133,-1.9872348795235082
50946,,SZ0497,404000,97000,2000.0,England,10.0,13,2009,2023,WCBS,50.77256990122266,-1.944639965376567
50947,,TL4903,549000,203000,2000.0,England,10.0,10,2009,2023,WCBS,51.70595999989944,0.1549677935235442
50948,,SH6930,269000,330000,,Wales,,2,2006,2009,WCBS,52.851514046665386,-3.9468275693993764
50949,,SU2810,428000,110000,,England,,9,2007,2015,WCBS,50.88881229274536,-1.6032987063900075
50950,,SU5127,451000,127000,2000.0,England,10.0,15,2007,2023,WCBS,51.04010080681298,-1.2739550980934724
50951,,SU6207,462000,107000,2000.0,England,10.0,14,2009,2023,WCBS,50.8591962397283,-1.1204779864987118
50952,,TL8339,583000,239000,2000.0,England,10.0,13,2009,2023,WCBS,52.01923654003847,0.6655605074149819
50953,,TM0815,608000,215000,,England,10.0,1,2009,2009,WCBS,51.794956931509624,1.0149116510673666
50954,,SE6244,462000,444000,2000.0,England,10.0,12,2009,2020,WCBS,53.88848634671602,-1.0581698839009186
50955,,SO0501,305000,201000,,Wales,,5,2009,2013,WCBS,51.69967571470797,-3.3760296577846174
50956,,SD9904,399000,404000,2000.0,England,10.0,13,2009,2023,WCBS,53.532654091061545,-2.0165569620466552
50957,,TQ5390,553000,190000,2000.0,England,10.0,15,2009,2023,WCBS,51.58808544070206,0.2071300764528781
50958,,SD6608,366000,408000,2000.0,England,10.0,9,2009,2023,WCBS,53.56749960354848,-2.5148434572523253
50959,,SK3878,438000,378000,2000.0,England,10.0,11,2009,2020,WCBS,53.29759907867041,-1.4313153639648577
50960,,SX6060,260000,60000,,England,10.0,6,2009,2014,WCBS,50.423126974296224,-3.9721981436507514
50961,,SX6946,269000,46000,,England,10.0,5,2009,2013,WCBS,50.299365372214986,-3.8406975861031345
50962,,SX7779,277000,79000,2000.0,England,10.0,15,2009,2023,WCBS,50.597725442184455,-3.73927229435899
50963,,SY0192,301000,92000,2000.0,England,10.0,7,2009,2015,WCBS,50.71916584856054,-3.4037695466538054
50964,,ST8027,380000,127000,,England,10.0,1,2009,2009,WCBS,51.042002161805954,-2.28664889196175
50965,,SY4690,346000,90000,2094.0,England,10.0,13,2009,2022,WCBS,50.707115618578854,-2.7661054932375695
50966,,SY7385,373000,85000,2000.0,England,10.0,13,2009,2023,WCBS,50.66403942224894,-2.383381584836382
50967,,TG2215,622000,315000,2000.0,England,10.0,16,2007,2023,WCBS,52.68716604398643,1.283236051634455
50968,,TG3031,630000,331000,,England,10.0,2,2009,2010,WCBS,52.82740982932849,1.4125940281811729
50969,,TG4124,641000,324000,2000.0,England,10.0,13,2007,2023,WCBS,52.75980437516093,1.5703836439901164
50970,,TL9697,596000,297000,2000.0,England,10.0,4,2009,2013,WCBS,52.53558124907248,0.8884525858405854
50971,,SU6725,467000,125000,2000.0,England,10.0,12,2007,2019,WCBS,51.02047908845713,-1.0461436522496352
50972,,SU6928,469000,128000,,England,,9,2007,2016,WCBS,51.04721552554685,-1.0170633853928257
50973,,SZ5177,451000,77000,2000.0,England,10.0,8,2009,2021,WCBS,50.590510405777636,-1.280890055754008
50974,,TL1515,515000,215000,,England,10.0,3,2006,2010,WCBS,51.82179904844163,-0.3328641603138051
50975,,TQ1492,514000,192000,2000.0,England,6.0,13,2009,2023,WCBS,51.61529351865255,-0.35488552635946125
50976,,NJ0733,307000,833000,,Scotland,,3,2009,2011,WCBS,57.37790709797697,-3.5483089130726833
50977,,NH9619,296000,819000,2000.0,Scotland,10.0,5,2009,2018,WCBS,57.249823834855455,-3.7252573079461366
50978,,TQ5568,555000,168000,2000.0,England,10.0,12,2009,2022,WCBS,51.38987680981553,0.22632496429050467
50979,,TQ9159,591000,159000,2000.0,England,10.0,11,2008,2018,WCBS,51.298080186879595,0.7383288780195241
50980,,TR0642,606000,142000,2000.0,England,10.0,12,2007,2018,WCBS,51.14019523880071,0.9434361253754598
50981,,NS6546,265000,646000,2000.0,Scotland,10.0,8,2009,2016,WCBS,55.68863094339059,-4.14902964282678
50982,,SD5822,358000,422000,,England,,1,2009,2009,WCBS,53.69274567011006,-2.6375240332285115
50983,,TF7206,572000,306000,,England,10.0,3,2009,2011,WCBS,52.62451180899639,0.5396620348140009
50984,,SJ3036,330000,336000,,England,,10,2007,2016,WCBS,52.91683986691015,-3.042489117489591
50985,,ST3036,330000,136000,,England,10.0,1,2009,2009,WCBS,51.11899256041483,-3.0015032175165133
50986,,ST3215,332000,115000,,England,10.0,9,2007,2015,WCBS,50.93042481861328,-2.9689870594399674
50987,,TQ1662,516000,162000,2000.0,England,10.0,14,2009,2023,WCBS,51.3452550595931,-0.3358554134821677
50988,,SU9105,491000,105000,,England,,1,2009,2009,WCBS,50.83738523265542,-0.7090384668622285
50989,,ST4355,343000,155000,2000.0,England,10.0,8,2007,2022,WCBS,51.2912650932195,-2.8188128003811297
50990,,ST4919,349000,119000,,England,10.0,1,2009,2009,WCBS,50.96814835411753,-2.727669116327251
50991,,SK9520,495000,320000,,England,,1,2009,2009,WCBS,52.76924953035481,-0.593360736437767
50992,,TL6381,563000,281000,2000.0,England,10.0,14,2009,2023,WCBS,52.402735875693324,0.3945852862641486
50993,,TL7866,578000,266000,2000.0,England,10.0,11,2009,2022,WCBS,52.26335453464995,0.6069023987656025
50994,,TM3450,634000,250000,2000.0,England,10.0,15,2009,2023,WCBS,52.098816542779026,1.4150743191402144
50995,,TM3762,637000,262000,2000.0,England,10.0,7,2009,2023,WCBS,52.205229146506554,1.4671542730761582
50996,,SU9344,493000,144000,2000.0,England,10.0,12,2007,2018,WCBS,51.18767042581207,-0.6706585495697115
50997,,TM2087,620000,287000,2000.0,England,10.0,10,2007,2023,WCBS,52.43666974549535,1.2351368038946433
50998,,SP7679,476000,279000,2000.0,England,10.0,5,2009,2018,WCBS,52.4037422610146,-0.8843066308181151
50999,,SP7754,477000,254000,2000.0,England,10.0,13,2009,2023,WCBS,52.178890057629296,-0.8753155834702354
51000,,SP9992,499000,292000,2000.0,England,10.0,2,2009,2013,WCBS,52.51690215977907,-0.5424827180325589
51001,,SK7996,479000,396000,2000.0,England,10.0,13,2007,2019,WCBS,53.45484214682008,-0.8117718717434164
51002,,HY5005,350000,1005000,,Scotland,10.0,1,2009,2009,WCBS,58.92932865260528,-2.870230027449818
51003,,SP3523,435000,223000,,England,10.0,12,2009,2022,WCBS,51.90444651429078,-1.4926742933521462
51004,,SU5285,452000,185000,,England,10.0,4,2009,2012,WCBS,51.56149007642741,-1.2512595495107137
51005,,SU6289,462000,189000,2000.0,England,10.0,13,2009,2023,WCBS,51.59644245732016,-1.106315323412783
51006,,SU6579,465000,179000,,England,,3,2009,2013,WCBS,51.50620303275279,-1.0648557792953586
51007,,SU6984,469000,184000,2000.0,England,10.0,13,2007,2019,WCBS,51.55067993836729,-1.0062538872427143
51008,,SM8010,180000,210000,2000.0,Wales,10.0,13,2009,2023,WCBS,51.74539400787354,-5.188279978091247
51009,,SM9234,192000,234000,2000.0,Wales,10.0,14,2009,2023,WCBS,51.965460040822684,-5.0291671608665744
51010,,NN8414,284000,714000,2000.0,Scotland,10.0,1,2009,2009,WCBS,56.304183455113126,-3.8763514116603486
51011,,SO2054,320000,254000,2000.0,Wales,10.0,16,2007,2022,WCBS,52.17843047514218,-3.171382336764402
51012,,SO2574,325000,274000,,Wales,,4,2009,2015,WCBS,52.3589063015083,-3.102727527165618
51013,,NN7600,276000,700000,,Scotland,10.0,3,2007,2009,WCBS,56.176454140959876,-3.9989968809840657
51014,,NR6346,163000,646000,,Scotland,,1,2007,2007,WCBS,55.64955918713463,-5.768467888642293
51015,,NY5506,355000,506000,,England,,2,2007,2008,WCBS,54.44739432911083,-2.695459575915299
51016,,TQ1608,516000,108000,2000.0,England,10.0,11,2009,2019,WCBS,50.85988566327487,-0.35319312073926906
51017,,TL0132,501000,232000,,England,10.0,6,2009,2014,WCBS,51.977296337323125,-0.5309387753477868
51018,,SU0030,400000,130000,2000.0,England,10.0,5,2009,2023,WCBS,51.06933076495138,-2.001376590551419
51019,,SU2032,420000,132000,,England,10.0,1,2009,2009,WCBS,51.086970306883856,-1.7158274346020754
51020,,SU2187,421000,187000,,England,10.0,4,2009,2012,WCBS,51.58147258398326,-1.6983247463767406
51021,,SD9627,396000,427000,,England,,1,2009,2009,WCBS,53.739367631031094,-2.0621213167192414
51022,,SE2092,420000,492000,2000.0,England,10.0,6,2009,2016,WCBS,54.323190779073066,-1.6940124850102685
51023,,NS3355,233000,655000,2000.0,Scotland,10.0,9,2009,2018,WCBS,55.75945033032985,-4.662997671480665
51024,,SK3828,438000,328000,2000.0,England,10.0,13,2009,2023,WCBS,52.84816830940045,-1.4372031217388836
51025,,TL0280,502000,280000,2000.0,England,10.0,13,2009,2023,WCBS,52.40850682271475,-0.501953588830466
51026,,SX0871,208000,71000,2000.0,England,10.0,11,2009,2019,WCBS,50.50723698690741,-4.709119209211366
51027,,J2365,134675,521426,,Northern Ireland,10.0,1,2007,2007,WCBS,54.518451115751425,-6.101332958273001
51028,,SE8786,487000,486000,,England,10.0,1,2006,2006,WCBS,54.262276403264906,-0.6658519468463755
51029,,NH8646,286000,846000,,Scotland,10.0,6,2007,2023,WCBS,57.48983940455358,-3.9034083180125316
51030,,SN8003,280000,203000,,Wales,,2,2007,2008,WCBS,51.71285658504529,-3.7383027579462227
51031,,SN8026,280000,226000,,Wales,,1,2007,2007,WCBS,51.91955331864136,-3.746277800050718
51032,,ST2643,326000,143000,,England,10.0,2,2007,2010,WCBS,51.18142234220431,-3.0600843653275485
51033,,ST3464,334000,164000,2000.0,England,10.0,8,2007,2019,WCBS,51.37120568430976,-2.9495331145377386
51034,,SO9327,393000,227000,,England,,1,2007,2007,WCBS,51.941456495223115,-2.103238152224602
51035,,SP1521,415000,221000,2000.0,England,10.0,11,2007,2023,WCBS,51.88735830799693,-1.783461223521743
51036,,SS8545,285000,145000,,England,,1,2007,2007,WCBS,51.19261401653214,-3.6470908300022105
51037,,SH9223,292000,323000,,Wales,,2,2007,2008,WCBS,52.793721508053984,-3.6031156422718396
51038,,SJ0120,301000,320000,,Wales,,2,2007,2008,WCBS,52.76848992580818,-3.468784482935182
51039,,TF6106,561000,306000,,England,10.0,2,2007,2008,WCBS,52.62788236686461,0.3773074498490622
51040,,TG0307,603000,307000,1953.0,England,10.0,4,2007,2022,WCBS,52.622794892220114,0.9976343647014836
51041,,ST3854,338000,154000,,England,,1,2007,2007,WCBS,51.281750928846904,-2.89033418772967
51042,,ST4125,341000,125000,,England,10.0,2,2007,2008,WCBS,51.02133050897823,-2.842562325500764
51043,,ST4152,341000,152000,2000.0,England,10.0,2,2007,2020,WCBS,51.26408850888378,-2.8469948600321895
51044,,ST8260,382000,160000,2000.0,England,10.0,13,2007,2021,WCBS,51.33879976160566,-2.2597866273149645
51045,,SU3087,430000,187000,,England,10.0,1,2007,2007,WCBS,51.581067196228084,-1.5684408680283084
51046,,SU5233,452000,133000,,England,,1,2007,2007,WCBS,51.09395965643832,-1.258832419577835
51047,,SU5413,454000,113000,,England,10.0,1,2007,2007,WCBS,50.91394675975498,-1.2332448932398583
51048,,SX6768,267000,68000,,England,,1,2007,2007,WCBS,50.49666138691348,-3.876557882432434
51049,,NS5057,250000,657000,,Scotland,,3,2010,2014,WCBS,55.78297427769775,-4.393454553705966
51050,,TR2544,625000,144000,,England,10.0,4,2007,2013,WCBS,51.151006109172,1.2158552038216548
51051,,SP5310,453000,210000,,England,,2,2006,2023,WCBS,51.78615704014775,-1.2330496051780508
51052,,SU6473,464000,173000,,England,,2,2006,2023,WCBS,51.452374956900655,-1.0803472755171708
51053,,TL1308,513000,208000,,England,10.0,1,2006,2006,WCBS,51.759295242252655,-0.3641470714017751
51054,,TL3850,538000,250000,,England,,1,2006,2006,WCBS,52.13108021577963,0.014701690408155312
51055,,TL4167,541000,267000,,England,,1,2006,2006,WCBS,52.28306101465299,0.06557253879103551
51056,,TL6255,562000,255000,,England,,1,2006,2006,WCBS,52.169486635889484,0.36741314013496795
51057,,D0913,124824,570463,2000.0,Northern Ireland,10.0,1,2010,2010,WCBS,54.952645528217424,-6.299458755949269
51058,,J4577,157622,531508,2000.0,Northern Ireland,10.0,8,2010,2023,WCBS,54.62035635374406,-5.7559517287545505
51059,,TG1008,610000,308000,2090.0,England,10.0,4,2007,2022,WCBS,52.62911168055646,1.1015235461044524
51060,,TM1683,616000,283000,,England,,4,2007,2023,WCBS,52.40235872051656,1.1738077478697961
51061,,TQ0837,508000,137000,2000.0,England,10.0,2,2007,2008,WCBS,51.12211489109757,-0.45820202367903096
51062,,TQ2555,525000,155000,2000.0,England,10.0,1,2007,2007,WCBS,51.28043745018087,-0.20914980769904296
51063,,TQ3753,537000,153000,2000.0,England,10.0,1,2007,2007,WCBS,51.2597076329805,-0.03796457033804026
51064,,NT0923,309000,623000,2000.0,Scotland,10.0,8,2010,2023,WCBS,55.49229057890719,-3.441828863396267
51065,,SD8239,382000,439000,,England,10.0,1,2010,2010,WCBS,53.8469235357794,-2.275074099634394
51066,,SD9711,397000,411000,2000.0,England,10.0,10,2010,2023,WCBS,53.5955641779726,-2.0468001678140846
51067,,SH5055,250000,355000,2000.0,Wales,10.0,10,2010,2020,WCBS,53.07111353374644,-4.24034809019549
51068,,SJ9520,395000,320000,2000.0,England,10.0,14,2010,2023,WCBS,52.77756102435755,-2.075561658870369
51069,,SK0799,407000,399000,2000.0,England,10.0,11,2010,2023,WCBS,53.48766828425159,-1.8959731854520325
51070,,SK4964,449000,364000,2032.0,England,10.0,10,2010,2023,WCBS,53.17086544390155,-1.2684340587592826
51071,,SP6473,464000,273000,,England,10.0,3,2010,2013,WCBS,52.35134126111683,-1.0618091845967275
51072,,SP7657,476000,257000,2000.0,England,10.0,10,2010,2023,WCBS,52.205994640355165,-0.8892655104587989
51073,,SS2320,223000,120000,,England,,3,2010,2019,WCBS,50.952182952686876,-4.521336768554697
51074,,ST8719,387000,119000,2000.0,England,10.0,14,2010,2023,WCBS,50.97026718208064,-2.186514857235599
51075,,SO5302,353000,202000,2000.0,England,10.0,14,2010,2023,WCBS,51.71474919267787,-2.6816947982208
51076,,SO9607,396000,207000,,England,10.0,4,2010,2013,WCBS,51.76166842911651,-2.0593586988297052
51077,,SP4952,449000,252000,2000.0,England,10.0,13,2010,2023,WCBS,52.16410241950746,-1.2850508189941443
51078,,TL2050,520000,250000,2000.0,England,10.0,14,2010,2023,WCBS,52.135278074501656,-0.248127066871867
51079,,SU7669,476000,169000,,England,10.0,2,2010,2011,WCBS,51.414934079816376,-0.9085398656547986
51080,,SX4672,246000,72000,,England,10.0,1,2010,2010,WCBS,50.52745931268938,-4.174082197139603
51081,,SX6545,265000,45000,2000.0,England,10.0,11,2010,2020,WCBS,50.28947428388131,-3.896471152936812
51082,,SZ8696,486000,96000,,England,,4,2012,2015,WCBS,50.75723427441199,-0.7821325569979835
51083,,SU9155,491000,155000,,England,,1,2011,2011,WCBS,51.2868769589673,-0.6964769046397745
51084,,TQ2638,526000,138000,2000.0,England,10.0,9,2012,2020,WCBS,51.127430374078166,-0.20078284857617695
51085,,TF5420,554000,320000,,England,,5,2012,2016,WCBS,52.7556668820587,0.28052036355356036
51086,,TQ1085,510000,185000,,England,,1,2010,2010,WCBS,51.5531733361968,-0.41482446254872757
51087,,TL7774,577000,274000,2000.0,England,10.0,4,2011,2016,WCBS,52.33552506677834,0.5964662606101032
51088,,SP8572,485000,272000,,England,10.0,2,2012,2014,WCBS,52.33950437621695,-0.7538202403131362
51089,,SY4694,346000,94000,2000.0,England,10.0,12,2012,2023,WCBS,50.74308304849018,-2.76669246554508
51090,,TQ1330,513000,130000,2000.0,England,10.0,10,2012,2023,WCBS,51.058231769462,-0.3889759324673175
51091,,NR8964,189000,664000,2000.0,Scotland,10.0,4,2011,2014,WCBS,55.82299705217899,-5.369966349639744
51092,,SU6665,466000,165000,,England,10.0,3,2012,2014,WCBS,51.38022285474167,-1.0530557438997847
51093,,SU4859,448000,159000,,England,,1,2011,2011,WCBS,51.32808054309216,-1.3124755990159374
51094,,SS2924,229000,124000,,England,10.0,2,2011,2012,WCBS,50.98993184556039,-4.437880203390177
51095,,J2626,134348,482302,2000.0,Northern Ireland,10.0,3,2011,2014,WCBS,54.167562978775784,-6.07150277210717
51096,,SD7715,377000,415000,2000.0,England,10.0,12,2011,2022,WCBS,53.631016074123636,-2.349275770658371
51097,,SN0007,200000,207000,2000.0,Wales,,1,2011,2011,WCBS,51.725953914677575,-4.897258650649177
51098,,TG3502,635000,302000,2000.0,England,10.0,13,2011,2023,WCBS,52.565035863781645,1.4659698478776486
51099,,NS6010,260000,610000,2000.0,Scotland,10.0,2,2011,2012,WCBS,55.36398291737165,-4.2102920692581085
51100,,NS3486,234000,686000,2000.0,Scotland,10.0,1,2011,2011,WCBS,56.038024433206644,-4.666108582506057
51101,,NS7896,278000,696000,2000.0,Scotland,10.0,5,2011,2016,WCBS,56.141054122007475,-3.964967041549541
51102,,NS8275,282000,675000,2000.0,Scotland,10.0,2,2011,2012,WCBS,55.95348743791494,-3.8913811368366766
51103,,TL3228,532000,228000,,England,10.0,1,2011,2011,WCBS,51.93486188920625,-0.08138281858825219
51104,,TF6535,565000,335000,2000.0,England,10.0,11,2011,2023,WCBS,52.88714170215598,0.4509325086823403
51105,,NT3808,338000,608000,2000.0,Scotland,10.0,1,2011,2011,WCBS,55.36207206203445,-2.979590649453759
51106,,NO3006,330000,706000,2000.0,Scotland,10.0,2,2011,2013,WCBS,56.24135469686526,-3.1310074825561074
51107,,NS9972,299000,672000,2000.0,Scotland,10.0,8,2011,2019,WCBS,55.930421241604165,-3.618129562285326
51108,,NN6350,263000,750000,2000.0,Scotland,10.0,1,2011,2011,WCBS,56.62175908910999,-4.23438785266535
51109,,NN3018,230000,718000,2000.0,Scotland,10.0,1,2011,2011,WCBS,56.32379327547881,-4.750710438547732
51110,,NR8989,189000,689000,2000.0,Scotland,10.0,2,2011,2012,WCBS,56.047225369240486,-5.389510859511087
51111,,NR3072,130000,672000,,Scotland,10.0,1,2011,2011,WCBS,55.8653073993282,-6.317121351671554
51112,,NN9355,293000,755000,,Scotland,,1,2011,2011,WCBS,56.67447370709083,-3.7478278888195216
51113,,SH7150,271000,350000,2000.0,Wales,10.0,7,2012,2023,WCBS,53.03168112221853,-3.925108209874899
51114,,TF2312,523000,312000,,England,,1,2012,2012,WCBS,52.69172544720225,-0.1815437405754296
51115,,TF2517,525000,317000,,England,10.0,1,2012,2012,WCBS,52.73619261991187,-0.15006890542477214
51116,,SE5478,454000,478000,,England,10.0,1,2012,2012,WCBS,54.194925629367006,-1.1738375400724228
51117,,SU0873,408000,173000,2000.0,England,10.0,3,2012,2019,WCBS,51.455924573106685,-1.8862521954148854
51118,,SK6889,468000,389000,2623.0,England,10.0,3,2011,2013,WCBS,53.39346459830953,-0.9789026193572984
51119,,SJ8977,389000,377000,2000.0,England,10.0,5,2011,2020,WCBS,53.289848161179634,-2.1664719107495536
51120,,SH5263,252000,363000,2000.0,Wales,10.0,10,2012,2023,WCBS,53.143530002667895,-4.214210436241795
51121,,NT4164,341000,664000,2000.0,Scotland,10.0,12,2012,2023,WCBS,55.86554836692987,-2.944290865503079
51122,,NT2628,326000,628000,2000.0,Scotland,10.0,1,2011,2011,WCBS,55.540080591488845,-3.1741742120343606
51123,,NY1877,318000,577000,2000.0,Scotland,10.0,2,2011,2012,WCBS,55.08064672862517,-3.2859933636242453
51124,,H2567,37130,531782,2000.0,Northern Ireland,10.0,1,2011,2011,WCBS,54.550716758492065,-7.614413677215383
51125,,NX8364,283000,564000,2000.0,Scotland,10.0,1,2011,2011,WCBS,54.95686525906287,-3.8286470633466307
51126,,NJ1838,318000,838000,2000.0,Scotland,10.0,8,2011,2019,WCBS,57.424923799393824,-3.367105383662875
51127,,SD3545,335000,445000,2000.0,England,10.0,10,2012,2021,WCBS,53.89707740087377,-2.990648995853638
51128,,TQ3125,531000,125000,,England,10.0,3,2012,2015,WCBS,51.0094742221025,-0.13407512389296214
51129,,SU0605,406000,105000,2000.0,England,10.0,9,2012,2023,WCBS,50.84449325065425,-1.9161486116520692
51130,,ST5301,353000,101000,2000.0,England,10.0,11,2012,2023,WCBS,50.80663710645711,-2.668387978657318
51131,,NO2920,329000,720000,2000.0,Scotland,10.0,1,2011,2011,WCBS,56.366960107724154,-3.150913944167595
51132,,NO5258,352000,758000,2000.0,Scotland,10.0,1,2011,2011,WCBS,56.71121368819779,-2.7856877016343167
51133,,TQ6313,563000,113000,2000.0,England,10.0,8,2011,2023,WCBS,50.89348498188693,0.3163309721819021
51134,,SE7063,470000,463000,2000.0,England,10.0,12,2012,2023,WCBS,54.058206719631436,-0.9321176948466895
51135,,SP9335,493000,235000,2000.0,England,10.0,8,2012,2023,WCBS,52.005655738275735,-0.6465624270728946
51136,,SU2770,427000,170000,2000.0,England,10.0,7,2012,2022,WCBS,51.42836703300355,-1.613031111897107
51137,,NO7368,373000,768000,2000.0,Scotland,10.0,2,2009,2010,WCBS,56.80273788576333,-2.443730040594135
51138,,NN0785,207000,785000,2000.0,Scotland,10.0,10,2009,2023,WCBS,56.91598865209969,-5.172110383674002
51139,,NY3351,333000,551000,2000.0,England,10.0,15,2009,2023,WCBS,54.84929900683498,-3.0449973277777107
51140,,NY4736,347000,536000,2000.0,England,10.0,8,2009,2023,WCBS,54.716196730443556,-2.824240765467156
51141,,NY8113,381000,513000,2000.0,England,10.0,10,2009,2023,WCBS,54.51194520477823,-2.2949727797588304
51142,,SP8816,488000,216000,2000.0,England,10.0,8,2007,2023,WCBS,51.83568687878836,-0.7242335190947866
51143,,SJ3773,337000,373000,2000.0,England,10.0,11,2009,2022,WCBS,53.25025716529436,-2.94566384188996
51144,,SJ9268,392000,368000,2000.0,England,10.0,13,2009,2022,WCBS,53.20900369634717,-2.121239505948313
51145,,NZ6811,468000,511000,,England,,8,2009,2016,WCBS,54.48978998581671,-0.951778265046695
51146,,SH8064,280000,364000,1916.0,Wales,10.0,5,2009,2023,WCBS,53.15956173271054,-3.796207322936156
51147,,SW6425,164000,25000,2000.0,England,10.0,3,2009,2019,WCBS,50.07815450285449,-5.299921717623292
51148,,NT0500,305000,600000,2000.0,Scotland,10.0,10,2009,2018,WCBS,55.28493155696055,-3.497284316747214
51149,,TL4610,546000,210000,2000.0,England,10.0,11,2009,2019,WCBS,51.76964277444998,0.11451754363611535
51150,,TL6023,560000,223000,,England,,2,2009,2010,WCBS,51.88260687650788,0.32324514014765
51151,,SU4628,446000,128000,2000.0,England,10.0,13,2009,2023,WCBS,51.04951347664086,-1.3451388618831297
51152,,SU4837,448000,137000,2000.0,England,10.0,14,2009,2023,WCBS,51.13027332117867,-1.3154157333163405
51153,,SU6162,461000,162000,,England,10.0,1,2009,2009,WCBS,51.35380932659117,-1.1254035312059545
51154,,TQ7091,570000,191000,,England,10.0,6,2009,2021,WCBS,51.59220063203293,0.4527758731621339
51155,,NO4228,342000,728000,2000.0,Scotland,10.0,13,2009,2023,WCBS,56.440598232371734,-2.9422856416482626
51156,,NO4925,349000,725000,,Scotland,10.0,3,2009,2012,WCBS,56.414459056431,-2.8281828364534274
51157,,NJ9302,393000,802000,,Scotland,10.0,2,2009,2010,WCBS,57.10890430564784,-2.117198248490722
51158,,SP6296,462000,296000,,England,10.0,6,2009,2016,WCBS,52.55831441614133,-1.08690279225019
51159,,TF1935,519000,335000,,England,10.0,1,2009,2009,WCBS,52.89927808486437,-0.23233691896510222
51160,,SO5407,354000,207000,2000.0,England,10.0,6,2009,2014,WCBS,51.75978473288633,-2.6678841436638328
51161,,SO5410,354000,210000,2000.0,England,10.0,3,2009,2011,WCBS,51.78675602366345,-2.6682825539289774
51162,,SO9809,398000,209000,,England,10.0,3,2009,2014,WCBS,51.77966164552776,-2.0303923260007273
51163,,SP2326,423000,226000,,England,10.0,4,2007,2010,WCBS,51.932040695039454,-1.666893488941586
51164,,SK3150,431000,350000,2000.0,England,10.0,13,2009,2023,WCBS,53.046372234083506,-1.5390417569356647
51165,,SS7109,271000,109000,,England,10.0,3,2009,2011,WCBS,50.86607095842165,-3.834509992265559
51166,,SS7418,274000,118000,2000.0,England,10.0,9,2009,2021,WCBS,50.94762489057355,-3.7950109730174644
51167,,ST2109,321000,109000,,England,10.0,2,2009,2013,WCBS,50.875076984866475,-3.1241828041771424
51168,,SX6191,261000,91000,,England,10.0,1,2009,2009,WCBS,50.70198111339433,-3.9697150717234484
51169,,SY0694,306000,94000,,England,10.0,6,2009,2014,WCBS,50.73797757302309,-3.3334725097853832
51170,,SY0994,309000,94000,2022.0,England,10.0,6,2009,2022,WCBS,50.738456013053465,-3.2909701495383334
51172,,ST3701,337000,101000,2000.0,England,10.0,9,2009,2023,WCBS,50.80511489668921,-2.895432951724292
51173,,SY5089,350000,89000,2000.0,England,10.0,11,2009,2023,WCBS,50.69848219752774,-2.7093270634027244
51174,,SY7295,372000,95000,,England,,5,2009,2013,WCBS,50.753916702311585,-2.398291793548117
51175,,TG1139,611000,339000,2000.0,England,10.0,17,2007,2023,WCBS,52.906984262423066,1.1362240619488855
51176,,SU6633,466000,133000,2000.0,England,10.0,12,2009,2022,WCBS,51.092522055222624,-1.0589422437170561
51177,,SU6833,468000,133000,2000.0,England,10.0,11,2007,2019,WCBS,51.09228879094609,-1.0303879150240023
51178,,SZ3883,438000,83000,,England,10.0,1,2009,2009,WCBS,50.64545349302113,-1.463916548029028
51179,,TQ9747,597000,147000,2000.0,England,10.0,14,2007,2021,WCBS,51.18826592533252,0.8176859251140739
51180,,TQ9840,598000,140000,2000.0,England,10.0,15,2009,2023,WCBS,51.12505353246827,0.8281285278593669
51181,,TR1138,611000,138000,,England,,6,2009,2014,WCBS,51.10245749733124,1.0124686904248588
51182,,TR2236,622000,136000,,England,,2,2009,2011,WCBS,51.08035049185801,1.168109470591827
51183,,SD4824,348000,424000,2000.0,England,10.0,1,2009,2009,WCBS,53.70981822001081,-2.7892859119094253
51184,,SD7152,371000,452000,2000.0,England,10.0,11,2009,2019,WCBS,53.9632612717679,-2.4435006587820487
51185,,SP5382,453000,282000,,England,10.0,2,2009,2010,WCBS,52.43341600905033,-1.2218665420617445
51186,,NT4575,345000,675000,2000.0,Scotland,10.0,8,2009,2016,WCBS,55.9648432728174,-2.882629550221673
51187,,TQ2688,526000,188000,2000.0,England,10.0,13,2009,2023,WCBS,51.5767909789508,-0.18309314767984158
51188,,TQ2782,527000,182000,2000.0,England,10.0,12,2009,2023,WCBS,51.5226460069233,-0.17083410657347373
51189,,NT2764,327000,664000,2000.0,Scotland,10.0,6,2009,2023,WCBS,55.86362885016996,-3.1679394737742723
51190,,TQ2050,520000,150000,2000.0,England,10.0,6,2009,2014,WCBS,51.23657263910969,-0.28247946981725236
51191,,SU7619,476000,119000,2000.0,England,10.0,2,2009,2011,WCBS,50.96541778485772,-0.9191056164893774
51192,,SU8204,482000,104000,2000.0,England,10.0,12,2009,2023,WCBS,50.82973811189746,-0.8370450792066066
51193,,ST7650,376000,150000,1966.0,England,10.0,3,2007,2022,WCBS,51.24866070844611,-2.3452430963185606
51194,,NS6042,260000,642000,,Scotland,,3,2009,2011,WCBS,55.651300091583344,-4.226457795711843
51195,,SJ7546,375000,346000,,England,10.0,1,2009,2009,WCBS,53.01071866386999,-2.3740519302048937
51196,,SK0061,400000,361000,,England,,1,2009,2009,WCBS,53.146143361743285,-2.0014546481018685
51197,,TL8271,582000,271000,2000.0,England,10.0,9,2009,2023,WCBS,52.30694922218618,0.6681458581831434
51198,,TM1666,616000,266000,2000.0,England,9.0,10,2009,2018,WCBS,52.24975923816782,1.1628966272020884
51199,,TM4069,640000,269000,2000.0,England,10.0,4,2009,2014,WCBS,52.26674614356632,1.5159369109484047
51200,,TM5397,653000,297000,,England,,2,2009,2010,WCBS,52.51211826668572,1.727162769893705
51201,,TQ0047,500000,147000,200.0,England,10.0,1,2009,2009,WCBS,51.21345737338027,-0.5696940453595944
51202,,SK9803,498000,303000,2000.0,England,10.0,2,2009,2013,WCBS,52.61593930189407,-0.5539668181337799
51203,,SP5160,451000,260000,2000.0,England,10.0,15,2009,2023,WCBS,52.235838684422895,-1.2546122335409065
51204,,SP5846,458000,246000,2000.0,England,10.0,3,2009,2014,WCBS,52.109294957524035,-1.1545092934605476
51205,,SK5830,458000,330000,,England,,4,2009,2012,WCBS,52.86436689431428,-1.1399097780385095
51206,,SP2514,425000,214000,,England,,2,2009,2010,WCBS,51.82406643860094,-1.638671110991098
51207,,NT2554,325000,654000,2000.0,Scotland,10.0,9,2009,2021,WCBS,55.77349170698313,-3.1971249830212836
51208,,SM9737,197000,237000,238.0,Wales,10.0,8,2009,2022,WCBS,51.99424507478622,-4.958266060274734
51209,,NY7968,379000,568000,,England,10.0,1,2008,2008,WCBS,55.00611597483093,-2.3298603901957016
51210,,TQ1520,515000,120000,,England,10.0,6,2008,2022,WCBS,50.967949704601914,-0.36361684527036375
51211,,TQ1819,518000,119000,2000.0,England,10.0,15,2007,2023,WCBS,50.95835515980963,-0.32123613462420436
51212,,TQ1932,519000,132000,2000.0,England,10.0,7,2009,2019,WCBS,51.074997266999596,-0.302743564354354
51213,,TQ3128,531000,128000,,England,,2,2009,2011,WCBS,51.036436501776315,-0.1329922626548122
51214,,TQ3821,538000,121000,,England,,6,2008,2013,WCBS,50.97189106775491,-0.035875125658543845
51215,,TQ4900,549000,100000,2000.0,England,10.0,10,2009,2020,WCBS,50.78044083009352,0.11213491604489956
51216,,TQ6412,564000,112000,,England,10.0,3,2009,2013,WCBS,50.884217164480006,0.3300889943111355
51217,,TQ6608,566000,108000,2000.0,England,10.0,11,2009,2023,WCBS,50.847707154586125,0.3566824408320662
51218,,TQ7220,572000,120000,2000.0,England,10.0,5,2009,2014,WCBS,50.9537662399972,0.44747987868831673
51219,,TQ7611,576000,111000,2000.0,England,10.0,8,2009,2016,WCBS,50.87170548142227,0.5000349594738692
51220,,SP1267,412000,267000,2000.0,England,10.0,13,2009,2023,WCBS,52.30099370491556,-1.825445822542251
51221,,SP5078,450000,278000,2000.0,England,10.0,2,2009,2010,WCBS,52.397740725222015,-1.266585121506601
51222,,ST8068,380000,168000,,England,10.0,1,2009,2009,WCBS,51.410664851095945,-2.288950301572312
51223,,SP1954,419000,254000,,England,10.0,1,2009,2009,WCBS,52.18392481271671,-1.7235208582611565
51224,,SD9734,397000,434000,,England,10.0,4,2009,2013,WCBS,53.80229051379192,-2.047031341992534
51225,,SE6418,464000,418000,,England,10.0,1,2009,2009,WCBS,53.65458945320916,-1.0331281780310861
51226,,SK3697,436000,397000,,England,,1,2009,2009,WCBS,53.46851378314275,-1.459162779108036
51227,,SK5280,452000,380000,2000.0,England,10.0,9,2009,2017,WCBS,53.31438897847337,-1.220953163979913
51228,,NS5408,254000,608000,2000.0,Scotland,10.0,3,2009,2012,WCBS,55.34427862731492,-4.30382509091538
51229,,SO7907,379000,207000,,England,,1,2006,2006,WCBS,51.76128544625917,-2.305674192223367
51230,,NG3960,139000,860000,,Scotland,10.0,2,2007,2008,WCBS,57.55450023092233,-6.364840304013671
51231,,NH7295,272000,895000,,Scotland,10.0,2,2007,2013,WCBS,57.92591890095921,-4.162857996720752
51232,,ST0320,303000,120000,,England,,5,2007,2014,WCBS,50.97121982461835,-3.3828709295769057
51233,,SO8711,387000,211000,,England,,1,2007,2007,WCBS,51.797493896583724,-2.189912841703108
51234,,SS8343,283000,143000,,England,,2,2007,2008,WCBS,51.1742314413559,-3.6750469257228624
51235,,SS8941,289000,141000,,England,,2,2007,2008,WCBS,51.15745176664803,-3.5886362893293047
51236,,SJ0318,303000,318000,,Wales,,2,2007,2008,WCBS,52.7508798287362,-3.438558904971684
51237,,SJ5413,354000,313000,,England,10.0,1,2007,2007,WCBS,52.71269363573287,-2.6823483151584053
51238,,SK7117,471000,317000,,England,10.0,1,2007,2007,WCBS,52.7459686267986,-0.94965851870213
51239,,TF7133,571000,333000,2000.0,England,10.0,2,2007,2018,WCBS,52.867308166725834,0.5389662420246533
51240,,ST5274,352000,174000,2000.0,England,10.0,12,2007,2023,WCBS,51.46292566485124,-2.6923293961051233
51241,,ST5519,355000,119000,,England,10.0,1,2007,2007,WCBS,50.96864956425219,-2.6422286461828195
51242,,ST5564,355000,164000,,England,10.0,1,2007,2007,WCBS,51.37326263016823,-2.647875941032123
51243,,ST6729,367000,129000,,England,10.0,2,2007,2008,WCBS,51.05938359554164,-2.4722540540012177
51244,,TQ7445,574000,145000,,England,,2,2007,2008,WCBS,51.17775870239652,0.4879431138638103
51245,,NJ7956,379000,856000,2000.0,Scotland,10.0,1,2010,2010,WCBS,57.593532371313515,-2.352951847464485
51246,,TR2754,627000,154000,,England,,1,2007,2007,WCBS,51.239991806244795,1.2507211650420318
51247,,SY7881,378000,81000,,England,10.0,1,2006,2006,WCBS,50.62828020637473,-2.3123997361417974
51248,,SY8181,381000,81000,,England,10.0,1,2006,2006,WCBS,50.628386295724646,-2.2699859295091893
51249,,TL1008,510000,208000,,England,,4,2006,2016,WCBS,51.75989189066311,-0.40759565671128184
51250,,TL3064,530000,264000,,England,10.0,1,2006,2006,WCBS,52.258814421347445,-0.09673671869767576
51251,,TL3767,537000,267000,,England,,1,2006,2006,WCBS,52.284071658924226,0.006973989542520344
51252,,TQ2021,520000,121000,,England,10.0,1,2006,2006,WCBS,50.975919128716335,-0.2921135086837733
51253,,SJ4448,344000,348000,2000.0,England,10.0,11,2013,2023,WCBS,53.02634359892803,-2.8363879773048937
51254,,TQ2817,528000,117000,,England,10.0,1,2023,2023,WCBS,50.938247204601744,-0.17962788939929972
51255,,H9725,105356,483767,2000.0,Northern Ireland,10.0,1,2010,2010,WCBS,54.164876369204435,-6.5156668841061975
51256,,TL0275,502000,275000,,England,,2,2007,2010,WCBS,52.36357167245565,-0.5034738957891519
51257,,TL8203,582000,203000,,England,10.0,1,2007,2007,WCBS,51.696236542841056,0.6320586996444151
51258,,TM1091,610000,291000,2000.0,England,10.0,5,2007,2023,WCBS,52.47650755125454,1.0907733068965755
51259,,TQ3048,530000,148000,2000.0,England,10.0,1,2007,2007,WCBS,51.21640974854005,-0.1400401698807675
51260,,SN5984,259000,284000,2000.0,Wales,10.0,9,2010,2018,WCBS,52.43573441365551,-4.0755601402716435
51261,,SE2611,426000,411000,,England,10.0,1,2010,2010,WCBS,53.59493433289603,-1.6086407732004278
51262,,SE6318,463000,418000,,England,10.0,3,2010,2013,WCBS,53.6547106272166,-1.048256288689446
51263,,SJ7891,378000,391000,2421.0,England,10.0,14,2010,2023,WCBS,53.41534204240799,-2.332459612700716
51265,,ST6695,366000,195000,2000.0,England,10.0,14,2010,2023,WCBS,51.65275462106767,-2.492852896002471
51266,,ST7637,376000,137000,,England,10.0,12,2010,2023,WCBS,51.13176757831973,-2.3443701033967574
51267,,SO8933,389000,233000,2000.0,England,10.0,14,2010,2023,WCBS,51.995335202956106,-2.161620719084748
51268,,SX4068,240000,68000,2000.0,England,10.0,8,2010,2023,WCBS,50.489904302725,-4.256949933952558
51269,,TF9434,594000,334000,2000.0,England,10.0,11,2010,2022,WCBS,52.868495043238774,0.8808108792546999
51270,,TQ3331,533000,131000,2000.0,England,10.0,7,2010,2016,WCBS,51.06293921009248,-0.10338283621611088
51271,,TQ4118,541000,118000,,England,10.0,1,2010,2010,WCBS,50.94420475170291,0.005664132436526882
51272,,TQ5317,553000,117000,2000.0,England,10.0,14,2010,2023,WCBS,50.932162004041004,0.1759296407317732
51273,,TQ2759,527000,159000,2000.0,England,10.0,14,2010,2023,WCBS,51.31594446388003,-0.17906751672990506
51274,,ST0666,306000,166000,,Wales,10.0,4,2012,2021,WCBS,51.3852337276722,-3.3522041248443433
51275,,TQ2436,524000,136000,2000.0,England,10.0,11,2011,2021,WCBS,51.10989090666597,-0.2300360666694955
51276,,SD5217,352000,417000,,England,10.0,4,2012,2015,WCBS,53.64729036007271,-2.727605438416967
51277,,ST9709,397000,109000,2000.0,England,10.0,12,2012,2023,WCBS,50.880484585895395,-2.044012793886263
51278,,TQ2338,523000,138000,2000.0,England,10.0,1,2012,2012,WCBS,51.12808182978454,-0.2436323401053104
51279,,SU9794,497000,194000,,England,10.0,1,2012,2012,WCBS,51.63645336069217,-0.599778737481173
51280,,NT2856,328000,656000,2000.0,Scotland,10.0,12,2012,2023,WCBS,55.79191450879401,-3.1498428962640603
51281,,SO9714,397000,214000,2000.0,England,10.0,12,2012,2023,WCBS,51.82461194898713,-2.0449322930333924
51282,,SH7035,270000,335000,2000.0,Wales,10.0,6,2012,2018,WCBS,52.89667774086803,-3.933984654114846
51283,,TQ0071,500000,171000,2000.0,England,10.0,4,2011,2016,WCBS,51.42919152298574,-0.5629684944343581
51284,,TQ1435,514000,135000,2000.0,England,10.0,2,2011,2012,WCBS,51.102976747050604,-0.37313743457874515
51285,,NS0762,207000,662000,2000.0,Scotland,10.0,4,2011,2014,WCBS,55.81258490175122,-5.081684075406913
51286,,NX6161,261000,561000,2000.0,Scotland,10.0,1,2011,2011,WCBS,54.92427571200018,-4.170501812700289
51287,,NY1172,311000,572000,2000.0,Scotland,10.0,1,2011,2011,WCBS,55.03452261537782,-3.3940451488810317
51289,,NR5786,157000,686000,2000.0,Scotland,10.0,1,2011,2011,WCBS,56.005169097491944,-5.89935217465937
51290,,NR4667,146000,667000,2000.0,Scotland,10.0,1,2011,2011,WCBS,55.82918998703335,-6.057450499853334
51291,,ST1583,315000,183000,2000.0,Wales,10.0,3,2011,2013,WCBS,51.53947571404146,-3.2269968021191753
51292,,SD6168,361000,468000,2000.0,England,10.0,12,2011,2023,WCBS,54.10639548075328,-2.5979716523742122
51293,,J3794,151102,549131,2000.0,Northern Ireland,10.0,3,2011,2017,WCBS,54.77519542411775,-5.871734863345548
51294,,SU5921,459000,121000,2000.0,England,10.0,8,2012,2023,WCBS,50.985389062345334,-1.1608360330814773
51295,,ST3104,331000,104000,2000.0,England,10.0,11,2012,2023,WCBS,50.83140377317368,-2.981134538571913
51296,,SZ0196,401000,96000,2000.0,England,10.0,10,2012,2023,WCBS,50.76358964088334,-1.9871870264804659
51297,,SU0717,407000,117000,2000.0,England,10.0,7,2012,2020,WCBS,50.952390788838535,-1.901719022117198
51298,,ST9316,393000,116000,2000.0,England,10.0,10,2012,2021,WCBS,50.943395689726785,-2.101006364325344
51299,,SU4771,447000,171000,2000.0,England,10.0,8,2012,2023,WCBS,51.436056149958596,-1.3252427528478237
51300,,SU6719,467000,119000,,England,10.0,1,2012,2012,WCBS,50.966533078675674,-1.0472486353650128
51301,,NT2823,328000,623000,2000.0,Scotland,10.0,1,2011,2011,WCBS,55.4954621924161,-3.141188022994508
51302,,J3725,145225,480372,2000.0,Northern Ireland,10.0,10,2011,2020,WCBS,54.15577060353144,-5.903663295009326
51303,,NX4976,249000,576000,2000.0,Scotland,10.0,2,2011,2012,WCBS,55.05546702214674,-4.365493585923938
51306,,SP0507,405000,207000,,England,10.0,1,2012,2012,WCBS,51.76166224128028,-1.928955189514733
51307,,NJ1533,315000,833000,2000.0,Scotland,10.0,3,2011,2018,WCBS,57.3794725368912,-3.4153112251508024
51308,,SU0301,403000,101000,2000.0,England,10.0,10,2012,2023,WCBS,50.808545975186426,-1.9587901042863318
51309,,SN8888,288000,288000,,Wales,10.0,3,2012,2014,WCBS,52.47839680861109,-3.65052638844279
51310,,SP0392,403000,292000,,England,10.0,1,2012,2012,WCBS,52.52586614306521,-1.9572120486926654
51311,,NO5959,359000,759000,2000.0,Scotland,10.0,1,2011,2011,WCBS,56.72086531835838,-2.6715133061694876
51312,,NJ9736,397000,836000,2000.0,Scotland,10.0,14,2009,2023,WCBS,57.41436534781447,-2.0515885502332223
51313,,NH3003,230000,803000,,Scotland,10.0,4,2009,2013,WCBS,57.08650488633064,-4.806971767447247
51314,,NN2501,225000,701000,2000.0,Scotland,10.0,1,2009,2009,WCBS,56.16942528423758,-4.820211997067012
51315,,NR8396,183000,696000,2000.0,Scotland,10.0,2,2009,2012,WCBS,56.10731929434354,-5.491330477945786
51316,,ST6266,362000,166000,2000.0,England,10.0,17,2007,2023,WCBS,51.39175817686486,-2.5475310871261576
51317,,ST7668,376000,168000,2000.0,England,10.0,10,2009,2020,WCBS,51.410508838032186,-2.346461566369183
51318,,SD1183,311000,483000,2000.0,England,10.0,8,2009,2017,WCBS,54.23493877277755,-3.366951679473214
51319,,SD2883,328000,483000,2000.0,England,10.0,11,2009,2023,WCBS,54.237614774763735,-3.1061951195473334
51320,,SD4896,348000,496000,2000.0,England,10.0,9,2009,2023,WCBS,54.35686302113924,-2.8016416505538633
51321,,SE0602,406000,402000,2000.0,England,10.0,5,2009,2023,WCBS,53.51464559588725,-1.910987614481969
51322,,SU3476,434000,176000,2000.0,England,10.0,13,2009,2023,WCBS,51.48193892285193,-1.5117743003589323
51323,,SP8314,483000,214000,2014.0,England,10.0,4,2009,2023,WCBS,51.81847333483716,-0.7972611309944675
51324,,SU9596,495000,196000,2000.0,England,10.0,12,2009,2023,WCBS,51.654771607102326,-0.6281266195598587
51326,,SJ2883,328000,383000,2000.0,England,10.0,6,2009,2014,WCBS,53.3389819242264,-3.082796694270238
51327,,SJ7488,374000,388000,2000.0,England,10.0,14,2009,2023,WCBS,53.38819420091553,-2.3923906036383142
51328,,SW3925,139000,25000,2000.0,England,10.0,5,2009,2019,WCBS,50.067704862005705,-5.648632728175428
51329,,NZ2024,420000,524000,2000.0,England,10.0,14,2009,2022,WCBS,54.610769039093384,-1.691861141492804
51330,,NT6565,365000,665000,2000.0,Scotland,10.0,4,2009,2023,WCBS,55.87687797633517,-2.5609695391076106
51331,,TL4602,546000,202000,2000.0,England,10.0,13,2007,2019,WCBS,51.69776288669124,0.11116476632280693
51332,,SH5265,252000,365000,2000.0,Wales,10.0,6,2009,2019,WCBS,53.16149442395538,-4.21513536464383
51333,,SU2200,422000,100000,2000.0,England,10.0,13,2009,2022,WCBS,50.79914732973218,-1.6891957155695125
51334,,SU3020,430000,120000,2000.0,England,10.0,9,2007,2019,WCBS,50.97863319452248,-1.5740457500186988
51335,,SU3939,439000,139000,2000.0,England,10.0,17,2007,2023,WCBS,51.148938333964686,-1.4438106270183726
51336,,TL6210,562000,210000,,England,10.0,2,2009,2010,WCBS,51.76524565413224,0.34619984029981904
51337,,TM0028,600000,228000,,England,,4,2007,2013,WCBS,51.91460422162467,0.9065799874767045
51338,,TM1717,617000,217000,,England,10.0,8,2007,2014,WCBS,51.80949561621022,1.1464682575434506
51339,,ST6054,360000,154000,,England,10.0,1,2009,2009,WCBS,51.283725181534436,-2.5749220442379297
51340,,ST6155,361000,155000,,England,10.0,2,2009,2012,WCBS,51.292786093308386,-2.5606938829082435
51341,,TL5810,558000,210000,,England,10.0,5,2009,2014,WCBS,51.766387712046374,0.2882848479565758
51342,,NZ9400,494000,500000,2000.0,England,10.0,7,2009,2017,WCBS,54.38682017308663,-0.5540174222795097
51343,,SP1039,410000,239000,2123.0,England,10.0,15,2009,2023,WCBS,52.049302246319684,-1.8555909909170736
51344,,ST8198,381000,198000,,England,10.0,5,2007,2013,WCBS,51.68043812599274,-2.276202292258174
51345,,SJ7792,377000,392000,,England,10.0,2,2007,2009,WCBS,53.42428754310079,-2.3475778494173674
51347,,SK1262,412000,362000,,England,10.0,4,2007,2011,WCBS,53.15499970805616,-1.8220069822073512
51348,,ST7316,373000,116000,2000.0,England,10.0,15,2009,2023,WCBS,50.94280192611385,-2.3856711892785762
51349,,ST7705,377000,105000,2000.0,England,10.0,14,2009,2023,WCBS,50.8440613916278,-2.328042939791702
51350,,ST9707,397000,107000,2000.0,England,10.0,12,2009,2022,WCBS,50.862499718899564,-2.0439957578999377
51351,,ST9910,399000,110000,2000.0,England,10.0,15,2009,2023,WCBS,50.88948432228833,-2.0155872805809123
51352,,SU0600,406000,100000,1831.0,England,10.0,10,2009,2022,WCBS,50.799530733853665,-1.9162288449214788
51353,,TL9196,591000,296000,,England,,1,2009,2009,WCBS,52.528377039226946,0.8142545534339122
51354,,SU6439,464000,139000,2000.0,England,10.0,7,2009,2017,WCBS,51.14669380197827,-1.0864338779863574
51355,,SZ1698,416000,98000,,England,10.0,3,2009,2011,WCBS,50.78135789500512,-1.7744190024779232
51356,,TL3207,532000,207000,2000.0,England,10.0,7,2009,2023,WCBS,51.74615765792258,-0.0893889706214527
51357,,TL3212,532000,212000,,England,10.0,15,2009,2023,WCBS,51.79108786942723,-0.08749068532527972
51358,,NH1062,210000,862000,,Scotland,10.0,1,2009,2009,WCBS,57.6078601666589,-5.181965326566258
51359,,TQ6478,564000,178000,,England,,3,2007,2009,WCBS,51.477188891459484,0.3601884801259142
51360,,TR1651,616000,151000,2000.0,England,10.0,15,2009,2023,WCBS,51.21732306594876,1.0915757455427573
51361,,TR2839,628000,139000,2000.0,England,10.0,7,2009,2022,WCBS,51.10493232546309,1.2555175971115715
51362,,SP5698,456000,298000,2000.0,England,10.0,5,2009,2020,WCBS,52.5769414047968,-1.1750579185757506
51363,,TF2269,522000,369000,,England,10.0,1,2009,2009,WCBS,53.20408122759577,-0.1748990125877165
51364,,TF6926,569000,326000,2000.0,England,10.0,17,2007,2023,WCBS,52.80507374406805,0.5056626797338749
51365,,TF6934,569000,334000,2000.0,England,10.0,10,2007,2018,WCBS,52.87692007347841,0.5098036962965731
51366,,ST1914,319000,114000,2030.0,England,10.0,12,2007,2023,WCBS,50.919752591314726,-3.1537129708937153
51367,,ST3547,335000,147000,2000.0,England,10.0,8,2009,2023,WCBS,51.218481296448275,-2.9320683121981768
51368,,ST3566,335000,166000,,England,,4,2009,2013,WCBS,51.38930213832397,-2.9355359635355494
51369,,TQ3069,530000,169000,2000.0,England,10.0,2,2009,2018,WCBS,51.40513664990555,-0.13239290481474636
51370,,SU9402,494000,102000,2000.0,England,10.0,16,2008,2023,WCBS,50.80993608300127,-0.6672143125621641
51371,,ST4872,348000,172000,2000.0,England,10.0,6,2009,2023,WCBS,51.44458994309054,-2.749607849222705
51372,,ST4944,349000,144000,,England,10.0,6,2009,2023,WCBS,51.19293291082078,-2.731205310291577
51373,,ST6945,369000,145000,,England,10.0,3,2007,2022,WCBS,51.203363668509255,-2.4450986276512943
51374,,ST7146,371000,146000,,England,10.0,2,2007,2009,WCBS,51.21246079077933,-2.4165537056720665
51375,,ST7542,375000,142000,1982.0,England,10.0,3,2007,2022,WCBS,51.17668370097872,-2.3590100813130923
51376,,ST7653,376000,153000,2000.0,England,10.0,14,2007,2022,WCBS,51.275635710846515,-2.3454453887046705
51377,,SJ8937,389000,337000,,England,,1,2009,2009,WCBS,52.930289790995886,-2.165086953456119
51378,,SK0500,405000,300000,2000.0,England,10.0,14,2009,2023,WCBS,52.59777048676271,-1.927615356135153
51379,,NS6591,265000,691000,,Scotland,10.0,3,2009,2015,WCBS,56.092661046267345,-4.1714872592337775
51380,,NS7196,271000,696000,,Scotland,10.0,2,2009,2010,WCBS,56.139211893399725,-4.077538863878859
51381,,TL7262,572000,262000,2000.0,England,10.0,13,2009,2023,WCBS,52.22933545218581,0.5170401720741722
51382,,TL7781,577000,281000,2000.0,England,10.0,14,2009,2023,WCBS,52.39839123240375,0.600156719456213
51383,,TM1838,618000,238000,,England,,6,2009,2015,WCBS,51.997625864300005,1.174222756432373
51384,,TM2560,625000,260000,,England,10.0,1,2009,2009,WCBS,52.19230333164039,1.2905252847629733
51385,,TM3582,635000,282000,,England,10.0,1,2009,2009,WCBS,52.38556437258269,1.4518816458713093
51386,,NZ0567,405000,567000,,England,,2,2009,2011,WCBS,54.99755365648714,-1.9233764182134634
51387,,SK7792,477000,392000,2000.0,England,10.0,13,2007,2019,WCBS,53.419191118602036,-0.8428607367980069
51388,,NH4955,249000,855000,,Scotland,,2,2009,2010,WCBS,57.559786123629685,-4.525626238798512
51389,,SD4050,340000,450000,,England,,1,2007,2007,WCBS,53.942614333722354,-2.91555351451058
51390,,TQ3833,538000,133000,,England,,2,2009,2011,WCBS,51.079733833005186,-0.03131134176868246
51391,,TQ6706,567000,106000,,England,10.0,1,2009,2009,WCBS,50.82945000749514,0.3699638707628603
51392,,SP1450,414000,250000,2000.0,England,10.0,7,2009,2015,WCBS,52.148111815073285,-1.7968145632940564
51393,,SP2798,427000,298000,2000.0,England,10.0,15,2009,2023,WCBS,52.57914826980641,-1.6029846275789363
51394,,SP4077,440000,277000,2000.0,England,10.0,7,2009,2018,WCBS,52.38957113730279,-1.4136628826421096
51396,,SE0113,401000,413000,2000.0,England,10.0,2,2009,2018,WCBS,53.61354917913906,-1.9863580263648655
51397,,SE3753,437000,453000,,England,,5,2009,2013,WCBS,53.971752792480565,-1.4374256294914822
51398,,SE7231,472000,431000,,England,10.0,3,2009,2011,WCBS,53.77037524083642,-0.9090897515348249
51399,,TA2236,522000,436000,,England,10.0,1,2009,2009,WCBS,53.805993840968895,-0.14885476470607956
51400,,SU5647,456000,147000,2000.0,England,10.0,7,2009,2017,WCBS,51.21945944771636,-1.1995448151892374
51401,,SK3496,434000,396000,2000.0,England,10.0,5,2009,2017,WCBS,53.45965816601978,-1.489397282952967
51402,,SN2542,225000,242000,,Wales,,1,2006,2006,WCBS,52.04868790454844,-4.5534541227544105
51403,,SP0848,408000,248000,,England,,1,2006,2006,WCBS,52.13024914806139,-1.8845470063978251
51404,,ST2846,328000,146000,,England,,1,2007,2007,WCBS,51.20864956451068,-3.0320783962993003
51405,,SP9792,497000,292000,,England,10.0,1,2007,2007,WCBS,52.51726133160802,-0.5719463504655551
51406,,SS8443,284000,143000,,England,10.0,3,2007,2021,WCBS,51.174435368571615,-3.660748554502227
51407,,SS8932,289000,132000,,England,,1,2007,2007,WCBS,51.07655435961905,-3.5858634099612257
51408,,SH9323,293000,323000,,Wales,,2,2007,2008,WCBS,52.793920916739786,-3.588291562278161
51409,,SH9918,299000,318000,,Wales,,2,2007,2008,WCBS,52.75014632963065,-3.4977999411813814
51410,,SH9919,299000,319000,,Wales,,2,2007,2008,WCBS,52.75913279192147,-3.498108322457137
51411,,SJ5328,353000,328000,,England,10.0,1,2007,2007,WCBS,52.847439968830955,-2.699308297626418
51412,,TF7234,572000,334000,,England,10.0,1,2007,2007,WCBS,52.875970222548624,0.5543341610724435
51413,,ST4445,344000,145000,,England,10.0,1,2007,2007,WCBS,51.20145482302245,-2.8029058361924966
51414,,ST7546,375000,146000,,England,,1,2008,2008,WCBS,51.21265073494786,-2.3592899040186386
51415,,ST7931,379000,131000,,England,10.0,1,2007,2007,WCBS,51.07793435552294,-2.3011457982636268
51416,,SU3605,436000,105000,,England,10.0,1,2007,2007,WCBS,50.84341024109901,-1.4900587290813796
51417,,SU4689,446000,189000,,England,10.0,4,2007,2013,WCBS,51.59797311287958,-1.3372842435812806
51418,,TQ6169,561000,169000,,England,,2,2007,2014,WCBS,51.397191994802235,0.3129381480447777
51419,,SY7784,377000,84000,,England,10.0,1,2006,2006,WCBS,50.65521935158696,-2.326724770481685
51420,,TL1009,510000,209000,,England,10.0,1,2006,2006,WCBS,51.768879471352044,-0.4072793950742148
51421,,TL1917,519000,217000,,England,10.0,1,2006,2006,WCBS,51.838936151941155,-0.2741689792312748
51422,,TL2115,521000,215000,,England,,2,2006,2013,WCBS,51.820533352863244,-0.24585284250800113
51423,,J1476,126643,533157,2000.0,Northern Ireland,10.0,8,2010,2018,WCBS,54.61932042616183,-6.235981245216764
51424,,J1734,126057,491040,2000.0,Northern Ireland,10.0,2,2010,2015,WCBS,54.241527059292494,-6.2061180701042
51425,,J4864,159502,518299,2000.0,Northern Ireland,10.0,9,2010,2022,WCBS,54.50279910293812,-5.716096312753757
51426,,TQ2022,520000,122000,,England,10.0,2,2008,2010,WCBS,50.98490739730606,-0.2917836858550577
51428,,SD3033,330000,433000,,England,10.0,3,2010,2012,WCBS,53.7885893984937,-3.0639860359668547
51429,,SD9613,396000,413000,2000.0,England,10.0,7,2010,2022,WCBS,53.61353376581861,-2.0619356791931587
51430,,SJ6226,362000,326000,,England,10.0,2,2010,2013,WCBS,52.83017415010965,-2.565448769623421
51431,,SK2936,429000,336000,,England,10.0,10,2010,2023,WCBS,52.920638910766705,-1.5701238820942853
51432,,SP7402,474000,202000,,England,,1,2010,2010,WCBS,51.711861924154405,-0.930356789466915
51433,,SN8889,288000,289000,,Wales,10.0,4,2010,2014,WCBS,52.48738302669206,-3.650862880925473
51434,,SO4304,343000,204000,,Wales,10.0,1,2010,2010,WCBS,51.7318004517963,-2.826751580906428
51435,,SO7074,370000,274000,,England,10.0,3,2010,2013,WCBS,52.363226145793845,-2.4419827185963285
51436,,SO9486,394000,286000,,England,10.0,2,2010,2013,WCBS,52.47189995947731,-2.08975664976296
51437,,TF4513,545000,313000,,England,10.0,4,2010,2013,WCBS,52.69527171592249,0.14417653751340911
51438,,TQ8754,587000,154000,2000.0,England,10.0,9,2010,2018,WCBS,51.25449719431372,0.6784064565009753
51439,,SO7482,374000,282000,,England,,3,2012,2014,WCBS,52.435350385227046,-2.3838671384710373
51440,,J5335,162018,488979,,Northern Ireland,10.0,2,2012,2013,WCBS,54.241024155357415,-5.653869820708656
51441,,TQ1208,512000,108000,,England,,1,2012,2012,WCBS,50.860673456189595,-0.4100029901686078
51442,,TL6142,561000,242000,2000.0,England,10.0,14,2010,2023,WCBS,52.05300057223499,0.3466625435055728
51443,,TL7910,579000,210000,2000.0,England,10.0,12,2012,2023,WCBS,51.760073883249376,0.5922941181203069
51444,,SU7808,478000,108000,,England,,3,2012,2014,WCBS,50.86625332481333,-0.8929790200064569
51445,,TQ5425,554000,125000,2000.0,England,10.0,12,2012,2023,WCBS,51.003781709483306,0.19353350630564958
51446,,SS7938,279000,138000,2000.0,England,10.0,9,2011,2021,WCBS,51.12845880253585,-3.7305563585308374
51447,,SU8615,486000,115000,,England,10.0,1,2011,2011,WCBS,50.92805264705445,-0.7776780353514013
51448,,TL5070,550000,270000,,England,,1,2011,2011,WCBS,52.30763168899923,0.19874086497505697
51450,,SS5410,254000,110000,,England,10.0,1,2011,2011,WCBS,50.871011383829696,-4.07632640614833
51451,,TQ7214,572000,114000,2000.0,England,10.0,3,2011,2022,WCBS,50.89986134330729,0.4446515944720539
51452,,NS4280,242000,680000,2000.0,Scotland,10.0,2,2011,2012,WCBS,55.986876038147756,-4.534311824681181
51453,,NT0035,300000,635000,2000.0,Scotland,10.0,10,2011,2023,WCBS,55.59831352568553,-3.5885570509832108
51454,,H5347,63353,509445,2000.0,Northern Ireland,10.0,6,2011,2023,WCBS,54.36891313141578,-7.185315607356022
51455,,SJ2938,329000,338000,,Wales,,1,2011,2011,WCBS,52.93468391867663,-3.0577966270466526
51456,,NO4603,346000,703000,2000.0,Scotland,10.0,6,2011,2016,WCBS,56.21649520028026,-2.8722810941046544
51457,,NT1174,311000,674000,2000.0,Scotland,10.0,1,2011,2011,WCBS,55.950758019432556,-3.42679566412802
51458,,NR7664,176000,664000,2000.0,Scotland,10.0,1,2011,2011,WCBS,55.81714210169163,-5.577056694084317
51459,,NR7150,171000,650000,2000.0,Scotland,10.0,13,2011,2023,WCBS,55.68926240395692,-5.644945434838304
51460,,NS0225,202000,625000,2000.0,Scotland,10.0,6,2011,2016,WCBS,55.47861084578124,-5.134691966718364
51461,,SJ0821,308000,321000,,Wales,10.0,4,2011,2015,WCBS,52.778716010710085,-3.365347424043282
51462,,SS9891,298000,191000,,Wales,10.0,1,2012,2012,WCBS,51.6085633715898,-3.474362919952484
51463,,TF0028,500000,328000,,England,,1,2012,2012,WCBS,52.84023969413178,-0.5168333868646492
51464,,H5873,70557,534948,2000.0,Northern Ireland,10.0,8,2011,2018,WCBS,54.60190794827303,-7.103299139947098
51465,,SK2790,427000,390000,,England,,1,2012,2012,WCBS,53.40613223004025,-1.5953324587479683
51466,,SP5810,458000,210000,2000.0,England,10.0,5,2012,2018,WCBS,51.78566207632412,-1.1605715095320646
51467,,TF9313,593000,313000,2000.0,England,10.0,12,2011,2023,WCBS,52.68030989455958,0.853608771143709
51468,,TM0478,604000,278000,,England,10.0,4,2012,2015,WCBS,52.3620706072877,0.9946343613867717
51469,,NB3315,133000,915000,,Scotland,10.0,2,2012,2013,WCBS,58.04349250177973,-6.5261678662641724
51470,,TQ2974,529000,174000,2000.0,England,10.0,3,2012,2014,WCBS,51.45029908495219,-0.14494272798025098
51471,,NJ0631,306000,831000,2000.0,Scotland,10.0,7,2012,2018,WCBS,57.35974286856048,-3.5641679461287348
51472,,ST9235,392000,135000,2000.0,England,10.0,8,2012,2023,WCBS,51.114233786282504,-2.1156652120648176
51473,,NT5151,351000,651000,,Scotland,,1,2012,2012,WCBS,55.74987713831726,-2.782180364909711
51475,,C9742,115353,600399,2000.0,Northern Ireland,10.0,11,2013,2023,WCBS,55.21552232574463,-6.47681058360714
51476,,D1312,128725,569124,2000.0,Northern Ireland,10.0,1,2013,2013,WCBS,54.94278242684762,-6.237451915602056
51477,,H5453,64861,515344,2000.0,Northern Ireland,10.0,3,2013,2015,WCBS,54.42270564895663,-7.168850673140407
51478,,J1653,126676,510062,2000.0,Northern Ireland,10.0,9,2013,2021,WCBS,54.41235086121808,-6.214070225373498
51479,,J4246,151992,500874,2000.0,Northern Ireland,10.0,3,2013,2015,WCBS,54.34293252382078,-5.817238966105949
51480,,J4547,155066,501615,2000.0,Northern Ireland,10.0,3,2013,2015,WCBS,54.35106284466838,-5.7706670473410515
51481,,NA9924,99000,924000,,Scotland,10.0,1,2013,2013,WCBS,58.1022684918431,-7.111369584328912
51482,,ND0665,306000,965000,2000.0,Scotland,10.0,7,2012,2023,WCBS,58.56284593538257,-3.61746898849627
51483,,ND2490,324000,990000,,Scotland,10.0,1,2013,2013,WCBS,58.79082951365943,-3.3166093967274826
51484,,ND2496,324000,996000,,Scotland,10.0,1,2013,2013,WCBS,58.84469906021206,-3.3186534698694956
51485,,NN8623,286000,723000,2000.0,Scotland,10.0,3,2013,2015,WCBS,56.3854843529444,-3.847951753293685
51486,,NO2306,323000,706000,2000.0,Scotland,10.0,2,2013,2015,WCBS,56.24027090618594,-3.243920508310813
51487,,NS3365,233000,665000,2000.0,Scotland,10.0,1,2013,2013,WCBS,55.84920263742423,-4.669135923364399
51488,,NS3855,238000,655000,2000.0,Scotland,10.0,3,2013,2015,WCBS,55.76115026914848,-4.5834064870508815
51489,,NS6773,267000,673000,,Scotland,,3,2013,2015,WCBS,55.93161050516172,-4.130447607309347
51490,,NS8996,289000,696000,2000.0,Scotland,10.0,11,2013,2023,WCBS,56.143741913313384,-3.7880428253359635
51491,,NT0088,300000,688000,2000.0,Scotland,10.0,4,2013,2019,WCBS,56.074328716705125,-3.6080899330689182
51492,,NT2466,324000,666000,2000.0,Scotland,10.0,10,2013,2023,WCBS,55.88113034604847,-3.21642211869792
51493,,NT5271,352000,671000,2000.0,Scotland,10.0,3,2013,2017,WCBS,55.929659610530514,-2.7697943712943673
51494,,NT6027,360000,627000,2000.0,Scotland,10.0,5,2013,2017,WCBS,55.53507479704308,-2.635312301645945
51495,,NX3656,236000,556000,2000.0,Scotland,10.0,2,2009,2023,WCBS,54.87180041113667,-4.557356492838783
51496,,NY7906,379000,506000,2000.0,England,10.0,9,2013,2023,WCBS,54.4489583615315,-2.3253628092071397
51497,,NZ2159,421000,559000,2000.0,England,10.0,10,2013,2023,WCBS,54.92525112306475,-1.6738611772269156
51498,,SD2708,327000,408000,2000.0,England,10.0,5,2013,2019,WCBS,53.56351515208516,-3.1036230245724186
51499,,SD9842,398000,442000,2000.0,England,10.0,9,2013,2023,WCBS,53.8741986827837,-2.031903068078926
51501,,SE5189,451000,489000,2000.0,England,10.0,3,2013,2016,WCBS,54.294082967053605,-1.21794700259637
51502,,SE5245,452000,445000,2000.0,England,10.0,8,2013,2021,WCBS,53.89857010306365,-1.2101306210579221
51503,,SE7636,476000,436000,,England,10.0,3,2013,2016,WCBS,53.814738610488305,-0.8471833639844032
51504,,SE8650,486000,450000,,England,,2,2013,2014,WCBS,53.93898035479362,-0.6914214903692517
51505,,SH3964,239000,364000,2000.0,Wales,10.0,3,2013,2017,WCBS,53.14873985999789,-4.408896604015473
51506,,SH4574,245000,374000,2000.0,Wales,10.0,2,2013,2019,WCBS,53.24033508736087,-4.32411579180833
51507,,SH7205,272000,305000,2000.0,Wales,10.0,11,2013,2023,WCBS,52.62762039823292,-3.892544609654884
51508,,SJ0714,307000,314000,2000.0,Wales,10.0,4,2013,2019,WCBS,52.7156358911161,-3.3781808179629356
51509,,SJ0830,308000,330000,,Wales,10.0,1,2013,2013,WCBS,52.85959792690071,-3.367885520511277
51510,,SJ0877,308000,377000,,Wales,10.0,2,2013,2014,WCBS,53.28196186311408,-3.381339728635146
51511,,SJ1958,319000,358000,,Wales,10.0,2,2013,2014,WCBS,53.11300881761528,-3.21157175123712
51512,,SJ2077,320000,377000,2000.0,Wales,10.0,6,2013,2023,WCBS,53.28391087658721,-3.2014020488713735
51513,,SJ3039,330000,339000,,Wales,,1,2013,2013,WCBS,52.94380320553968,-3.0431373609188515
51515,,SJ6513,365000,313000,,England,10.0,1,2013,2013,WCBS,52.713519147125524,-2.519530276795336
51516,,SJ6921,369000,321000,2000.0,England,10.0,8,2013,2022,WCBS,52.78567794290761,-2.4610808983212378
51517,,SJ7983,379000,383000,,England,10.0,2,2013,2014,WCBS,53.3434754075546,-2.316879976477204
51518,,SJ8487,384000,387000,2000.0,England,10.0,4,2013,2016,WCBS,53.379605486238404,-2.241985270519126
51519,,SK3942,439000,342000,,England,10.0,3,2013,2015,WCBS,52.97394082011366,-1.4206796740122754
51520,,SK4872,448000,372000,,England,10.0,1,2013,2013,WCBS,53.24286149894504,-1.2821922078839005
51521,,SK8487,484000,387000,,England,,2,2013,2016,WCBS,53.37319268864603,-0.7388887814369002
51522,,SN6831,268000,231000,2000.0,Wales,10.0,11,2013,2023,WCBS,51.96176447011999,-3.9225842280792675
51523,,SO5092,350000,292000,2000.0,England,10.0,8,2013,2020,WCBS,52.52356910908553,-2.738368646537595
51524,,SO5941,359000,241000,,England,10.0,3,2013,2015,WCBS,52.06584564106669,-2.5995034657761797
51525,,SO6554,365000,254000,2000.0,England,10.0,8,2013,2020,WCBS,52.18313035096127,-2.5133239026613694
51526,,SO6575,365000,275000,2000.0,England,10.0,10,2013,2023,WCBS,52.37191835295253,-2.515510843329306
51527,,SO7125,371000,225000,2000.0,England,10.0,9,2013,2023,WCBS,51.92275910065223,-2.423099919503125
51528,,SO8224,382000,224000,2000.0,England,10.0,9,2013,2023,WCBS,51.91423495725515,-2.2630974076509087
51529,,SO8819,388000,219000,2000.0,England,10.0,11,2013,2023,WCBS,51.869443713897965,-2.1756922477529126
51530,,SO8987,389000,287000,,England,10.0,1,2013,2013,WCBS,52.4808109807371,-2.163396730963326
51531,,SO9086,390000,286000,,England,10.0,2,2013,2014,WCBS,52.47184049869489,-2.1486420635960894
51532,,SO9173,391000,273000,,England,10.0,1,2013,2013,WCBS,52.35498765515707,-2.133566501344621
51533,,SO9888,398000,288000,,England,10.0,3,2013,2016,WCBS,52.489910021269715,-2.0308837761125207
51534,,SP0815,408000,215000,2000.0,England,10.0,11,2013,2023,WCBS,51.83355593052286,-1.8853055118898705
51535,,SP1136,411000,236000,2000.0,England,10.0,3,2013,2015,WCBS,52.02231169590537,-1.841104409903548
51536,,SP1273,412000,273000,2000.0,England,10.0,6,2013,2018,WCBS,52.35493459817884,-1.8252337127674363
51537,,SP1331,413000,231000,2000.0,England,10.0,8,2013,2023,WCBS,51.977315620128536,-1.812145861501094
51538,,SP1436,414000,236000,,England,10.0,2,2013,2014,WCBS,52.022244721941,-1.7973846263226712
51539,,SP2528,425000,228000,2000.0,England,10.0,3,2013,2015,WCBS,51.949936074470635,-1.6376611498326545
51540,,SP5165,451000,265000,2000.0,England,10.0,6,2013,2019,WCBS,52.28078636192089,-1.2538585488345104
51541,,SP5415,454000,215000,2000.0,England,10.0,11,2013,2023,WCBS,51.83101237534971,-1.2177763397092862
51542,,SP6254,462000,254000,2000.0,England,10.0,8,2013,2023,WCBS,52.18077664546811,-1.0946527747504995
51543,,SP7750,477000,250000,2000.0,England,10.0,2,2013,2014,WCBS,52.142935197342396,-0.8762214154277167
51544,,SP8502,485000,202000,2333.0,England,10.0,1,2013,2013,WCBS,51.710305343273205,-0.7711845983273602
51545,,SP8778,487000,278000,2000.0,England,10.0,11,2013,2023,WCBS,52.39311863641393,-0.722918675257701
51546,,SS4430,244000,130000,,England,,1,2013,2013,WCBS,51.048107950093346,-4.2269149793517125
51547,,SS5395,253000,195000,2000.0,Wales,10.0,6,2013,2019,WCBS,51.63454682876852,-4.125473044338463
51548,,SS5487,254000,187000,2000.0,Wales,10.0,3,2013,2018,WCBS,51.562925746095345,-4.107702172429113
51549,,SS7390,273000,190000,,Wales,10.0,2,2013,2014,WCBS,51.59448839566896,-3.8348419989114704
51550,,SS8092,280000,192000,,Wales,,2,2013,2014,WCBS,51.61399873117762,-3.734522229021226
51551,,ST2484,324000,184000,,Wales,,1,2013,2013,WCBS,51.54975089896228,-3.097470492829601
51552,,ST3514,335000,114000,2000.0,England,10.0,10,2013,2023,WCBS,50.92178013512048,-2.9261256486152387
51553,,ST4894,348000,194000,2000.0,Wales,10.0,8,2013,2023,WCBS,51.64238363909773,-2.752866088638942
51554,,ST6310,363000,110000,2000.0,England,10.0,8,2013,2023,WCBS,50.88829294846222,-2.5273881273444703
51555,,ST6617,366000,117000,1995.0,England,10.0,6,2013,2023,WCBS,50.95142219105783,-2.4853945318872874
51556,,ST7356,373000,156000,2000.0,England,10.0,4,2013,2019,WCBS,51.30247557918764,-2.388679875715906
51557,,ST7933,379000,133000,,England,10.0,7,2013,2023,WCBS,51.0959183110098,-2.3012627029492294
51558,,ST8312,383000,112000,2000.0,England,10.0,11,2013,2023,WCBS,50.90721645074569,-2.2431522081083806
51559,,ST9143,391000,143000,,England,,1,2013,2013,WCBS,51.18615460040777,-2.13015365069871
51560,,SU0563,405000,163000,,England,10.0,1,2013,2013,WCBS,51.36604246634619,-1.9295667534074261
51561,,SU0737,407000,137000,2000.0,England,10.0,8,2013,2023,WCBS,51.13223395286167,-1.9013388019304291
51562,,SU1783,417000,183000,,England,10.0,1,2013,2013,WCBS,51.54564148657714,-1.7562439438152908
51563,,SU2206,422000,106000,2000.0,England,10.0,10,2013,2023,WCBS,50.8531015746412,-1.6888375857484594
51564,,SU2370,423000,170000,,England,,4,2013,2022,WCBS,51.42854269827742,-1.670564567533183
51565,,SU5405,454000,105000,,England,10.0,4,2013,2016,WCBS,50.84201378575401,-1.234424062787612
51566,,SU5554,455000,154000,2000.0,England,10.0,9,2013,2021,WCBS,51.282493467573794,-1.212788293873879
51567,,SU6086,460000,186000,,England,10.0,9,2013,2023,WCBS,51.569687704105526,-1.1356969918235578
51568,,SU7249,472000,149000,2000.0,England,10.0,11,2013,2023,WCBS,51.235649894845096,-0.9700825500020597
51569,,SU7359,473000,159000,2000.0,England,10.0,2,2013,2014,WCBS,51.325426086198455,-0.9537213847610514
51570,,SU7475,474000,175000,,England,10.0,1,2013,2013,WCBS,51.46913827525614,-0.9360412307331246
51571,,SU7877,478000,177000,2000.0,England,10.0,7,2013,2019,WCBS,51.48658139587206,-0.8780253375672185
51572,,SX2389,223000,89000,,England,,2,2013,2014,WCBS,50.67368323392542,-4.506376758325457
51573,,SX4762,247000,62000,,England,10.0,2,2013,2014,WCBS,50.43785530127576,-4.155889664369431
51574,,SY9796,397000,96000,1891.0,England,10.0,6,2013,2023,WCBS,50.76358195287168,-2.0439023711371562
51575,,SZ8698,486000,98000,,England,10.0,1,2013,2013,WCBS,50.775215406105126,-0.7816656977722252
51576,,TA0749,507000,449000,2000.0,England,10.0,10,2013,2023,WCBS,53.92608695752971,-0.37199991429252566
51577,,TA1944,519000,444000,,England,10.0,2,2013,2014,WCBS,53.87855534349773,-0.19129065666251974
51579,,TF7041,570000,341000,2000.0,England,10.0,7,2013,2023,WCBS,52.93946922955779,0.5283067934753436
51580,,TF8016,580000,316000,2000.0,England,10.0,9,2013,2021,WCBS,52.7117206321988,0.6631741165120763
51581,,TG3201,632000,301000,2000.0,England,10.0,11,2013,2023,WCBS,52.557348390134344,1.421092555442989
51582,,TL0687,506000,287000,2000.0,England,10.0,6,2013,2019,WCBS,52.47065429469164,-0.44095498367694724
51583,,TL1356,513000,256000,,England,,2,2013,2014,WCBS,52.190672688011716,-0.34835974765849315
51584,,TL1719,517000,219000,2000.0,England,10.0,8,2013,2023,WCBS,51.857332281394946,-0.3025082009494966
51585,,TL1844,518000,244000,2000.0,England,10.0,7,2013,2023,WCBS,52.08178956590286,-0.2794109762775742
51586,,TL1920,519000,220000,,England,,1,2013,2013,WCBS,51.8658966622934,-0.27313724882885737
51588,,TL3843,538000,243000,2000.0,England,10.0,3,2013,2015,WCBS,52.0681853088028,0.011869241768586048
51589,,TL3911,539000,211000,2000.0,England,10.0,9,2013,2023,WCBS,51.78040848126256,0.0135385473415083
51590,,TL4764,547000,264000,,England,,1,2013,2013,WCBS,52.25453876618445,0.15215784666551205
51591,,TL5373,553000,273000,2000.0,England,10.0,10,2013,2023,WCBS,52.33375472881079,0.24407130930601784
51592,,TL5601,556000,201000,,England,,1,2013,2013,WCBS,51.68609086132051,0.2552972748748084
51593,,TL5756,557000,256000,,England,10.0,2,2013,2014,WCBS,52.179913673143766,0.2948280011877766
51594,,TL6509,565000,209000,,England,10.0,1,2013,2013,WCBS,51.75538716040983,0.3891591677472016
51595,,TM0683,606000,283000,2000.0,England,10.0,10,2013,2023,WCBS,52.40621101600815,1.0270342770249419
51596,,TM0958,609000,258000,,England,10.0,1,2013,2013,WCBS,52.180639749860084,1.0555740005610807
51597,,TM2481,624000,281000,2000.0,England,10.0,11,2013,2023,WCBS,52.38119534590444,1.289865961113639
51598,,TQ0529,505000,129000,,England,10.0,2,2013,2014,WCBS,51.05075976223279,-0.5033746803597519
51599,,TQ0819,508000,119000,,England,10.0,2,2013,2014,WCBS,50.96031421609515,-0.4635633209933301
51600,,TQ2368,523000,168000,2000.0,England,10.0,1,2013,2013,WCBS,51.39770915252645,-0.23332460913098788
51601,,TQ3319,533000,119000,2000.0,England,10.0,9,2013,2022,WCBS,50.95509156149035,-0.10777695632406123
51602,,TQ4905,549000,105000,2000.0,England,10.0,9,2013,2023,WCBS,50.82537293915649,0.11416219790500619
51603,,TQ5781,557000,181000,,England,10.0,1,2013,2013,WCBS,51.506126719548625,0.26080884092393514
51604,,TR0138,601000,138000,,England,,1,2013,2013,WCBS,51.10604806305693,0.8698289952636559
51605,,SU9816,498000,116000,,England,,7,2014,2023,WCBS,50.93513091453191,-0.6067121790019921
51606,,SO7416,374000,216000,2000.0,England,10.0,9,2014,2023,WCBS,51.84199180770683,-2.378796494222644
51607,,SU6341,463000,141000,,England,10.0,1,2014,2014,WCBS,51.16478631898498,-1.1003784685532778
51608,,SO1429,314000,229000,2000.0,Wales,10.0,5,2014,2021,WCBS,51.95281581754301,-3.252801796246943
51609,,NY4303,343000,503000,2000.0,England,10.0,7,2014,2023,WCBS,54.419229495859355,-2.879913407365795
51610,,SP1409,414000,209000,,England,10.0,1,2014,2014,WCBS,51.77949338215282,-1.7984723122924926
51611,,TQ2425,524000,125000,2000.0,England,10.0,1,2014,2014,WCBS,51.011024461402656,-0.23380233470463105
51612,,SO9109,391000,209000,2000.0,England,10.0,10,2014,2023,WCBS,51.77959140736311,-2.131857439118178
51614,,SE5734,457000,434000,2000.0,England,10.0,5,2014,2021,WCBS,53.79919022894087,-1.136085346670722
51615,,TQ4700,547000,100000,2000.0,England,10.0,1,2014,2014,WCBS,50.780950846724565,0.0837859281731522
51616,,TM0871,608000,271000,2000.0,England,10.0,7,2014,2020,WCBS,52.29772647627983,1.0489637641684124
51617,,SK4215,442000,315000,2000.0,England,10.0,9,2014,2022,WCBS,52.73101564815185,-1.379477275892554
51618,,SY5589,355000,89000,2000.0,England,10.0,10,2014,2023,WCBS,50.69889160330726,-2.638535671311995
51619,,TL9926,599000,226000,,England,10.0,1,2014,2014,WCBS,51.89700336639455,0.8909060913593193
51620,,ND2167,321000,967000,2000.0,Scotland,10.0,7,2014,2021,WCBS,58.58378932600869,-3.360423571948372
51621,,SK5346,453000,346000,2000.0,England,10.0,6,2014,2019,WCBS,53.008695971450926,-1.2115631848737665
51622,,NZ3091,430000,591000,2000.0,England,10.0,2,2014,2016,WCBS,55.2123376327568,-1.5300808985014773
51623,,TG2502,625000,302000,2000.0,England,10.0,3,2014,2023,WCBS,52.569259580004065,1.3186959035901602
51624,,TA0290,502000,490000,,England,10.0,2,2014,2015,WCBS,54.29544497725821,-0.4342937680615922
51625,,SK3640,436000,340000,,England,10.0,1,2014,2014,WCBS,52.95617236144647,-1.4655735819165592
51626,,TQ3126,531000,126000,2000.0,England,10.0,2,2014,2015,WCBS,51.01846166441902,-0.13371435552534064
51627,,TQ2480,524000,180000,2000.0,England,10.0,4,2015,2023,WCBS,51.50533784570075,-0.21475564312538795
51628,,TL1055,510000,255000,2000.0,England,10.0,7,2014,2023,WCBS,52.18229174132067,-0.3925514007548181
51629,,NT4705,347000,605000,,Scotland,10.0,1,2014,2014,WCBS,55.33617346709962,-2.837066390490274
51630,,TF5904,559000,304000,2000.0,England,10.0,9,2014,2023,WCBS,52.6105069154756,0.34682369724204404
51631,,SU9651,496000,151000,2000.0,England,10.0,9,2014,2022,WCBS,51.25010021744449,-0.6258730201360535
51632,,ST7135,371000,135000,,England,10.0,1,2014,2014,WCBS,51.113551574810536,-2.4156632526564854
51633,,NY7482,374000,582000,2000.0,England,10.0,2,2012,2016,WCBS,55.13168031387285,-2.40931430708325
51634,,H8871,100299,530392,2000.0,Northern Ireland,10.0,2,2014,2015,WCBS,54.57961328477348,-6.639821715125186
51635,,TQ3378,533000,178000,2000.0,England,10.0,5,2014,2019,WCBS,51.48532056527648,-0.08590868061086575
51636,,SK3408,434000,308000,,England,10.0,1,2014,2014,WCBS,52.6686510969182,-1.4986616360435931
51637,,TQ4352,543000,152000,2000.0,England,10.0,10,2014,2023,WCBS,51.249249470254995,0.04756761443910541
51638,,SK3651,436000,351000,,England,10.0,2,2014,2015,WCBS,53.05504876410678,-1.4643515953096675
51639,,TL8934,589000,234000,2000.0,England,10.0,5,2014,2020,WCBS,51.97232534761722,0.7501405702782068
51640,,ST3841,338000,141000,,England,10.0,1,2014,2014,WCBS,51.16487044215156,-2.888081339344709
51641,,SJ6206,362000,306000,,England,10.0,2,2014,2015,WCBS,52.65039168164365,-2.563125693762081
51642,,TQ6106,561000,106000,2000.0,England,10.0,3,2014,2018,WCBS,50.831148508487004,0.2848399905967776
51643,,SP1643,416000,243000,2000.0,England,10.0,8,2014,2021,WCBS,52.08512482438745,-1.7679127194976323
51644,,NY7243,372000,543000,,England,10.0,1,2014,2014,WCBS,54.78111861570156,-2.4368601866778574
51645,,H3086,43742,550307,2000.0,Northern Ireland,10.0,3,2014,2019,WCBS,54.72111476976049,-7.535200780827446
51646,,SO7126,371000,226000,2000.0,England,10.0,9,2014,2022,WCBS,51.931749660545194,-2.4231845192947055
51647,,TL0949,509000,249000,2000.0,England,10.0,4,2014,2017,WCBS,52.12856813057299,-0.4090948752530141
51648,,TL9701,597000,201000,,England,10.0,1,2014,2014,WCBS,51.67321695700191,0.8476961657157573
51649,,TM3495,634000,295000,2000.0,England,10.0,9,2014,2023,WCBS,52.5026514009991,1.4463172537871194
51650,,SZ5192,451000,92000,2000.0,England,10.0,2,2014,2016,WCBS,50.72539126074798,-1.278828167079433
51651,,ST6564,365000,164000,,England,10.0,1,2014,2014,WCBS,51.37396918428253,-2.504218664992028
51652,,TQ4375,543000,175000,,England,10.0,2,2014,2015,WCBS,51.45592562104752,0.05680340525834543
51653,,TQ6209,562000,109000,,England,10.0,2,2014,2015,WCBS,50.85782542226231,0.300353531651118
51654,,D1743,135373,599676,2006.0,Northern Ireland,10.0,3,2014,2016,WCBS,55.2201734628393,-6.162337764951005
51655,,ND2361,323000,961000,2000.0,Scotland,10.0,6,2014,2021,WCBS,58.530277148370075,-3.324001970755206
51657,,SK2659,426000,359000,2000.0,England,10.0,8,2014,2023,WCBS,53.12753709458763,-1.6128971149802893
51658,,J0690,119865,547795,2000.0,Northern Ireland,10.0,4,2014,2017,WCBS,54.746774124319494,-6.35468994738744
51659,,TQ2768,527000,168000,2000.0,England,10.0,1,2014,2014,WCBS,51.39682866285967,-0.1758574086876126
51660,,SO8708,387000,208000,2000.0,England,10.0,7,2014,2023,WCBS,51.77052096719666,-2.1897994623612496
51661,,TL9859,598000,259000,2000.0,England,10.0,9,2014,2023,WCBS,52.193673254793474,0.8954919567776143
51662,,NN2578,225000,778000,2000.0,Scotland,10.0,8,2014,2022,WCBS,56.86033362090279,-4.8720355366664405
51663,,TG4414,644000,314000,,England,10.0,1,2014,2014,WCBS,52.66874178291379,1.6073333102148861
51664,,SU0805,408000,105000,2000.0,England,10.0,4,2014,2017,WCBS,50.84446944844048,-1.8877419712697798
51665,,SE0298,402000,498000,2000.0,England,10.0,6,2014,2022,WCBS,54.377497344826836,-1.9707160291910608
51666,,NY4709,347000,509000,2000.0,England,10.0,5,2014,2023,WCBS,54.473579249857785,-2.819354185487146
51667,,SD7950,379000,450000,,England,10.0,1,2014,2014,WCBS,53.94567456906071,-2.321430288100121
51668,,SS2010,220000,110000,2000.0,England,10.0,4,2014,2017,WCBS,50.86141956463977,-4.559069030625524
51669,,ST7703,377000,103000,2340.0,England,10.0,8,2014,2023,WCBS,50.826076701681615,-2.32791678882425
51670,,SH5860,258000,360000,,Wales,10.0,1,2014,2014,WCBS,53.11821543693586,-4.123243468731725
51671,,NY4702,347000,502000,2000.0,England,10.0,9,2014,2023,WCBS,54.41067677407659,-2.818099117366281
51672,,SX3073,230000,73000,2000.0,England,10.0,9,2014,2023,WCBS,50.5320120332054,-4.400074963951827
51673,,SP5994,459000,294000,,England,,1,2014,2014,WCBS,52.540669649937755,-1.1315033975106867
51674,,SP8359,483000,259000,2000.0,England,10.0,6,2014,2023,WCBS,52.222963127521254,-0.7863644444520579
51675,,SH5861,258000,361000,,Wales,,1,2014,2014,WCBS,53.12719823496388,-4.123686418575726
51676,,TM3568,635000,268000,2000.0,England,10.0,7,2014,2023,WCBS,52.25992948876038,1.442107785509942
51677,,SY0894,308000,94000,2000.0,England,10.0,5,2014,2018,WCBS,50.73829825387461,-3.3051377311879215
51678,,SU9270,492000,170000,,England,10.0,1,2014,2014,WCBS,51.421556034699,-0.6782671767149373
51679,,TQ3279,532000,179000,2000.0,England,10.0,10,2014,2023,WCBS,51.49454116908419,-0.09992867066016915
51680,,SU7334,473000,134000,2000.0,England,10.0,8,2014,2023,WCBS,51.10066572852541,-0.9588019461736988
51681,,TQ3693,536000,193000,2000.0,England,10.0,3,2014,2017,WCBS,51.619399526998805,-0.03693460400310003
51682,,SK3851,438000,351000,,England,,2,2014,2015,WCBS,53.05491076425961,-1.434514283134701
51683,,ND3269,332000,969000,2000.0,Scotland,10.0,7,2014,2021,WCBS,58.60361036585015,-3.1718857938785456
51684,,TM3150,631000,250000,2000.0,England,10.0,9,2014,2023,WCBS,52.100076123598676,1.3713557591169407
51685,,SU7108,471000,108000,2000.0,England,10.0,10,2014,2023,WCBS,50.86715405331695,-0.9924327207812338
51686,,NN1562,215000,762000,,Scotland,10.0,2,2014,2015,WCBS,56.71292154253117,-5.024223615160512
51687,,SP7572,475000,272000,2000.0,England,10.0,7,2014,2023,WCBS,52.3409607610753,-0.9005657995508067
51688,,SU1301,413000,101000,2000.0,England,10.0,6,2014,2021,WCBS,50.80840985211317,-1.8168661581317127
51689,,SD6278,362000,478000,2000.0,England,10.0,9,2014,2023,WCBS,54.19634009119534,-2.583942251416733
51690,,TL3071,530000,271000,,England,10.0,2,2014,2022,WCBS,52.32171136713785,-0.09403867882789053
51691,,SE6041,460000,441000,,England,10.0,2,2014,2016,WCBS,53.861761021698754,-1.089180980517792
51692,,NT4704,347000,604000,,Scotland,,1,2014,2014,WCBS,55.32718876494501,-2.836876961163032
51693,,SY8982,389000,82000,2000.0,England,10.0,10,2014,2023,WCBS,50.63758649697289,-2.1569113728682248
51694,,TQ4774,547000,174000,2000.0,England,10.0,5,2014,2020,WCBS,51.44591663803862,0.11391858227287585
51695,,SU5112,451000,112000,,England,10.0,1,2014,2014,WCBS,50.90522741982719,-1.2760542674551512
51696,,SP2502,425000,202000,,England,10.0,1,2014,2014,WCBS,51.71617600980465,-1.6395309411634094
51697,,TL2111,521000,211000,2000.0,England,10.0,2,2014,2016,WCBS,51.784586216014965,-0.24724758034470914
51698,,SZ2892,428000,92000,2000.0,England,10.0,7,2014,2023,WCBS,50.72695053113415,-1.60466623304558
51699,,NR2741,127000,641000,2000.0,Scotland,10.0,10,2014,2023,WCBS,55.585883825693976,-6.3339850437480205
51700,,TM0048,600000,248000,2000.0,England,10.0,10,2014,2023,WCBS,52.094185515051116,0.9182447441022257
51701,,SE1976,419000,476000,,England,10.0,1,2014,2014,WCBS,54.17943423104744,-1.7103949959648075
51702,,TL8566,585000,266000,2000.0,England,10.0,9,2014,2022,WCBS,52.26104671605514,0.7093549405281395
51703,,TQ1829,518000,129000,,England,10.0,1,2014,2014,WCBS,51.04823877630769,-0.31798867040626894
51704,,NY6622,366000,522000,2000.0,England,10.0,2,2014,2015,WCBS,54.59203570413651,-2.5276877289568693
51705,,TM3183,631000,283000,2000.0,England,10.0,7,2014,2020,WCBS,52.39623913276176,1.3939038191946949
51706,,TF5212,552000,312000,2000.0,England,10.0,5,2015,2020,WCBS,52.684371357164245,0.24721172688432733
51707,,NY8708,387000,508000,2000.0,England,10.0,4,2015,2018,WCBS,54.467201633489076,-2.202079562467026
51708,,ST6418,364000,118000,2000.0,England,10.0,6,2015,2023,WCBS,50.960292276485895,-2.513964457407853
51709,,TF0036,500000,336000,,England,10.0,3,2015,2023,WCBS,52.91213036924618,-0.5143787542748329
51710,,TL0704,507000,204000,2000.0,England,10.0,7,2015,2022,WCBS,51.72452126555324,-0.45227468040966734
51711,,TA3520,535000,420000,,England,10.0,1,2015,2015,WCBS,53.65906882886481,0.04144773809230602
51712,,TM4162,641000,262000,,England,10.0,1,2015,2015,WCBS,52.20349627707543,1.5255765324339592
51713,,SW6616,166000,16000,2000.0,England,10.0,3,2013,2015,WCBS,49.99813359945525,-5.266522261612172
51714,,SE2147,421000,447000,2000.0,England,10.0,4,2015,2018,WCBS,53.91872104705277,-1.6817493474360905
51715,,SU8737,487000,137000,2000.0,England,10.0,2,2015,2016,WCBS,51.12568489170928,-0.7581795192488072
51716,,TL9577,595000,277000,2000.0,England,10.0,1,2015,2015,WCBS,52.35636504964306,0.8620578134993823
51717,,TF0586,505000,386000,2000.0,England,10.0,3,2015,2023,WCBS,53.36045721354929,-0.4236946120384759
51718,,SE6655,466000,455000,2000.0,England,10.0,3,2015,2022,WCBS,53.9868436704036,-0.9949484028901402
51719,,NX4151,241000,551000,,Scotland,,5,2015,2019,WCBS,54.82852551964085,-4.476763967777383
51720,,TM0378,603000,278000,2000.0,England,10.0,2,2015,2023,WCBS,52.36244158609385,0.9799694048362003
51721,,NH1910,219000,810000,2000.0,Scotland,10.0,1,2015,2015,WCBS,57.14510689228508,-4.993285999465491
51722,,SN9711,297000,211000,,Wales,,1,2015,2015,WCBS,51.788143263847196,-3.4947115052160576
51723,,SU6307,463000,107000,2000.0,England,10.0,9,2015,2023,WCBS,50.85908834999727,-1.1062718945560672
51724,,NZ6321,463000,521000,2000.0,England,10.0,3,2015,2017,WCBS,54.58028986465613,-1.026816777928066
51725,,ST1099,310000,199000,,Wales,10.0,1,2015,2015,WCBS,51.68252315103305,-3.3031848940423134
51726,,SO1000,310000,200000,,Wales,10.0,1,2015,2015,WCBS,51.69151199710868,-3.3034431045212793
51727,,TQ3559,535000,159000,2000.0,England,10.0,8,2015,2023,WCBS,51.31410429214519,-0.06434405837826387
51728,,TA0095,500000,495000,2000.0,England,10.0,9,2015,2023,WCBS,54.3407595182643,-0.4633379582172809
51729,,NY2341,323000,541000,2000.0,England,10.0,4,2015,2018,WCBS,54.75801406571781,-3.198042287720711
51730,,SE8683,486000,483000,2000.0,England,10.0,9,2015,2023,WCBS,54.23549055397591,-0.6820592230358897
51731,,SK7504,475000,304000,,England,10.0,2,2015,2016,WCBS,52.6285858430501,-0.8933723616614729
51732,,SD8322,383000,422000,2000.0,England,10.0,5,2015,2023,WCBS,53.69416307854805,-2.2589318809030563
51734,,TF9913,599000,313000,,England,10.0,1,2015,2015,WCBS,52.67814150196898,0.9422411851630694
51735,,SU2932,429000,132000,,England,,1,2013,2013,WCBS,51.08658767511984,-1.587333042592348
51736,,SU2037,420000,137000,,England,10.0,1,2015,2015,WCBS,51.13193009093012,-1.715551844266689
51737,,TF5918,559000,318000,2000.0,England,10.0,7,2015,2022,WCBS,52.736256245069825,0.3535744017205427
51738,,TF7030,570000,330000,2000.0,England,10.0,5,2015,2021,WCBS,52.84068269060763,0.5225625253498317
51739,,TQ5226,552000,126000,2000.0,England,10.0,4,2015,2018,WCBS,51.01329894964014,0.16546863135964998
51740,,TQ2654,526000,154000,2000.0,England,10.0,9,2015,2023,WCBS,51.27123001864101,-0.19517176876154044
51741,,TM2975,629000,275000,2000.0,England,10.0,6,2015,2022,WCBS,52.32528147478248,1.3591075007315476
51742,,SE9932,499000,432000,,England,10.0,1,2015,2015,WCBS,53.77493479432882,-0.49925644870374675
51743,,TQ5523,555000,123000,,England,10.0,2,2015,2016,WCBS,50.985542251486116,0.20692202487059033
51744,,TF9808,598000,308000,,England,10.0,1,2015,2015,WCBS,52.63361769938261,0.9244705561198067
51745,,SY9582,395000,82000,,England,10.0,1,2014,2014,WCBS,50.637670048453764,-2.072066100685034
51746,,SJ3476,334000,376000,,England,10.0,1,2015,2015,WCBS,53.27685424126121,-2.991242282130066
51747,,SY6769,367000,69000,,England,10.0,1,2013,2013,WCBS,50.519847951031785,-2.4668460260719764
51748,,TQ4256,542000,156000,,England,,1,2014,2014,WCBS,51.285443723053284,0.03483619239820155
51749,,TL2333,523000,233000,2000.0,England,10.0,4,2015,2022,WCBS,51.98185367464968,-0.21043379841449883
51750,,SH4364,243000,364000,,Wales,10.0,3,2015,2018,WCBS,53.14993430006243,-4.349140098065986
51751,,SP6367,463000,267000,2000.0,England,10.0,3,2015,2019,WCBS,52.29752269317291,-1.0776106092325375
51752,,TQ8677,586000,177000,,England,10.0,1,2015,2015,WCBS,51.46140798485811,0.676110348871118
51753,,SK5964,459000,364000,,England,10.0,1,2015,2015,WCBS,53.16985323214813,-1.1188555222347871
51754,,SN9730,297000,230000,2000.0,Wales,10.0,1,2015,2015,WCBS,51.95891171613477,-3.5003861711944655
51755,,SP0381,403000,281000,2000.0,England,10.0,5,2014,2018,WCBS,52.42697657394931,-1.9573072706900683
51756,,TQ1354,513000,154000,2000.0,England,10.0,9,2015,2023,WCBS,51.27395351469237,-0.3814426269354653
51757,,SE7862,478000,462000,2000.0,England,10.0,6,2015,2022,WCBS,54.04807441726976,-0.8101878177728061
51758,,ST5160,351000,160000,2029.0,England,10.0,1,2021,2021,WCBS,51.336966676136896,-2.704784821878023
51759,,TM0697,606000,297000,2000.0,England,10.0,2,2015,2016,WCBS,52.531894407716244,1.0356761422172447
51760,,SP2513,425000,213000,,England,10.0,2,2015,2021,WCBS,51.8150756460517,-1.6387429690719624
51761,,SW7220,172000,20000,2000.0,England,10.0,3,2013,2015,WCBS,50.03637854469235,-5.185314717607571
51762,,TR1357,613000,157000,2000.0,England,10.0,5,2015,2023,WCBS,51.272323834625084,1.052250552521842
51763,,NY5970,359000,570000,2000.0,England,10.0,8,2015,2023,WCBS,55.02283709052554,-2.6428239131764104
51764,,TL1232,512000,232000,2000.0,England,10.0,6,2015,2023,WCBS,51.97519058550989,-0.37085501020106276
51765,,SP7843,478000,243000,2000.0,England,10.0,9,2015,2023,WCBS,52.07987386201883,-0.8632127867150741
51766,,TQ8577,585000,177000,2000.0,England,10.0,6,2015,2023,WCBS,51.461735443011925,0.6617319236810391
51767,,J3243,141771,498735,,Northern Ireland,10.0,1,2015,2015,WCBS,54.31868429966748,-5.972232502855365
51768,,SY9985,399000,85000,2000.0,England,10.0,3,2015,2017,WCBS,50.66466976358331,-2.0155114602555178
51769,,TR0317,603000,117000,2000.0,England,10.0,4,2015,2019,WCBS,50.91674804365967,0.8866196716795861
51770,,SP1735,417000,235000,,England,,1,2015,2015,WCBS,52.01317094163408,-1.7537143558256176
51771,,SU8975,489000,175000,,England,,1,2015,2015,WCBS,51.46698095334828,-0.7201449939550156
51772,,TM2147,621000,247000,2000.0,England,10.0,8,2015,2022,WCBS,52.077228854199326,1.2236612791620196
51773,,SU0551,405000,151000,,England,10.0,1,2015,2015,WCBS,51.25814149932624,-1.9297311377776336
51774,,SD8282,382000,482000,2000.0,England,10.0,2,2015,2016,WCBS,54.2333854093676,-2.277640009537094
51775,,TQ2611,526000,111000,,England,,1,2013,2013,WCBS,50.884759404529525,-0.2101474670503431
51776,,SU4929,449000,129000,,England,,1,2013,2013,WCBS,51.058257451144776,-1.3022090160081952
51777,,SU3834,438000,134000,,England,,1,2013,2013,WCBS,51.10404720898118,-1.4586321349680837
51778,,SY6768,367000,68000,,England,10.0,1,2013,2013,WCBS,50.510855260870606,-2.466757289370611
51779,,TQ4752,547000,152000,2000.0,England,10.0,9,2015,2023,WCBS,51.24823339621172,0.10484000672668481
51780,,SO9064,390000,264000,2000.0,England,10.0,4,2015,2018,WCBS,52.27405848672294,-2.1479784061405662
51782,,TQ1144,511000,144000,2000.0,England,10.0,9,2015,2023,WCBS,51.18446197709336,-0.41319667313565295
51783,,SY6598,365000,98000,2000.0,England,10.0,6,2015,2022,WCBS,50.78051216394247,-2.497806110002861
51784,,TF1704,517000,304000,,England,10.0,1,2015,2015,WCBS,52.62116867127238,-0.2731092154507451
51785,,TF9811,598000,311000,,England,10.0,1,2015,2015,WCBS,52.66055163423643,0.926269213429567
51786,,NU2404,424000,604000,2000.0,England,10.0,6,2015,2023,WCBS,55.329476411718325,-1.623267416869951
51787,,TR2740,627000,140000,2000.0,England,10.0,2,2015,2016,WCBS,51.11430652570144,1.2418861397145144
51788,,SY1394,313000,94000,2000.0,England,10.0,6,2015,2020,WCBS,50.73906984060846,-3.2342985729122886
51789,,SU7765,477000,165000,,England,,2,2013,2023,WCBS,51.3788395539919,-0.895029721397491
51790,,SY6868,368000,68000,,England,10.0,1,2013,2013,WCBS,50.51091097670535,-2.4526547308454285
51791,,TQ4257,542000,157000,,England,,1,2014,2014,WCBS,51.29442983539707,0.03523350304150045
51792,,NZ1212,412000,512000,,England,10.0,1,2014,2014,WCBS,54.503179407421676,-1.8162068822388304
51793,,SP5633,456000,233000,,England,,1,2014,2014,WCBS,51.992634505440485,-1.1858359030856633
51794,,SX8670,286000,70000,,England,,1,2015,2015,WCBS,50.51865030390461,-3.6094051006491292
51795,,SX6671,266000,71000,1931.0,England,10.0,9,2015,2023,WCBS,50.52339755863243,-3.891726660622803
51796,,NR7232,172000,632000,,Scotland,,1,2015,2015,WCBS,55.52832195521815,-5.6141766923305445
51797,,TG1908,619000,308000,2000.0,England,10.0,8,2015,2022,WCBS,52.62555876421668,1.2342816886556232
51798,,TL8843,588000,243000,2000.0,England,10.0,8,2015,2023,WCBS,52.05348782933059,0.7405367516126542
51799,,SZ0690,406000,90000,2000.0,England,10.0,9,2015,2023,WCBS,50.709604653269224,-1.9163886967648303
51800,,SD6027,360000,427000,,England,,1,2015,2015,WCBS,53.73784095874728,-2.6078858314299844
51801,,ST7912,379000,112000,2000.0,England,10.0,8,2015,2023,WCBS,50.907083989861874,-2.3000411760073454
51802,,SD9431,394000,431000,,England,10.0,1,2015,2015,WCBS,53.775300032254044,-2.0925217706506887
51803,,TR2856,628000,156000,2000.0,England,10.0,9,2015,2023,WCBS,51.25754784572226,1.266295628667575
51804,,TQ5312,553000,112000,,England,10.0,2,2015,2016,WCBS,50.887232536528536,0.17383520806772026
51805,,H5351,63693,513434,,Northern Ireland,,1,2014,2014,WCBS,54.404840232166265,-7.18461459539662
51806,,ST7306,373000,106000,2000.0,England,10.0,9,2015,2023,WCBS,50.85288001087926,-2.3849286328063655
51807,,SK7041,470000,341000,2000.0,England,10.0,5,2015,2019,WCBS,52.96180868810992,-0.9593240075337426
51808,,TR0118,601000,118000,2000.0,England,10.0,4,2015,2019,WCBS,50.92642871531494,0.8587552918373128
51809,,NG3534,135000,834000,2000.0,Scotland,10.0,6,2015,2021,WCBS,57.31932169722764,-6.403369252795123
51810,,ST1678,316000,178000,2000.0,Wales,10.0,2,2015,2016,WCBS,51.49467850974931,-3.2113881002327114
51811,,NY8063,380000,563000,2000.0,England,10.0,9,2015,2023,WCBS,54.96122716938331,-2.313875012711336
51812,,SN6456,264000,256000,,Wales,,1,2015,2015,WCBS,52.18542911319182,-3.9907353317163974
51813,,NY9505,395000,505000,2000.0,England,10.0,1,2015,2015,WCBS,54.44038435281086,-2.0786002269702255
51814,,TQ2752,527000,152000,,England,,1,2014,2014,WCBS,51.2530336545908,-0.18155397240080437
51815,,ST8975,389000,175000,2000.0,England,10.0,9,2013,2023,WCBS,51.47385333263016,-2.159768207874854
51816,,TL3515,535000,215000,2000.0,England,10.0,9,2015,2023,WCBS,51.81732986092857,-0.04285246663771414
51817,,SO7072,370000,272000,,England,,1,2015,2015,WCBS,52.345246380971815,-2.4418032919599084
51819,,SP7447,474000,247000,2000.0,England,10.0,8,2016,2023,WCBS,52.11637790988461,-0.9207032430168205
51820,,SU9377,493000,177000,,England,10.0,3,2016,2023,WCBS,51.48431665451349,-0.6620515840626516
51822,,SE9256,492000,456000,,England,10.0,1,2016,2016,WCBS,53.99186036005969,-0.5982430214381839
51823,,SK1787,417000,387000,2000.0,England,10.0,1,2016,2016,WCBS,53.379581431571054,-1.7459103354512573
51825,,SU8960,489000,160000,2000.0,England,10.0,1,2016,2016,WCBS,51.332140242993006,-0.7239024599136639
51826,,NY8583,385000,583000,2000.0,England,10.0,6,2016,2023,WCBS,55.14112382671094,-2.236849401027155
51827,,TL0192,501000,292000,2000.0,England,10.0,2,2016,2017,WCBS,52.51653565526213,-0.513019714111966
51828,,TQ6013,560000,113000,2000.0,England,10.0,7,2016,2023,WCBS,50.89432316934127,0.2737101150316724
51829,,SU9267,492000,167000,2000.0,England,10.0,8,2016,2023,WCBS,51.394588395605055,-0.6790444086437528
51830,,SE7768,477000,468000,2000.0,England,10.0,4,2016,2019,WCBS,54.102138363016294,-0.8239346513820396
51831,,SK5052,450000,352000,2000.0,England,10.0,4,2016,2019,WCBS,53.062913969694634,-1.2553412395427634
51832,,SU7604,476000,104000,2000.0,England,10.0,3,2016,2020,WCBS,50.83055580708303,-0.9222227258103698
51833,,SD5976,359000,476000,,England,10.0,1,2016,2016,WCBS,54.17813470988655,-2.629648444888676
51834,,NY0516,305000,516000,2000.0,England,10.0,8,2016,2023,WCBS,54.53033624210299,-3.4695288335131824
51835,,SJ2980,329000,380000,2000.0,England,10.0,6,2016,2022,WCBS,53.31215594853798,-3.0671079019689538
51836,,TQ0943,509000,143000,2000.0,England,10.0,4,2016,2019,WCBS,51.175857808256,-0.4421041690677872
51837,,SP0709,407000,209000,2000.0,England,10.0,6,2016,2021,WCBS,51.77962328766473,-1.899937024162388
51838,,TL5357,553000,257000,2000.0,England,10.0,7,2016,2023,WCBS,52.190020103725,0.2368247231511045
51839,,SS8878,288000,178000,2000.0,Wales,10.0,3,2016,2018,WCBS,51.48981963311063,-3.614569398060007
51840,,NZ1849,418000,549000,2000.0,England,10.0,2,2016,2019,WCBS,54.83550533987783,-1.7212905213515493
51841,,TF8039,580000,339000,2000.0,England,10.0,8,2016,2023,WCBS,52.918253354154515,0.675835176430192
51843,,SJ7351,373000,351000,2000.0,England,10.0,7,2016,2023,WCBS,53.05556556457964,-2.4042797488311196
51844,,SY7799,377000,99000,2000.0,England,10.0,8,2016,2023,WCBS,50.79010715368708,-2.3276648740998245
51846,,TQ1247,512000,147000,2000.0,England,10.0,8,2016,2023,WCBS,51.211232370568936,-0.3979596588628878
51847,,SU5386,453000,186000,2000.0,England,10.0,4,2016,2022,WCBS,51.570387755770966,-1.2366847622719663
51848,,SP6527,465000,227000,,England,,1,2016,2016,WCBS,51.93771881005923,-1.055913065294526
51849,,SO5419,354000,219000,,England,10.0,1,2016,2016,WCBS,51.86766913561434,-2.6694815299747496
51850,,SE2543,425000,443000,,England,10.0,1,2016,2016,WCBS,53.88259393843219,-1.6211735665438805
51851,,TM2297,622000,297000,2000.0,England,10.0,1,2019,2019,WCBS,52.52561512122575,1.2711651433780573
51852,,TQ8636,586000,136000,2000.0,England,10.0,8,2016,2023,WCBS,51.09314306790447,0.6547864835609455
51853,,SU8527,485000,127000,2000.0,England,10.0,4,2016,2019,WCBS,51.03608378745482,-0.7891007981650683
51854,,SS8977,289000,177000,2000.0,Wales,10.0,3,2016,2018,WCBS,51.48102904491867,-3.5998574074455423
51855,,SP6647,466000,247000,2000.0,England,10.0,5,2016,2020,WCBS,52.11738905938752,-1.0375180048497472
51856,,SP4119,441000,219000,2000.0,England,10.0,7,2016,2023,WCBS,51.8680769638898,-1.405941752551377
51857,,TL8862,588000,262000,1800.0,England,10.0,8,2016,2023,WCBS,52.224110685532374,0.7510353043886805
51858,,J4140,150485,494980,2000.0,Northern Ireland,10.0,2,2016,2017,WCBS,54.289346135817134,-5.835441454231673
51859,,SS7025,270000,125000,2000.0,England,10.0,2,2016,2017,WCBS,51.00964888200596,-3.8544259600441007
51860,,TQ4817,548000,117000,,England,10.0,1,2016,2016,WCBS,50.9334655974882,0.10482818644570793
51861,,SU9027,490000,127000,2000.0,England,10.0,8,2016,2023,WCBS,51.035323440749735,-0.7178090994059232
51862,,TA0545,505000,445000,2000.0,England,10.0,1,2016,2016,WCBS,53.89055861574742,-0.4038153087899361
51863,,ST8617,386000,117000,2000.0,England,10.0,7,2016,2023,WCBS,50.95225905899892,-2.2006788510733486
51864,,SU8876,488000,176000,2000.0,England,10.0,8,2016,2023,WCBS,51.47612645065191,-0.7342885101660847
51865,,SH7356,273000,356000,2000.0,Wales,11.0,4,2016,2019,WCBS,53.08606485617261,-3.897670318879023
51866,,SD7472,374000,472000,2000.0,England,10.0,1,2016,2016,WCBS,54.14316848888845,-2.3994983348108105
51867,,NN6438,264000,738000,,Scotland,10.0,1,2016,2016,WCBS,56.51432498993254,-4.211804921610614
51868,,ST1576,315000,176000,2000.0,Wales,10.0,4,2016,2023,WCBS,51.47654998685818,-3.225307162209436
51870,,TQ7111,571000,111000,,England,10.0,1,2016,2016,WCBS,50.87320514567311,0.42904154219565277
51871,,TM4051,640000,251000,2000.0,England,10.0,1,2016,2016,WCBS,52.10522254717515,1.5032054905422514
51872,,SX4552,245000,52000,2000.0,England,10.0,8,2016,2023,WCBS,50.34746370424693,-4.179904938582874
51873,,TQ6004,560000,104000,2000.0,England,10.0,7,2016,2023,WCBS,50.81345466291657,0.26978011347593184
51874,,NZ0184,401000,584000,,England,10.0,1,2016,2016,WCBS,55.15033958167163,-1.985848683764647
51875,,SU9150,491000,150000,1970.0,England,10.0,5,2016,2023,WCBS,51.24192945223913,-0.6977476580828554
51876,,SU9277,492000,177000,,England,10.0,2,2016,2023,WCBS,51.48448000739456,-0.6764489349686925
51878,,TQ1612,516000,112000,,England,,1,2016,2016,WCBS,50.8958404882616,-0.35192527768651094
51879,,SN9906,299000,206000,,Wales,,1,2016,2016,WCBS,51.74356775146714,-3.4642702919614243
51880,,NY7539,375000,539000,2000.0,England,10.0,8,2016,2023,WCBS,54.745332487862036,-2.389872340313004
51881,,NN6439,264000,739000,,Scotland,10.0,1,2016,2016,WCBS,56.523302208475556,-4.212328187008921
51882,,SJ8090,380000,390000,2000.0,England,10.0,2,2016,2019,WCBS,53.406433662974734,-2.302305927164049
51883,,TQ0557,505000,157000,2000.0,England,10.0,8,2016,2023,WCBS,51.302448317217745,-0.49520361674886715
51884,,TQ2562,525000,162000,2000.0,England,10.0,8,2016,2023,WCBS,51.343348920015515,-0.20669867906922587
51885,,TQ2059,520000,159000,2000.0,England,10.0,8,2016,2023,WCBS,51.31746246316512,-0.27946021520014036
51886,,SP5336,453000,236000,2000.0,England,10.0,6,2016,2022,WCBS,52.01989789523273,-1.229059865236032
51887,,TF4401,544000,301000,2000.0,England,10.0,2,2016,2017,WCBS,52.58773612763591,0.12415993187169207
51888,,SE7060,470000,460000,,England,10.0,1,2016,2016,WCBS,54.03124865170718,-0.9328084680342634
51889,,SX0975,209000,75000,,England,10.0,1,2016,2016,WCBS,50.543496209081276,-4.69708200510461
51890,,SU8736,487000,136000,2000.0,England,10.0,8,2016,2023,WCBS,51.11669495547196,-0.7584204990306342
51892,,TR3864,638000,164000,2000.0,England,10.0,1,2016,2016,WCBS,51.32527161274562,1.4146757745526686
51893,,SP1227,412000,227000,2000.0,England,10.0,6,2017,2023,WCBS,51.94137504803753,-1.8268429298962185
51894,,J6166,172625,519184,2000.0,Northern Ireland,10.0,1,2017,2017,WCBS,54.51679212308062,-5.514523631834598
51895,,SP4865,448000,265000,2000.0,England,10.0,2,2017,2019,WCBS,52.2810558986194,-1.2978291194778986
51896,,SP9431,494000,231000,2000.0,England,10.0,7,2017,2023,WCBS,51.969534915886406,-0.6330936019864797
51897,,NN5520,255000,720000,2000.0,Scotland,10.0,1,2017,2017,WCBS,56.350059826328724,-4.347947581176461
51898,,SD3719,337000,419000,2000.0,England,10.0,4,2017,2022,WCBS,53.66366987255408,-2.9548969042354214
51899,,SU7644,476000,144000,2000.0,England,10.0,5,2017,2023,WCBS,51.190180474425084,-0.9138567742525843
51900,,SS4933,249000,133000,2000.0,England,10.0,5,2017,2023,WCBS,51.07640231143151,-4.156891583137966
51901,,TQ9861,598000,161000,2000.0,England,10.0,2,2017,2018,WCBS,51.31365223738463,0.8397163576902306
51902,,NT5163,351000,663000,2000.0,Scotland,10.0,1,2017,2017,WCBS,55.85768663577545,-2.784345567968659
51903,,SU5616,456000,116000,2000.0,England,10.0,5,2017,2021,WCBS,50.94073100008749,-1.2043387585351728
51904,,SX6776,267000,76000,2000.0,England,10.0,4,2017,2020,WCBS,50.56856639031402,-3.879413898744792
51905,,SP6261,462000,261000,2255.0,England,10.0,4,2017,2022,WCBS,52.24370135003304,-1.093372983444389
51906,,SS5327,253000,127000,2000.0,England,10.0,5,2017,2022,WCBS,51.02352496338371,-4.097395463015931
51907,,NY3425,334000,525000,2000.0,England,10.0,3,2017,2019,WCBS,54.615819220226925,-3.0235189025213405
51908,,ST9851,398000,151000,2000.0,England,10.0,2,2017,2018,WCBS,51.25815850500513,-2.0300441860403082
51909,,TL8422,584000,222000,2000.0,England,10.0,2,2017,2018,WCBS,51.86622956977678,0.6710278576240362
51910,,SU6677,466000,177000,2000.0,England,10.0,4,2017,2022,WCBS,51.48810686049828,-1.0508230959332894
51911,,TQ0992,509000,192000,2000.0,England,10.0,6,2017,2022,WCBS,51.61628284711665,-0.42707094035890003
51912,,TQ3229,532000,129000,2000.0,England,10.0,1,2017,2017,WCBS,51.04519519763293,-0.11837391117686002
51913,,SU9598,495000,198000,2000.0,England,10.0,4,2017,2021,WCBS,51.6727488694799,-0.6275835983126571
51914,,SP1533,415000,233000,2000.0,England,10.0,4,2017,2023,WCBS,51.99524694458974,-1.7829417773089375
51915,,ST7099,370000,199000,2000.0,England,10.0,5,2017,2023,WCBS,51.68894690285401,-2.4353814009387333
51916,,SS5329,253000,129000,2000.0,England,10.0,5,2017,2022,WCBS,51.04149726756256,-4.098207302675644
51917,,TL2655,526000,255000,2000.0,England,10.0,2,2017,2018,WCBS,52.17887290631288,-0.15865710447364223
51918,,SY7794,377000,94000,2000.0,England,10.0,7,2017,2023,WCBS,50.74514490342704,-2.32735070492949
51919,,ST2722,327000,122000,2000.0,England,10.0,2,2017,2018,WCBS,50.9927483479271,-3.0415297613946706
51920,,TQ2312,523000,112000,2000.0,England,10.0,7,2017,2023,WCBS,50.894393500684046,-0.25243784928176355
51921,,SP0102,401000,202000,2000.0,England,10.0,6,2017,2023,WCBS,51.71672737620485,-1.9869250146727446
51922,,TQ2042,520000,142000,2000.0,England,10.0,7,2017,2023,WCBS,51.16466952154835,-0.2851515128064975
51923,,SZ2598,425000,98000,2000.0,England,10.0,7,2017,2023,WCBS,50.78104147391741,-1.6467631631159956
51924,,J4773,159273,527352,2000.0,Northern Ireland,10.0,4,2017,2023,WCBS,54.58387638673533,-5.727027481091603
51925,,SZ5083,450000,83000,2013.0,England,10.0,2,2017,2019,WCBS,50.64454961036196,-1.2942090703908553
51926,,TL0098,500000,298000,2000.0,England,10.0,7,2017,2023,WCBS,52.570641147361954,-0.5259459380710226
51927,,NZ9900,499000,500000,2000.0,England,10.0,6,2017,2023,WCBS,54.38587398058382,-0.47705270264463845
51928,,J1673,128380,529997,2000.0,Northern Ireland,10.0,4,2017,2021,WCBS,54.5919361112618,-6.20622874571376
51929,,TM1234,612000,234000,2000.0,England,10.0,3,2017,2019,WCBS,51.96403639537521,1.0844893901987458
51930,,TQ0892,508000,192000,2000.0,England,10.0,6,2017,2022,WCBS,51.61647538866889,-0.4415085131466495
51931,,TL1548,515000,248000,2000.0,England,10.0,7,2017,2023,WCBS,52.11836695115756,-0.32182147113588133
51932,,TL8778,587000,278000,2000.0,England,10.0,3,2017,2022,WCBS,52.36812995189656,0.7452878951942111
51933,,TQ2761,527000,161000,2000.0,England,10.0,1,2017,2017,WCBS,51.33391883991837,-0.17835544889420546
51934,,ST8288,382000,188000,2000.0,England,10.0,7,2017,2023,WCBS,51.59055966490903,-2.2612215598364824
51935,,NS8279,282000,679000,2000.0,Scotland,10.0,7,2017,2023,WCBS,55.989406697883375,-3.8931351516393446
51936,,SN7399,273000,299000,2000.0,Wales,10.0,1,2017,2017,WCBS,52.57394577506068,-3.875474029905204
51937,,TL2647,526000,247000,2000.0,England,10.0,7,2017,2023,WCBS,52.10698621858368,-0.16162001973840898
51938,,SE6089,460000,489000,2000.0,England,10.0,7,2017,2023,WCBS,54.2931075690877,-1.079690826689779
51939,,TA0437,504000,437000,2000.0,England,10.0,1,2017,2017,WCBS,53.8188842649415,-0.4217316110724716
51940,,TQ1127,511000,127000,2000.0,England,10.0,7,2017,2023,WCBS,51.03165526763841,-0.4184208293930373
51941,,TL7040,570000,240000,2000.0,England,10.0,7,2017,2023,WCBS,52.0323508657512,0.47679854055537413
51942,,H2528,33807,492876,2000.0,Northern Ireland,10.0,6,2017,2022,WCBS,54.20036927484968,-7.617677797844246
51943,,TQ9155,591000,155000,2000.0,England,10.0,7,2017,2023,WCBS,51.26215404769615,0.7361922787411853
51944,,NO0694,306000,794000,2000.0,Scotland,10.0,1,2017,2017,WCBS,57.02749686340986,-3.550181803041126
51945,,SD9113,391000,413000,2000.0,England,10.0,6,2017,2022,WCBS,53.61347062961893,-2.137513153620112
51946,,TM5195,651000,295000,1000.0,England,10.0,7,2017,2023,WCBS,52.49509956502327,1.6962474637205112
51947,,TL7882,578000,282000,2000.0,England,10.0,6,2017,2023,WCBS,52.40704794068458,0.6153696522501423
51948,,SD7233,372000,433000,2000.0,England,10.0,4,2017,2020,WCBS,53.7925524997863,-2.426516920921146
51949,,SY6184,361000,84000,2000.0,England,10.0,5,2017,2023,WCBS,50.65436455949843,-2.5530550634271685
51950,,TM2984,629000,284000,2000.0,England,10.0,4,2017,2021,WCBS,52.40605328642218,1.3652457410491876
51951,,NT7970,379000,670000,2000.0,Scotland,10.0,7,2017,2023,WCBS,55.92261798391083,-2.337606999882875
51952,,SE4224,442000,424000,2000.0,England,10.0,1,2017,2017,WCBS,53.710739239469554,-1.3651590425936873
51953,,SK5951,459000,351000,2000.0,England,10.0,3,2017,2019,WCBS,53.05301008525349,-1.1212402157574517
51954,,NT1591,315000,691000,2000.0,Scotland,10.0,1,2017,2017,WCBS,56.10417837649346,-3.3681531430761025
51955,,SE4817,448000,417000,2000.0,England,10.0,2,2017,2019,WCBS,53.64731143640618,-1.2753441809936754
51956,,TQ4009,540000,109000,2000.0,England,10.0,7,2017,2023,WCBS,50.863565604891775,-0.012009346780042772
51957,,J4099,154519,553857,2000.0,Northern Ireland,10.0,1,2017,2017,WCBS,54.819253254766444,-5.8227375077172745
51958,,SD6072,360000,472000,,England,10.0,1,2017,2017,WCBS,54.14226628056194,-2.613796248757037
51959,,SU9853,498000,153000,2000.0,England,10.0,7,2017,2023,WCBS,51.26773872247339,-0.5966784104571785
51960,,SE4381,443000,481000,,England,10.0,1,2017,2017,WCBS,54.22292361179626,-1.3419929997114224
51961,,ST6267,362000,167000,2000.0,England,10.0,3,2017,2023,WCBS,51.40074938938322,-2.547638488683834
51962,,SO6804,368000,204000,2000.0,England,10.0,5,2017,2022,WCBS,51.73379026700641,-2.4647733506182474
51963,,SY8781,387000,81000,2000.0,England,10.0,7,2017,2023,WCBS,50.628552159668295,-2.18515764316197
51964,,SH9978,299000,378000,,Wales,10.0,4,2017,2023,WCBS,53.28930758198736,-3.516596696068994
51965,,SP8254,482000,254000,2000.0,England,10.0,5,2017,2023,WCBS,52.178170603241504,-0.8022088792087944
51966,,TL8183,581000,283000,2000.0,England,10.0,5,2017,2022,WCBS,52.415045071081074,0.6599623090894681
51967,,TL8226,582000,226000,,England,10.0,1,2017,2017,WCBS,51.90281024674431,0.6441214539810177
51968,,TL9475,594000,275000,2000.0,England,10.0,6,2017,2023,WCBS,52.3387614371134,0.846238622175723
51969,,SU6553,465000,153000,2000.0,England,10.0,1,2017,2017,WCBS,51.27245152786601,-1.0696075243693504
51970,,ST4601,346000,101000,2000.0,England,10.0,5,2017,2023,WCBS,50.806025501611316,-2.767722560566948
51971,,SS7946,279000,146000,2000.0,England,10.0,7,2017,2023,WCBS,51.20036175593692,-3.733250215375575
51972,,SP1905,419000,205000,2000.0,England,10.0,7,2017,2023,WCBS,51.74338315075936,-1.7262155089309437
51973,,TM0058,600000,258000,2000.0,England,10.0,5,2017,2023,WCBS,52.183973395909774,0.9241230588610663
51974,,TQ7859,578000,159000,2000.0,England,10.0,7,2017,2023,WCBS,51.30228995975018,0.5520619544550851
51975,,SO5403,354000,203000,2000.0,England,10.0,6,2017,2022,WCBS,51.72382281464524,-2.667353897399707
51976,,SD6537,365000,437000,2000.0,England,10.0,4,2017,2020,WCBS,53.828077485053974,-2.5332276293980356
51977,,SP6848,468000,248000,2000.0,England,10.0,4,2017,2020,WCBS,52.12613627877434,-1.008114180964168
51978,,SP8657,486000,257000,2000.0,England,10.0,7,2017,2023,WCBS,52.20452714202913,-0.7429655602615014
51979,,SE6863,468000,463000,2000.0,England,10.0,2,2017,2019,WCBS,54.058473996079755,-0.9626656407726639
51980,,SD7514,375000,414000,2000.0,England,10.0,7,2017,2023,WCBS,53.62193593296413,-2.379437990382968
51981,,SU7405,474000,105000,2000.0,England,10.0,6,2017,2023,WCBS,50.8398055402952,-0.9504145287766238
51982,,SZ0592,405000,92000,2000.0,England,10.0,6,2017,2023,WCBS,50.72759925088588,-1.9305247499034903
51983,,TM0057,600000,257000,2000.0,England,10.0,5,2017,2023,WCBS,52.174994690896405,0.9235338400161685
51984,,TM1982,619000,282000,2000.0,England,10.0,1,2017,2017,WCBS,52.39219164304732,1.2171798014014954
51985,,TQ3030,530000,130000,2000.0,England,10.0,7,2017,2023,WCBS,51.05463830928641,-0.1465293965026822
51986,,NO0248,302000,748000,2000.0,Scotland,10.0,4,2017,2023,WCBS,56.61358646648728,-3.5983558470609465
51987,,SU5245,452000,145000,2000.0,England,10.0,7,2017,2023,WCBS,51.20185469847475,-1.2571028372090611
51988,,SU4613,446000,113000,2000.0,England,10.0,5,2017,2022,WCBS,50.914638293326576,-1.3470327900241719
51989,,H3482,47390,545975,2000.0,Northern Ireland,10.0,2,2018,2019,WCBS,54.68493116662065,-7.473589971982044
51990,,J5172,163173,526015,2000.0,Northern Ireland,10.0,2,2018,2019,WCBS,54.5737275412619,-5.665731075631811
51991,,NY0838,308000,538000,2000.0,England,10.0,6,2018,2023,WCBS,54.72853675012024,-3.4301062088942214
51993,,NY4830,348000,530000,2000.0,England,10.0,4,2018,2023,WCBS,54.662386965305934,-2.807647820648908
51994,,NY4934,349000,534000,2000.0,England,10.0,6,2018,2023,WCBS,54.698432419606505,-2.7928473318133795
51995,,NY8479,384000,579000,2000.0,England,10.0,5,2018,2023,WCBS,55.105148767600994,-2.2523096558197273
51996,,NY9085,390000,585000,2000.0,England,10.0,6,2018,2023,WCBS,55.15922295576093,-2.1584844289408394
51997,,NY9582,395000,582000,2000.0,England,10.0,6,2018,2023,WCBS,55.132342085755944,-2.079958262287519
51999,,SD6577,365000,477000,2000.0,England,10.0,3,2018,2023,WCBS,54.187567310018544,-2.5378454015277656
52000,,SJ3368,333000,368000,2000.0,Wales,10.0,1,2018,2018,WCBS,53.204829325391685,-3.0045509439362745
52001,,SJ5824,358000,324000,2000.0,England,10.0,6,2018,2023,WCBS,52.811898604709526,-2.6245563053859544
52002,,SK1388,413000,388000,2000.0,England,10.0,2,2018,2019,WCBS,53.3886826583227,-1.8059993820037141
52003,,SK8540,485000,340000,2000.0,England,10.0,6,2018,2023,WCBS,52.95065766784878,-0.7363279147792136
52004,,SN4236,242000,236000,2000.0,Wales,10.0,4,2018,2022,WCBS,51.99989745854159,-4.302998275835073
52005,,SO3936,339000,236000,2000.0,England,10.0,6,2018,2023,WCBS,52.01905240715647,-2.8903291947717857
52006,,SO4453,344000,253000,2000.0,England,10.0,3,2018,2022,WCBS,52.17240427470618,-2.820274682794446
52007,,SO7527,375000,227000,2000.0,England,10.0,2,2018,2019,WCBS,51.940935142335725,-2.3650828255971983
52008,,SO9011,390000,211000,2000.0,England,10.0,6,2018,2023,WCBS,51.7975562043937,-2.1464107242024704
52009,,SP0057,400000,257000,2000.0,England,10.0,4,2018,2023,WCBS,52.21121927291198,-2.001418345292432
52010,,SP1814,418000,214000,2000.0,England,10.0,1,2018,2018,WCBS,51.82433436854167,-1.7402349427969155
52011,,SP6124,461000,224000,2000.0,England,10.0,1,2018,2018,WCBS,51.91120164109037,-1.1146202689572484
52012,,SP9576,495000,276000,2000.0,England,10.0,1,2018,2018,WCBS,52.37381574471594,-0.6059572922543363
52013,,SP9780,497000,280000,2000.0,England,10.0,4,2018,2023,WCBS,52.409414978019726,-0.5754318356665203
52014,,SP9952,499000,252000,2000.0,England,10.0,2,2018,2021,WCBS,52.15741057994067,-0.5542536227402232
52015,,ST5777,357000,177000,2000.0,England,10.0,6,2018,2023,WCBS,51.49030157161525,-2.6207275824013805
52016,,ST7894,378000,194000,2000.0,England,10.0,5,2018,2022,WCBS,51.64436370654557,-2.3193385472916557
52017,,ST8196,381000,196000,2000.0,England,10.0,6,2018,2023,WCBS,51.66245593667962,-2.276092841787501
52018,,ST8399,383000,199000,2000.0,England,10.0,5,2018,2023,WCBS,51.68949373486842,-2.247324933291459
52019,,ST9421,394000,121000,2000.0,England,10.0,5,2018,2022,WCBS,50.98836856173766,-2.0868569819964646
52020,,ST9466,394000,166000,2000.0,England,10.0,4,2018,2023,WCBS,51.39300547095859,-2.0876233148184067
52021,,ST9794,397000,194000,2000.0,England,10.0,6,2018,2023,WCBS,51.64478996592914,-2.0447532752221202
52022,,SU0143,401000,143000,2000.0,England,10.0,6,2018,2023,WCBS,51.18622659948957,-1.9870726199086566
52023,,SU0662,406000,162000,2000.0,England,10.0,3,2018,2023,WCBS,51.357041316367166,-1.9152192334829987
52024,,SU1142,411000,142000,2000.0,England,10.0,6,2018,2023,WCBS,51.17713171108933,-1.8440220127982645
52025,,SU1314,413000,114000,2000.0,England,10.0,6,2018,2023,WCBS,50.925311018159135,-1.8164082490854663
52026,,SU2419,424000,119000,2000.0,England,10.0,6,2018,2023,WCBS,50.96992124102373,-1.6595751601499695
52027,,SU2497,424000,197000,2000.0,England,10.0,1,2018,2018,WCBS,51.671264480637674,-1.6543477576235823
52028,,SU2925,429000,125000,2000.0,England,10.0,2,2018,2019,WCBS,51.023644244338435,-1.5878917542174467
52029,,SU9621,496000,121000,2000.0,England,10.0,6,2018,2023,WCBS,50.98041564743571,-0.6338485612214345
52030,,SX2151,221000,51000,2000.0,England,10.0,2,2018,2019,WCBS,50.33166934683576,-4.516431595572392
52031,,SX4155,241000,55000,2000.0,England,10.0,6,2018,2023,WCBS,50.373355629120155,-4.237348405756598
52032,,SY6482,364000,82000,2000.0,England,10.0,6,2018,2023,WCBS,50.636573453237745,-2.5104240297439593
52033,,SY6591,365000,91000,2000.0,England,10.0,4,2018,2023,WCBS,50.717566158218155,-2.497138645182304
52034,,SY7683,376000,83000,2000.0,England,10.0,6,2018,2023,WCBS,50.64618618439888,-2.3408055935216594
52035,,SY7884,378000,84000,2000.0,England,10.0,6,2018,2023,WCBS,50.6552581824024,-2.3125787976513426
52036,,SZ0797,407000,97000,2000.0,England,10.0,5,2018,2023,WCBS,50.772542047548804,-1.9020953584661
52037,,TA0662,506000,462000,2000.0,England,10.0,1,2018,2018,WCBS,54.04308566003518,-0.38270346332456295
52038,,TA0946,509000,446000,2000.0,England,10.0,1,2018,2018,WCBS,53.89871834637463,-0.34262375227962594
52040,,TA1566,515000,466000,2000.0,England,10.0,1,2018,2018,WCBS,54.077092943148855,-0.243812229356953
52041,,TF1417,514000,317000,2000.0,England,10.0,3,2018,2020,WCBS,52.73862103268328,-0.31290879624254997
52042,,TF1504,515000,304000,2000.0,England,10.0,6,2018,2023,WCBS,52.62159547435555,-0.3026390042267172
52043,,TL2237,522000,237000,2000.0,England,10.0,3,2018,2020,WCBS,52.018019427879416,-0.22356449723453528
52044,,TL2332,523000,232000,2000.0,England,10.0,1,2018,2018,WCBS,51.972867333585896,-0.21079186714476092
52045,,TL4159,541000,259000,2000.0,England,10.0,3,2018,2023,WCBS,52.2111851918033,0.06223643547558579
52046,,TL8161,581000,261000,2000.0,England,10.0,6,2018,2023,WCBS,52.21747280955977,0.6481366768313591
52047,,TL9424,594000,224000,2000.0,England,10.0,2,2018,2019,WCBS,51.88080497063084,0.817207107302747
52048,,TM1732,617000,232000,2000.0,England,10.0,6,2018,2023,WCBS,51.94415476924757,1.1558901713054728
52049,,TM2160,621000,260000,2000.0,England,10.0,6,2018,2023,WCBS,52.19391958310457,1.232103614202968
52050,,TQ1675,516000,175000,2000.0,England,10.0,3,2018,2020,WCBS,51.46209655647106,-0.3316089355387225
52051,,TQ2355,523000,155000,2000.0,England,10.0,6,2018,2023,WCBS,51.280872363861704,-0.23781088857802135
52052,,TQ3516,535000,116000,2000.0,England,10.0,2,2018,2022,WCBS,50.927665130591826,-0.0804295563005362
52053,,H2443,34086,507925,2000.0,Northern Ireland,10.0,1,2019,2019,WCBS,54.33516609221227,-7.631799283248248
52054,,NN0866,208000,766000,2000.0,Scotland,10.0,4,2019,2022,WCBS,56.745976125463415,-5.141395600707857
52055,,NN2908,229000,708000,2000.0,Scotland,10.0,1,2019,2019,WCBS,56.23369527276527,-4.760383294129281
52056,,NN3782,237000,782000,2000.0,Scotland,10.0,1,2019,2019,WCBS,56.900596647133256,-4.678027161333439
52057,,NS5133,251000,633000,2000.0,Scotland,10.0,2,2019,2021,WCBS,55.56782463945263,-4.364484621851514
52058,,NT3863,338000,663000,2000.0,Scotland,10.0,1,2019,2019,WCBS,55.85618771309374,-2.9919887955638216
52059,,NT9910,399000,610000,2000.0,England,10.0,5,2019,2023,WCBS,55.38396880822508,-2.0173335318228816
52060,,NY8204,382000,504000,2000.0,England,10.0,1,2019,2019,WCBS,54.43110040242425,-2.2789763137855337
52061,,NY8288,382000,588000,2000.0,England,10.0,5,2019,2023,WCBS,55.185952203112755,-2.2842305082933243
52062,,NY8974,389000,574000,2000.0,England,10.0,5,2019,2023,WCBS,55.060356066693714,-2.173748726157837
52063,,NZ0393,403000,593000,2000.0,England,10.0,5,2019,2023,WCBS,55.231204780215634,-1.9543749975375462
52064,,NZ1822,418000,522000,1002.0,England,10.0,5,2019,2023,WCBS,54.592870529098235,-1.7229481140800884
52065,,NZ1989,419000,589000,2000.0,England,10.0,1,2019,2019,WCBS,55.19490913067539,-1.7030804225836504
52066,,NZ2089,420000,589000,2000.0,England,10.0,1,2019,2019,WCBS,55.194869917240275,-1.6873721914657371
52067,,SD4090,340000,490000,2000.0,England,10.0,5,2019,2023,WCBS,54.30206664123447,-2.923513897239503
52068,,SD4093,340000,493000,2000.0,England,10.0,5,2019,2023,WCBS,54.32902466136319,-2.9241179760553146
52069,,SD5981,359000,481000,2000.0,England,10.0,5,2019,2023,WCBS,54.22306873396907,-2.630332235973238
52071,,SD9602,396000,402000,2000.0,England,10.0,2,2019,2022,WCBS,53.51466243155322,-2.0617908030837997
52072,,SE1211,412000,411000,2000.0,England,10.0,2,2019,2020,WCBS,53.59543869751605,-1.8201638969597156
52073,,SE4416,444000,416000,2000.0,England,10.0,2,2019,2020,WCBS,53.63867464182916,-1.3359915392723534
52074,,SH2578,225000,378000,2000.0,Wales,10.0,5,2019,2023,WCBS,53.27003542722906,-4.625688983906603
52075,,SJ2764,327000,364000,2000.0,Wales,10.0,4,2019,2023,WCBS,53.16808915020991,-3.0934479333897085
52076,,SJ3384,333000,384000,2000.0,England,10.0,3,2019,2022,WCBS,53.3486270176358,-3.007929243853026
52077,,SJ3506,335000,306000,2000.0,England,10.0,1,2019,2019,WCBS,52.647822589008314,-2.9621730169617044
52078,,SJ3711,337000,311000,2000.0,England,10.0,5,2019,2023,WCBS,52.69300133102902,-2.9335739079487984
52079,,SK0104,401000,304000,2000.0,England,10.0,3,2019,2023,WCBS,52.633750722382004,-1.9866588477912133
52080,,SK1307,413000,307000,2000.0,England,10.0,3,2019,2023,WCBS,52.66056745128526,-1.8092343592158713
52081,,SK2236,422000,336000,2000.0,England,10.0,1,2019,2019,WCBS,52.920969717314684,-1.6742339207779757
52082,,SK3348,433000,348000,2000.0,England,10.0,2,2019,2021,WCBS,53.02827542191647,-1.509414069917307
52083,,SK3448,434000,348000,2000.0,England,10.0,1,2019,2019,WCBS,53.0282130294801,-1.494504515392024
52084,,SK7947,479000,347000,2000.0,England,10.0,4,2019,2023,WCBS,53.014484357821665,-0.8239021052292856
52085,,SO5683,356000,283000,2000.0,England,10.0,5,2019,2023,WCBS,52.443183540178644,-2.648750868837686
52086,,SO5685,356000,285000,2000.0,England,10.0,5,2019,2023,WCBS,52.461162385993994,-2.6490152203180264
52087,,SO7113,371000,213000,2000.0,England,10.0,3,2019,2021,WCBS,51.814871295709615,-2.42208816005467
52088,,SP1317,413000,217000,,England,10.0,1,2019,2019,WCBS,51.85144473813794,-1.8126696354266256
52089,,SP5808,458000,208000,2000.0,England,10.0,5,2019,2023,WCBS,51.76768193173933,-1.1609049698781804
52090,,SP6506,465000,206000,2000.0,England,10.0,1,2019,2019,WCBS,51.74893471833007,-1.059853012092114
52091,,SP6670,466000,270000,2000.0,England,10.0,2,2019,2020,WCBS,52.32413789737051,-1.0330389345634374
52092,,SP6939,469000,239000,2000.0,England,10.0,2,2019,2020,WCBS,52.04510996420288,-0.9953272963875184
52093,,SP9490,494000,290000,2000.0,England,10.0,2,2019,2022,WCBS,52.49981175749142,-0.6167073833440521
52094,,ST5041,350000,141000,2000.0,England,10.0,5,2019,2023,WCBS,51.16604772607424,-2.716477840256789
52095,,ST8003,380000,103000,2000.0,England,10.0,5,2019,2023,WCBS,50.82618871844911,-2.285324081389399
52096,,ST8567,385000,167000,2000.0,England,10.0,1,2019,2019,WCBS,51.40182864262861,-2.2170179543350335
52097,,ST9446,394000,146000,2000.0,England,10.0,4,2019,2022,WCBS,51.21317032338397,-2.087280527177254
52098,,SU0329,403000,129000,1806.0,England,10.0,5,2019,2023,WCBS,51.06033139135691,-1.9585684251090059
52099,,SU0844,408000,144000,1500.0,England,10.0,5,2019,2023,WCBS,51.195164818897226,-1.886893930797385
52100,,SU1267,412000,167000,2000.0,England,10.0,5,2019,2023,WCBS,51.401905524878806,-1.8288846298504264
52101,,SU3922,439000,122000,2000.0,England,10.0,1,2019,2019,WCBS,50.99607939522944,-1.4456390628288394
52102,,SU4532,445000,132000,,England,10.0,5,2019,2023,WCBS,51.08555877751351,-1.3589074602803206
52103,,SU4845,448000,145000,2000.0,England,10.0,5,2019,2023,WCBS,51.20220401285461,-1.3143504511975144
52104,,SU6501,465000,101000,,England,10.0,5,2019,2023,WCBS,50.80491938223881,-1.0789220845020766
52105,,SU7980,479000,180000,2000.0,England,10.0,5,2019,2023,WCBS,51.513411864206645,-0.8629554120290404
52106,,SU9353,493000,153000,2000.0,England,10.0,5,2019,2023,WCBS,51.26857554546692,-0.668325725055726
52108,,SU9863,498000,163000,2000.0,England,10.0,5,2019,2023,WCBS,51.35762921179009,-0.5939335819058774
52109,,SU9961,499000,161000,2000.0,England,10.0,5,2019,2023,WCBS,51.33947816713593,-0.5801322416852068
52110,,SX5563,255000,63000,2000.0,England,10.0,1,2019,2019,WCBS,50.44887499223164,-4.043699788198549
52111,,SX7682,276000,82000,2000.0,England,10.0,1,2019,2019,WCBS,50.62447951372181,-3.754397698623695
52112,,SY6685,366000,85000,2000.0,England,10.0,3,2019,2023,WCBS,50.66367134197892,-2.4824202295092963
52113,,SY6973,369000,73000,2000.0,England,10.0,3,2019,2021,WCBS,50.55592846871799,-2.4389694436477702
52114,,SY7386,373000,86000,2000.0,England,10.0,5,2019,2023,WCBS,50.67303197161699,-2.3834548778061606
52115,,SY8485,384000,85000,2000.0,England,10.0,5,2019,2023,WCBS,50.66444780396655,-2.227745907104254
52116,,SZ1094,410000,94000,2000.0,England,10.0,3,2019,2023,WCBS,50.7455209250217,-1.8596314091328883
52117,,SZ1597,415000,97000,2000.0,England,10.0,5,2019,2023,WCBS,50.77239190776735,-1.7886435968960217
52118,,SZ3697,436000,97000,,England,10.0,5,2019,2023,WCBS,50.77147280218653,-1.4908408638009005
52119,,SZ8693,486000,93000,2000.0,England,10.0,4,2019,2022,WCBS,50.730262466396006,-0.7828319512279026
52120,,TF3488,534000,388000,2000.0,England,10.0,1,2019,2019,WCBS,53.37187628844886,0.012654163545147003
52123,,TL2693,526000,293000,2000.0,England,10.0,1,2019,2019,WCBS,52.520320995499134,-0.144411823045907
52124,,TL3330,533000,230000,2000.0,England,10.0,2,2019,2020,WCBS,51.95259535209142,-0.06607320270791679
52125,,TL3424,534000,224000,2000.0,England,10.0,2,2019,2020,WCBS,51.89844187834481,-0.053864477143425155
52126,,TL4422,544000,222000,2000.0,England,10.0,5,2019,2023,WCBS,51.877980202364995,0.0905394911708031
52127,,TL7673,576000,273000,2000.0,England,10.0,5,2019,2023,WCBS,52.32686546316407,0.5812819918523543
52128,,TQ0240,502000,140000,2000.0,England,10.0,2,2019,2020,WCBS,51.150180737921154,-0.5430550438306442
52129,,TQ0258,502000,158000,2000.0,England,10.0,2,2019,2020,WCBS,51.31198201587951,-0.5379365073023734
52130,,TQ3079,530000,179000,2000.0,England,10.0,5,2019,2023,WCBS,51.495004162929014,-0.1287220704479072
52131,,TQ3771,537000,171000,2000.0,England,10.0,5,2019,2023,WCBS,51.421463111067816,-0.031044780154000143
52132,,TQ3922,539000,122000,2000.0,England,10.0,2,2019,2021,WCBS,50.98063772317464,-0.021259446038912264
52133,,TQ4427,544000,127000,2000.0,England,10.0,5,2019,2023,WCBS,51.02434241034747,0.05190135179318893
52134,,TQ4773,547000,173000,2000.0,England,10.0,5,2019,2023,WCBS,51.4369312068502,0.11350367629697089
52135,,TQ6024,560000,124000,2000.0,England,10.0,4,2019,2023,WCBS,50.993160623998726,0.2785381268164294
52136,,TQ7660,576000,160000,2000.0,England,10.0,5,2019,2023,WCBS,51.31189437313211,0.523894537361371
52137,,SP0547,405000,247000,2000.0,England,10.0,3,2020,2022,WCBS,52.121293316149824,-1.9283869255959143
52138,,SU8633,486000,133000,2000.0,England,10.0,4,2020,2023,WCBS,51.08987567648603,-0.7734177306699411
52139,,TQ9070,590000,170000,2000.0,England,10.0,4,2020,2023,WCBS,51.397211108510454,0.7298699400933704
52140,,TM4663,646000,263000,2379.0,England,10.0,4,2020,2023,WCBS,52.210262213747335,1.5993217676994407
52141,,ST6958,369000,158000,2000.0,England,10.0,2,2020,2021,WCBS,51.32025393733694,-2.44622966038926
52142,,SP0347,403000,247000,2000.0,England,10.0,3,2020,2022,WCBS,52.121307371777164,-1.9575981265463203
52143,,TQ9844,598000,144000,2000.0,England,10.0,2,2020,2021,WCBS,51.1609777123084,0.8303260837219087
52144,,SO6923,369000,223000,2000.0,England,10.0,4,2020,2023,WCBS,51.904669827062094,-2.4520005248865284
52145,,SN9397,293000,297000,2000.0,Wales,10.0,2,2020,2021,WCBS,52.56027927703901,-3.5798366590123485
52146,,TG4100,641000,300000,2000.0,England,10.0,2,2020,2023,WCBS,52.544468752767294,1.5528649486524628
52147,,NT0210,302000,610000,2000.0,Scotland,10.0,1,2020,2020,WCBS,55.374167239097844,-3.547997736287749
52148,,SK2577,425000,377000,2000.0,England,10.0,3,2020,2023,WCBS,53.28938053556326,-1.6264377404197483
52149,,NS8784,287000,684000,2000.0,Scotland,10.0,4,2020,2023,WCBS,56.035511804941194,-3.8151358794897594
52150,,SP7832,478000,232000,2000.0,England,10.0,3,2020,2023,WCBS,51.980996178300124,-0.8657170989864605
52151,,SP0746,407000,246000,2000.0,England,10.0,3,2020,2022,WCBS,52.11228152416165,-1.8991959827760452
52152,,SZ5682,456000,82000,2000.0,England,10.0,4,2020,2023,WCBS,50.635013061935254,-1.209509701436339
52153,,TQ2122,521000,122000,2000.0,England,10.0,1,2020,2020,WCBS,50.98469829005616,-0.2775439593308179
52154,,TQ4836,548000,136000,2000.0,England,10.0,4,2020,2023,WCBS,51.104201747184355,0.11257499089137726
52155,,SK6184,461000,384000,2000.0,England,10.0,1,2020,2020,WCBS,53.34938082268594,-1.0851139511545442
52156,,SO9334,393000,234000,2000.0,England,10.0,3,2020,2022,WCBS,52.00439154009393,-2.103383256923033
52157,,SU5722,457000,122000,2000.0,England,10.0,4,2020,2023,WCBS,50.994581528028434,-1.18916913001107
52158,,SU6636,466000,136000,2000.0,England,10.0,4,2020,2023,WCBS,51.119494630743866,-1.0583944999080048
52159,,SN9990,299000,290000,2000.0,Wales,10.0,2,2020,2021,WCBS,52.49851930652744,-3.4892312816032782
52160,,ST5374,353000,174000,2000.0,England,10.0,1,2020,2020,WCBS,51.46300979671411,-2.677935935375949
52161,,SU6504,465000,104000,2000.0,England,10.0,4,2020,2023,WCBS,50.83189344784368,-1.078391438268346
52163,,SJ1007,310000,307000,2000.0,Wales,10.0,2,2020,2021,WCBS,52.6532332926097,-3.3318671407503646
52164,,SK8054,480000,354000,2000.0,England,10.0,1,2020,2020,WCBS,53.077246119487036,-0.8072647700128724
52165,,SK6148,461000,348000,2024.0,England,10.0,1,2020,2020,WCBS,53.02582213168642,-1.091973162228589
52166,,TF9336,593000,336000,1000.0,England,10.0,4,2020,2023,WCBS,52.88681046163393,0.8671590885356921
52167,,NS6206,262000,606000,2000.0,Scotland,10.0,3,2020,2022,WCBS,55.32863261577079,-4.176792433732724
52168,,SY6983,369000,83000,2000.0,England,10.0,4,2020,2023,WCBS,50.64585438151866,-2.439807271714204
52169,,SY3499,334000,99000,2000.0,England,10.0,1,2020,2020,WCBS,50.786797606202946,-2.9376415413684165
52170,,NN5796,257000,796000,,Scotland,10.0,1,2020,2020,WCBS,57.032859061626716,-4.357899501104176
52171,,SP0042,400000,242000,2000.0,England,10.0,3,2020,2022,WCBS,52.07636217823695,-2.001413270160997
52172,,TL1426,514000,226000,2000.0,England,10.0,2,2020,2023,WCBS,51.92086228875375,-0.3437387098278126
52173,,TL8966,589000,266000,2000.0,England,10.0,3,2020,2023,WCBS,52.2596880865858,0.7678929550985936
52174,,ST9599,395000,199000,2000.0,England,10.0,3,2020,2023,WCBS,51.68973132111027,-2.0737304460413406
52175,,TL7750,577000,250000,2000.0,England,10.0,3,2020,2023,WCBS,52.11997742795088,0.5839158473708272
52176,,ST5408,354000,108000,2000.0,England,10.0,4,2020,2023,WCBS,50.869660873721266,-2.655078054406977
52177,,NK0138,401000,838000,2000.0,Scotland,10.0,3,2020,2023,WCBS,57.43234037469855,-1.984995556622363
52178,,SU7947,479000,147000,,England,10.0,3,2020,2023,WCBS,51.21674477243469,-0.8702774778523368
52179,,SP0243,402000,243000,2000.0,England,10.0,3,2020,2022,WCBS,52.08534955002622,-1.9722258696366899
52180,,TQ5502,555000,102000,2000.0,England,10.0,4,2020,2023,WCBS,50.79684136096111,0.198019722905992
52181,,NS9523,295000,623000,2000.0,Scotland,10.0,1,2020,2020,WCBS,55.48948151428443,-3.6633117953473677
52182,,SP2645,426000,245000,2000.0,England,10.0,1,2020,2020,WCBS,52.10272822513756,-1.6218255452817942
52183,,NG8886,188000,886000,,Scotland,10.0,1,2020,2020,WCBS,57.813220198775404,-5.570585760256712
52184,,TL6266,562000,266000,2000.0,England,10.0,1,2020,2020,WCBS,52.26829590940111,0.37267507036852837
52185,,NS9580,295000,680000,2000.0,Scotland,10.0,2,2020,2021,WCBS,56.00141059725604,-3.6852418764136368
52186,,SE6132,461000,432000,2000.0,England,10.0,1,2020,2020,WCBS,53.78076397769188,-1.0757592992759173
52187,,ST9915,399000,115000,,England,10.0,4,2020,2023,WCBS,50.934446187668044,-2.0156025613368604
52188,,SU4724,447000,124000,104.0,England,10.0,4,2020,2023,WCBS,51.01346641231574,-1.3313913792058307
52189,,SP0750,407000,250000,2000.0,England,10.0,3,2020,2022,WCBS,52.14824344360011,-1.8991150070449194
52190,,TQ9440,594000,140000,2000.0,England,10.0,2,2020,2021,WCBS,51.1264210873471,0.7710391086912609
52191,,SP0043,400000,243000,2000.0,England,10.0,3,2020,2022,WCBS,52.08535274781125,-2.0014136072761386
52192,,TG0926,609000,326000,2000.0,England,10.0,2,2020,2022,WCBS,52.791074357049276,1.0982049692806264
52193,,SJ0808,308000,308000,2000.0,Wales,10.0,2,2020,2021,WCBS,52.661884466133735,-3.361702631819528
52194,,NZ1198,411000,598000,2300.0,England,10.0,4,2020,2023,WCBS,55.27602189610496,-1.8284001380122918
52195,,TL4654,546000,254000,2000.0,England,10.0,4,2020,2023,WCBS,52.16496355371658,0.13321005548523057
52196,,TM1233,612000,233000,2000.0,England,10.0,4,2020,2023,WCBS,51.95505867315579,1.0838727776360615
52198,,C5313,68994,575265,,Northern Ireland,10.0,3,2021,2023,WCBS,54.96173088881745,-7.173370499545812
52199,,C6120,77573,581559,1558.0,Northern Ireland,10.0,3,2021,2023,WCBS,55.02368949933306,-7.046996565445478
52200,,J5137,160195,491141,,Northern Ireland,10.0,3,2021,2023,WCBS,54.25956390990056,-5.6835139606549
52201,,NN5060,250000,760000,2000.0,Scotland,10.0,1,2021,2021,WCBS,56.707531436318334,-4.451872568130013
52202,,NN6857,268000,757000,2000.0,Scotland,10.0,1,2021,2021,WCBS,56.686036601905656,-4.156552384961038
52203,,NN8405,284000,705000,,Scotland,,3,2021,2023,WCBS,56.22336813950625,-3.87239888416451
52204,,NT3548,335000,648000,2000.0,Scotland,10.0,1,2021,2021,WCBS,55.72103939354899,-3.0363188413284674
52205,,NT3871,338000,671000,,Scotland,10.0,3,2021,2023,WCBS,55.928055592326444,-2.9938245250161795
52206,,NU0310,403000,610000,2000.0,England,10.0,3,2021,2023,WCBS,55.383961594949646,-1.9542003260962983
52207,,SD5821,358000,421000,,England,,3,2021,2023,WCBS,53.6837581065756,-2.637388227484019
52208,,SD9460,394000,460000,,England,10.0,1,2021,2021,WCBS,54.03594567843632,-2.093101168013811
52209,,SE3437,434000,437000,2351.0,England,10.0,3,2021,2023,WCBS,53.82815910510742,-1.484929100795765
52210,,SE3810,438000,410000,,England,10.0,1,2021,2021,WCBS,53.585216627749446,-1.4274634975779839
52211,,SE4336,443000,436000,,England,10.0,1,2021,2021,WCBS,53.81850715087848,-1.348342531631635
52212,,SE6786,467000,486000,,England,10.0,3,2021,2023,WCBS,54.26528202362797,-0.9728349271648241
52213,,SJ3749,337000,349000,,Wales,,1,2021,2021,WCBS,53.034551695632935,-2.940936373158644
52214,,SJ4352,343000,352000,,England,,1,2021,2021,WCBS,53.062190212632856,-2.852004657045741
52215,,SJ6158,361000,358000,2000.0,England,10.0,3,2021,2023,WCBS,53.11774215203965,-2.58415782201419
52216,,SJ7139,371000,339000,,England,10.0,1,2021,2021,WCBS,52.94759352469453,-2.433036689796183
52217,,SK1569,415000,369000,,England,10.0,2,2021,2023,WCBS,53.21784600883724,-1.776819261622709
52218,,SK1570,415000,370000,,England,10.0,2,2021,2023,WCBS,53.22683476707684,-1.7767725833239238
52219,,SK2072,420000,372000,,England,10.0,2,2021,2023,WCBS,53.244648512880865,-1.701753639779883
52220,,SK2382,423000,382000,,England,10.0,2,2021,2023,WCBS,53.334413302670306,-1.6560781852333146
52221,,SM8223,182000,223000,,Wales,,3,2021,2023,WCBS,51.86288048477966,-5.167533616636126
52222,,SM9634,196000,234000,1040.0,Wales,10.0,3,2021,2023,WCBS,51.96694268751575,-4.971026491181983
52223,,SN6592,265000,292000,2000.0,Wales,10.0,3,2021,2023,WCBS,52.50912663236998,-3.99060030159658
52224,,SO5908,359000,208000,,England,,2,2021,2022,WCBS,51.76916472342181,-2.5955632057143005
52225,,SO8608,386000,208000,,England,10.0,3,2021,2023,WCBS,51.77049664510833,-2.20429148596262
52226,,SO8904,389000,204000,,England,,3,2021,2023,WCBS,51.73460009676071,-2.1606874715327167
52227,,SO9104,391000,204000,,England,,2,2021,2022,WCBS,51.73463618980992,-2.131726311291333
52228,,SP0426,404000,226000,,England,10.0,2,2021,2023,WCBS,51.932497638955425,-1.9432309677364081
52229,,SP6514,465000,214000,2007.0,England,10.0,3,2021,2023,WCBS,51.8208532119492,-1.058357166451675
52230,,SP6564,465000,264000,2000.0,England,10.0,2,2021,2022,WCBS,52.270323053928685,-1.0488650741022896
52231,,SP6662,466000,262000,2000.0,England,10.0,2,2021,2022,WCBS,52.25222611583267,-1.0346030164641127
52232,,SP7212,472000,212000,1997.0,England,10.0,3,2021,2023,WCBS,51.80201758181426,-0.9572305048744727
52233,,SP7598,475000,298000,,England,10.0,2,2021,2022,WCBS,52.5746572651603,-0.8947304128599407
52234,,SP8175,481000,275000,,England,10.0,3,2021,2023,WCBS,52.36707345057603,-0.8117941393116767
52235,,SP8330,483000,230000,1601.0,England,10.0,3,2021,2023,WCBS,51.962295316819436,-0.7934161117294177
52236,,SP8581,485000,281000,,England,10.0,3,2021,2023,WCBS,52.42039619120777,-0.751541047468254
52237,,ST3110,331000,110000,2012.0,England,10.0,3,2021,2023,WCBS,50.88535058016827,-2.982267593824254
52238,,ST4365,343000,165000,,England,10.0,3,2021,2023,WCBS,51.38117304535787,-2.820416634714701
52239,,ST4459,344000,159000,2320.0,England,10.0,1,2021,2021,WCBS,51.32732799687253,-2.805102813467626
52240,,ST4592,345000,192000,,Wales,10.0,3,2021,2023,WCBS,51.62411684173759,-2.795900795639729
52241,,ST4861,348000,161000,2063.0,England,10.0,3,2021,2023,WCBS,51.34569052153092,-2.7479926040696174
52242,,SU0694,406000,194000,,England,10.0,3,2021,2023,WCBS,51.6447677981183,-1.914685360452962
52243,,SU1833,418000,133000,,England,,3,2021,2023,WCBS,51.09602816430535,-1.7443325684799824
52244,,SU2021,420000,121000,,England,,3,2021,2023,WCBS,50.9880575528184,-1.716431244255813
52245,,SU4682,446000,182000,,England,10.0,3,2021,2023,WCBS,51.53503779050338,-1.33819823515685
52246,,SU4856,448000,156000,,England,10.0,3,2021,2023,WCBS,51.3011072344028,-1.3128784945761136
52247,,SU5752,457000,152000,1993.0,England,10.0,3,2021,2023,WCBS,51.264315440343424,-1.184433464717229
52248,,SU6813,468000,113000,,England,10.0,3,2021,2023,WCBS,50.91246979321593,-1.0341281720287214
52249,,SU9351,493000,151000,2000.0,England,10.0,3,2021,2023,WCBS,51.25059673389072,-0.6688450666973509
52250,,SW6833,168000,33000,2000.0,England,10.0,1,2021,2021,WCBS,50.15156262692644,-5.248972177684113
52251,,SW8243,182000,43000,,England,,1,2021,2021,WCBS,50.24668367457711,-5.059039165054147
52252,,SY3597,335000,97000,,England,10.0,2,2021,2022,WCBS,50.76892796788765,-2.923103340212126
52253,,SY5791,357000,91000,,England,10.0,2,2021,2022,WCBS,50.717027687352115,-2.6104522723448254
52254,,SY6774,367000,74000,1966.0,England,,3,2021,2023,WCBS,50.5648111904136,-2.467290388273538
52255,,SY6872,368000,72000,,England,10.0,2,2021,2022,WCBS,50.54688172363984,-2.452999223508068
52256,,SY7695,376000,95000,,England,10.0,3,2021,2023,WCBS,50.75409669158546,-2.3415892080854497
52257,,TL0515,505000,215000,,England,10.0,2,2021,2022,WCBS,51.82376552746092,-0.47789669852478484
52258,,TL1408,514000,208000,,England,10.0,2,2021,2023,WCBS,51.75909279198488,-0.3496645458822218
52259,,TL2634,526000,234000,,England,10.0,3,2021,2023,WCBS,51.99016821540136,-0.1664083482039764
52260,,TL3433,534000,233000,,England,10.0,3,2021,2023,WCBS,51.97931217439511,-0.050361312730985534
52261,,TL3921,539000,221000,,England,10.0,3,2021,2023,WCBS,51.87026243609124,0.017549736980505187
52262,,TL4123,541000,223000,,England,10.0,3,2021,2023,WCBS,51.88773122775452,0.04739590384375728
52263,,TL6149,561000,249000,,England,,2,2021,2022,WCBS,52.11588162651836,0.3499643497255999
52264,,TL9479,594000,279000,2000.0,England,10.0,3,2021,2023,WCBS,52.37467758981811,0.8485486242919849
52265,,TQ0161,501000,161000,,England,10.0,1,2021,2021,WCBS,51.3391267613592,-0.5514297920611979
52266,,TQ0918,509000,118000,,England,10.0,2,2021,2023,WCBS,50.9511371019,-0.4496290371750731
52267,,TQ3755,537000,155000,,England,,3,2021,2023,WCBS,51.27768071898754,-0.0371988771329749
52268,,TQ4710,547000,110000,,England,10.0,2,2021,2022,WCBS,50.87081628349871,0.08779128614891285
52269,,TQ4800,548000,100000,2000.0,England,10.0,3,2021,2023,WCBS,50.78069669913588,0.09796052494814936
52270,,TQ4933,549000,133000,,England,10.0,2,2021,2022,WCBS,51.07698522579905,0.12561145762802034
52271,,TV5299,552000,99000,,England,10.0,3,2021,2023,WCBS,50.77067667163006,0.15424387077097973
52272,,SP8006,480000,206000,,England,,1,2022,2022,WCBS,51.74699671127839,-0.8426159792697333
52273,,NU2417,424000,617000,,England,,2,2022,2023,WCBS,55.44628640685605,-1.622156096742503
52274,,SP9615,496000,215000,,England,,2,2022,2023,WCBS,51.82538247933511,-0.6084395283785597
52275,,TL4623,546000,223000,,England,,1,2022,2022,WCBS,51.88644537324148,0.11999568816583986
52276,,SP6839,468000,239000,,England,,2,2022,2023,WCBS,52.04523332831973,-1.0099058646307815
52277,,TL8164,581000,264000,,England,,2,2022,2023,WCBS,52.24441498438551,0.6497412214323055
52279,,SK1269,412000,369000,,England,,1,2022,2022,WCBS,53.21792157051914,-1.8217466452812499
52280,,NR3444,134000,644000,,Scotland,,2,2022,2023,WCBS,55.61663784546045,-6.226134252656856
52281,,SO9515,395000,215000,,England,,1,2022,2022,WCBS,51.83358816737767,-2.0739659782019815
52282,,TQ3656,536000,156000,,England,,2,2022,2023,WCBS,51.28690668215823,-0.05114671852869952
52283,,ST5379,353000,179000,,England,,2,2022,2023,WCBS,51.50796407195912,-2.6786031614041144
52284,,SU0724,407000,124000,,England,,2,2022,2023,WCBS,51.015336530261585,-1.9015863895230003
52285,,NY2518,325000,518000,,England,,1,2022,2022,WCBS,54.551666395329256,-3.1610626886212314
52286,,SP9951,499000,251000,,England,,2,2022,2023,WCBS,52.148422984305206,-0.5545447346105569
52287,,TF0630,506000,330000,,England,,1,2022,2022,WCBS,52.85706594441914,-0.42714293117610747
52288,,TL8421,584000,221000,,England,,1,2022,2022,WCBS,51.85724843773035,0.6704957131393232
52289,,SH3589,235000,389000,,Wales,,2,2022,2023,WCBS,53.37202482191221,-4.481619645601751
52290,,SP7805,478000,205000,,England,,1,2022,2022,WCBS,51.7382889604888,-0.871803364910343
52291,,NY2320,323000,520000,,England,,1,2022,2022,WCBS,54.56933541320438,-3.1925010691548605
52292,,SU8718,487000,118000,,England,,1,2022,2022,WCBS,50.954873583647924,-0.7627370136623841
52293,,SU8481,484000,181000,,England,,2,2022,2023,WCBS,51.52168103760928,-0.7906811529040314
52294,,SK1268,412000,368000,,England,,1,2022,2022,WCBS,53.208932774036555,-1.8217838960756918
52295,,SP2301,423000,201000,,England,,1,2022,2022,WCBS,51.70727019472014,-1.6685455855794935
52296,,SN9293,292000,293000,,Wales,,2,2022,2023,WCBS,52.52413601731356,-3.5932794360871316
52297,,SE2759,427000,459000,,England,,2,2022,2023,WCBS,54.02629396998622,-1.5893398850137626
52298,,SP5662,456000,262000,,England,,2,2022,2023,WCBS,52.25333266140238,-1.1810727635246392
52299,,SE4597,445000,497000,,England,,2,2022,2023,WCBS,54.36653720544697,-1.3089181732179647
52300,,SE3897,438000,497000,,England,,2,2022,2023,WCBS,54.36710561080842,-1.4166471789836934
52301,,TM1944,619000,244000,,England,,2,2022,2023,WCBS,52.05109296102059,1.192601758812818
52302,,ST2693,326000,193000,,Wales,,1,2022,2022,WCBS,51.630924955814834,-3.070532536570272
52303,,SE1008,410000,408000,,England,,2,2022,2023,WCBS,53.568515475575445,-1.850476946678822
52304,,ST6490,364000,190000,,England,,2,2022,2023,WCBS,51.60767523868488,-2.5212450349785684
52305,,ST6055,360000,155000,,England,,1,2022,2022,WCBS,51.29271651880464,-2.5750343815100445
52306,,TQ0543,505000,143000,,England,,2,2022,2023,WCBS,51.176605519707735,-0.49930388150410976
52307,,SD9592,395000,492000,,England,,1,2022,2022,WCBS,54.323552463889904,-2.078376591746866
52308,,SE1398,413000,498000,,England,,1,2022,2022,WCBS,54.37733788788882,-1.8013738485389121
52309,,SU7408,474000,108000,,England,,2,2022,2023,WCBS,50.86677840155312,-0.9498090824325884
52310,,ST7051,370000,151000,,England,,1,2022,2022,WCBS,51.25736701833759,-2.4312899362553733
52311,,SU0864,408000,164000,,England,,2,2022,2023,WCBS,51.37500038327083,-1.8864523852522717
52312,,NO0201,302000,701000,,Scotland,,1,2022,2022,WCBS,56.19149693724162,-3.5807579498818582
52313,,TL8865,588000,265000,,England,,2,2022,2023,WCBS,52.25105054505921,0.7527025544240081
52315,,NT2686,326000,686000,,Scotland,,1,2022,2022,WCBS,56.06109785387072,-3.1899636094519956
52316,,J4277,154632,531764,,Northern Ireland,,2,2022,2023,WCBS,54.62120784606542,-5.802368669978279
52317,,SJ9591,395000,391000,,England,,1,2022,2022,WCBS,53.415780704347945,-2.076692092357779
52318,,SU3846,438000,146000,,England,,2,2022,2023,WCBS,51.2119462878285,-1.4573684988896336
52319,,SD4589,345000,489000,,England,,1,2022,2022,WCBS,54.29364430332502,-2.8465049041284773
52320,,SS8109,281000,109000,,England,,2,2022,2023,WCBS,50.86821783632578,-3.692475119639455
52321,,TG3036,630000,336000,,England,,2,2022,2023,WCBS,52.87227694731728,1.4161181228884605
52322,,TQ7224,572000,124000,,England,,2,2022,2023,WCBS,50.98970249634486,0.4493702412820247
52323,,TQ5231,552000,131000,,England,,2,2022,2023,WCBS,51.058227690266754,0.16756440139724205
52325,,NZ1705,417000,505000,,England,,2,2022,2023,WCBS,54.44012962725145,-1.7393972801626485
52326,,TL6415,564000,215000,,England,,2,2022,2023,WCBS,51.80958034749095,0.3775171127755536
52327,,TQ2198,521000,198000,,England,,2,2022,2023,WCBS,51.66775630864184,-0.2517604700447111
52328,,SE3798,437000,498000,,England,,2,2022,2023,WCBS,54.37616561498385,-1.4319133548790093
52329,,C9839,116092,597322,,Northern Ireland,,1,2023,2023,WCBS,55.18838197309209,-6.4621415414640495
52330,,NM7367,173000,767000,,Scotland,,1,2023,2023,WCBS,56.73922356355683,-5.713379795149814
52331,,NM9650,196000,750000,,Scotland,,1,2023,2023,WCBS,56.5973855663105,-5.324591214848538
52334,,NS8582,285000,682000,,Scotland,,1,2023,2023,WCBS,56.01707557044322,-3.8463578795561792
52335,,NT6878,368000,678000,,Scotland,,1,2023,2023,WCBS,55.99388453972798,-2.5145701245436833
52336,,NY4610,346000,510000,,England,,1,2023,2023,WCBS,54.48245962002574,-2.8349664835280697
52337,,NY6662,366000,562000,,England,,1,2023,2023,WCBS,54.951480067229774,-2.532388476847066
52339,,NZ2075,420000,575000,,England,,1,2023,2023,WCBS,55.06906836800463,-1.6883528052111578
52340,,NZ2425,424000,525000,,England,,1,2023,2023,WCBS,54.619582272697905,-1.6298500480060178
52341,,SD6640,366000,440000,,England,,1,2023,2023,WCBS,53.85510664186123,-2.5183686983531626
52342,,SD6808,368000,408000,,England,,1,2023,2023,WCBS,53.56762581878831,-2.4846463427405965
52344,,SK1184,411000,384000,,England,,1,2023,2023,WCBS,53.352773407049966,-1.8362085304645137
52345,,SK2975,429000,375000,,England,,1,2023,2023,WCBS,53.271200687587324,-1.5666176537867016
52346,,SK5765,457000,365000,,England,,1,2023,2023,WCBS,53.17905860468312,-1.1485926198146552
52347,SM8112,SM8112,181000,212000,,Wales,,1,2023,2023,WCBS,51.763740347076734,-5.175078391594307
52348,,SP2810,428000,210000,,England,,1,2023,2023,WCBS,51.78796169327361,-1.5954661154916394
52349,,SP4545,445000,245000,,England,,1,2023,2023,WCBS,52.101512886041824,-1.3444492728682935
52350,,SP5879,458000,279000,,England,,1,2023,2023,WCBS,52.40594227411472,-1.1488508539907112
52351,,SP7350,473000,250000,,England,,1,2023,2023,WCBS,52.14347745148562,-0.9346618351177407
52352,,SP8434,484000,234000,,England,,1,2023,2023,WCBS,51.998100059584104,-0.7778875945168688
52353,,SP8437,484000,237000,,England,,1,2023,2023,WCBS,52.02506594459109,-0.7771527987668174
52354,,SP9109,491000,209000,,England,,1,2023,2023,WCBS,51.772286463613725,-0.6825411363614374
52355,,SP9478,494000,278000,,England,,1,2023,2023,WCBS,52.39196301960165,-0.6200814986156268
52356,,ST2739,327000,139000,,England,,1,2023,2023,WCBS,51.14558917658353,-3.0449669917895408
52357,,ST2945,329000,145000,,England,,1,2023,2023,WCBS,51.19978446071325,-3.017567416146545
52358,,ST3623,336000,123000,,England,,1,2023,2023,WCBS,51.00281250337869,-2.913486619374104
52359,,SU3708,437000,108000,,England,,1,2023,2023,WCBS,50.870323597131794,-1.4755539785633913
52360,,SU5665,456000,165000,,England,,1,2023,2023,WCBS,51.381295487684724,-1.196725887524442
52361,,SU9047,490000,147000,,England,,1,2023,2023,WCBS,51.21511906427968,-0.712821932190227
52362,,SU9293,492000,193000,,England,,1,2023,2023,WCBS,51.628303505360805,-0.6722680951908826
52363,,SU9906,499000,106000,,England,,1,2023,2023,WCBS,50.84506334184668,-0.5951921165651691
52364,,TA2539,525000,439000,,England,,1,2023,2023,WCBS,53.832231359517465,-0.10210797989754566
52365,,TF1270,512000,370000,,England,,1,2023,2023,WCBS,53.215264442673984,-0.32419311740845275
52366,,TG1643,616000,343000,,England,,1,2023,2023,WCBS,52.940900412338216,1.2131097486566509
52367,,TL1927,519000,227000,,England,,1,2023,2023,WCBS,51.928803979197234,-0.27072358733864355
52368,,TL3436,534000,236000,,England,,1,2023,2023,WCBS,52.006268653874,-0.04918992499785078
52370,,TL4528,545000,228000,,England,,1,2023,2023,WCBS,51.93162988879524,0.10757858148800911
52371,,TL9462,594000,262000,,England,,1,2023,2023,WCBS,52.22203192732908,0.8387645789816247
52372,,TM0142,601000,242000,,England,,1,2023,2023,WCBS,52.03995058313296,0.9292926699007167
52373,,TQ0041,500000,141000,,England,,1,2023,2023,WCBS,51.15952248698779,-0.5713624586105696
52374,,TQ1323,513000,123000,,England,,1,2023,2023,WCBS,50.99531126811246,-0.3911556810965694
52375,,TQ3428,534000,128000,,England,,1,2023,2023,WCBS,51.03574540969325,-0.0902300101646024
52376,,TQ5262,552000,162000,,England,,1,2023,2023,WCBS,51.33677673001093,0.18067922702719613
52377,,TR2452,624000,152000,,England,,1,2023,2023,WCBS,51.22322107706103,1.2065651296000923
