Site_Number,Site_Name,Gridreference,Easting,Northing,Length,Country,N_sections,N_yrs_surveyed,First_year_surveyed,Last_year_surveyed,Survey_type,lat,lon
1,Woodwalton Farm,TL214817,521400,281700,2038.0,England,12.0,48,1976,2023,UKBMS,52.41982676326132,-0.21628151779709795
3,Holkham,TF873453,587300,345300,3454.0,England,6.0,46,1976,2023,UKBMS,52.97232539937356,0.7879129699846625
4,Monks Wood,TL198801,519800,280100,2900.0,England,14.0,51,1973,2023,UKBMS,52.40580189067323,-0.24036920633174588
6,Yarner Wood,SX782787,278200,78700,3133.0,England,11.0,47,1976,2023,UKBMS,50.59528069690221,-3.722226810101831
8,Old Winchester Hill,SU645208,464500,120800,1792.0,England,10.0,48,1976,2023,UKBMS,50.983001957894224,-1.0825265527385335
10,Oxwich,SS511877,251100,187700,4020.0,Wales,13.0,46,1976,2023,UKBMS,51.56845656809093,-4.149805161901293
12,Leigh Marshes,TQ827851,582700,185100,1776.0,England,8.0,43,1976,2023,UKBMS,51.53523595690673,0.6328515296107379
14,Gomm Valley,SU896921,489600,192100,1219.0,England,9.0,46,1977,2023,UKBMS,51.620600236530606,-0.7071613156075899
15,Foxholes,SP251204,425100,220400,2909.0,England,5.0,47,1976,2022,UKBMS,51.881602709513025,-1.6367575791548727
16,Swanage,SZ020811,402000,81100,3397.0,England,15.0,46,1976,2023,UKBMS,50.629595924714145,-1.9730842266661082
17,Buttlers Hanging,SU817961,481700,196100,1158.0,England,10.0,25,1976,2023,UKBMS,51.65775825750654,-0.8203137715166255
19,Studland Heath,SZ025850,402500,85000,3665.0,England,14.0,48,1976,2023,UKBMS,50.66466594677289,-1.9659898683114412
21,Castor Hanglands,TF118018,511800,301800,1624.0,England,8.0,49,1974,2023,UKBMS,52.60249379574746,-0.35063127647755993
24,Dyfi,SN609937,260900,293700,2414.0,Wales,5.0,45,1976,2023,UKBMS,52.523368283609756,-4.051682327671509
25,Chippenham Fen,TL646694,564600,269400,3255.0,England,8.0,47,1976,2023,UKBMS,52.29806432243726,0.4124002800792352
26,Rostherne Mere,SJ743841,374300,384100,5360.0,England,15.0,32,1976,2023,UKBMS,53.35315420847381,-2.387561504971336
27,Holme Fen,TL202892,520200,289200,4438.0,England,8.0,47,1974,2023,UKBMS,52.48748441181583,-0.23121951050770906
29,Aston Rowant (N),SU725970,472500,197000,3400.0,England,10.0,47,1976,2023,UKBMS,51.66710914050089,-0.9531003847321102
30,Aston Rowant (S),SU723964,472300,196400,2367.0,England,10.0,48,1976,2023,UKBMS,51.6617410404954,-0.9561156646299872
31,Waterperry Wood,SP608097,460800,209700,1760.0,England,10.0,43,1976,2022,UKBMS,51.78266839439443,-1.1200371739858297
32,Wye & Crundale Down,TR077450,607700,145000,1950.0,England,12.0,43,1976,2023,UKBMS,51.16652131572042,0.9694331167081806
34,Potton Wood,TL252501,525200,250100,3960.0,England,9.0,45,1974,2023,UKBMS,52.135024091442624,-0.1721554278212518
36,Bure Marshes,TG336164,633600,316400,1671.0,England,12.0,48,1976,2023,UKBMS,52.69485542324484,1.4555291191950712
37,Upper Teesdale,NY882283,388200,528300,1411.0,England,7.0,44,1976,2023,UKBMS,54.64966256279286,-2.1843878404731583
39,Saltfleetby,TF472915,547200,391500,2929.0,England,12.0,45,1977,2023,UKBMS,53.399804647844945,0.21253489368612433
42,Ben Lawers,NN614392,261400,739200,3432.0,Scotland,6.0,43,1977,2023,UKBMS,56.5243382289233,-4.254662046910413
44,Radipole Lake,SY672799,367200,79900,1649.0,England,6.0,34,1977,2023,UKBMS,50.617878682330655,-2.4649892917729366
45,Gibralter Point,TF556580,555600,358000,4570.0,England,12.0,47,1974,2023,UKBMS,53.09652291424604,0.3224096995974931
47,Skomer,SM730093,173000,209300,3012.0,Wales,9.0,40,1977,2023,UKBMS,51.736318110831725,-5.2890464663548515
48,Hampstead Heath,TQ270863,527000,186300,1856.0,England,11.0,44,1977,2023,UKBMS,51.56128928929442,-0.16928390714695518
51,Loch Garten,NH971165,297100,816500,3645.0,Scotland,11.0,42,1977,2023,UKBMS,57.22762552985789,-3.705998619983847
54,Nagshead,SO601090,360100,209000,3428.0,England,10.0,40,1977,2023,UKBMS,51.77823501220361,-2.579738424462164
61,Insh Marshes,NH814018,281400,801800,3482.0,Scotland,13.0,45,1977,2023,UKBMS,57.09185343491666,-3.95888669615894
62,Northward Hill,TQ785765,578500,176500,1998.0,England,9.0,40,1977,2023,UKBMS,51.45932973628391,0.5680134170012393
65,Woodwalton Fen,TL231840,523100,284000,3940.0,England,7.0,43,1978,2023,UKBMS,52.44011394594786,-0.19045072907361188
69,Holme Dunes,TF712448,571200,344800,2035.0,England,8.0,45,1978,2023,UKBMS,52.97321350767942,0.5481509313704211
71,Castle Hill,TQ371068,537100,106800,2739.0,England,12.0,45,1978,2023,UKBMS,50.844487937166896,-0.054014982279274204
72,Gait Barrows,SD478772,347800,477200,1400.0,England,9.0,46,1978,2023,UKBMS,54.18789902354456,-2.801433008818138
81,South Stack Cliffs,SH210818,221000,381800,3256.0,Wales,13.0,7,1979,2023,UKBMS,53.30281973544479,-4.687741936287653
82,South Stack Ranges,SH216803,221600,380300,2290.0,Wales,13.0,24,1979,2023,UKBMS,53.28955386794843,-4.67790523970258
83,Pewsey Down,SU116636,411600,163600,2017.0,England,6.0,43,1979,2023,UKBMS,51.371342320698176,-1.8347447050284622
84,Ampfield Wood,SU411237,441100,123700,1532.0,England,11.0,45,1979,2023,UKBMS,51.011219650431165,-1.4155245350840984
85,Derbyshire Dales,SK180659,418000,365900,4770.0,England,11.0,45,1979,2023,UKBMS,53.189888367584075,-1.7320657777602935
86,Alresford,SU575335,457500,133500,3868.0,England,12.0,45,1979,2023,UKBMS,51.0979312200149,-1.1802227250352009
89,West Dean Wood,SU846155,484600,115500,2282.0,England,15.0,41,1979,2022,UKBMS,50.9327545765359,-0.7974780097806923
92,Murlough,J410350,150060,489998,4794.0,Northern Ireland,15.0,45,1979,2023,UKBMS,54.244464622230815,-5.837797150314391
93,Martin Down,SU056183,405600,118300,2696.0,England,12.0,45,1979,2023,UKBMS,50.964095795032556,-1.9216300942210174
95,Wyre Forest,SO755766,375500,276600,2600.0,England,15.0,45,1979,2023,UKBMS,52.38687461779226,-2.3614064705305235
96,Coombes Valley,SK006529,400600,352900,2168.0,England,15.0,26,1979,2023,UKBMS,53.07333227458471,-1.992496336421123
97,Lullington Heath,TQ545017,554500,101700,3886.0,England,15.0,44,1979,2023,UKBMS,50.79427896681961,0.19080439595928667
102,Pickett Wood,ST876544,387600,154400,1194.0,England,5.0,43,1981,2023,UKBMS,51.28859707476626,-2.1791993497880333
104,Barnack Hills & Holes,TF076045,507600,304500,1669.0,England,10.0,40,1981,2023,UKBMS,52.62760380453244,-0.41174286596257614
106,RSPB Blean Woods,TR112601,611200,160100,4400.0,England,15.0,42,1982,2023,UKBMS,51.30082888328094,1.0283156604136876
111,St Osyth,TM117176,611700,217600,2151.0,England,9.0,40,1983,2023,UKBMS,51.8169129764527,1.0700716196779938
112,Luckett Wood,SX391726,239100,72600,1665.0,England,14.0,43,1980,2023,UKBMS,50.53099293735163,-4.271610846472167
113,Stour Wood,TM191313,619100,231300,3910.0,England,12.0,40,1983,2023,UKBMS,51.937048622442305,1.185948296742309
115,Oakley Woods,SP615114,461500,211400,2549.0,England,9.0,35,1985,2023,UKBMS,51.79787492173177,-1.1095903752912468
116,Taynish,NR731843,173100,684300,3894.0,Scotland,12.0,35,1985,2023,UKBMS,55.997813641546735,-5.640276984785284
117,Whitecross Green Wood,SP602144,460200,214400,1853.0,England,11.0,37,1986,2022,UKBMS,51.82498593033265,-1.1279190707785642
118,Ham Street Wood,TR006342,600600,134200,3038.0,England,13.0,28,1986,2023,UKBMS,51.07206078580158,0.8620142282119955
119,Folkestone Escarpment,TR217381,621700,138100,3663.0,England,15.0,35,1987,2023,UKBMS,51.099320981284805,1.1651212422800625
128,Smardale Gill,NY725066,372500,506600,3173.0,England,11.0,29,1989,2023,UKBMS,54.45403872201061,-2.425656617517527
129,Mottistone Down,SZ416845,441600,84500,1590.0,England,8.0,34,1989,2023,UKBMS,50.658696733485655,-1.4128353642102705
130,Church Place,SU342099,434200,109900,2088.0,England,15.0,33,1989,2023,UKBMS,50.887580495689356,-1.5151666879087982
131,Pitts Wood,SU200149,420000,114900,3030.0,England,7.0,13,1989,2023,UKBMS,50.93320520579759,-1.7167646162720942
133,Tadnoll,SY791875,379100,87500,3370.0,England,10.0,35,1989,2023,UKBMS,50.68677310445504,-2.297217036767947
134,Bovey Valley,SX783797,278300,79700,1600.0,England,8.0,34,1989,2023,UKBMS,50.60429037065434,-3.721142577204705
135,East Blean Woods,TR193643,619300,164300,3627.0,England,15.0,29,1989,2023,UKBMS,51.33547721522577,1.1469084722073677
136,Somerford Common,SU028864,402800,186400,3249.0,England,13.0,30,1989,2023,UKBMS,51.576458371748565,-1.960989921039015
139,Blean Woods,TR114608,611400,160800,2005.0,England,15.0,32,1991,2023,UKBMS,51.30704012991172,1.0315947910014152
143,Loch Fleet,NH814964,281400,896400,3128.0,Scotland,8.0,27,1993,2023,UKBMS,57.941087273151275,-4.004962807094547
146,St Cyrus (new),NO749640,374900,764000,3600.0,Scotland,15.0,37,1983,2023,UKBMS,56.76691148867058,-2.4122249146574686
153,Brodick Country Park,NS019382,201900,638200,1801.0,Scotland,13.0,26,1995,2023,UKBMS,55.596998730605016,-5.145721361790528
155,Shabbington Wood (new),SP611102,461100,210200,3260.0,England,10.0,28,1995,2023,UKBMS,51.787130754764306,-1.1156010184904779
156,Denge Wood,TR106513,610600,151300,1462.0,England,10.0,28,1993,2023,UKBMS,51.222032648833896,1.0145440874040872
158,Fontmell Down (new),ST885180,388500,118000,3809.0,England,14.0,44,1980,2023,UKBMS,50.96130713378115,-2.165120515623726
160,Mabie Forest,NX927703,292700,570300,3500.0,Scotland,11.0,24,1995,2023,UKBMS,55.015637229479964,-3.6796059448324026
161,Bishop Middleham Quarry,NZ332327,433200,532700,2225.0,England,14.0,24,1997,2022,UKBMS,54.68825788234167,-1.486512298506877
163,Blackford Hill,NT254703,325400,670300,3206.0,Scotland,13.0,19,1999,2023,UKBMS,55.919975764608374,-3.1952363232530465
165,Sands of Forvie (new),NK010260,401000,826000,3655.0,Scotland,7.0,25,1999,2023,UKBMS,57.32454826432093,-1.9850387500662934
166,Great Orme,SH764827,276400,382700,4476.0,Wales,15.0,24,1999,2023,UKBMS,53.326740114112226,-3.8572824176867924
172,Grange Farm (North) A,TL330627,533000,262700,2879.0,England,20.0,23,2000,2023,UKBMS,52.246417356837306,-0.05332118037312549
173,Grange Farm (South),TL332623,533200,262300,2574.0,England,15.0,23,2000,2023,UKBMS,52.24277499077277,-0.05055109454319175
174,St. Abb's Head,NT913687,391300,668700,4068.0,Scotland,10.0,24,1999,2023,UKBMS,55.91132034050632,-2.1407471498526256
175,Lochaber,NX922699,292200,569900,2661.0,Scotland,11.0,12,2000,2023,UKBMS,55.01193617078764,-3.6872707861195084
178,Cheriton Hill,TR200381,620000,138100,1304.0,England,9.0,24,1992,2023,UKBMS,51.09997526336512,1.1408796807935728
179,Grange Farm (North) B,TL331620,533100,262000,2900.0,England,10.0,23,2000,2023,UKBMS,52.24010362039227,-0.052132844488504096
182,Glasdrum,NN000450,200000,745000,2500.0,Scotland,11.0,19,2002,2022,UKBMS,56.55426194018986,-5.255695029180097
184,Cavenham Heath,TL754725,575400,272500,3315.0,England,10.0,20,2003,2023,UKBMS,52.322566834598575,0.5722263815726096
188,Wootton Coppice,SZ247995,424700,99500,2100.0,England,7.0,18,2004,2023,UKBMS,50.79454287075108,-1.650917959243368
190,Tentsmuir Point North Revised,NO499276,349900,727600,2900.0,Scotland,8.0,19,2005,2023,UKBMS,56.43791177088771,-2.8140967365409564
192,Morton Lochs,NO463268,346300,726800,2900.0,Scotland,9.0,19,2004,2023,UKBMS,56.43032860186501,-2.8723077096095757
193,Hengistbury Head,SZ175905,417500,90500,3803.0,England,14.0,45,1979,2023,UKBMS,50.713870770682156,-1.7534969057161942
195,Tentsmuir Point South Revised,NO500270,350000,727000,1700.0,Scotland,7.0,18,2006,2023,UKBMS,56.4325325183852,-2.812360180858226
991,Porton Down,SU247367,424700,136700,2700.0,England,15.0,28,1994,2023,UKBMS,51.129050038468755,-1.6484041992927854
993,Moor House,NY751332,375100,533200,1919.0,England,10.0,31,1993,2023,UKBMS,54.69321655247173,-2.3878208102115805
994,Wytham,SP464096,446400,209600,4794.0,England,13.0,31,1993,2023,UKBMS,51.78314582357768,-1.3287770545032431
995,North Wyke,SX660985,266000,98500,4738.0,England,15.0,30,1993,2023,UKBMS,50.77056346159058,-3.9016824046468495
999,Alice Holt,SU801399,480100,139900,1930.0,England,4.0,30,1994,2023,UKBMS,51.15276162977767,-0.8561121091769729
1001,Stockbridge Down,SU382348,438200,134800,1500.0,England,15.0,38,1983,2023,UKBMS,51.11122728734375,-1.4556912732157359
1002,Ashford Hangers 1,SU742268,474200,126800,2000.0,England,11.0,24,1987,2023,UKBMS,51.03577960605725,-0.9431418050179714
1004,Badminston Common,SU460020,446000,102000,2190.0,England,10.0,25,1993,2023,UKBMS,50.81572780011116,-1.3484124374169548
1005,Beacon Hill,SU603227,460300,122700,1400.0,England,10.0,43,1980,2023,UKBMS,51.000539720264996,-1.1420361988178291
1006,Bentley Station Meadow,SU794430,479400,143000,950.0,England,3.0,31,1993,2023,UKBMS,51.18072871123313,-0.8654350974016086
1007,Bonchurch Down,SZ5733678652,457336,78652,650.0,England,9.0,31,1993,2023,UKBMS,50.60477844758155,-1.191136760972552
1009,Claylands,SU547181,454700,118100,1600.0,England,8.0,28,1996,2023,UKBMS,50.95973766312672,-1.2225246282956959
1010,Farlington Marshes Route A,SU688047,468800,104700,1420.0,England,5.0,26,1993,2023,UKBMS,50.83774881204941,-1.0243097231612805
1014,Lower Test Marshes,SU364149,436400,114900,3729.0,England,11.0,33,1991,2023,UKBMS,50.93240654594344,-1.4833945748675348
1016,Magdalen Hill Down,SU503292,450300,129200,1950.0,England,10.0,34,1990,2023,UKBMS,51.05994358298295,-1.2836334729820467
1017,Magdalen Hill Down extension,SU515292,451500,129200,1600.0,England,8.0,28,1996,2023,UKBMS,51.0598374349954,-1.2665118682058458
1018,Martin Down Kitts Grave,SU034203,403400,120300,1465.0,England,12.0,39,1985,2023,UKBMS,50.98209709244695,-1.9529395320930616
1019,Martin Down North,SU045190,404500,119000,1375.0,England,9.0,42,1982,2023,UKBMS,50.97039981598371,-1.9372854048734391
1022,Noar Hill,SU741320,474100,132000,2383.0,England,15.0,41,1983,2023,UKBMS,51.082543699488085,-0.9435044535277993
1024,Pamber Forest,SU615610,461500,161000,5300.0,England,15.0,40,1984,2023,UKBMS,51.34476489499584,-1.118396751868178
1031,Swanwick NR,SU507099,450700,109900,2300.0,England,14.0,27,1994,2023,UKBMS,50.88637123871158,-1.2806113467014693
1032,Lower Test - Testwood Park House,SU358145,435800,114500,1906.0,England,9.0,32,1992,2023,UKBMS,50.92884718729295,-1.4919714616644255
1034,Coombe Bottom & St Boniface Down (Ventnor),SZ558779,455800,77900,1100.0,England,11.0,35,1989,2023,UKBMS,50.59816507714742,-1.2129527538541796
1035,Newton - Walters Copse,SZ432905,443200,90500,1317.0,England,7.0,28,1996,2023,UKBMS,50.712533841631505,-1.3895016266774909
1036,West Down (Chilbolton),SU385392,438500,139200,2300.0,England,10.0,34,1988,2023,UKBMS,51.150770406126206,-1.4509372625934611
1039,Winnall Moors,SU488305,448800,130500,4000.0,England,12.0,30,1987,2023,UKBMS,51.0717616563593,-1.3048606308759119
1040,Yew Hill,SU454265,445400,126500,1220.0,England,6.0,34,1990,2023,UKBMS,51.036073701186176,-1.3538854546118784
1044,Botley Wood 1,SU545100,454500,110000,2900.0,England,11.0,29,1995,2023,UKBMS,50.88692514388734,-1.2265801654529593
1049,Catherington Down,SU692144,469200,114400,3033.0,England,9.0,29,1995,2023,UKBMS,50.924914852814666,-1.0167966667389017
1050,Crabtree,SU663519,466300,151900,1900.0,England,10.0,25,1999,2023,UKBMS,51.26241236557096,-1.051178341442588
1051,Crab Wood,SU438295,443800,129500,550.0,England,7.0,26,1986,2023,UKBMS,51.06317245307157,-1.3763409939016427
1054,Firestone Copse,SZ555908,455500,90800,1700.0,England,10.0,33,1988,2023,UKBMS,50.7141895037002,-1.2152612436888819
1055,The Gillies,SU572059,457200,105900,1300.0,England,8.0,31,1993,2023,UKBMS,50.849799327230805,-1.1888399455798566
1057,Leckford-A,SU368366,436800,136600,1800.0,England,10.0,25,1988,2023,UKBMS,51.127503633538005,-1.4755062166666015
1058,Leckford-J,SU382357,438200,135700,1610.0,England,10.0,30,1989,2023,UKBMS,51.11931977460435,-1.4555962332295616
1060,Pignal Inclosure,SU315040,431500,104000,600.0,England,7.0,26,1998,2023,UKBMS,50.834679648560275,-1.5540559163011622
1065,Wick Wood,SU759357,475900,135700,3056.0,England,12.0,28,1995,2023,UKBMS,51.11557350387694,-0.917035253973087
1073,Farlington Marshes Route B,SU688052,468800,105200,1286.0,England,6.0,23,1993,2022,UKBMS,50.84224440218134,-1.0242159877651786
1074,Farlington Marshes Route C,SU679045,467900,104500,1715.0,England,6.0,24,1993,2023,UKBMS,50.836056693472464,-1.0371260715118764
1081,Bartley Heath New 1,SU726534,472600,153400,4600.0,England,10.0,28,1996,2023,UKBMS,51.27513158087655,-0.9605984658445859
1083,Roydon Woods - Southern Fields,SZ317996,431700,99600,2842.0,England,15.0,23,2000,2023,UKBMS,50.795102874850386,-1.5515947186201156
1084,The Dongas,SU490276,449000,127600,1391.0,England,8.0,14,1997,2023,UKBMS,51.04566936583157,-1.3023980923763547
1089,Hamble Common,SU482061,448200,106100,1995.0,England,6.0,22,2001,2022,UKBMS,50.85241591383978,-1.316648526383423
1091,Peartree Green,SU438118,443800,111800,1500.0,England,8.0,8,2003,2023,UKBMS,50.90401880851281,-1.3784688684678714
1093,Broughton Down 2,SU290330,429000,133000,2720.0,England,13.0,18,2004,2023,UKBMS,51.09557953774353,-1.5872530623095673
1095,Dell Piece West,SU701126,470100,112600,500.0,England,7.0,16,2002,2023,UKBMS,50.908622559169984,-1.0043388974790834
1098,"Windmill Hill, Chalton",SU712147,471200,114700,3280.0,England,7.0,19,2003,2023,UKBMS,50.92736916246142,-0.9882869272373409
1099,Parsonage Field,SU694144,469400,114400,100.0,England,1.0,19,2003,2023,UKBMS,50.92489086721078,-1.013951524350125
1101,Heald Brow NT,SD468739,346800,473900,2600.0,England,10.0,27,1996,2023,UKBMS,54.158140701346085,-2.8161715084879617
1102,Heathwaite NT,SD448768,344800,476800,3500.0,England,7.0,31,1993,2023,UKBMS,54.1839897751258,-2.8473273700153787
1107,Jack Scout NT,SD459736,345900,473600,1150.0,England,11.0,29,1994,2023,UKBMS,54.15535054190335,-2.829898067446112
1108,Latterbarrow CWT,SD440828,344000,482800,1100.0,England,6.0,26,1996,2023,UKBMS,54.23782082274889,-2.860704858844862
1113,Warton Crag RSPB,SD488731,348800,473100,2800.0,England,7.0,33,1990,2023,UKBMS,54.15115517219756,-2.7854116990662483
1114,Whitbarrow - Howe Ridding pNNR,SD435880,343500,488000,1410.0,England,15.0,27,1996,2022,UKBMS,54.284494149238725,-2.8693582064635237
1117,Whitbarrow NNR - Wakebarrow,SD450870,345000,487000,3505.0,England,15.0,23,1996,2023,UKBMS,54.27567182132135,-2.846136374160339
1119,Whitbarrow NNR - Hervey CWT,SD441862,344100,486200,4000.0,England,11.0,25,1995,2023,UKBMS,54.268385046827966,-2.8598062623974876
1122,Arnside Knott NT,SD453776,345300,477600,4700.0,England,12.0,31,1991,2023,UKBMS,54.19123255643276,-2.839812526440223
1123,Barkbooth Lot (CWT),SD417907,341700,490700,1460.0,England,10.0,23,1993,2023,UKBMS,54.30855411150797,-2.89753072035085
1124,Brigsteer Park Wood (NT),SD486880,348600,488000,3000.0,England,6.0,26,1992,2023,UKBMS,54.285033524453624,-2.791029390612308
1125,Dick Fell,SD473797,347300,479700,1295.0,England,7.0,24,1996,2023,UKBMS,54.21031392607445,-2.80953352827201
1126,Eaves Wood NT,SD465763,346500,476300,4500.0,England,11.0,32,1991,2023,UKBMS,54.179677004899,-2.821192199677143
1127,Flash Bank Wood NT,SD489880,348900,488000,950.0,England,5.0,25,1992,2023,UKBMS,54.2850636682976,-2.786421734376585
1134,Waitby Greenriggs,NY760083,376000,508300,1400.0,England,14.0,16,1998,2023,UKBMS,54.46949441827968,-2.3718140912557484
1141,Field of Dreams,SD473750,347300,475000,1030.0,England,9.0,22,2002,2023,UKBMS,54.16807752331237,-2.8087084346278606
1142,Holme Park Fell,SD539792,353900,479200,3315.0,England,10.0,21,2002,2022,UKBMS,54.20645814385291,-2.7082697621167617
1143,Yealand Hall Allotment,SD490764,349000,476400,4000.0,England,14.0,22,2002,2023,UKBMS,54.18083076380236,-2.782909728627667
1145,Coldwell Parrock,SD480778,348000,477800,955.0,England,3.0,22,2002,2023,UKBMS,54.19331127358368,-2.798472395883291
1146,Lancelot Clark Storth,SD546772,354600,477200,2285.0,England,15.0,26,1995,2023,UKBMS,54.18854739453747,-2.697236032006759
1147,Gait Barrows NNR (Warden's),SD483774,348300,477400,1900.0,England,15.0,31,1993,2023,UKBMS,54.18974706789026,-2.7938060540923133
1149,Teddy Heights,SD475792,347500,479200,2200.0,England,6.0,21,1998,2023,UKBMS,54.20584127067656,-2.8063797743436836
1151,Burton Fell,SD545778,354500,477800,2290.0,England,10.0,20,2002,2023,UKBMS,54.193930528681896,-2.6988593531934693
1153,Dobshall Wood,SD450780,345000,478000,1095.0,England,7.0,17,2006,2023,UKBMS,54.194794963698676,-2.844482975803334
1157,Witherslack Hall Woods,SD435868,343500,486800,2233.0,England,10.0,14,2007,2023,UKBMS,54.27371071470372,-2.8691311478178583
1163,Trowbarrow Quarry - New (2010),SD480758,348000,475800,2092.0,England,12.0,14,2010,2023,UKBMS,54.17533827393535,-2.7981260482659254
1164,Middlebarrow Wood,SD464769,346400,476900,2890.0,England,13.0,14,2010,2023,UKBMS,54.18505841647041,-2.822831246641536
1166,Warton Crag LWT2,SD491731,349100,473100,4020.0,England,15.0,8,2011,2023,UKBMS,54.1511850520164,-2.7808189160720906
1168,Ainsdale Sand Dunes NNR,SD288106,328800,410600,5325.0,England,13.0,11,2013,2023,UKBMS,53.587128251838955,-3.077045877082456
1169,Myers Allotment Two,SD474750,347400,475000,850.0,England,10.0,11,2013,2023,UKBMS,54.16808780105092,-2.807176891862029
1171,Hartsop Dodd,NY413115,341300,511500,1540.0,England,10.0,10,2013,2023,UKBMS,54.49541539669804,-2.9077970120313297
1174,Smardale Gill Extension,NY734081,373400,508100,1000.0,England,2.0,10,2014,2023,UKBMS,54.46756693466919,-2.4119112509452476
1176,Halecat,SD431833,343100,483300,3000.0,England,12.0,10,2014,2023,UKBMS,54.24221452955604,-2.874606796502142
1179,Heysham Nature Reserve,SD406600,340600,460000,1000.0,England,10.0,7,2015,2023,UKBMS,54.032549072289385,-2.9083682618117557
1184,Crosby Coastguard Station,SD298008,329800,400800,1700.0,England,9.0,7,2017,2023,UKBMS,53.49919268309868,-3.0597396655668057
1185,Brockholes NR,SD587307,358700,430700,1739.0,England,14.0,6,2017,2023,UKBMS,53.77099301769933,-2.6280888838048457
1187,Dove Stone East,SE019037,401900,403700,3343.0,England,10.0,4,2017,2022,UKBMS,53.5299557342139,-1.9728072082359625
1188,Dove Stone West,SE019047,401900,404700,2659.0,England,6.0,4,2017,2022,UKBMS,53.53894408646909,-1.9728015047407392
1190,St Annes LNR,SD310306,331000,430600,2080.0,England,14.0,6,2018,2023,UKBMS,53.767155583328545,-3.0482724346237915
1191,Coldwell Meadows,SD348478,334800,447800,2730.0,England,11.0,2,2019,2022,UKBMS,53.92221425635027,-2.9942897221881353
1193,Ainsdale NNR specific species,SD302112,330200,411200,1320.0,England,4.0,5,2019,2023,UKBMS,53.592708825687424,-3.0560354209605283
1195,Cabin Hill / Ravenmeols,SD283054,328300,405400,2328.0,England,8.0,3,2021,2023,UKBMS,53.54032918331303,-3.083402391703984
1197,Duddon Mosses National Nature Reserve,SD223851,322300,485100,1101.0,England,3.0,3,2021,2023,UKBMS,54.25564956406608,-3.194174981772645
1198,Heathwaite Moss,SD242876,324200,487600,463.0,England,1.0,3,2021,2023,UKBMS,54.27839840908128,-3.165651062191421
1199,Warton Crag LNR (Upper),SD493727,349300,472700,1737.0,England,7.0,2,2022,2023,UKBMS,54.14761023589988,-2.7776896577585037
1208,Dunstable Downs,TL007201,500700,220100,2000.0,England,9.0,20,1993,2023,UKBMS,51.87039496976453,-0.5387820527143232
1209,Hill Rise,TL046510,504600,251000,400.0,England,1.0,18,1994,2023,UKBMS,52.147392006597116,-0.4727321440405293
1210,Priory Country Park,TL075493,507500,249300,2000.0,England,5.0,26,1993,2023,UKBMS,52.13155773339041,-0.4309038729321837
1220,Sharpenhoe Clappers,TL066297,506600,229700,2300.0,England,11.0,32,1989,2023,UKBMS,51.95558035823456,-0.45015232901078966
1221,Whipsnade Downs,TL000185,500000,218500,2500.0,England,11.0,28,1987,2023,UKBMS,51.85613991927209,-0.5494083393281445
1224,Old Warden Tunnel,TL112447,511200,244700,1188.0,England,8.0,18,2006,2023,UKBMS,52.08948659887232,-0.3783726934034297
1226,Bedford Old Cemetery,TL050512,505000,251200,1940.0,England,5.0,7,2006,2022,UKBMS,52.14911364368643,-0.46682684038959343
1229,Knocking hoe,TL131307,513100,230700,1508.0,England,8.0,9,2013,2023,UKBMS,51.96328490317051,-0.35527552579941685
1231,Ring Haw,TL053973,505300,297300,2325.0,England,6.0,10,2014,2023,UKBMS,52.56335166439741,-0.44799766486710974
1232,Mowsbury Hillfort,TL065532,506500,253200,1200.0,England,9.0,10,2014,2023,UKBMS,52.16680102575986,-0.4442862631501703
1234,Whitestones Twywell Hills & Dales,SP939775,493900,277500,1362.0,England,10.0,7,2016,2023,UKBMS,52.3874864116531,-0.6216905275718851
1235,Bucknell Woods,SP658448,465800,244800,1000.0,England,10.0,8,2016,2023,UKBMS,52.09763646657617,-1.0408627745525962
1239,Wellingborough,SP903674,490300,267400,1300.0,England,5.0,5,2017,2022,UKBMS,52.29731470805511,-0.6772835477665017
1240,Nene Wetlands Nature Reserve,SP939679,493900,267900,3410.0,England,4.0,5,2018,2023,UKBMS,52.30120576135505,-0.6243709320602944
1243,Salcey Forest North,SP809520,480900,252000,3000.0,England,10.0,3,2020,2022,UKBMS,52.160355726561086,-0.8187682110886407
1244,Salcey Forest South,SP805505,480500,250500,2560.0,England,10.0,3,2020,2022,UKBMS,52.14693126658418,-0.8249693316787571
1248,Stanwick Lakes,SP967714,496700,271400,2720.0,England,10.0,2,2022,2023,UKBMS,52.33217666379909,-0.5823173671673769
1249,Fermyn Woods Country Park,SP954850,495400,285000,1519.0,England,9.0,2,2022,2023,UKBMS,52.45463264030711,-0.5975199991426936
1250,Old Sulehay including Stonepit Quarry,TL057979,505700,297900,1947.0,England,6.0,2,2022,2023,UKBMS,52.56866609891141,-0.4419079776511137
1252,RSPB The Lodge,TL191484,519100,248400,2665.0,England,7.0,2,2022,2023,UKBMS,52.12109442790026,-0.26182978273484464
1253,Weldon Woodland Park,SP922891,492200,289100,2232.0,England,10.0,2,2022,2023,UKBMS,52.492029973551084,-0.6434641200149933
1301,Grendon & Doddershall Woods,SP700210,470000,221000,3800.0,England,13.0,29,1995,2023,UKBMS,51.883176843029894,-0.9844117483916637
1305,College Lake,SP935139,493500,213900,2450.0,England,6.0,23,2001,2023,UKBMS,51.81591862656505,-0.6450001758657573
1306,Aston Clinton Ragpits,SP888108,488800,210800,900.0,England,2.0,28,1996,2023,UKBMS,51.78881910921398,-0.7139570297902469
1307,Finemere Wood,SP722216,472200,221600,2820.0,England,8.0,29,1994,2022,UKBMS,51.88829037142006,-0.952329381021471
1309,Coombe Hill,SP846065,484600,206500,650.0,England,4.0,29,1994,2023,UKBMS,51.75081647874222,-0.7758803081164242
1311,Bowdown (Baynes/Bomb Site),SU508650,450800,165000,1750.0,England,8.0,37,1986,2023,UKBMS,51.381783650036596,-1.2714376702654662
1312,Aston Upthorpe Downs,SU545837,454500,183700,3500.0,England,8.0,31,1993,2023,UKBMS,51.549566845861136,-1.2153999909208453
1315,M40 Compensation Area,SP629102,462900,210200,1620.0,England,7.0,33,1991,2023,UKBMS,51.78693164896699,-1.0895088948485077
1317,Burnham Beeches (New walk),SU949848,494900,184800,7100.0,England,15.0,30,1992,2023,UKBMS,51.554114648746676,-0.6325990470806744
1318,Crong,SP904088,490400,208800,1035.0,England,2.0,22,2001,2023,UKBMS,51.7705858175014,-0.6912864611164038
1319,Moor Copse Nature Reserve,SU637741,463700,174100,1800.0,England,5.0,22,2001,2022,UKBMS,51.462298147502764,-1.084466292424383
1321,Lardon Chase,SU587809,458700,180900,1000.0,England,6.0,27,1997,2023,UKBMS,51.52397317797055,-1.155300797381112
1323,Dancersend,SP900095,490000,209500,2800.0,England,14.0,23,2001,2023,UKBMS,51.776942286009124,-0.6969006182802641
1325,Carrinton's New Farm,SU884900,488400,190000,2580.0,England,10.0,21,2003,2023,UKBMS,51.60191271892221,-0.7250190790445
1328,"Brush Hill, Princes Risborough",SP821034,482100,203400,1320.0,England,10.0,18,2004,2023,UKBMS,51.72332151753673,-0.812817312050795
1329,College Lake New 2003,SP929147,492900,214700,1250.0,England,5.0,23,2001,2023,UKBMS,51.823209344563416,-0.6534874405961731
1335,Hosehill LNR,SU649697,464900,169700,1685.0,England,15.0,15,2005,2023,UKBMS,51.422604471144815,-1.0680007794226583
1336,Ardley Quarry,SP536273,453600,227300,957.0,England,4.0,21,2003,2023,UKBMS,51.94162831914223,-1.2216734109556375
1339,Hartslock,SU618795,461800,179500,1405.0,England,7.0,21,2003,2023,UKBMS,51.511056586519516,-1.110868595997605
1340,Severn Barrows,SU329828,432900,182800,650.0,England,4.0,21,2003,2023,UKBMS,51.54314349822386,-1.5269818386095952
1343,Decoy Heath,SU615635,461500,163500,1100.0,England,8.0,22,2002,2023,UKBMS,51.367241446596196,-1.1179653296104617
1344,Hurley,SU812821,481200,182100,984.0,England,6.0,22,2002,2023,UKBMS,51.531978466984924,-0.8307757979090028
1346,Wildmoor Heath,SU843630,484300,163000,4426.0,England,10.0,25,1998,2023,UKBMS,51.359824610117315,-0.7906389297414175
1349,Brill Common,SP653143,465300,214300,3000.0,England,10.0,18,2003,2023,UKBMS,51.82351521887741,-1.0539488066763372
1351,Prestwood Nature,SU866991,486600,199100,5020.0,England,15.0,18,2006,2023,UKBMS,51.68399283450101,-0.7487525767435004
1354,Holtspur Bottom Reserve,SU917904,491700,190400,1125.0,England,9.0,17,2007,2023,UKBMS,51.60498131539608,-0.6772804907088656
1357,Homefield Wood,SU812867,481200,186700,1000.0,England,11.0,17,2007,2023,UKBMS,51.57333020151176,-0.829715302803244
1358,Oakley Hill,SU758995,475800,199500,1000.0,England,6.0,19,2005,2023,UKBMS,51.68914818683181,-0.9048520536033197
1361,Warburg 1 (central),SU719880,471900,188000,1700.0,England,6.0,26,1998,2023,UKBMS,51.586277971896465,-0.9636192144090279
1362,Watts Bank,SU329772,432900,177200,376.0,England,3.0,18,2006,2023,UKBMS,51.492793170508904,-1.527502821853863
1368,Hartslock Extension,SU620793,462000,179300,560.0,England,2.0,15,2008,2022,UKBMS,51.509236644014656,-1.1080221218246593
1369,Moor Copse Extension,SU638737,463800,173700,1625.0,England,8.0,15,2008,2022,UKBMS,51.458690755069355,-1.0830990943702141
1370,Rushbeds Wood,SP672154,467200,215400,2856.0,England,8.0,16,2007,2022,UKBMS,51.833178952261804,-1.0261722470306227
1371,Sydlings Copse,SP553094,455300,209400,1345.0,England,5.0,16,2008,2023,UKBMS,51.78054081526513,-1.199804831658077
1372,Greenham Common 2,SU495648,449500,164800,3220.0,England,9.0,14,2008,2023,UKBMS,51.38010005714787,-1.2901437428026252
1373,Sands Bank,SU833933,483300,193300,950.0,England,5.0,13,2006,2023,UKBMS,51.63235381286769,-0.7978548178208024
1375,Ewelme Watercress Beds LNR,SU640917,464000,191700,850.0,England,15.0,15,2009,2023,UKBMS,51.6204925280243,-1.0769537177641921
1377,Dancers End Extension,SP896096,489600,209600,820.0,England,3.0,20,2004,2023,UKBMS,51.77790525560916,-0.7026710216083708
1378,Little Linford Wood,SP831453,483100,245300,2650.0,England,6.0,15,2009,2023,UKBMS,52.09980659850874,-0.7882495754745158
1379,Hook Norton,SP360322,436000,232200,345.0,England,2.0,15,2009,2023,UKBMS,51.987094711972,-1.4771793918859941
1380,Glyme Valley,SP334260,433400,226000,646.0,England,2.0,15,2009,2023,UKBMS,51.93151590077237,-1.5156397283685736
1382,Paizes Wood,SU586638,458600,163800,2630.0,England,12.0,13,2010,2023,UKBMS,51.37024472094603,-1.1595683315270144
1383,Chilswell Valley,SP502038,450200,203800,2800.0,England,10.0,13,2009,2023,UKBMS,51.730674577729545,-1.2745317180662086
1387,Maidenhead Thicket,SU851811,485100,181100,2550.0,England,8.0,7,2012,2022,UKBMS,51.5224155299154,-0.7748063479350625
1390,Wallingford Castle Meadows,SU610898,461000,189800,2000.0,England,12.0,9,2013,2023,UKBMS,51.6037436350398,-1.120611385814462
1391,Crowmarsh Riverside Meadows,SU611892,461100,189200,1430.0,England,9.0,11,2013,2023,UKBMS,51.59833866735211,-1.1192719900473727
1392,Mowbray Fields,SU522887,452200,188700,670.0,England,9.0,8,2013,2023,UKBMS,51.59473674560994,-1.2478259303125063
1395,Cliveden,SU912853,491200,185300,1900.0,England,8.0,7,2014,2023,UKBMS,51.55921867450178,-0.6858212609733705
1396,Bacombe Hill,SP861072,486100,207200,2639.0,England,9.0,10,2014,2023,UKBMS,51.75688051718573,-0.7539835714909003
1397,Grangelands,SP828048,482800,204800,2040.0,England,8.0,10,2014,2023,UKBMS,51.73580354018678,-0.8023530964739515
1398,Swains wood,SU738921,473800,192100,764.0,England,3.0,4,2014,2023,UKBMS,51.62289070069363,-0.9353388504300885
1399,The Rifle Range,SP829052,482900,205200,934.0,England,9.0,10,2014,2023,UKBMS,51.73938443021081,-0.8008101509195961
1401,Cissbury Ring,TQ140080,514000,108000,4193.0,England,7.0,29,1995,2023,UKBMS,50.86028301497736,-0.38159773667256086
1402,Deep Dean,TQ540025,554000,102500,2445.0,England,8.0,23,1998,2023,UKBMS,50.80160073205317,0.18405065929249925
1404,Levin Down,SU885137,488500,113700,4025.0,England,11.0,34,1990,2023,UKBMS,50.91598776075457,-0.7424296508581011
1410,Harting Down,SU796182,479600,118200,4200.0,England,6.0,29,1989,2022,UKBMS,50.95773988073218,-0.8680255416315936
1411,Bevendean A,TQ338068,533800,106800,1517.0,England,10.0,25,1997,2023,UKBMS,50.84525982426366,-0.10085999304091665
1412,Bevendean B,TQ335065,533500,106500,1576.0,England,5.0,24,1998,2023,UKBMS,50.84263279654921,-0.1052279647021602
1413,Bevendean C,TQ343066,534300,106600,788.0,England,4.0,23,1997,2022,UKBMS,50.84334658023261,-0.09383539161747453
1414,Malling Down,TQ428107,542800,110700,2650.0,England,12.0,40,1984,2023,UKBMS,50.87815900062685,0.028414631545125853
1419,Loder Valley 1 (Ardingley Reservoir 1),TQ342305,534200,130500,1500.0,England,15.0,33,1991,2023,UKBMS,51.05816665068879,-0.08645354542985717
1420,Loder Valley 2 (Ardingley Reservoir 2),TQ335302,533500,130200,1500.0,England,12.0,23,2001,2023,UKBMS,51.05563352277233,-0.09654661788606037
1422,Arlington Reservoir,TQ534074,553400,107400,3030.0,England,4.0,23,2001,2023,UKBMS,50.845791231484704,0.17759046859864427
1423,"Beacon Hill, Sussex",TQ364028,536400,102800,1435.0,England,6.0,22,2001,2023,UKBMS,50.808703753858744,-0.06543825603163535
1433,Ashpark Wood,SU995317,499500,131700,3690.0,England,9.0,21,2003,2023,UKBMS,51.076009162309234,-0.5810731775780869
1434,Kingspark Wood,SU985306,498500,130600,6000.0,England,15.0,21,2003,2023,UKBMS,51.06629312265154,-0.5956422723319887
1437,Crowlink,TV545974,554500,97400,2700.0,England,7.0,20,2003,2022,UKBMS,50.75563911336883,0.18899942566750333
1438,Burton & Chingford Ponds LNR,SU973174,497300,117400,2970.0,England,12.0,17,2004,2023,UKBMS,50.94783488862482,-0.616297414171951
1447,Smugglers,TQ473295,547300,129500,1615.0,England,10.0,13,2004,2023,UKBMS,51.045972437389025,0.0999376104821169
1451,Black Cap,TQ378125,537800,112500,1991.0,England,8.0,17,2005,2023,UKBMS,50.89554876529132,-0.0419329498896827
1453,Anchor Bottom,TQ202094,520200,109400,2650.0,England,4.0,16,2004,2023,UKBMS,50.87161256732876,-0.2930860569530268
1454,Fore Wood,TQ752131,575200,113100,2442.0,England,10.0,35,1987,2023,UKBMS,50.89081457617964,0.4896821316895007
1459,Broadwater Warren 1,TQ556370,555600,137000,1000.0,England,10.0,16,2008,2023,UKBMS,51.11117635929564,0.22147494941574047
1460,Broadwater Warren 2,TQ553368,555300,136800,1000.0,England,10.0,16,2008,2023,UKBMS,51.10946059549351,0.21710666505645695
1463,Graffham Down Long Meadow,SU919162,491900,116200,500.0,England,4.0,15,2009,2023,UKBMS,50.93793204431319,-0.6934473253856291
1464,Graffham Down Scotts Corner,SU922162,492200,116200,390.0,England,3.0,14,2009,2022,UKBMS,50.93788421455587,-0.6891789051822967
1467,Moulescombe Wildpark LNR,TQ329081,532900,108100,1895.0,England,9.0,9,2008,2023,UKBMS,50.857150942413384,-0.11316485060827464
1469,Minepits - Hartley Green Copse,SU872284,487200,128400,1550.0,England,9.0,17,2007,2023,UKBMS,51.04834067034249,-0.7573954488279175
1470,"Bignor Hill, Slindon Estate (NT)",SU972128,497200,112800,1890.0,England,10.0,13,2010,2023,UKBMS,50.90649896596713,-0.618945445746117
1471,Chapel Common,SU820285,482000,128500,5000.0,England,6.0,14,2010,2023,UKBMS,51.05000457349811,-0.8315381187204852
1474,"Tilletts Lane Fields, Warnham",TQ153339,515300,133900,1200.0,England,7.0,14,2010,2023,UKBMS,51.092829816177016,-0.3549288648443732
1475,Lodge Copse,SU973167,497300,116700,850.0,England,8.0,11,2010,2023,UKBMS,50.94154209941827,-0.6164842003694466
1476,West Kingston Reserve,TQ079016,507900,101600,1550.0,England,1.0,13,2010,2023,UKBMS,50.803920835404035,-0.4701176434697995
1480,Hollingdean,TQ321072,532100,107200,1900.0,England,5.0,13,2011,2023,UKBMS,50.849245189478104,-0.12484892481960129
1482,Mill Hill,TQ211072,521100,107200,1629.0,England,8.0,13,2011,2023,UKBMS,50.85165041190186,-0.2810286968181044
1483,"Blackjack Wood, Slindon Estste",SU969119,496900,111900,2285.0,England,11.0,13,2011,2023,UKBMS,50.8984585291165,-0.6234494631357318
1484,Markstakes Common,TQ398180,539800,118000,1677.0,England,12.0,11,2012,2022,UKBMS,50.944496728338045,-0.011405982542297072
1487,Fairmile Bottom LNR,SU988094,498800,109400,1200.0,England,2.0,10,2014,2023,UKBMS,50.87566266741293,-0.5971151388471405
1488,Iping & Stedham Commons,SU852219,485200,121900,4000.0,England,5.0,10,2014,2023,UKBMS,50.990204190523436,-0.7874451945860044
1490,Pulborough Brooks RSPB,TQ059167,505900,116700,1880.0,England,8.0,8,2015,2023,UKBMS,50.94002841942764,-0.4941222524884244
1491,Graffham Down - Paterson,SU915162,491500,116200,1000.0,England,4.0,9,2015,2023,UKBMS,50.937995574695144,-0.6991385704093338
1494,Nymans,TQ270296,527000,129600,2860.0,England,8.0,6,2016,2022,UKBMS,51.05171391053452,-0.1894506194787745
1499,Rowland Wood & Park Corner Heath 2018,TQ515147,551500,114700,2500.0,England,10.0,6,2018,2023,UKBMS,50.911889831175344,0.153645089376247
1503,Hothfield Common,TQ968458,596800,145800,3100.0,England,15.0,20,1990,2023,UKBMS,51.177557453159324,0.8141708598168516
1511,Burnt Oak Wood,TQ991348,599100,134800,2450.0,England,13.0,38,1984,2023,UKBMS,51.07797133745787,0.8409614862756245
1520,"Colepit Lane, Torry Hill",TQ907565,590700,156500,1900.0,England,8.0,19,1992,2023,UKBMS,51.27572678827882,0.7326971235111777
1521,"Mintching Wood, Torry Hill",TQ916586,591600,158600,1700.0,England,12.0,19,1992,2023,UKBMS,51.294286168690725,0.7467101840309964
1522,"Warren Bank, Torry Hill",TQ918567,591800,156700,1000.0,England,4.0,19,1992,2023,UKBMS,51.277154158432445,0.7485557553979234
1523,"Wrinsted, Torry Hill",TQ897553,589700,155300,1850.0,England,8.0,19,1992,2023,UKBMS,51.26528230241703,0.7177411282445145
1524,Orlestone Forest,TQ985353,598500,135300,2500.0,England,13.0,29,1992,2023,UKBMS,51.082669607378314,0.832681550529399
1525,Tudeley Woods - The Plants,TQ626444,562600,144400,2000.0,England,10.0,37,1987,2023,UKBMS,51.17572101378908,0.3247272037266768
1526,Tudeley Woods - Brakey Bank,TQ615435,561500,143500,2350.0,England,10.0,37,1987,2023,UKBMS,51.16794629754919,0.30860070754841007
1529,Larkey Valley Wood,TR125555,612500,155500,1950.0,England,10.0,22,1995,2022,UKBMS,51.25904167281096,1.0442025965400938
1536,Jubilee Country Park,TQ437679,543700,167900,2019.0,England,9.0,18,2004,2023,UKBMS,51.391949816018894,0.06399468994882639
1537,Scadbury Park,TQ455700,545500,170000,1667.0,England,8.0,16,2004,2023,UKBMS,51.41036134145557,0.09070790316201416
1539,Downe Bank,TQ438609,543800,160900,1720.0,England,10.0,14,2005,2023,UKBMS,51.329023620372766,0.06260308765446729
1546,Cole Wood - Broad Oak/Blean,TR155620,615500,162000,3560.0,England,11.0,16,2006,2023,UKBMS,51.316278181551844,1.091051483973705
1552,West Blean Wood West,TR157636,615700,163600,2265.0,England,9.0,11,2010,2023,UKBMS,51.330568238887,1.0948845569688657
1553,West Blean Wood East,TR166635,616600,163500,4190.0,England,15.0,11,2011,2023,UKBMS,51.32932858505824,1.1077225242429993
1554,Hothfield Common Extension,TQ964458,596400,145800,2000.0,England,10.0,9,2014,2023,UKBMS,51.17769488018792,0.8084555694115431
1556,West Wickham Common,TQ398652,539800,165200,300.0,England,13.0,15,2001,2023,UKBMS,51.368660695378914,0.0069163070025244945
1559,Reculver Country Park,TR214689,621400,168900,3981.0,England,12.0,11,2012,2023,UKBMS,51.375962118586955,1.1798672296862007
1561,Sandwich Bay Estate,TR361573,636100,157300,6248.0,England,12.0,11,2013,2023,UKBMS,51.2659231180365,1.3830283520252165
1563,Telegraph Farm,TR307513,630700,151300,1250.0,England,5.0,9,2014,2023,UKBMS,51.214271150624,1.301898742284498
1564,Darland Banks A,TQ791655,579100,165500,2323.0,England,14.0,10,2014,2023,UKBMS,51.3603326094466,0.5710899304105137
1565,Darland Banks B,TQ781661,578100,166100,2522.0,England,13.0,10,2014,2023,UKBMS,51.36603638345228,0.557042248419515
1568,Bedgebury Pinetum,TQ719335,571900,133500,6000.0,England,9.0,5,2014,2023,UKBMS,51.075079949461,0.4524493661201714
1575,Covert Wood,TR183481,618300,148100,1650.0,England,4.0,9,2015,2023,UKBMS,51.190411260323195,1.1226951537017134
1576,Kemsing Down,TQ555593,555500,159300,2372.0,England,8.0,9,2015,2023,UKBMS,51.31157177326341,0.2297066797289959
1577,Lydden Hill,TR254461,625400,146100,1180.0,England,5.0,9,2015,2023,UKBMS,51.169702138008944,1.222879695220461
1578,Montefiore Wood & Dumpton (2015 route),TR392662,639200,166200,4425.0,England,9.0,9,2015,2023,UKBMS,51.34451491025591,1.4333427638265879
1579,Tarn Park,TQ427733,542700,173300,1000.0,England,2.0,8,2015,2023,UKBMS,51.44072543897706,0.05180352462195616
1580,Tudeley Woods - Pembury Heath,TQ616422,561600,142200,2000.0,England,10.0,9,2015,2023,UKBMS,51.15623800000848,0.3094462611978816
1582,Wouldham,TQ725633,572500,163300,600.0,England,3.0,8,2015,2023,UKBMS,51.34261028039774,0.4753229564449921
1583,The Larches,TQ789588,578900,158800,2000.0,England,4.0,8,2015,2023,UKBMS,51.30021150104351,0.5648586110158892
1585,Peters Pit,TQ717626,571700,162600,3104.0,England,8.0,7,2016,2023,UKBMS,51.336563920816616,0.4635109239165694
1586,Conningbrook Lakes Country Park,TR031433,603100,143300,2500.0,England,12.0,7,2016,2023,UKBMS,51.15290511662089,0.9027701292199987
1587,"Luton Rec, Medway",TQ778663,577800,166300,1300.0,England,10.0,8,2016,2023,UKBMS,51.36792685020766,0.5528372508539571
1588,Gravesend Marling Cross,TQ656705,565600,170500,1170.0,England,11.0,8,2016,2023,UKBMS,51.40934483326563,0.3797009564855119
1591,St Margaret's Bay (new),TR373451,637300,145100,4000.0,England,7.0,7,2017,2023,UKBMS,51.155916737950825,1.3921337542158667
1592,Langdon Cliffs,TR341424,634100,142400,2500.0,England,8.0,6,2017,2022,UKBMS,51.13299675267113,1.344702341545028
1593,"Orlestone Forest, Packing Wood",TR004352,600400,135200,1660.0,England,5.0,6,2017,2022,UKBMS,51.08111151235499,0.8597171470489496
1595,Bredhurst Woods and Strawberry Banks,TQ800617,580000,161700,4400.0,England,7.0,5,2017,2023,UKBMS,51.325914641667275,0.5820830838832297
1596,"Manor Park, West Malling",TQ680573,568000,157300,2500.0,England,4.0,6,2017,2023,UKBMS,51.2900542633497,0.4079504619693151
1598,Garthorne Road Nature Reserve,TQ357736,535700,173600,850.0,England,12.0,5,2017,2022,UKBMS,51.44514005331,-0.04873445108058693
1607,Snakeholme Pit,TF115716,511500,371600,400.0,England,11.0,36,1988,2023,UKBMS,53.229745475690265,-0.33111860156421385
1608,Twyford Glades,SK954225,495400,322500,830.0,England,7.0,23,2000,2023,UKBMS,52.791646024921796,-0.5867063240952743
1610,Twyford Sanctuary,SK942233,494200,323300,580.0,England,6.0,24,1999,2023,UKBMS,52.79904599969348,-0.6042658262848397
1616,Whisby Nature Park,SK911670,491100,367000,1282.0,England,6.0,8,2009,2023,UKBMS,53.19229436368664,-0.6379296472434371
1619,Quarry Cottage,TF045204,504500,320400,913.0,England,6.0,7,2016,2022,UKBMS,52.77109169757384,-0.45247877968485795
1620,Londonthorpe Eastern Meadow,SK946381,494600,338100,2382.0,England,11.0,3,2018,2022,UKBMS,52.93197881142712,-0.5940420585820874
1621,Londonthorpe Western Meadow,SK942380,494200,338000,1995.0,England,7.0,3,2018,2022,UKBMS,52.931150387002745,-0.6000200811593168
1622,Belton House - River Witham,SK926383,492600,338300,2961.0,England,7.0,3,2018,2022,UKBMS,52.934124337879524,-0.6237304224479064
1624,Kettlethorpe,SK846750,484600,375000,2681.0,England,5.0,5,2019,2023,UKBMS,53.26525940609344,-0.7330703171150745
1625,Heath's Meadows,TF484639,548400,363900,1630.0,England,8.0,4,2020,2023,UKBMS,53.15156666173461,0.21769597321479497
1627,Londonthorpe Alma Park,SK942370,494200,337000,2124.0,England,9.0,1,2022,2022,UKBMS,52.92216379533452,-0.6003099615505195
1628,Ashing Lane Nature Reserve,TF043790,504300,379000,3773.0,England,9.0,2,2022,2023,UKBMS,53.297698433061235,-0.4365101862939933
1629,Thorne Moors Transect F,SE748151,474800,415100,4421.0,England,5.0,2,2022,2023,UKBMS,53.62709831921189,-0.8704484044881807
1701,Piddledown Common,SX729899,272900,89900,620.0,England,10.0,22,1997,2023,UKBMS,50.69481920323932,-3.800915669365515
1703,Aish Tor,SX705711,270500,71100,2100.0,England,12.0,29,1993,2023,UKBMS,50.52531041241919,-3.8283138774503978
1705,Little Breach,ST114154,311400,115400,400.0,England,7.0,26,1997,2023,UKBMS,50.93122039197429,-3.2621477079004184
1708,Ashclyst Forest,SX997991,299700,99100,400.0,England,1.0,14,2002,2023,UKBMS,50.78277057556379,-3.4241149629451035
1717,West Down (Dartmoor),SX483702,248300,70200,900.0,England,6.0,19,2001,2022,UKBMS,50.51188452035445,-4.140924418956897
1720,Kerswell Down,SX872676,287200,67600,1345.0,England,10.0,21,2003,2023,UKBMS,50.49730818840706,-3.5917594759730616
1735,Yarner Wood extension,SX787789,278700,78900,250.0,England,2.0,13,2009,2023,UKBMS,50.59718268080879,-3.715231238641471
1736,Clennon Hill,SX880594,288000,59400,1712.0,England,10.0,14,2008,2023,UKBMS,50.423746707667554,-3.578028944161019
1737,Primley wood and meadow,SX878602,287800,60200,1143.0,England,6.0,13,2008,2023,UKBMS,50.43090024840464,-3.5810828482483776
1743,Saltram Park,SX522549,252200,54900,1225.0,England,6.0,13,2011,2023,UKBMS,50.37537945404415,-4.079919481112922
1744,Upcott Farm,SS823130,282300,113000,1825.0,England,10.0,13,2011,2023,UKBMS,50.90443850727058,-3.675298918559591
1745,"Bowden Hill, Ashburton",SX753698,275300,69800,1561.0,England,9.0,12,2011,2022,UKBMS,50.514668618122734,-3.760196408806732
1746,Berry Head Transect 3,SX939562,293900,56200,1711.0,England,10.0,12,2011,2023,UKBMS,50.396075228074075,-3.494097568431627
1748,Waterleat extension,SX751723,275100,72300,250.0,England,2.0,10,2012,2023,UKBMS,50.53709770913549,-3.76385379030765
1753,Northam Burrows,SS439309,243900,130900,1900.0,England,8.0,6,2013,2022,UKBMS,51.05616757736529,-4.228728804237676
1756,Meeth Quarry,SS536084,253600,108400,2000.0,England,9.0,8,2014,2022,UKBMS,50.85653173052837,-4.081366590609071
1758,Andrew's Wood,SX704516,270400,51600,925.0,England,8.0,9,2014,2023,UKBMS,50.350011814845296,-3.8229764465633096
1761,Andrew's Wood 3,SX711516,271100,51600,1000.0,England,7.0,8,2015,2023,UKBMS,50.3501656138542,-3.8131426745224224
1762,Park Farm Kingsbridge,SX734427,273400,42700,1800.0,England,7.0,9,2015,2023,UKBMS,50.270663310685634,-3.777844232667209
1765,Kelley's Cove,SX909501,290900,50100,1500.0,England,6.0,8,2016,2023,UKBMS,50.3406865841793,-3.5345190661992234
1767,Ashclyst Merry Downs,SY000999,300000,99900,1600.0,England,1.0,8,2016,2023,UKBMS,50.790014294790964,-3.420078812260876
1768,Ashclyst Snaffel Park,SY006996,300600,99600,1700.0,England,1.0,8,2016,2023,UKBMS,50.78742066042212,-3.411488062406053
1769,Ashclyst Caddihoe,SY010999,301000,99900,320.0,England,1.0,8,2016,2023,UKBMS,50.79018614198757,-3.4058962766658603
1770,Ashclyst Deadlands,SX995999,299500,99900,1150.0,England,1.0,8,2016,2023,UKBMS,50.78992772477721,-3.4271700278711807
1771,Ashclyst White Down,ST005011,300500,101100,1200.0,England,1.0,7,2016,2023,UKBMS,50.80088821197353,-3.4133129933985487
1773,Knapp Copse Local Nature Reserve,SY154956,315400,95600,2410.0,England,7.0,6,2017,2023,UKBMS,50.7538099648893,-3.200662683309993
1774,Bradley Manor,SX849707,284900,70700,2000.0,England,6.0,5,2017,2022,UKBMS,50.52472734865749,-3.625130906865386
1779,East Soar,SX729366,272900,36600,3500.0,England,8.0,5,2017,2023,UKBMS,50.21572259870413,-3.7828093489258503
1780,Waterleat 2006,SX753724,275300,72400,930.0,England,13.0,16,2006,2023,UKBMS,50.538039291851135,-3.761066444488921
1782,Rickham,SX738378,273800,37800,1826.0,England,6.0,5,2017,2022,UKBMS,50.22670242878736,-3.7706005955405812
1783,Bolberry,SX686384,268600,38400,1670.0,England,4.0,7,2017,2023,UKBMS,50.23096212775855,-3.8436704308168625
1785,Saltram Gardens,SX519556,251900,55600,832.0,England,3.0,6,2018,2023,UKBMS,50.38159501909325,-4.0844113525414905
1786,Orcombe Point,SY020795,302000,79500,1845.0,England,14.0,4,2019,2023,UKBMS,50.60695907882438,-3.3862944502549692
1787,Ashclyst Caddihoe Extension,ST009000,300900,100000,680.0,England,3.0,5,2019,2023,UKBMS,50.791068019355926,-3.4073415393847495
1788,Lincombe & Dunscombe,SY160881,316000,88100,2500.0,England,15.0,4,2019,2023,UKBMS,50.68646679800861,-3.190448835315888
1790,Killerton Garden,SS972001,297200,100100,850.0,England,3.0,4,2019,2023,UKBMS,50.79132188014661,-3.4598451848096254
1791,Lundy Island - Upper East Side,SS139440,213900,144000,1496.0,England,9.0,5,2019,2023,UKBMS,51.16489462001876,-4.663097028583218
1794,Dumpdon Hill Fort,ST174042,317400,104200,1886.0,England,13.0,3,2021,2023,UKBMS,50.83141820102794,-3.174253252031882
1795,Godborough Castle,SS438274,243800,127400,1136.0,England,14.0,3,2021,2023,UKBMS,51.02469161054905,-4.2286443088815275
1796,Home Marsh Farm,SS495328,249500,132800,2000.0,England,6.0,3,2021,2023,UKBMS,51.0747365980861,-4.1496761873410595
1797,Scobbiscombe,SX621468,262100,46800,2029.0,England,4.0,3,2021,2023,UKBMS,50.304981834803996,-3.937814146247365
1798,Ashclyst Forest Cottage,SY0009499100,300094,99100,1339.0,England,3.0,3,2021,2023,UKBMS,50.78283867555712,-3.4185279336268204
1799,Ausewell Wood,SX737721,273700,72100,1326.0,England,10.0,2,2022,2023,UKBMS,50.5349990895761,-3.783531588473165
1803,Gwithian Common (Green),SW587413,158700,41300,937.0,England,8.0,27,1997,2023,UKBMS,50.222366374778204,-5.384189475595327
1809,Greenscombe Wood - Ridge,SX393725,239300,72500,2000.0,England,13.0,43,1981,2023,UKBMS,50.530149352403356,-4.268748139792426
1811,Lundy Bay,SW958798,195800,79800,2301.0,England,10.0,22,2000,2023,UKBMS,50.58214570953759,-4.885774092211492
1813,"Butterfly Lane (Trewartha, St Ives)",SW518378,151800,37800,500.0,England,5.0,23,2001,2023,UKBMS,50.188091816450836,-5.478448292215319
1827,Upton Towans 2010,SW579396,157900,39600,2900.0,England,10.0,14,2010,2023,UKBMS,50.20677739365603,-5.394299723235192
1832,"Roskestal West Cliff, Porthgwarra",SW364224,136400,22400,2725.0,England,8.0,12,2010,2023,UKBMS,50.04322282104325,-5.683097463174744
1835,Ruan Lanihorne,SW894419,189400,41900,1050.0,England,5.0,12,2012,2023,UKBMS,50.23948856176983,-4.954783673872826
1836,Godolphin Warren,SW599321,159900,32100,2325.0,England,6.0,12,2012,2023,UKBMS,50.14025732388166,-5.361588591478561
1837,St Martins Isles of Scilly,SV921162,92100,16200,1000.0,England,5.0,12,2012,2023,UKBMS,49.9663608515276,-6.295166576850854
1838,Cotehele,SX423682,242300,68200,2938.0,England,14.0,10,2012,2023,UKBMS,50.49232555373273,-4.224636426865653
1839,Looe Island,SX257514,225700,51400,1000.0,England,14.0,10,2013,2023,UKBMS,50.33667333069002,-4.450643214580697
1840,"Erisey Barton, Lizard NNR",SW710180,171000,18000,3236.0,England,9.0,10,2013,2023,UKBMS,50.018035211909556,-5.198062467758095
1841,Treluggan Cliffs,SW890378,189000,37800,2000.0,England,11.0,11,2013,2023,UKBMS,50.202521965997406,-4.958104936053581
1842,Nare Head,SW918375,191800,37500,1500.0,England,11.0,11,2013,2023,UKBMS,50.20081934745327,-4.918758250157514
1843,Little Treleaver,SW761181,176100,18100,1610.0,England,7.0,9,2014,2023,UKBMS,50.02087238925573,-5.127040996351437
1844,Valency Valley,SX103913,210300,91300,450.0,England,3.0,9,2014,2023,UKBMS,50.690341820152554,-4.687091987501307
1846,Kilkhampton Common,SS246117,224600,111700,2240.0,England,1.0,9,2014,2023,UKBMS,50.878106615911726,-4.494588255457324
1850,Lower Lewdon,SS256095,225600,109500,1058.0,England,15.0,9,2015,2023,UKBMS,50.858644611244024,-4.47933865580387
1852,Pentire,SW938800,193800,80000,3500.0,England,12.0,9,2015,2023,UKBMS,50.58323896032243,-4.914097186141723
1853,Dodman Point,SX001398,200100,39800,4625.0,England,15.0,8,2016,2023,UKBMS,50.22434201125446,-4.8038163660894995
1854,Tidna Valley,SS203147,220300,114700,2656.0,England,10.0,8,2016,2023,UKBMS,50.903735188632645,-4.557122547680631
1855,"The Meadow, Tehidy Country Park",SW637433,163700,43300,636.0,England,8.0,6,2016,2022,UKBMS,50.242342243616676,-5.315465479483449
1856,Treveal,SW471403,147100,40300,2331.0,England,7.0,7,2016,2023,UKBMS,50.208543746517634,-5.545823454214177
1857,Mexico Towans,SW562385,156200,38500,960.0,England,8.0,6,2016,2023,UKBMS,50.19620417962125,-5.417373862491625
1859,Foage Farm,SW465375,146500,37500,2197.0,England,6.0,6,2016,2023,UKBMS,50.183153704882926,-5.552347633472728
1861,Trencrom Hill,SW518362,151800,36200,1592.0,England,5.0,7,2016,2023,UKBMS,50.17372873739749,-5.47740409092284
1867,Stithians,SW709366,170900,36600,900.0,England,5.0,7,2016,2023,UKBMS,50.185016343460575,-5.210612183376437
1869,Trythall School,SW452342,145200,34200,2275.0,England,12.0,6,2018,2023,UKBMS,50.1529748277791,-5.5683112730848245
1871,Trecarne-Delabole,SX064839,206400,83900,2060.0,England,6.0,6,2018,2023,UKBMS,50.62258618433141,-4.738369689189281
1872,Kynance and Caerthillian,SW688131,168800,13100,1390.0,England,8.0,5,2018,2023,UKBMS,49.97318566172934,-5.22577375424365
1873,Chapel Porth,SW697495,169700,49500,2200.0,England,12.0,3,2018,2023,UKBMS,50.30038117129676,-5.235233436022384
1876,Marazion Marsh,SW512312,151200,31200,1300.0,England,7.0,5,2019,2023,UKBMS,50.12859249740252,-5.4825251486797875
1877,Lower Portmellon Valley,SX009438,200900,43800,2949.0,England,7.0,5,2019,2023,UKBMS,50.26054282584576,-4.7947170356951965
1878,Upper Portmellon Valley,SX003433,200300,43300,2195.0,England,11.0,5,2019,2023,UKBMS,50.255848885168994,-4.802860572148722
1879,Rosewall Hill,SW488393,148800,39300,1800.0,England,5.0,2,2019,2023,UKBMS,50.20029145420785,-5.521383927788558
1880,Boswednack Mire,SW439380,143900,38000,805.0,England,5.0,2,2019,2023,UKBMS,50.18652303796513,-5.58902951803554
1881,Cape Cornwall - new route,SW352318,135200,31800,1040.0,England,5.0,3,2019,2023,UKBMS,50.1270538229313,-5.70633026791618
1883,Lamledra,SX013412,201300,41200,2533.0,England,12.0,4,2020,2023,UKBMS,50.23732244969897,-4.787748068533613
1884,Wilsey Woods,SX189881,218900,88100,3500.0,England,6.0,4,2020,2023,UKBMS,50.664336110208055,-4.563900501135932
1885,Trencrom Hill - hillsides,SW517362,151700,36200,1250.0,England,9.0,3,2020,2023,UKBMS,50.17368683219935,-5.478801860550161
1886,Messack,SW840364,184000,36400,2764.0,England,6.0,3,2021,2023,UKBMS,50.188144568318435,-5.027271779549545
1887,Godrevy Warren Red River Ascent,SW588421,158800,42100,770.0,England,7.0,2,2021,2022,UKBMS,50.22958936729694,-5.38329883226377
1889,"Coosebean, Comprigney Hill",SW813454,181300,45400,1280.0,England,9.0,1,2022,2022,UKBMS,50.2679780896641,-5.070228838507083
1890,Treveddoe,SX152694,215200,69400,1448.0,England,5.0,2,2022,2023,UKBMS,50.49518089968732,-4.606900246381989
1891,Portreath New Walk and Cliffs,SW661455,166100,45500,1338.0,England,8.0,2,2022,2023,UKBMS,50.26305006223208,-5.283222977498091
1892,Dolcoath Mine and Brea Valley,SW661404,166100,40400,1142.0,England,5.0,2,2022,2023,UKBMS,50.21725894265442,-5.280075597798896
1893,Bakesdown Farm,SS247006,224700,100600,2030.0,England,4.0,1,2022,2022,UKBMS,50.778414595601475,-4.4878584140759745
1894,St Gothians,SW583417,158300,41700,1857.0,England,10.0,2,2022,2023,UKBMS,50.22579409998081,-5.390041606174832
1895,Godolphin Woods and Riverside,SW602322,160200,32200,2369.0,England,10.0,2,2022,2023,UKBMS,50.1412765108776,-5.357460598020068
1896,Nanspean,SW656240,165600,24000,1052.0,England,5.0,2,2022,2023,UKBMS,50.06980871236295,-5.276984666266036
1901,Marshalls Heath,TL161149,516100,214900,2478.0,England,5.0,31,1990,2023,UKBMS,51.82067311282354,-0.31694510114906393
1904,Aldbury Nowers,SP952129,495200,212900,1200.0,England,14.0,30,1992,2023,UKBMS,51.80664362456362,-0.6206203543861314
1905,Beane Hill,TQ199873,519900,187300,1900.0,England,10.0,36,1988,2023,UKBMS,51.57182911105106,-0.27131650732988544
1906,Danesbury Park,TL230170,523000,217000,3100.0,England,9.0,27,1996,2022,UKBMS,51.838070350847204,-0.21614051439061166
1908,Millhoppers,SP900148,490000,214800,500.0,England,5.0,23,1998,2023,UKBMS,51.824582242060714,-0.6955265725420672
1911,Patmore Heath,TL442257,544200,225700,1800.0,England,6.0,28,1996,2023,UKBMS,51.91117250016841,0.09498876464244557
1920,"Therfield Heath, Lancaster Hill (5)",TL353404,535300,240400,300.0,England,3.0,22,2001,2023,UKBMS,52.04548908906413,-0.02852446897852403
1922,Fryent Country Park,TQ195876,519500,187600,3550.0,England,14.0,38,1986,2023,UKBMS,51.57461013456714,-0.27698348542289936
1925,"Therfield heath, Rifle Range",TL348401,534800,240100,300.0,England,3.0,24,1999,2023,UKBMS,52.042915184399035,-0.035928809221763475
1926,"Therfield Heath, Top of Rifle Range (2)",TL349398,534900,239800,500.0,England,5.0,22,2001,2023,UKBMS,52.04019528236728,-0.03458992419579501
1927,"Therfield Heath, Church Hill (3)",TL333396,533300,239600,300.0,England,3.0,24,1999,2023,UKBMS,52.038784808139944,-0.057981005621669704
1928,"Therfield Heath, Base of Church Hill (4)",TL333395,533300,239500,200.0,England,2.0,22,2001,2023,UKBMS,52.03788626142878,-0.058019950917198256
1932,Gutteridge Wood,TQ091843,509100,184300,1550.0,England,15.0,27,1990,2023,UKBMS,51.547056309485164,-0.4280170740275483
1934,Knebworth,TL221208,522100,220800,4250.0,England,8.0,22,1996,2023,UKBMS,51.87241679165417,-0.22785550870627913
1935,Stevenage,TL246234,524600,223400,2800.0,England,12.0,29,1994,2023,UKBMS,51.89522909740927,-0.19062339337249878
1937,The Warren,TL204053,520400,205300,1200.0,England,5.0,27,1995,2023,UKBMS,51.73349018064772,-0.25791417669310507
1940,Ware Park,TL347143,534700,214300,3200.0,England,14.0,28,1996,2023,UKBMS,51.811112150946144,-0.047473989733119434
1941,Balls Wood,TL344106,534400,210600,2800.0,England,10.0,28,1996,2023,UKBMS,51.77793678567718,-0.05325544698294376
1942,Brickett Wood,TL131009,513100,200900,4100.0,England,9.0,26,1997,2023,UKBMS,51.69546421938704,-0.3650026600663099
1945,Railway Fields,TQ317881,531700,188100,780.0,England,3.0,26,1997,2023,UKBMS,51.57638799067408,-0.10084675662624273
1951,Abney Park Cemetry,TQ336868,533600,186800,2500.0,England,10.0,5,1999,2023,UKBMS,51.56425915896175,-0.07393846642956281
1955,Minet Country Park,TQ109802,510900,180200,1996.0,England,7.0,9,2002,2022,UKBMS,51.50985532061434,-0.40335886218828604
1958,Belmont Railway,TQ161897,516100,189700,1200.0,England,12.0,6,2000,2022,UKBMS,51.5941936190073,-0.3253296050588087
1965,Horsenden Hill - East,TQ162843,516200,184300,1945.0,England,11.0,21,2003,2023,UKBMS,51.545640468254945,-0.32567060304661666
1966,Horsendon Hill - West,TQ163844,516300,184400,1705.0,England,8.0,21,2003,2023,UKBMS,51.54651864398195,-0.3241961442943671
1967,Roxbourne Rough,TQ120875,512000,187500,1250.0,England,11.0,12,1999,2023,UKBMS,51.575249744579956,-0.3851941808716796
1968,Shrubhill Common,TL036072,503600,207200,2170.0,England,10.0,23,2001,2023,UKBMS,51.75392069283232,-0.5005290546090202
1970,Tower Hamlets Cemetery,TQ366823,536600,182300,1200.0,England,12.0,25,1999,2023,UKBMS,51.52310376385967,-0.032429621448148455
1971,Waterford Heath North,TL315152,531500,215200,1000.0,England,10.0,23,2001,2023,UKBMS,51.819960765807004,-0.09352312717915157
1981,Gunnersbury,TQ201786,520100,178600,2000.0,England,14.0,19,2004,2023,UKBMS,51.49359697657327,-0.27139640263368664
1982,Lemsford Springs,TL223121,522300,212100,600.0,England,6.0,19,2004,2023,UKBMS,51.794189251034865,-0.22802357520889024
1984,Pryors Wood,TL265265,526500,226500,1400.0,England,5.0,19,2004,2022,UKBMS,51.92265874669678,-0.1618892638797386
1989,Bishops Stortford Southern Country Park,TL473193,547300,219300,1800.0,England,9.0,20,2004,2023,UKBMS,51.85286058734187,0.13729389917515708
1991,Perivale Wood,TQ159837,515900,183700,1210.0,England,10.0,19,2005,2023,UKBMS,51.540309552602565,-0.33019233130035514
1992,Wood Lane Pirton,TL143312,514300,231200,1609.0,England,5.0,15,2008,2023,UKBMS,51.96753323593785,-0.33765157212786107
1993,Mardley Heath,TL248184,524800,218400,2480.0,England,10.0,16,2006,2023,UKBMS,51.850252425584216,-0.18952395607812556
1998,Templewood (new),TL235143,523500,214300,700.0,England,7.0,16,2007,2022,UKBMS,51.81369638059484,-0.20984937332874312
1999,Bencroft Wood,TL335065,533500,206500,400.0,England,1.0,16,2008,2023,UKBMS,51.7413096209717,-0.06786651508066978
2001,Banstead Downs,TQ257615,525700,161500,1800.0,England,7.0,38,1986,2023,UKBMS,51.33870107258223,-0.19683011281575669
2003,"Box Hill, Dukes",TQ185510,518500,151000,1740.0,England,7.0,25,1994,2023,UKBMS,51.24587375165916,-0.30362500135186704
2004,"Box Hill, Viewpoint",TQ179510,517900,151000,1720.0,England,9.0,30,1994,2023,UKBMS,51.2459979653727,-0.31221723400822055
2006,"Box Hill, Zig Zag",TQ177520,517700,152000,1985.0,England,8.0,33,1990,2023,UKBMS,51.255027187376164,-0.31475278725122946
2007,Brentmoor Heath,SU938611,493800,161100,2229.0,England,11.0,29,1990,2023,UKBMS,51.34125783996001,-0.6547349548928068
2008,Coulsdon Common,TQ324571,532400,157100,2592.0,England,15.0,34,1990,2023,UKBMS,51.297639699222074,-0.10233233311449003
2010,Denbies Hillside,TQ150500,515000,150000,991.0,England,8.0,36,1988,2023,UKBMS,51.23760129521293,-0.35406805433733723
2013,Farthing Downs,TQ300576,530000,157600,2728.0,England,15.0,33,1990,2023,UKBMS,51.30268576474023,-0.1365545637491609
2014,Hackhurst Down,TQ093485,509300,148500,661.0,England,8.0,35,1988,2023,UKBMS,51.22523778331507,-0.4361411968001305
2015,Headley Heath,TQ195533,519500,153300,1498.0,England,10.0,32,1990,2023,UKBMS,51.26633733239594,-0.288537307475546
2016,Headley Warren,TQ191539,519100,153900,1750.0,England,7.0,20,1998,2023,UKBMS,51.271813672912934,-0.2940682723528477
2017,Hutchinson's Bank,TQ382615,538200,161500,3400.0,England,6.0,27,1997,2023,UKBMS,51.3358026518729,-0.017489525312228183
2018,Juniper Hill,TQ221570,522100,157000,1965.0,England,9.0,22,1997,2023,UKBMS,51.29904097224035,-0.25002540138083024
2019,Kenley Common,TQ333584,533300,158400,4097.0,England,15.0,33,1990,2023,UKBMS,51.309112677666846,-0.08894582729092887
2021,Mitcham Common B,TQ291675,529100,167500,4033.0,England,13.0,20,1994,2023,UKBMS,51.39186167302587,-0.14586999046530472
2024,Oaken Wood,SU991339,499100,133900,1500.0,England,10.0,28,1995,2023,UKBMS,51.09585490543395,-0.5861783181143134
2027,Park Downs,TQ267585,526700,158500,3250.0,England,8.0,26,1998,2023,UKBMS,51.31151767070501,-0.1835473620469135
2028,Riddlesdown,TQ337594,533700,159400,2480.0,England,15.0,34,1990,2023,UKBMS,51.3180056473872,-0.08283593305293976
2037,Nore Hill,TQ377573,537700,157300,1900.0,England,10.0,24,2000,2023,UKBMS,51.298180965099306,-0.026283238067502834
2038,Cole Kitchen,TQ084488,508400,148800,711.0,England,7.0,18,1999,2023,UKBMS,51.228105805026146,-0.44893400403862105
2039,Chapel Bank,TQ386605,538600,160500,2383.0,England,6.0,16,1997,2023,UKBMS,51.32671906354316,-0.012139841688220143
2040,Wandsworth Common Woodland,TQ273735,527300,173500,3689.0,England,12.0,11,1999,2023,UKBMS,51.44618998081287,-0.16957374080551527
2041,London Wetland Centre,TQ227769,522700,176900,1000.0,England,10.0,27,1996,2023,UKBMS,51.4777609864839,-0.23455348148843938
2043,Chobham Common,SU975632,497500,163200,2120.0,England,10.0,22,2002,2023,UKBMS,51.35951294075348,-0.6010574019544764
2044,Happy Valley,TQ308568,530800,156800,3248.0,England,13.0,24,2000,2023,UKBMS,51.29531310595026,-0.12537817421883377
2045,Howell Hill,TQ238620,523800,162000,1820.0,England,8.0,21,2002,2023,UKBMS,51.34361129582074,-0.2239187518122029
2047,Swan Barn Farm,SU912327,491200,132700,2405.0,England,15.0,22,2002,2023,UKBMS,51.08637649956157,-0.6992645548892338
2049,Ashtead Common B,TQ180593,518000,159300,1899.0,England,8.0,21,2002,2023,UKBMS,51.32057672324116,-0.3080462244996977
2050,Frensham Common (Little Pond),SU854411,485400,141100,3000.0,England,6.0,8,2005,2023,UKBMS,51.16278425032663,-0.7800662450195126
2051,Farnham Park,SU840480,484000,148000,1580.0,England,6.0,18,2004,2023,UKBMS,51.22502198806428,-0.7984709706139056
2052,Chobhan Common North-east,SU974657,497400,165700,2034.0,England,11.0,19,2004,2023,UKBMS,51.38200253863099,-0.6018088969152815
2053,Denbies Landbarn B,TQ134499,513400,149900,2000.0,England,10.0,22,2002,2023,UKBMS,51.237022395081944,-0.37700891224906646
2054,FD New Hill,TQ305576,530500,157600,3183.0,England,15.0,20,2003,2023,UKBMS,51.30257146321807,-0.1293862332712127
2055,Richmond Park,TQ194740,519400,174000,2701.0,England,8.0,21,2003,2023,UKBMS,51.45240277015395,-0.28302761439943586
2056,Pewley Down,TQ008489,500800,148900,1600.0,England,11.0,19,2005,2023,UKBMS,51.23039606122904,-0.5577107731267957
2058,Witley,SU927404,492700,140400,2500.0,England,7.0,17,2005,2023,UKBMS,51.15535666071509,-0.6758770725795137
2061,Fairmile Common,TQ118617,511800,161700,1000.0,England,7.0,18,2006,2023,UKBMS,51.343399421852304,-0.39622740827537545
2062,Roundshaw Downs,TQ308627,530800,162700,1895.0,England,7.0,17,2007,2023,UKBMS,51.348335916847475,-0.12321506704408124
2065,Bealeswood Common,SU823409,482300,140900,1143.0,England,7.0,16,2008,2023,UKBMS,51.16144000400233,-0.824435155643566
2066,Quarry Hangers Nature Reserve,TQ317537,531700,153700,2265.0,England,12.0,16,2008,2023,UKBMS,51.2672463795131,-0.11361906610168207
2067,Epsom Common,TQ188608,518800,160800,2594.0,England,11.0,15,2009,2023,UKBMS,51.33389201357228,-0.2960717752248504
2068,Nower Wood,TQ195548,519500,154800,3450.0,England,10.0,14,2010,2023,UKBMS,51.27981903046586,-0.28803631050926226
2072,Sydenham Hill Wood LNR,TQ344726,534400,172600,1860.0,England,11.0,12,2010,2023,UKBMS,51.436463325564404,-0.06780863005424667
2073,Horton Country Park,TQ187620,518700,162000,2885.0,England,11.0,12,2010,2023,UKBMS,51.34469816373263,-0.2971069144744275
2075,Holmwood Common,TQ178459,517800,145900,3215.0,England,12.0,14,2010,2023,UKBMS,51.20017981683717,-0.3153236097992112
2077,Brockham Lime Kilns,TQ198510,519800,151000,940.0,England,12.0,11,2013,2023,UKBMS,51.245602459187396,-0.28500870831114644
2079,Thursley Common,SU906405,490600,140500,3454.0,England,8.0,11,2013,2023,UKBMS,51.15659156568521,-0.705871192180138
2080,Blatchford Down,TQ106486,510600,148600,4000.0,England,9.0,11,2013,2023,UKBMS,51.225886483190635,-0.4175011664081291
2081,Lingfield Wildlife Area B,TQ387441,538700,144100,1000.0,England,10.0,11,2013,2023,UKBMS,51.17931710752849,-0.017056466854220766
2082,"Hogsmill LNR, Ewell",TQ210636,521000,163600,3331.0,England,10.0,10,2014,2023,UKBMS,51.3585937654268,-0.2635563723499116
2083,"Warren Farm, Ewell",TQ232629,523200,162900,2705.0,England,8.0,10,2014,2023,UKBMS,51.35183020989695,-0.23221764013458593
2085,"Norbury Park grassland, Fetcham",TQ154539,515400,153900,1580.0,England,10.0,10,2014,2023,UKBMS,51.27257420565723,-0.34708424656595377
2086,"Norbury Park woodland, Fetcham",TQ151538,515100,153800,775.0,England,7.0,10,2014,2023,UKBMS,51.27173600962786,-0.35141510735515386
2087,"Priest Hill, Ewell",TQ230613,523000,161300,2115.0,England,10.0,10,2014,2023,UKBMS,51.337493597264896,-0.23564053108182284
2088,Morden Hall Park,TQ261688,526100,168800,2040.0,England,12.0,9,2014,2023,UKBMS,51.40421892530503,-0.1885032331128782
2089,"Dollypers Hill, Coulsdon/Kenley",TQ315585,531500,158500,1000.0,England,10.0,10,2014,2023,UKBMS,51.31042974763236,-0.11471827583533475
2090,"Tice's Meadow, Badshot Lea",SU871487,487100,148700,1500.0,England,6.0,8,2014,2023,UKBMS,51.23085081753187,-0.7539189581165677
2092,Sheepleas (2015 route),TQ087517,508700,151700,3000.0,England,12.0,9,2015,2023,UKBMS,51.25411559336424,-0.44375988259149357
2093,"Hill Park, Tatsfield (2015 route)",TQ422560,542200,156000,1990.0,England,10.0,9,2015,2023,UKBMS,51.285393870967305,0.03770216407071894
2094,"Royal and Bagmoor Commons, Elstead",SU924423,492400,142300,2421.0,England,7.0,9,2015,2023,UKBMS,51.17248535323102,-0.6796779969519471
2095,Newlands Corner West,TQ039491,503900,149100,2100.0,England,11.0,9,2015,2023,UKBMS,51.23163849877512,-0.513269997810149
2096,Newlands Corner East,TQ046490,504600,149000,1750.0,England,10.0,9,2015,2023,UKBMS,51.23061188352368,-0.5032770339257867
2097,Ashtead Common North,TQ175602,517500,160200,1770.0,England,8.0,9,2015,2023,UKBMS,51.32876917362037,-0.3149216132767577
2098,Tooting Common,TQ292723,529200,172300,2680.0,England,12.0,9,2015,2023,UKBMS,51.43497593031367,-0.14268607189104024
2099,"West End Farm, Frensham",SU826424,482600,142400,1820.0,England,10.0,9,2015,2023,UKBMS,51.17488192962782,-0.8198018385202257
2104,Ryton Wood East,SP385724,438500,272400,2100.0,England,8.0,29,1995,2023,UKBMS,52.34832576860248,-1.4362292481504326
2105,Ryton Wood North,SP383728,438300,272800,849.0,England,5.0,33,1991,2023,UKBMS,52.35193562304879,-1.4391196789747416
2106,Ryton Wood West,SP377724,437700,272400,1598.0,England,6.0,26,1998,2023,UKBMS,52.34838118742331,-1.4479729480930303
2115,Ryton Wood & Pool PH Walk,SP383726,438300,272600,1500.0,England,5.0,33,1990,2022,UKBMS,52.350137678161786,-1.4391424254628182
2123,Ryton Wood North PH walk,SP383729,438300,272900,535.0,England,3.0,31,1992,2022,UKBMS,52.35283459528315,-1.4391083048319253
2131,Ryton Meadows,SP376726,437600,272600,2531.0,England,6.0,34,1990,2023,UKBMS,52.350185981277974,-1.4494185860310589
2133,Ryton Meadows (Species),SP380728,438000,272800,335.0,England,1.0,19,2005,2023,UKBMS,52.351956435142924,-1.4435239229019998
2134,Ryton Wood (Purple Emperor),SP382726,438200,272600,,England,4.0,17,2005,2022,UKBMS,52.35014463331525,-1.4406104466163367
2135,Leam Valley Reserve,SP336652,433600,265200,2070.0,England,8.0,10,2013,2023,UKBMS,52.283919772153595,-1.508876609943168
2136,Harbury Spoilbank,SP385598,438500,259800,1300.0,England,5.0,18,2006,2023,UKBMS,52.23505413742124,-1.4376647876354747
2202,Badbury Rings (NT),ST964030,396400,103000,3303.0,England,14.0,32,1992,2023,UKBMS,50.82652627782455,-2.052480470878208
2206,Cerne Abbas Giant,ST668020,366800,102000,3715.0,England,11.0,30,1994,2023,UKBMS,50.81658735197621,-2.4726387592466734
2207,Clubmens Down (NT),ST883187,388300,118700,2324.0,England,9.0,33,1991,2023,UKBMS,50.96759764418744,-2.1679910248393797
2209,"Corfe, West Hill",SY954823,395400,82300,1100.0,England,5.0,16,2007,2023,UKBMS,50.640371259406216,-2.0664135540397996
2211,Duncliffe Wood (WT),ST824222,382400,122200,4000.0,England,8.0,38,1986,2023,UKBMS,50.99891901844144,-2.252181979540022
2212,Durlston Country Park East,SZ031773,403100,77300,3625.0,England,8.0,35,1989,2023,UKBMS,50.595418553940334,-1.9575624455603635
2213,Durlston Country Park West,SZ028771,402800,77100,1580.0,England,8.0,32,1992,2023,UKBMS,50.59362143829941,-1.961802367057164
2214,Fifehead Magdafen Wood (WT),ST778217,377800,121700,1964.0,England,5.0,38,1986,2023,UKBMS,50.99426294522979,-2.3177023409215205
2215,Garston Wood (RSPB),SU002191,400200,119100,2155.0,England,9.0,32,1990,2023,UKBMS,50.97131573044024,-1.9985247337917267
2219,Hethfelton Wood,SY857880,385700,88000,3680.0,England,7.0,23,2000,2023,UKBMS,50.69147041510978,-2.203809790955396
2221,Hod Hill (NT),ST855106,385500,110600,2781.0,England,12.0,38,1985,2023,UKBMS,50.894695899528,-2.2075403583506708
2223,Holton Lee,SY960917,396000,91700,2390.0,England,,7,1999,2023,UKBMS,50.72490741718806,-2.05803316361965
2225,Jerry's Hole (DTNC),ST874164,387400,116400,400.0,England,2.0,38,1985,2023,UKBMS,50.94689628565604,-2.1807273701298344
2227,Kingcombe Redholm 'B' (DTNC),SY549991,354900,99100,2955.0,England,14.0,35,1989,2023,UKBMS,50.789703748587506,-2.6411912292938955
2228,Kingcombe Stones 'C' (DTNC),SY549980,354900,98000,2500.0,England,12.0,35,1989,2023,UKBMS,50.77981254118186,-2.641055899969103
2229,Kinson Common,SZ069965,406900,96500,2270.0,England,9.0,22,2000,2023,UKBMS,50.7680469357646,-1.9035227340113015
2230,Lorton Meadows,SY674827,367400,82700,1935.0,England,9.0,22,2000,2023,UKBMS,50.643068983845254,-2.4624094562011263
2231,Lulworth Lake,SY860835,386000,83500,1800.0,England,12.0,24,1999,2022,UKBMS,50.65101065728798,-2.1993909727091756
2233,Melbury Down & Wood,ST910195,391000,119500,2480.0,England,9.0,28,1996,2023,UKBMS,50.974840506614846,-2.1295608863411544
2234,Milldown (NDDC),ST882074,388200,107400,2400.0,England,6.0,27,1991,2023,UKBMS,50.865982294033124,-2.169045985662282
2235,Moors Valley,SU107057,410700,105700,2045.0,England,8.0,32,1992,2023,UKBMS,50.85072105729003,-1.8493728457493024
2238,Pamphill Moors (NT),ST994006,399400,100600,1578.0,England,8.0,31,1993,2023,UKBMS,50.80495570330748,-2.009882117044008
2239,Piddle's Wood (DTNC),ST792126,379200,112600,3329.0,England,11.0,34,1989,2023,UKBMS,50.91248662449209,-2.2972311276242268
2240,Portland Broadcroft (DBC),SY696718,369600,71800,1060.0,England,7.0,32,1992,2023,UKBMS,50.54516888743943,-2.4304014958368505
2241,Portland Perryfields,SY695713,369500,71300,400.0,England,5.0,23,2000,2023,UKBMS,50.54066731448585,-2.4317716964789136
2242,Portland Tout (DCC),SY684726,368400,72600,1580.0,England,7.0,30,1992,2022,UKBMS,50.55229915619239,-2.447404987707579
2244,Powerstock Bridleway,SY540970,354000,97000,1800.0,England,8.0,29,1991,2023,UKBMS,50.77074966385202,-2.6536950348627744
2245,Powerstock North (DTNC),SY543974,354300,97400,1400.0,England,7.0,39,1985,2023,UKBMS,50.77437024191399,-2.649490837858556
2247,Powerstock Railway,SY536971,353600,97100,1600.0,England,8.0,27,1994,2023,UKBMS,50.77161692377112,-2.6593797072723877
2248,Sopley Common,SZ129971,412900,97100,2560.0,England,10.0,26,1995,2023,UKBMS,50.77334125500673,-1.8184211086536364
2249,Sovell Down (DTNC),ST992107,399200,110700,945.0,England,5.0,39,1985,2023,UKBMS,50.895779355992374,-2.0127456299348654
2250,Stour Valley,SZ087963,408700,96300,3895.0,England,11.0,29,1994,2023,UKBMS,50.76622457372166,-1.8780031209074182
2251,Stubhampton Bottom (Private),ST900157,390000,115700,2900.0,England,5.0,39,1985,2023,UKBMS,50.94065316795602,-2.1436982879612207
2254,Townsend Quarry (DWT),SZ024781,402400,78100,1600.0,England,10.0,30,1994,2023,UKBMS,50.602616000417925,-1.9674473021345171
2255,Upton Heath North,SY987950,398700,95000,1780.0,England,8.0,25,1999,2023,UKBMS,50.75459597994708,-2.0197945081693254
2256,Upton Heath South,SY990942,399000,94200,1450.0,England,7.0,25,1999,2023,UKBMS,50.74740253566131,-2.0155392495797284
2261,Winspit Valley,SY976770,397600,77000,1970.0,England,7.0,21,2001,2023,UKBMS,50.59272290801273,-2.035265830445384
2266,Cashmoor New Route,ST986141,398600,114100,2470.0,England,8.0,25,1999,2023,UKBMS,50.92635216569822,-2.021291110143457
2267,Lankham Bottom,ST610003,361000,100300,2000.0,England,15.0,21,2003,2023,UKBMS,50.80093804428678,-2.5547842453245444
2268,Wareham Walls,SY921872,392100,87200,1290.0,England,9.0,23,1999,2023,UKBMS,50.68439965377977,-2.113187309819108
2270,Southfield Hog Cliff,SY628969,362800,96900,2700.0,England,8.0,21,2003,2023,UKBMS,50.77048333472938,-2.5288978829907864
2271,Langton Westwood,SY991794,399100,79400,1600.0,England,8.0,19,2002,2022,UKBMS,50.61431028872273,-2.014081217319321
2272,Mude Valley,SZ183931,418300,93100,2171.0,England,9.0,21,2003,2023,UKBMS,50.737226976408294,-1.7420377352698015
2273,Lydlinch Common (New),ST735135,373500,113500,2590.0,England,15.0,27,1996,2023,UKBMS,50.92034486027148,-2.3783721411816026
2274,Stonebarrow Hill,SY385933,338500,93300,2900.0,England,9.0,19,2005,2023,UKBMS,50.73604146786601,-2.872858503441125
2278,Alners Gorse,ST736100,373600,110000,1727.0,England,9.0,19,2005,2023,UKBMS,50.88887679998974,-2.3766952879430936
2279,Corfe Common,SY955810,395500,81000,2450.0,England,5.0,19,2005,2023,UKBMS,50.628681422347725,-2.064983195974755
2280,Stoborough Heath,SY924852,392400,85200,1585.0,England,5.0,18,2006,2023,UKBMS,50.666418261000224,-2.10889910502646
2282,Redhill Common LNR,SZ088955,408800,95500,1475.0,England,7.0,16,2006,2023,UKBMS,50.75902901780644,-1.8766040420398824
2284,Stanpit Marsh LNR,SZ168921,416800,92100,2764.0,England,8.0,18,2006,2023,UKBMS,50.728279436601746,-1.7633391273744319
2285,Grange Arch,SY915816,391500,81600,3000.0,England,3.0,16,2007,2022,UKBMS,50.634031704743926,-2.1215499284914743
2286,Ridgeway Hill,SY928819,392800,81900,2454.0,England,4.0,17,2007,2023,UKBMS,50.636747307102496,-2.103174105201321
2287,Bindon Hill,SY828802,382800,80200,2030.0,England,6.0,16,2008,2023,UKBMS,50.6212483494745,-2.2445001795153567
2289,Turbary Common,SZ059947,405900,94700,3701.0,England,9.0,7,2017,2023,UKBMS,50.75187109036065,-1.917731196491109
2290,Knowle Hill(1),SY941823,394100,82300,811.0,England,5.0,15,2008,2022,UKBMS,50.64035929000735,-2.084797784503293
2291,Knowle Hill 2,SY935823,393500,82300,1348.0,England,3.0,16,2007,2022,UKBMS,50.64035278747549,-2.0932828094094833
2292,Nine Barrow Down,SZ005809,400500,80900,1301.0,England,4.0,17,2007,2023,UKBMS,50.62780028245806,-1.9942921799982656
2293,Ailwood Down,SY994814,399400,81400,2200.0,England,4.0,16,2007,2023,UKBMS,50.632296376353914,-2.0098448989187
2294,Binbarrow,SY494886,349400,88600,1600.0,England,8.0,13,2010,2023,UKBMS,50.694833380116975,-2.717766996831591
2295,Chard Junction,ST345044,334500,104400,1676.0,England,10.0,14,2010,2023,UKBMS,50.835407654276146,-2.9315150645348274
2297,Slop Bog,SU078017,407800,101700,2000.0,England,6.0,17,2007,2023,UKBMS,50.81479694004416,-1.8906518143164148
2298,Ferry Road West,SZ025845,402500,84500,2180.0,England,7.0,13,2011,2023,UKBMS,50.66016956720567,-1.9659930904475809
2299,Black Hill,ST668005,366800,100500,2130.0,England,9.0,13,2011,2023,UKBMS,50.80309901402097,-2.4725025923832074
2307,Brotheridge Green,SO815412,381500,241200,710.0,England,6.0,21,1998,2023,UKBMS,52.068856893670464,-2.27130033026512
2309,Castlemorton Common,SO781394,378100,239400,2500.0,England,9.0,24,1998,2023,UKBMS,52.05254935571727,-2.3207844265668656
2310,Chaddesley Wood,SO912735,391200,273500,1420.0,England,10.0,38,1984,2023,UKBMS,52.35948600523454,-2.130643286667561
2311,Chase End Hill,SO759358,375900,235800,2800.0,England,7.0,29,1992,2023,UKBMS,52.02009190944483,-2.352611919128948
2315,Coppet Hill,SO576180,357600,218000,3200.0,England,11.0,28,1994,2023,UKBMS,51.85896473605233,-2.617077657782603
2316,Crickley Hill,SO931163,393100,216300,3600.0,England,9.0,25,1996,2023,UKBMS,51.845255739643406,-2.1015657647972508
2318,Ewyas Harold Common,SO387295,338700,229500,1780.0,England,13.0,24,1999,2023,UKBMS,51.96058679702078,-2.893536194667431
2319,Grafton Wood,SO975560,397500,256000,1380.0,England,15.0,25,1998,2023,UKBMS,52.202222705640075,-2.037998310366267
2322,Haugh Wood South,SO590360,359000,236000,3700.0,England,12.0,37,1987,2023,UKBMS,52.02089496796758,-2.5989020786613275
2325,Knapp & Papermill,SO748517,374800,251700,3850.0,England,15.0,40,1984,2023,UKBMS,52.16298963049601,-2.3698222942449685
2328,Lineover Wood,SO987189,398700,218900,2620.0,England,10.0,33,1991,2023,UKBMS,51.86867439305591,-2.0202862598509226
2332,Miserden (Bull Banks),SO948084,394800,208400,1050.0,England,12.0,34,1988,2023,UKBMS,51.77424578434754,-2.0767672421333896
2333,Monk Wood 1,SO803603,380300,260300,1980.0,England,12.0,37,1986,2023,UKBMS,52.24053078071069,-2.289920690636636
2339,Prestbury Hill,SO992244,399200,224400,3500.0,England,12.0,20,1992,2023,UKBMS,51.918125153111724,-2.013039035718847
2340,Rodborough Common,SO848027,384800,202700,800.0,England,11.0,23,1993,2023,UKBMS,51.72281271524752,-2.2214484883468435
2341,Ryton Wood & Pool,SP379726,437900,272600,1500.0,England,5.0,34,1990,2023,UKBMS,52.35016538935914,-1.4450145136559056
2342,Stinchcombe A,ST740983,374000,198300,,England,15.0,21,1988,2023,UKBMS,51.682853532667274,-2.3774661484420125
2343,Stinchcombe B,ST740984,374000,198400,,England,15.0,22,1988,2023,UKBMS,51.68375263122091,-2.377473630136295
2353,Wetmoor,ST744876,374400,187600,2293.0,England,15.0,19,1988,2023,UKBMS,51.58666757924791,-2.3708945556821703
2355,Windmill Hill,SP070472,407000,247200,1520.0,England,15.0,33,1982,2023,UKBMS,52.123070123184746,-1.899171707897604
2358,Wyre Forest West,SO735761,373500,276100,1500.0,England,15.0,35,1989,2023,UKBMS,52.38228611266907,-2.390752282525843
2370,St Wulstans LNR,SO784414,378400,241400,2120.0,England,7.0,22,2002,2023,UKBMS,52.07054211581898,-2.316536725346414
2388,Bishops Heaps,SP393582,439300,258200,1250.0,England,4.0,24,1999,2023,UKBMS,52.220613952166275,-1.426136434645499
2389,Hearsall Common 04,SP308786,430800,278600,1440.0,England,9.0,18,2004,2023,UKBMS,52.40454772484296,-1.5486963437027836
2401,Bentley Wood - Barnridge,SU242295,424200,129500,1350.0,England,9.0,36,1988,2023,UKBMS,51.06432942428255,-1.6560296123507694
2402,Bentley Wood - Eastern,SU258291,425800,129100,750.0,England,7.0,36,1988,2023,UKBMS,51.060663279040064,-1.6332256519733543
2403,Bentley Wood - North,SU250300,425000,130000,3200.0,England,12.0,38,1986,2023,UKBMS,51.06879128076769,-1.6445790161363638
2404,Bentley Wood - South,SU251283,425100,128300,1850.0,England,11.0,37,1987,2023,UKBMS,51.05350059068233,-1.6432692628770889
2405,Biss Wood,ST877567,387700,156700,600.0,England,1.0,36,1987,2023,UKBMS,51.30928024463518,-2.1778453795709667
2406,Blackmoor Copse (WWT),SU235291,423500,129100,2000.0,England,14.0,37,1983,2023,UKBMS,51.060761573270305,-1.6660446568368286
2408,Boscombe Down O (WCC),SU185408,418500,140800,1500.0,England,2.0,24,1995,2023,UKBMS,51.16614947667364,-1.736794526405036
2409,Bratton Castle Earthworks (EH),ST905514,390500,151400,1500.0,England,5.0,44,1980,2023,UKBMS,51.26167806819955,-2.13753302607301
2410,Dean Hill (West) (NT),SU226259,422600,125900,900.0,England,1.0,23,1996,2023,UKBMS,51.032023051290494,-1.679085646344124
2411,Green Lane Wood (WWT),ST882576,388200,157600,3070.0,England,12.0,33,1991,2023,UKBMS,51.31738347436581,-2.170702307772905
2413,"KAC towpath, Bradford-on-Avon",ST828597,382800,159700,500.0,England,5.0,43,1980,2023,UKBMS,51.336127203463775,-2.248287694666166
2415,"Middle Street Meadow, Salisbury",SU134295,413400,129500,1350.0,England,10.0,26,1994,2023,UKBMS,51.064680976519234,-1.8101500554506589
2418,Porton Dn.2 (Tower Hill Wood),SU238387,423800,138700,2700.0,England,12.0,27,1995,2023,UKBMS,51.1470716982059,-1.6611338562559643
2421,Roundway Hill Covert (WWT),SU003641,400300,164100,1500.0,England,5.0,26,1981,2023,UKBMS,51.37595427511706,-1.9970773802964483
2425,Vagg's Hill,ST807560,380700,156000,800.0,England,2.0,32,1982,2023,UKBMS,51.30279031103107,-2.278230764089824
2426,Webb's Wood (FC),SU045857,404500,185700,3500.0,England,14.0,21,1996,2023,UKBMS,51.57015376870953,-1.9364671398666662
2427,West Yatton Down,ST853759,385300,175900,3500.0,England,15.0,26,1996,2023,UKBMS,51.48186083039278,-2.2130779187470657
2428,White Sheet Hill Quarry (NT),ST799351,379900,135100,1100.0,England,8.0,20,1999,2023,UKBMS,51.11483386265712,-2.2885283021631833
2431,Bentley Wood Hawksgrove,SU237281,423700,128100,2270.0,England,8.0,26,1998,2023,UKBMS,51.051761397192585,-1.6632559982397817
2432,Morgan's Hill SSSI,SU027671,402700,167100,2270.0,England,11.0,12,2004,2023,UKBMS,51.40292331784172,-1.9625742941483852
2434,Wadswick Common,ST837676,383700,167600,700.0,England,5.0,12,2004,2023,UKBMS,51.40718742949193,-2.2357334457432807
2436,Barbury Castle,SU149762,414900,176200,1000.0,England,6.0,19,2005,2023,UKBMS,51.48455904533944,-1.7868121523207399
2438,Figsbury Ring,SU188338,418800,133800,2500.0,England,9.0,15,2006,2023,UKBMS,51.10319624039431,-1.732867067393378
2439,Red Lodge Wood,SU054887,405400,188700,1200.0,England,6.0,10,2007,2023,UKBMS,51.59712003076161,-1.9234365033961733
2441,Tucking Mill Tisbury,ST936290,393600,129000,4000.0,England,15.0,16,2006,2023,UKBMS,51.06030167256595,-2.092699626719907
2443,Blakehill Farm,SU074915,407400,191500,2700.0,England,3.0,14,2009,2023,UKBMS,51.622273296239634,-1.8945046371245864
2448,Ravens Roost Wood,SU023881,402300,188100,2000.0,England,7.0,12,2011,2023,UKBMS,51.591745797214735,-1.9681944954864101
2450,Vernditch,SU035206,403500,120600,1260.0,England,8.0,11,2013,2023,UKBMS,50.98479419098898,-1.9515122092687274
2451,"Fitzmaurice School Field, Bradford-on-Avon",ST828601,382800,160100,450.0,England,5.0,10,2014,2023,UKBMS,51.33972385521531,-2.248307145802396
2452,Hinton Parva Combe,SU227825,422700,182500,2145.0,England,2.0,6,2015,2023,UKBMS,51.540946513105794,-1.674080020242507
2453,Stratton Wood,SU165891,416500,189100,1750.0,England,4.0,9,2015,2023,UKBMS,51.600503000153594,-1.7631696380193058
2454,Langley Wood,SU225203,422500,120300,1321.0,England,6.0,9,2015,2023,UKBMS,50.98167126932553,-1.6808571168135278
2455,Coombe Bissett SSSI,SU111248,411100,124800,2564.0,England,12.0,9,2015,2023,UKBMS,51.02246656171279,-1.8431149175509283
2458,Danks Down (2015 route),ST842748,384200,174800,2945.0,England,13.0,9,2015,2023,UKBMS,51.471940375981056,-2.228868717371078
2459,Winterbourne Downs Loop 2013,SU223394,422300,139400,1300.0,England,3.0,8,2015,2023,UKBMS,51.15342611310733,-1.682534389899876
2460,Winterbourne Downs Beaumont's,SU213403,421300,140300,1190.0,England,5.0,7,2016,2023,UKBMS,51.16155669046517,-1.6967791661163096
2463,"Newton Tony, RSPB",SU224394,422400,139400,2000.0,England,4.0,7,2017,2023,UKBMS,51.15342222730647,-1.6811046145069897
2464,"North Meadow, Bradford-on-Avon (1)",ST820605,382000,160500,450.0,England,2.0,7,2017,2023,UKBMS,51.343295569873064,-2.259812069161051
2465,SPTA Larkhill LACGEN2,SU133453,413300,145300,200.0,England,1.0,7,2017,2023,UKBMS,51.20675653605252,-1.8109988000273565
2466,"SPTA Larkhill, Horne Barracks",SU123445,412300,144500,240.0,England,1.0,7,2017,2023,UKBMS,51.199585241940206,-1.8253403780828041
2467,Parsonage Down,SU037414,403700,141400,1550.0,England,7.0,6,2018,2023,UKBMS,51.17182891160364,-1.9484566661530631
2468,Avebury Waden Hill,SU107688,410700,168800,2000.0,England,5.0,5,2018,2023,UKBMS,51.41811610361414,-1.84751873987439
2469,Normanton Down,SU117412,411700,141200,1207.0,England,6.0,5,2018,2023,UKBMS,51.16992441096937,-1.8340341235675401
2470,Cholderton,SU226421,422600,142100,1280.0,England,3.0,5,2019,2023,UKBMS,51.17769236806429,-1.678076246132562
2471,Lime Kiln Down,SU144281,414400,128100,1630.0,England,5.0,5,2019,2023,UKBMS,51.052068036118015,-1.795934796332632
2472,Hazel Hill Wood,SU219283,421900,128300,2400.0,England,8.0,5,2019,2023,UKBMS,51.0536309048102,-1.6889235371568718
2473,Calstone 1,SU041692,404100,169200,3750.0,England,15.0,4,2019,2022,UKBMS,51.42179755766917,-1.9424248114684322
2474,Calstone 2,SU046685,404600,168500,3950.0,England,15.0,4,2019,2022,UKBMS,51.41549971310314,-1.9352428963375847
2475,Cloatley Meadows,ST979912,397900,191200,1030.0,England,6.0,4,2020,2023,UKBMS,51.6196187078569,-2.0317287667875954
2476,Coombe Bissett Down,SU111256,411100,125600,2887.0,England,3.0,2,2020,2023,UKBMS,51.02966029206195,-1.843090674538126
2477,Pewsey Downs West (Milk Hill),SU098643,409800,164300,2967.0,England,7.0,4,2020,2023,UKBMS,51.3776700183912,-1.8605838804362806
2478,Pimlico Fields,SU218188,421800,118800,2022.0,England,8.0,3,2021,2023,UKBMS,50.968209844082544,-1.690918050360736
2479,Cloven Hill,SU230178,423000,117800,2000.0,England,8.0,3,2021,2023,UKBMS,50.95917126810622,-1.6738919808153727
2480,Dinton Park,SU005316,400500,131600,2719.0,England,6.0,3,2021,2023,UKBMS,51.08371803681881,-1.9942388620264924
2481,High Clear Down (WWT),SU236764,423600,176400,1458.0,England,4.0,2,2022,2023,UKBMS,51.48606293588671,-1.6615094884310218
2482,Hazeland,ST975719,397500,171900,2297.0,England,8.0,2,2022,2023,UKBMS,51.44608275620854,-2.037363022722424
2500,Bannerdown,ST791685,379100,168500,2000.0,England,5.0,27,1996,2023,UKBMS,51.41512794492145,-2.301920017379205
2502,Stoke Camp,ST492512,349200,151200,1710.0,England,7.0,29,1995,2023,UKBMS,51.2576871139198,-2.729366381590104
2506,Cross Plain,ST415555,341500,155500,1000.0,England,9.0,29,1993,2023,UKBMS,51.29560807149817,-2.84040371356209
2510,Buckland Wood,ST187178,318700,117800,1210.0,England,8.0,27,1997,2023,UKBMS,50.95387421769432,-3.1588290561971246
2523,Dolebury Warren,ST455589,345500,158900,1850.0,England,10.0,5,2015,2023,UKBMS,51.32657493946607,-2.7835615436552548
2527,Langford Heathfield,ST100235,310000,123500,2600.0,England,12.0,33,1991,2023,UKBMS,51.003822594981024,-3.2840711575198815
2537,Mount Fancy Combined,ST248167,324800,116700,2240.0,England,8.0,22,2002,2023,UKBMS,50.944813890986055,-3.071773606392696
2540,Carymoor Environmental Centre,ST615308,361500,130800,1270.0,England,10.0,22,2001,2023,UKBMS,51.075225108525935,-2.5509222762565478
2541,Crook Peak,ST390551,339000,155100,3600.0,England,10.0,22,2002,2023,UKBMS,51.29174891139435,-2.8761863395136014
2542,Shapwick Heath,ST423412,342300,141200,4000.0,England,8.0,11,2003,2023,UKBMS,51.16711944675167,-2.826623584236772
2549,Dundon Beacon,ST485324,348500,132400,1938.0,England,9.0,21,2003,2023,UKBMS,51.08858920130486,-2.7366972660549704
2556,Redding Pit Quarry,ST535637,353500,163700,1444.0,England,10.0,19,2005,2023,UKBMS,51.370444143822105,-2.669384651441563
2562,"Hucker's Bow, Sand Point",ST348665,334800,166500,1950.0,England,4.0,18,2006,2023,UKBMS,51.39377436473297,-2.938501847154088
2566,Westbury Beacon,ST501507,350100,150700,1270.0,England,6.0,17,2007,2023,UKBMS,51.253271212411725,-2.716400237320422
2570,Walton Common,ST428738,342800,173800,2120.0,England,10.0,17,2007,2023,UKBMS,51.460270647838016,-2.8247133180157915
2571,Weston Moor Nature Reserve,ST440742,344000,174200,2200.0,England,9.0,17,2007,2023,UKBMS,51.46398713970938,-2.8075061669831167
2572,Carymoor: Upper Dauntsey Field,ST618319,361800,131900,650.0,England,4.0,16,2007,2023,UKBMS,51.085136091946424,-2.5467569409156177
2573,Brent Knoll,ST341510,334100,151000,2000.0,England,9.0,16,2008,2023,UKBMS,51.25434051868004,-2.945690125435602
2575,Draycott Sleights (2008),ST483516,348300,151600,1943.0,England,6.0,16,2008,2023,UKBMS,51.26120245810428,-2.742320511946407
2581,Bossington,SS897482,289700,148200,2600.0,England,8.0,16,2008,2023,UKBMS,51.22230462340433,-3.5808442103757425
2582,Wookey Hole Fields,ST534480,353400,148000,2000.0,England,9.0,16,2008,2023,UKBMS,51.22927475390571,-2.6687658580677045
2583,Kings Castle Wood,ST568456,356800,145600,1750.0,England,6.0,14,2009,2022,UKBMS,51.2079636565685,-2.6197858597228856
2586,Lords Wood,ST633632,363300,163200,2000.0,England,5.0,14,2009,2023,UKBMS,51.366668470201155,-2.528557935710829
2588,Clifton-Durdham Down,ST566743,356600,174300,3510.0,England,10.0,14,2010,2023,UKBMS,51.46599533788417,-2.6261558460204646
2589,Charfield Meadow,ST717936,371700,193600,500.0,England,2.0,10,2010,2023,UKBMS,51.640484236555444,-2.410350640286771
2591,Goblin Combe,ST476651,347600,165100,350.0,England,3.0,6,2010,2023,UKBMS,51.38251636511878,-2.7543407791647336
2592,Weston Big Wood,ST457752,345700,175200,1650.0,England,8.0,15,2008,2023,UKBMS,51.47314381901668,-2.7831912734192317
2594,"The Gulley & Walcombe Slade, Avon Gorge",ST563746,356300,174600,1320.0,England,10.0,14,2010,2023,UKBMS,51.46866948022179,-2.6305114087278794
2595,Green Down,ST517288,351700,128800,1411.0,England,8.0,10,2011,2023,UKBMS,51.056498966093514,-2.6905290654226905
2597,Lynchcombe,ST516490,351600,149000,1650.0,England,8.0,16,2008,2023,UKBMS,51.238115783307215,-2.694678061930925
2603,Loch Gruinart (AO48),NR277677,127700,667700,400.0,Scotland,8.0,16,2006,2023,UKBMS,55.825490641267265,-6.349452745647586
2605,Falls of Clyde,NS882422,288200,642200,1454.0,Scotland,11.0,20,2001,2023,UKBMS,55.66040762663193,-3.7786545574343693
2612,The Lein,NJ332657,333200,865700,1100.0,Scotland,5.0,20,1997,2023,UKBMS,57.6761812469976,-3.1216790736242106
2613,Crombie Country Park,NO520400,352000,740000,6210.0,Scotland,13.0,20,2001,2023,UKBMS,56.54952122180192,-2.7823338615498514
2616,Newhailes,NT328727,332800,672700,2458.0,Scotland,12.0,17,2003,2023,UKBMS,55.94262748746928,-3.077453398863915
2618,Cathkin Braes (2),NS614583,261400,658300,1450.0,Scotland,15.0,16,2001,2023,UKBMS,55.798049558804756,-4.212491517385776
2619,Arienas Wood,NM672522,167200,752200,2250.0,Scotland,15.0,24,1989,2023,UKBMS,56.60369972707381,-5.794605942502883
2620,Auchtermuchty Common,NO240129,324000,712900,2000.0,Scotland,10.0,14,2003,2023,UKBMS,56.302409300035386,-3.229778034152997
2628,Commonhead Moss,NS699665,269900,666500,1700.0,Scotland,6.0,19,1999,2023,UKBMS,55.874041533881766,-4.080934877452575
2630,RSPB Scotland Baron's Haugh reserve,NS750550,275000,655000,2350.0,Scotland,12.0,16,2003,2023,UKBMS,55.772128180204795,-3.994187636010041
2637,Dunnet butterfly transect,ND223698,322300,969800,1250.0,Scotland,11.0,32,1986,2023,UKBMS,58.609163760940525,-3.339032784630375
2640,Eglinton Park,NS330410,233000,641000,1400.0,Scotland,10.0,16,2003,2023,UKBMS,55.633794135140356,-4.654462256729657
2641,Glencoe,NN118567,211800,756700,3640.0,Scotland,9.0,19,2003,2023,UKBMS,56.66409779436197,-5.072543637530931
2648,South Haugh,NS731554,273100,655400,1601.0,Scotland,9.0,19,2005,2023,UKBMS,55.77522497985939,-4.024640643794882
2652,Holyrood Park - Hunters Bog,NT274734,327400,673400,1860.0,Scotland,6.0,19,2005,2023,UKBMS,55.94812918386145,-3.164077153203959
2656,Dunsapie Crag,NT282732,328200,673200,1330.0,Scotland,10.0,22,2002,2023,UKBMS,55.946452943506884,-3.151216835437697
2662,Isle of Eigg,NM482846,148200,784600,2100.0,Scotland,5.0,32,1988,2023,UKBMS,56.88420152882938,-6.135121872603435
2665,Sanford Moor,NS723434,272300,643400,1535.0,Scotland,9.0,17,2007,2023,UKBMS,55.66726131129274,-4.03178068463611
2666,Balblair Wood,NH599942,259900,894200,1775.0,Scotland,15.0,17,2007,2023,UKBMS,57.91509968532967,-4.366493527947463
2669,Aberlady Bay,NT465815,346500,681500,3924.0,Scotland,12.0,17,2007,2023,UKBMS,56.023406904177385,-2.859899715583424
2670,John Muir Country Park,NT650790,365000,679000,2937.0,Scotland,5.0,13,2009,2023,UKBMS,56.00265863724661,-2.562791174137153
2671,Yellowcraig,NT515856,351500,685600,1050.0,Scotland,8.0,14,2009,2023,UKBMS,56.06077358556427,-2.780435108595229
2672,Levenhall,NT358735,335800,673500,3240.0,Scotland,9.0,10,2013,2023,UKBMS,55.95022478841811,-3.0296228265703378
2673,Gullane East,NT481834,348100,683400,1887.0,Scotland,12.0,12,2009,2023,UKBMS,56.040652178834776,-2.8346018036129603
2675,SWT Gailes Marsh,NS323359,232300,635900,2000.0,Scotland,6.0,8,2009,2023,UKBMS,55.587777959846996,-4.6624632293626815
2676,Clune,NT170954,317000,695400,2540.0,Scotland,10.0,10,2007,2023,UKBMS,56.144051396145535,-3.3373795476220556
2679,"Cocksburn Reservoir, Bridge of Allan",NS805985,280500,698500,1500.0,Scotland,10.0,14,2009,2023,UKBMS,56.164135658043534,-3.9258827184483676
2681,Linlithgow Loch Transect 1 - Fiddlers Croft,NT008776,300800,677600,960.0,Scotland,7.0,11,2006,2022,UKBMS,55.98109138702992,-3.591395080977466
2682,Linlithgow Loch Transect 2 - North Side,NT002777,300200,677700,1590.0,Scotland,7.0,12,2006,2023,UKBMS,55.981865022878374,-3.6010438154765008
2685,Cullaloe Local Nature Reserve,NT187875,318700,687500,1300.0,Scotland,7.0,9,2009,2023,UKBMS,56.07338530987367,-3.307619191353492
2688,Cammo Estate,NT175747,317500,674700,2175.0,Scotland,9.0,11,2009,2023,UKBMS,55.95820682071061,-3.3229535597221003
2689,Gullane West,NT468830,346800,683000,1877.0,Scotland,11.0,8,2009,2023,UKBMS,56.03691581147481,-2.855385346528833
2690,Barns Ness,NT718771,371800,677100,2283.0,Scotland,6.0,15,2009,2023,UKBMS,55.98603783749451,-2.4535599528070957
2691,Hailes ROW,NT592774,359200,677400,2568.0,Scotland,10.0,14,2009,2023,UKBMS,55.987824469158916,-2.655542241227976
2695,Loch Leven - Railway (8-10),NO122010,312200,701000,900.0,Scotland,3.0,7,2008,2023,UKBMS,56.193488688731975,-3.416455306968001
2697,Jupiter Urban Wildlife Centre,NS918810,291800,681000,1173.0,Scotland,11.0,13,2010,2023,UKBMS,56.00967937882147,-3.73693035850911
2698,Alva Glen revised,NS885978,288500,697800,1370.0,Scotland,6.0,13,2010,2023,UKBMS,56.159789297181085,-3.796839949238481
2702,Bradburys (Huberts) Bank,SK151561,415100,356100,2000.0,England,9.0,16,1994,2023,UKBMS,53.10188700220182,-1.7759256297707524
2705,Dane-in-Shaw Pasture,SJ878626,387800,362600,1864.0,England,13.0,24,2000,2023,UKBMS,53.16038327074064,-2.1839168694563273
2708,Swettenham Meadows,SJ804675,380400,367500,1670.0,England,7.0,18,2005,2023,UKBMS,53.204205693626335,-2.294891241628913
2709,Woolston Eyes,SJ652881,365200,388100,1920.0,England,11.0,17,2006,2023,UKBMS,53.388584598723696,-2.524709829028878
2713,Brereton Heath Country Park,SJ797651,379700,365100,2420.0,England,12.0,14,2010,2023,UKBMS,53.18260629517142,-2.3052174955306572
2718,Teggs Nose,SJ947723,394700,372300,2350.0,England,6.0,11,2013,2023,UKBMS,53.247689931039865,-2.0808860631401176
2719,Danes Moss to Sutton Reservoir,SJ910706,391000,370600,2500.0,England,7.0,9,2015,2023,UKBMS,53.23235837933549,-2.1362865648271248
2720,Tytherington - Marlborough Drive Woods,SJ918756,391800,375600,900.0,England,5.0,9,2015,2023,UKBMS,53.27731528428111,-2.1244324717210206
2721,Red Rocks,SJ207876,320700,387600,1735.0,England,9.0,7,2017,2023,UKBMS,53.37927533826824,-3.1935620109202496
2722,Cleaver Heath,SJ257826,325700,382600,1980.0,England,9.0,6,2017,2023,UKBMS,53.33506868013851,-3.117238245244134
2724,RSPB Burton Mere Wetlands,SJ314734,331400,373400,2500.0,England,6.0,5,2017,2023,UKBMS,53.2531567222905,-3.029665271766875
2725,New Ferry Butterfly Park,SJ333850,333300,385000,783.0,England,8.0,7,2017,2023,UKBMS,53.357652246035,-3.00363459865456
2727,Hatchmere,SJ551721,355100,372100,1380.0,England,9.0,6,2017,2023,UKBMS,53.24401141449807,-2.674289744911544
2728,Sankey Valley Park,SJ592894,359200,389400,3000.0,England,7.0,7,2017,2023,UKBMS,53.39983833942566,-2.615087787426701
2733,Leftwich Woods,SJ666717,366600,371700,620.0,England,13.0,7,2017,2023,UKBMS,53.24126653290504,-2.501927451876155
2734,"Ashton's Flash, Northwich",SJ666749,366600,374900,1200.0,England,9.0,7,2017,2023,UKBMS,53.270029508992685,-2.502264437186257
2736,Cluse Hey (Lyme Park),SJ958814,395800,381400,1324.0,England,11.0,4,2018,2022,UKBMS,53.32949736440213,-2.064524775657939
2737,Caldecott,SJ435522,343500,352200,800.0,England,8.0,6,2018,2023,UKBMS,53.06404103160414,-2.8445797253878493
2739,Elmerhurst (Lyme Park),SJ963837,396300,383700,1391.0,England,5.0,5,2018,2023,UKBMS,53.35017508464159,-2.057045016318243
2740,Riverside Park Macclesfield,SJ913745,391300,374500,1473.0,England,5.0,6,2018,2023,UKBMS,53.26741960933724,-2.131900279925499
2741,Yew Tree Farm,SJ723876,372300,387600,1685.0,England,12.0,4,2018,2023,UKBMS,53.38451207336036,-2.4179152071994436
2742,Kelsall 1,SJ523681,352300,368100,1130.0,England,5.0,5,2019,2023,UKBMS,53.20781416140986,-2.715644662303113
2743,Caldy Nature Park,SJ423649,342300,364900,1400.0,England,9.0,5,2019,2023,UKBMS,53.17805961868655,-2.864773305042137
2744,Quarry Bank Revised,SJ834830,383400,383000,2896.0,England,5.0,5,2019,2023,UKBMS,53.34363272978939,-2.2507933071586512
2745,Tatton Park,SJ758819,375800,381900,3956.0,England,7.0,5,2019,2023,UKBMS,53.33345069176759,-2.364858124070594
2747,Bickerton Hills 2,SJ495527,349500,352700,2350.0,England,8.0,5,2019,2023,UKBMS,53.069137143737166,-2.7551316116597424
2748,Wallasey Sandhills,SJ276925,327600,392500,1750.0,England,11.0,5,2019,2023,UKBMS,53.42430334218665,-3.09098378502329
2749,Whiteoak Wood (revised),SJ732880,373200,388000,3180.0,England,14.0,2,2019,2022,UKBMS,53.388154039024045,-2.404418778651249
2751,Kerridge Hill,SJ944759,394400,375900,2334.0,England,10.0,5,2019,2023,UKBMS,53.28004629793556,-2.0854466227085897
2752,Dunham Massey Gardens,SJ736874,373600,387400,1800.0,England,15.0,2,2022,2023,UKBMS,53.382781254739626,-2.3983543174694875
2753,Crown Farm Sand Quarry,SJ572704,357200,370400,1250.0,England,5.0,4,2020,2023,UKBMS,53.228905305394285,-2.6425942783471688
2754,Marshall's Arm Revision 2021,SJ649721,364900,372100,1980.0,England,7.0,3,2021,2023,UKBMS,53.24475187474958,-2.527443496303358
2755,Marbury (Including Flashes and Big Wood),SJ660758,366000,375800,6153.0,England,11.0,3,2021,2023,UKBMS,53.27808080917576,-2.5113571214361134
2756,Garden (Lyme Park),SJ965823,396500,382300,1628.0,England,5.0,3,2021,2023,UKBMS,53.33759239638668,-2.0540245898664264
2757,Hatchmere (Beaver Enclosure),SJ547723,354700,372300,450.0,England,6.0,3,2021,2023,UKBMS,53.24577498135124,-2.6803118467616214
2758,Macclesfield Forest,SJ959710,395900,371000,2308.0,England,12.0,3,2021,2023,UKBMS,53.23601538657791,-2.062885322918206
2759,Nantwich Lake and River Weaver (Revised),SJ648515,364800,351500,1602.0,England,8.0,3,2021,2023,UKBMS,53.0595810838391,-2.5266701503612596
2760,Alderley Edge Stormy Point,SJ860770,386000,377000,3890.0,England,7.0,2,2021,2022,UKBMS,53.289776761850135,-2.211474747036878
2761,Jacksons' Brickworks Local Nature Reserve,SJ947845,394700,384500,1407.0,England,9.0,3,2021,2023,UKBMS,53.357352017840334,-2.081094221172768
2762,Cross Lane,SJ289916,328900,391600,1370.0,England,3.0,3,2021,2023,UKBMS,53.416392197168285,-3.071221030626334
2763,Alderley Edge Mottram Quarry,SJ862776,386200,377600,2714.0,England,5.0,2,2021,2022,UKBMS,53.29517524618393,-2.208500855444956
2766,Countess of Chester Country Park 2,SJ396687,339600,368700,2556.0,England,6.0,2,2022,2023,UKBMS,53.21191288956577,-2.905885695297697
2767,St Michael's Eco Park,SJ499849,349900,384900,2000.0,England,15.0,2,2022,2023,UKBMS,53.358590563799545,-2.7542303744236043
2768,Macclesfield Leisure Centre & Athletics Track,SJ891745,389100,374500,1116.0,England,8.0,2,2022,2023,UKBMS,53.26737848981708,-2.164885168265515
2769,Bosley Cloud,SJ902635,390200,363500,3176.0,England,5.0,2,2022,2023,UKBMS,53.16852335903753,-2.1480508081149563
2770,Red Rocks - South,SJ207875,320700,387500,,England,3.0,1,2022,2022,UKBMS,53.37837667464408,-3.1935368745251713
2800,Breadsall Cutting,SK385397,438500,339700,2000.0,England,1.0,42,1982,2023,UKBMS,52.953302675488004,-1.4283976378799972
2802,West Hallam Ash Tip,SK439424,443900,342400,1500.0,England,1.0,37,1987,2023,UKBMS,52.97715848850884,-1.3476621197775962
2805,Carsington Water,SK248528,424800,352800,1600.0,England,10.0,30,1994,2023,UKBMS,53.07186328055885,-1.6313065387183754
2806,Aston Brickyard Plantation,SK413303,441300,330300,1000.0,England,1.0,24,2000,2023,UKBMS,52.868600461185295,-1.3879155857273906
2817,Derbyshire Dales Section 12,SK161661,416100,366100,500.0,England,1.0,23,2001,2023,UKBMS,53.19174661351215,-1.7604911600796067
2818,"Shiningford, Carsington Water",SK239517,423900,351700,1900.0,England,10.0,16,2008,2023,UKBMS,53.06201632927699,-1.6448202294292673
2819,"Cinderhill, Shipley Country Park, Heanor",SK431452,443100,345200,2400.0,England,1.0,16,2008,2023,UKBMS,53.00239136374386,-1.3592031504661106
2820,"Darley and Nutwood Wildlife Site, Derby",SK355388,435500,338800,1350.0,England,8.0,15,2009,2023,UKBMS,52.94541894271542,-1.4731469472753491
2821,"Eyes Meadow, Duffield",SK348432,434800,343200,1000.0,England,1.0,14,2010,2023,UKBMS,52.98501558698952,-1.4830923408014034
2822,"Brocks Hill Country Park, Leicester",SP619996,461900,299600,3200.0,England,10.0,15,2009,2023,UKBMS,52.59068500486572,-1.087706410024342
2824,Crich Chase Meadows,SK352523,435200,352300,2000.0,England,10.0,10,2012,2023,UKBMS,53.066787173936376,-1.4761449258271473
2825,Millers Dale Quarry,SK140731,414000,373100,2057.0,England,10.0,12,2012,2023,UKBMS,53.254726935766456,-1.7916163608008202
2826,Chee Dale NR,SK128735,412800,373500,3950.0,England,10.0,12,2012,2023,UKBMS,53.25835246461251,-1.8095868145378737
2827,"Woodside NR, Shipley",SK448436,444800,343600,3650.0,England,10.0,12,2012,2023,UKBMS,52.987870524174554,-1.3340939739764057
2828,"Avenue Washlands NR, Wingerworth",SK398668,439800,366800,1850.0,England,10.0,12,2012,2023,UKBMS,53.19679832600115,-1.4057059171583037
2830,Beeston Sidings,SK545375,454500,337500,600.0,England,3.0,10,2014,2023,UKBMS,52.93214508309362,-1.190638380233514
2831,"Potwell Dyke Grasslands, Southwell",SK702534,470200,353400,730.0,England,7.0,10,2014,2023,UKBMS,53.073229353095705,-0.9536548883285619
2832,"Hammersmith Meadows LNR, Ripley",SK398515,439800,351500,665.0,England,4.0,10,2014,2023,UKBMS,53.05927446603825,-1.4075993023712774
2833,"Carr Wood LNR, Ripley",SK402511,440200,351100,890.0,England,7.0,10,2014,2023,UKBMS,53.055649182012836,-1.4016810848394627
2836,Drakelow NR North,SK226204,422600,320400,1250.0,England,1.0,10,2013,2023,UKBMS,52.78071281193358,-1.6663860899784624
2838,Bingham Linear Park,SK715385,471500,338500,3000.0,England,8.0,11,2013,2023,UKBMS,52.93914192512069,-0.9375475862683569
2839,Poulter Country Park,SK525706,452500,370600,2095.0,England,11.0,11,2013,2023,UKBMS,53.2298534460812,-1.2149977927951832
2840,Creswell Crags,SK532741,453200,374100,1569.0,England,10.0,11,2013,2023,UKBMS,53.26124168786762,-1.2039293166781182
2841,Hollinhill & Markland Grips,SK507751,450700,375100,1910.0,England,10.0,11,2013,2023,UKBMS,53.270473888650315,-1.2412445027078671
2842,Whitwell Woods,SK524780,452400,378000,2180.0,England,10.0,11,2013,2023,UKBMS,53.29637392454261,-1.215279414033785
2843,Radcliffe Wood,SK650381,465000,338100,4060.0,England,10.0,11,2013,2023,UKBMS,52.93637174649674,-1.0343299458335813
2844,"Greenfields, Buxworth",SK027822,402700,382200,1452.0,England,7.0,11,2013,2023,UKBMS,53.336699564609084,-1.9609151150140545
2845,Jim Mart Nature Reserve,SK368648,436800,364800,350.0,England,6.0,11,2013,2023,UKBMS,53.17903679233706,-1.4508390134557483
2846,Toton Washlands,SK485346,448500,334600,2882.0,England,6.0,11,2013,2023,UKBMS,52.906652407057706,-1.2803256223699448
2848,Ticknall Limeyards,SK359234,435900,323400,2050.0,England,8.0,7,2013,2023,UKBMS,52.80696235223137,-1.4688875274147966
2849,Findern Footpaths,SK314303,431400,330300,2085.0,England,10.0,11,2013,2023,UKBMS,52.86926703365993,-1.5349779472480676
2850,Calke Park,SK363229,436300,322900,2450.0,England,6.0,6,2013,2023,UKBMS,52.80244113197542,-1.463009409784203
2851,Rosliston Forestry Centre,SK245177,424500,317700,2163.0,England,8.0,11,2013,2023,UKBMS,52.75635912371789,-1.6384193881934366
2852,Hartshorne Wood,SK330218,433000,321800,2088.0,England,10.0,11,2013,2023,UKBMS,52.79276433165743,-1.5120663239655674
2853,Gresley Wood,SK296173,429600,317300,1876.0,England,8.0,11,2013,2023,UKBMS,52.75250919252306,-1.562890142065444
2854,Markham North Tip,SK453729,445300,372900,2720.0,England,10.0,11,2013,2023,UKBMS,53.251187484494594,-1.322520038473623
2855,Hartington Meadows,SK152611,415200,361100,2012.0,England,10.0,11,2013,2023,UKBMS,53.14682871268012,-1.774196933653112
2856,Kedleston Park,SK313412,431300,341200,2190.0,England,8.0,11,2013,2023,UKBMS,52.967252872227164,-1.5354166049108688
2858,Clough Wood (Darley Bridge),SK257617,425700,361700,1190.0,England,8.0,10,2014,2023,UKBMS,53.15182120404391,-1.6171647899832082
2859,Belper Parks LNR,SK352472,435200,347200,2251.0,England,10.0,10,2014,2023,UKBMS,53.02094469027088,-1.4767001122404424
2860,"Wyver Lane, Belper",SK343493,434300,349300,2130.0,England,4.0,10,2014,2023,UKBMS,53.039879330685075,-1.4898938524861802
2863,Pleasley Pit LNR,SK498644,449800,364400,3120.0,England,10.0,10,2014,2023,UKBMS,53.17438663605925,-1.2564053150623142
2864,Allestree Park LNR,SK350405,435000,340500,1800.0,England,4.0,10,2014,2023,UKBMS,52.9607327488252,-1.480404434561893
2865,Doe Lea & Glapwell Pit,SK467671,446700,367100,2800.0,England,10.0,10,2014,2023,UKBMS,53.198935160278346,-1.302386485951357
2866,Blackwell Trail,SK430576,443000,357600,2003.0,England,8.0,10,2014,2023,UKBMS,53.11385696384379,-1.3590418217950224
2867,Alsop Moor,SK158571,415800,357100,2775.0,England,4.0,10,2014,2023,UKBMS,53.11085581445586,-1.7654219689486697
2869,Mickleover Meadows LNR,SK314357,431400,335700,1545.0,England,8.0,8,2014,2023,UKBMS,52.91780779617464,-1.5344584242279968
2870,Carr Vale NR,SK461702,446100,370200,2300.0,England,10.0,10,2014,2023,UKBMS,53.22685077321498,-1.3109206250468992
2871,"Forbes Hole LNR, Long Eaton",SK495324,449500,332400,1205.0,England,7.0,10,2014,2023,UKBMS,52.88678656530133,-1.2657926673735498
2873,Hardwick Hall Gardens,SK462636,446200,363600,1450.0,England,8.0,10,2014,2023,UKBMS,53.167519905959544,-1.3103752114838048
2874,Northwood Carr,SK270648,427000,364800,2125.0,England,8.0,10,2014,2023,UKBMS,53.17962212110142,-1.597466026180533
2876,Seale Wood,SK301142,430100,314200,1318.0,England,6.0,10,2014,2023,UKBMS,52.724614875197126,-1.5557657040239674
2877,Pick Triangle Wood,SK308177,430800,317700,1609.0,England,10.0,10,2014,2023,UKBMS,52.75603809189762,-1.545074291856218
2878,Sence Valley Country Park,SK400112,440000,311200,2410.0,England,10.0,10,2014,2023,UKBMS,52.697008172303406,-1.409553875580029
2879,"Hicks Lodge, Leicestershire",SK329156,432900,315600,1670.0,England,9.0,10,2014,2023,UKBMS,52.73703738236193,-1.5141695677786655
2881,Hardwick Hall,SK461633,446100,363300,2050.0,England,10.0,8,2014,2023,UKBMS,53.16483207367304,-1.3119140544715306
2882,Hardwick Park,SK453640,445300,364000,2450.0,England,10.0,10,2014,2023,UKBMS,53.17119236240924,-1.3237802802959684
2883,"Hoe Grange Quarry, Longcliffe",SK222561,422200,356100,850.0,England,1.0,9,2015,2023,UKBMS,53.101640404938166,-1.6698846258696285
2884,"Deep Dale NR, Sheldon",SK168701,416800,370100,1580.0,England,5.0,9,2015,2023,UKBMS,53.2276801570645,-1.7498053800264883
2885,"National Stone Centre, Wirksworth",SK285554,428500,355400,1060.0,England,10.0,9,2015,2023,UKBMS,53.09505036354951,-1.57585528721769
2886,Rose End Meadows NR,SK291566,429100,356600,956.0,England,10.0,9,2015,2023,UKBMS,53.1058046262913,-1.5667873364350162
2887,Cromford Canal - North,SK305566,430500,356600,1700.0,England,8.0,9,2015,2023,UKBMS,53.105726739727054,-1.5458762851906702
2888,Cromford Canal - Centre,SK324556,432400,355600,2500.0,England,10.0,9,2015,2023,UKBMS,53.09662646976931,-1.5175976749437623
2889,Cromford Canal - South,SK339535,433900,353500,1800.0,England,10.0,9,2015,2023,UKBMS,53.07765739882762,-1.4954186111589014
2890,Swadlincote Woodlands,SK307195,430700,319500,2472.0,England,10.0,9,2015,2023,UKBMS,52.772224397186946,-1.546387937281079
2892,"Grin Low Wood, Buxton",SK052721,405200,372100,3200.0,England,8.0,9,2015,2023,UKBMS,53.24589543642836,-1.923533180517657
2893,Allestree Park Woodlands (North),SK342408,434200,340800,815.0,England,7.0,9,2015,2023,UKBMS,52.96348084265856,-1.4922818960052777
2897,Netherfield Lagoons,SK635400,463500,340000,2820.0,England,6.0,9,2015,2023,UKBMS,52.95362819225724,-1.056273201054464
2899,Wollaton Hall Park,SK527393,452700,339300,700.0,England,7.0,9,2015,2023,UKBMS,52.948503529227935,-1.2171226983609813
2901,Cowpen Bewley 2 (Woodland Park),NZ481253,448100,525300,3246.0,England,9.0,26,1996,2023,UKBMS,54.6205630480378,-1.2566123490584968
2903,Sherburn Hill,NZ331417,433100,541700,1304.0,England,14.0,7,1990,2022,UKBMS,54.76914023193337,-1.4870435436731468
2905,Thrislington Plantation,NZ315327,431500,532700,2024.0,England,14.0,24,1999,2023,UKBMS,54.68836668074478,-1.5128820431321637
2909,The Whinnies,NZ352137,435200,513700,2200.0,England,14.0,22,2001,2022,UKBMS,54.517382034098375,-1.4577618641526384
2911,Raisby Hill Grassland,NZ335354,433500,535400,1850.0,England,9.0,21,2001,2023,UKBMS,54.71250091618769,-1.4815496890932478
2915,Tees Railway Walk,NZ001197,400100,519700,2215.0,England,10.0,21,2003,2023,UKBMS,54.572517377120086,-1.9999672409312235
2924,Stillington Forest Park,NZ375239,437500,523900,1910.0,England,8.0,22,2002,2023,UKBMS,54.6088783559921,-1.420937885700365
2928,Tanfield Lea,NZ194543,419400,554300,2490.0,England,12.0,19,2003,2022,UKBMS,54.88308047310126,-1.6991407837579082
2930,Castle Eden Dene NNR - West end,NZ411389,441100,538900,1027.0,England,7.0,20,2004,2023,UKBMS,54.74339035917972,-1.36310077190251
2931,Burn Hill,NZ067444,406700,544400,3400.0,England,15.0,18,2004,2022,UKBMS,54.79444381941257,-1.8973199138978911
2936,Newton Hall Junction,NZ283448,428300,544800,1722.0,England,7.0,17,2005,2023,UKBMS,54.79728983592623,-1.5613469620398808
2937,Havannah LNR,NZ220718,422000,571800,2880.0,England,7.0,18,2006,2023,UKBMS,55.040229345773085,-1.657280584365675
2938,Stargate Ponds and Bewes Hills,NZ164632,416400,563200,2134.0,England,11.0,17,2006,2023,UKBMS,54.96316417042778,-1.7453971233933006
2941,Brass Castle - Waldridge North,NZ257496,425700,549600,1273.0,England,5.0,16,2006,2023,UKBMS,54.840562966732996,-1.6013618293108651
2944,West Park Nature Reserve,NZ268166,426800,516600,1360.0,England,15.0,16,2007,2022,UKBMS,54.54395509262318,-1.587253372067303
2948,Cocklawburn Dunes,NU032480,403200,648000,1450.0,England,5.0,16,2008,2023,UKBMS,55.725402891480314,-1.9506196432713914
2949,Greenabella Marsh,NZ519266,451900,526600,3330.0,England,9.0,5,2010,2023,UKBMS,54.63186921512598,-1.197539738243386
2952,Wynyard Woodland Park - Pickard's Meadow,NZ400273,440000,527300,1445.0,England,3.0,13,2010,2022,UKBMS,54.63924020563698,-1.3817722148006666
2954,Sherburn Railway,NZ323417,432300,541700,1190.0,England,9.0,11,2011,2022,UKBMS,54.76919214131407,-1.4994775508222826
2961,Lane Head Quarry,NY987403,398700,540300,1500.0,England,10.0,10,2013,2023,UKBMS,54.75764044447182,-2.0217224658807504
2965,Bearpark Woods,NZ242433,424200,543300,1600.0,England,8.0,9,2015,2023,UKBMS,54.784024023952945,-1.6252411308330805
2967,Black Plantation,NZ137449,413700,544900,1380.0,England,7.0,9,2014,2023,UKBMS,54.79879630748117,-1.788427385411411
2969,Gosforth Park Nature Reserve,NZ259700,425900,570000,2250.0,England,6.0,10,2014,2023,UKBMS,55.023867789461264,-1.596417753733223
2973,Murton Fields,NZ329707,432900,570700,1855.0,England,5.0,8,2015,2022,UKBMS,55.02974575919417,-1.4868509438927027
2974,Horsleyhope Burn,NZ060467,406000,546700,970.0,England,5.0,9,2015,2023,UKBMS,54.815121315692124,-1.9081601450971482
2977,Hunting Hall Farm,NU028410,402800,641000,1300.0,England,5.0,8,2016,2023,UKBMS,55.66250940038116,-1.9570565145970122
2979,Hardwick Park,NZ341290,434100,529000,1570.0,England,7.0,6,2017,2023,UKBMS,54.654948786671916,-1.4729824096326387
2982,Doxford Farm Walk A,NU186232,418600,623200,1550.0,England,7.0,6,2018,2023,UKBMS,55.502229060384074,-1.7071065809118477
2983,Doxford Farm Walk B,NU190236,419000,623600,1960.0,England,5.0,6,2018,2023,UKBMS,55.505807881965666,-1.700747204653441
2984,Tughall Mill,NU223275,422300,627500,2673.0,England,7.0,3,2018,2022,UKBMS,55.54071152920869,-1.6481902143901068
2985,East Park - Hardwick Park,NZ350295,435000,529500,1497.0,England,5.0,5,2018,2023,UKBMS,54.65938046437904,-1.4589738179094214
2986,"Phoenix Site, Billingham",NZ463218,446300,521800,960.0,England,9.0,4,2020,2023,UKBMS,54.589279746045115,-1.2850368506321905
2987,Marsden Old Hall Quarry LNR,NZ396645,439600,564500,1497.0,England,9.0,4,2020,2023,UKBMS,54.97354809744252,-1.3828985829141975
2988,Embleton Quarry,NU231228,423100,622800,1350.0,England,8.0,3,2021,2023,UKBMS,55.498444054781444,-1.6359034912746373
2989,Castle Eden Dene NNR - Bellister Park,NZ427393,442700,539300,1393.0,England,7.0,3,2021,2023,UKBMS,54.74685172970536,-1.338190634929864
2990,Teesmouth,NZ534273,453400,527300,1783.0,England,5.0,3,2021,2023,UKBMS,54.638003124255285,-1.17417864464408
2991,Weetslade Country Park 2,NZ253726,425300,572600,2836.0,England,7.0,3,2021,2023,UKBMS,55.04726183654919,-1.6055731595642366
2992,Cassop NNR,NZ325385,432500,538500,1610.0,England,14.0,2,2021,2022,UKBMS,54.74042353125718,-1.4967256567504656
2993,Denemouth NNR,NZ454405,445400,540500,897.0,England,6.0,2,2021,2022,UKBMS,54.75739872356952,-1.2960634311460555
2994,Denemouth South Bank,NZ456406,445600,540600,379.0,England,6.0,2,2021,2022,UKBMS,54.758279239551584,-1.2929402910282868
3001,Cwm Clydach,SN677036,267700,203600,3000.0,Wales,15.0,10,2002,2023,UKBMS,51.715480024954104,-3.916460899591648
3004,Trawscoed,SH846326,284600,332600,1831.0,Wales,8.0,23,2001,2023,UKBMS,52.8784480574959,-3.7162064242891644
3005,Rushmoor garden to Landshipping Quay,SN018111,201800,211100,2750.0,Wales,10.0,23,2001,2023,UKBMS,51.763410367881,-4.873568398613053
3009,Somerton,SM931005,193100,200500,2420.0,Wales,12.0,21,2002,2023,UKBMS,51.665087013068515,-4.99316471497426
3025,Morfa Dyffryn (Benar dunes),SH574224,257400,322400,1600.0,Wales,5.0,20,2004,2023,UKBMS,52.78029222038439,-4.115647955047759
3034,Newport Wetlands,ST334834,333400,183400,3804.0,Wales,6.0,30,1990,2023,UKBMS,51.54554662874084,-2.9618113559357924
3037,Ramsey Island,SM705236,170500,223600,1700.0,Wales,11.0,16,2007,2023,UKBMS,51.86365391693578,-5.3346550375219275
3040,Rhydymwym Valley Nature Reserve,SJ208660,320800,366000,1800.0,Wales,7.0,17,2005,2023,UKBMS,53.18517555715909,-3.1866676404789325
3046,"Stackpole Warren, Stackpole NNR",SR982945,198200,194500,3620.0,Wales,10.0,17,2007,2023,UKBMS,51.613064814929174,-4.91606237185634
3053,Cors Fochno,SN630910,263000,291000,1857.0,Wales,5.0,21,2001,2023,UKBMS,52.49964303759324,-4.019637708643061
3055,Marford Quarry,SJ357560,335700,356000,1000.0,Wales,14.0,12,2012,2023,UKBMS,53.09731133131907,-2.9617204857941615
3061,Mynydd Marian,SH891774,289100,377400,2090.0,Wales,11.0,17,2005,2023,UKBMS,53.28193585615894,-3.66483474962955
3071,Brechfa Forest,SN503303,250300,230300,800.0,Wales,4.0,11,2013,2023,UKBMS,51.95098877822521,-4.179701530951635
3072,Llanymynech SSSI,SJ267218,326700,321800,3900.0,Wales,7.0,10,2013,2022,UKBMS,52.78877287210806,-3.0883593719669067
3073,Silent Valley,SO188064,318800,206400,2635.0,Wales,15.0,10,2014,2023,UKBMS,51.750386664774794,-3.1776567966999796
3075,Roundton Hill,SO293949,329300,294900,2674.0,Wales,7.0,9,2015,2023,UKBMS,52.54733855787429,-3.0440324162701504
3077,Welshmoor,SS520927,252000,192700,1650.0,Wales,5.0,9,2014,2023,UKBMS,51.613618955809606,-4.138939261869888
3079,Lake Vyrnwy Quarry Transect,SJ020208,302000,320800,1920.0,Wales,9.0,3,2015,2023,UKBMS,52.77586178470826,-3.4542076849726353
3080,Aberduna Nature Reserve,SJ199613,319900,361300,1000.0,Wales,12.0,8,2015,2023,UKBMS,53.14280200679243,-3.198954634305173
3081,Shirenewton,ST485943,348500,194300,1500.0,Wales,8.0,5,2015,2022,UKBMS,51.645126897105946,-2.745685348761488
3083,Magor Marsh Nature Reserve,ST425866,342500,186600,1700.0,Wales,5.0,8,2015,2023,UKBMS,51.57531847796231,-2.8311236006809026
3085,Great Traston Meadows,ST343846,334300,184600,1770.0,Wales,4.0,9,2015,2023,UKBMS,51.55644049364886,-2.9490592032650174
3086,Gwenffrwd Dinas,SN752458,275200,245800,1700.0,Wales,14.0,4,2015,2022,UKBMS,52.09642294887219,-3.823254982554642
3087,WWT Llanelli Millennium Wetlands,SS535983,253500,198300,3700.0,Wales,10.0,8,2016,2023,UKBMS,51.66432810859107,-4.1196368071333564
3088,Blackrock Quarry,SO219128,321900,212800,400.0,Wales,7.0,8,2016,2023,UKBMS,51.808359393115715,-3.134202199933395
3089,Central Valley,SO172081,317200,208100,1900.0,Wales,7.0,8,2016,2023,UKBMS,51.76543359008594,-3.2012343563349015
3090,Borras Quarry,SJ362527,336200,352700,7000.0,Wales,8.0,3,2016,2023,UKBMS,53.06771172663789,-2.9535986141144566
3091,Sychpant,SN044352,204400,235200,1470.0,Wales,7.0,8,2016,2023,UKBMS,51.9807384182098,-4.8495991689507765
3092,Gogarth,SH760831,276000,383100,591.0,Wales,3.0,3,2016,2023,UKBMS,53.33024005032148,-3.8634414879393293
3093,Rhiwledyn,SH813821,281300,382100,1003.0,Wales,7.0,8,2016,2023,UKBMS,53.32247195563763,-3.7835252364601835
3094,Bryn Pydew,SH818798,281800,379800,700.0,Wales,4.0,8,2016,2023,UKBMS,53.30191987154085,-3.7751647603489236
3098,Loggerheads Country Park,SJ198627,319800,362700,923.0,Wales,7.0,6,2017,2023,UKBMS,53.155368691020314,-3.2008003321457563
3099,Marloes Mere,SM772079,177200,207900,2711.0,Wales,8.0,6,2017,2023,UKBMS,51.725436132717505,-5.227426645158018
3101,Minsmere,TM469672,646900,267200,3250.0,England,15.0,33,1988,2023,UKBMS,52.247544373380215,1.6155305492065397
3106,Elveden Center Parcs,TL800806,580000,280600,4690.0,England,11.0,25,1996,2023,UKBMS,52.3938215694172,0.6439859735011713
3109,Upper Abbey Farm,TM456648,645600,264800,1000.0,England,11.0,19,2004,2022,UKBMS,52.2265912557894,1.5947846956009464
3110,Wolves Wood,TM053440,605300,244000,1580.0,England,8.0,20,2004,2023,UKBMS,52.05633313985174,0.9930982463275873
3111,Newsons Farm,TL933549,593300,254900,725.0,England,5.0,19,2005,2023,UKBMS,52.15852367541883,0.8244841521253212
3114,Alton Water,TM148357,614800,235700,1565.0,England,5.0,18,2006,2023,UKBMS,51.97822406780762,1.126244224236101
3115,Ramsey & Hintlesham Wood,TM067432,606700,243200,730.0,England,5.0,18,2006,2023,UKBMS,52.04863058579178,1.013004675691844
3116,"Manor Farm, Coddenham",TM131543,613100,254300,1600.0,England,11.0,19,2005,2023,UKBMS,52.145857116040965,1.113128023845763
3119,Blaxhall Common Silver-studded Blue,TM379567,637900,256700,930.0,England,8.0,16,2008,2023,UKBMS,52.15728042480189,1.4765849721529796
3120,Newsons Farm extension,TL931550,593100,255000,250.0,England,1.0,29,1995,2023,UKBMS,52.159491557856036,0.8216209643989956
3122,Dunwich Forest 1,TM460722,646000,272200,3100.0,England,9.0,14,2010,2023,UKBMS,52.292809452091255,1.6060171162235566
3124,Nowton Country Park,TL867616,586700,261600,2265.0,England,9.0,12,2010,2023,UKBMS,52.220960445515544,0.7318053288079951
3125,Black Heath,TM427749,642700,274900,1000.0,England,1.0,14,2010,2023,UKBMS,52.318502491637155,1.5596712988102466
3127,Knettishall Heath 1,TL951804,595100,280400,321.0,England,14.0,8,2014,2023,UKBMS,52.38685769667026,0.8655006335066778
3128,Purdis Heath,TM212425,621200,242500,1370.0,England,8.0,10,2013,2023,UKBMS,52.036755465463955,1.223663289597483
3129,Sizewell Belts,TM461635,646100,263500,2730.0,England,11.0,10,2013,2022,UKBMS,52.21470390657018,1.6011455471767047
3132,Lackford Lakes,TL800706,580000,270600,1391.0,England,7.0,8,2016,2023,UKBMS,52.30401557187693,0.638630181985491
3133,Church Farm (SWT),TM423743,642300,274300,1800.0,England,11.0,7,2017,2023,UKBMS,52.31329529120466,1.5533827095741346
3134,Reydon Wood (SWT),TM475789,647500,278900,1608.0,England,7.0,7,2017,2023,UKBMS,52.352249800989945,1.6328920334504555
3135,"Lark Path, Bury St Edmunds",TL861636,586100,263600,2013.0,England,6.0,7,2017,2023,UKBMS,52.23912365366752,0.7241320866213111
3136,Little Ouse headwaters,TM020787,602000,278700,2134.0,England,6.0,6,2018,2023,UKBMS,52.36909540540473,0.9657252774676517
3137,Lakenheath Fen (RSPB),TL718862,571800,286200,1560.0,England,6.0,5,2018,2023,UKBMS,52.446749454755526,0.5264775046657444
3139,Blaxhall Common (SSB)(SWT2),TM381561,638100,256100,555.0,England,4.0,5,2019,2023,UKBMS,52.151809966527715,1.479082809064191
3141,Darsham Marshes (SWT),TM421687,642100,268700,1533.0,England,6.0,4,2020,2023,UKBMS,52.26313463285427,1.5464351284703348
3142,Hen Reed Beds,TM470771,647000,277100,,England,5.0,2,2022,2023,UKBMS,52.33632517976251,1.6242434932246979
3211,"Countryside Restoration Land, Barton",TL415550,541500,255000,1000.0,England,7.0,25,1999,2023,UKBMS,52.17511901452072,0.06788050842375633
3212,Westfield Farm (Countryside Restoration Trust),TL378549,537800,254900,2850.0,England,9.0,22,2002,2023,UKBMS,52.175156121497224,0.01376776167789455
3215,"Devil's Dyke, near Newmarket",TL612620,561200,262000,1150.0,England,3.0,20,2003,2023,UKBMS,52.23260007801187,0.35905445342120196
3220,Abbotts Hall Farm,TL963146,596300,214600,2250.0,England,10.0,22,2002,2023,UKBMS,51.79559032146031,0.8452501238450423
3226,Hatfield Forest,TL535195,553500,219500,2265.0,England,13.0,16,2008,2023,UKBMS,51.8529883421767,0.22733062245445082
3232,Cambourne,TL318597,531800,259700,900.0,England,8.0,18,2005,2023,UKBMS,52.219750044367615,-0.07205558093920202
3234,Hardwick Wood,TL353572,535300,257200,1555.0,England,11.0,18,2005,2023,UKBMS,52.196439848805205,-0.021851343692331892
3235,Hadleigh Great Wood and Dodd's Grove SSSI,TQ820876,582000,187600,2630.0,England,10.0,16,2005,2023,UKBMS,51.55791677766593,0.624062157462034
3237,Fleam Dyke,TL541549,554100,254900,2250.0,England,8.0,17,2007,2023,UKBMS,52.17084882253187,0.2519498435904107
3238,Abbotts Hall Farm 2,TL958144,595800,214400,1560.0,England,7.0,18,2006,2023,UKBMS,51.79396944047224,0.837896142521349
3243,Roman Road,TL527520,552700,252000,3225.0,England,8.0,17,2007,2023,UKBMS,52.14518510758814,0.23019193064073568
3244,Hatfield Forest 5320,TL535200,553500,220000,2815.0,England,13.0,16,2008,2023,UKBMS,51.857480400914426,0.22755249754982504
3245,Hatfield Forest TR5420,TL545205,554500,220500,1630.0,England,11.0,9,2008,2023,UKBMS,51.86169670793446,0.24228480934471394
3250,Great Warley,TQ574910,557400,191000,2020.0,England,15.0,15,2009,2023,UKBMS,51.59585885587627,0.2710384255180336
3251,Orwell Clunch Pit,TL363506,536300,250600,1050.0,England,11.0,14,2008,2023,UKBMS,52.13689275170855,-0.009877947950780659
3252,"Ramsey Island, Essex",TL942060,594200,206000,1755.0,England,15.0,15,2009,2023,UKBMS,51.7190928480165,0.810035639575446
3253,Fairmead,TQ404959,540400,195900,3640.0,England,15.0,14,2009,2023,UKBMS,51.64437849131558,0.02774122203954255
3254,Fernhills,TQ392973,539200,197300,2880.0,England,14.0,15,2009,2023,UKBMS,51.65725651180224,0.01096642844223123
3255,Woodford Golf Course,TQ399938,539900,193800,3050.0,England,13.0,14,2009,2023,UKBMS,51.6256330986204,0.019681276600476912
3256,Lee Valley Waterworks,TQ361867,536100,186700,1625.0,England,9.0,16,2008,2023,UKBMS,51.56276331929412,-0.03793203404474415
3257,Wicken Fen Plantation,TL560710,556000,271000,905.0,England,8.0,14,2010,2023,UKBMS,52.31494462592982,0.2871359490527164
3258,Benfleet Downs,TQ783857,578300,185700,1610.0,England,8.0,14,2010,2023,UKBMS,51.54203106236383,0.5697836388525844
3260,Hockley Woods,TQ837917,583700,191700,1950.0,England,12.0,12,2011,2022,UKBMS,51.59419124812301,0.6507000615344756
3261,Cornmill Tree Park,TL380015,538000,201500,1800.0,England,6.0,18,2005,2023,UKBMS,51.69529225134476,-0.004711973171008508
3262,Gunpowder Park,TQ385994,538500,199400,3780.0,England,10.0,20,2004,2023,UKBMS,51.67629928080334,0.0016850918979940946
3263,Langdon Hillcrest,TQ663875,566300,187500,1270.0,England,14.0,12,2011,2023,UKBMS,51.56186192265231,0.3977566817587569
3264,Langdon Lake & Meadows,TQ662878,566200,187800,920.0,England,13.0,12,2011,2023,UKBMS,51.56458642369727,0.39645710247373867
3265,Willow Park,TQ688872,568800,187200,3400.0,England,15.0,13,2011,2023,UKBMS,51.558424893570105,0.43364462514165003
3266,Hatfield Forest 5318,TL534187,553400,218700,2965.0,England,12.0,13,2011,2023,UKBMS,51.8458285001389,0.22552521119210245
3268,Woodwalton Marsh,TL212813,521200,281300,,England,1.0,12,2012,2023,UKBMS,52.41627678994988,-0.21936571612614764
3271,Belfairs Park Woodland,TQ829876,582900,187600,2000.0,England,8.0,10,2013,2023,UKBMS,51.55762591692585,0.6370304243362777
3272,Lee Valley - Walthamstow Marshes,TQ352875,535200,187500,3140.0,England,7.0,11,2013,2023,UKBMS,51.570168513360215,-0.05060039829789706
3273,Hinchingbrooke Country Park,TL218716,521800,271600,2135.0,England,9.0,10,2013,2023,UKBMS,52.3289819461227,-0.214067959716104
3274,Belfairs Park Golf Course,TQ832872,583200,187200,2480.0,England,7.0,9,2014,2023,UKBMS,51.55393591814865,0.6411449199501521
3280,Canvey Wick SSSI,TQ766833,576600,183300,2500.0,England,7.0,6,2015,2023,UKBMS,51.521007016343695,0.5440923217065073
3281,Church Lane LNR,TL495046,549500,204600,990.0,England,7.0,9,2015,2023,UKBMS,51.72020268433918,0.16288419716808278
3282,Pheasanthouse Farm EssexWT,TL786069,578600,206900,1750.0,England,8.0,9,2015,2023,UKBMS,51.732357526973324,0.5849139795638439
3284,Bobbingworth NR,TL536064,553600,206400,1515.0,England,7.0,9,2015,2023,UKBMS,51.735267562074064,0.22298503843553563
3285,RSPB Fen Drayton Lakes,TL342699,534200,269900,1830.0,England,6.0,7,2015,2023,UKBMS,52.3108181375525,-0.03289263252902227
3287,Stebbing Green and adjacent meadow,TL683233,568300,223300,979.0,England,8.0,9,2015,2023,UKBMS,51.88286038057921,0.4438671142841792
3290,Chafford Gorges Nature Park Grays Gorge,TQ605789,560500,178900,1476.0,England,8.0,7,2016,2023,UKBMS,51.48627765813352,0.3102421037879698
3291,LBCP - Woodland and Lakes,TQ581826,558100,182600,1334.0,England,8.0,7,2016,2023,UKBMS,51.52019525604255,0.27736219720466865
3292,LBCP - East and North Field,TQ583827,558300,182700,1960.0,England,6.0,7,2016,2023,UKBMS,51.52103771852534,0.2802873045391163
3293,Phyllis Currie Reserve,TL721181,572100,218100,2420.0,England,1.0,8,2016,2023,UKBMS,51.83499314777666,0.496434545751401
3296,EWT Roding Valley Meadows,TQ434951,543400,195100,3512.0,England,12.0,5,2017,2023,UKBMS,51.636433876259495,0.07074117355685496
3301,Mousehold Heath,TG244103,624400,310300,2000.0,England,11.0,20,2003,2023,UKBMS,52.64399744815543,1.315484594877332
3303,Blakeney Point,TF999461,599900,346100,2700.0,England,10.0,14,2008,2023,UKBMS,52.97496182267305,0.9757842755594557
3305,Winterton Dunes,TG491208,649100,320800,2170.0,England,8.0,16,2008,2023,UKBMS,52.72742736132862,1.6877385756622
3306,Strumpshaw Fen TG341065,TG340065,634000,306500,1904.0,England,8.0,16,2008,2023,UKBMS,52.60584705408065,1.4544210044017947
3313,Swanton Novers Great Wood 1,TG015310,601500,331000,2240.0,England,6.0,26,1992,2023,UKBMS,52.838810390022275,0.9902228594525447
3314,Marston Marshes,TG212055,621200,305500,2460.0,England,9.0,15,2009,2023,UKBMS,52.60222982183778,1.2650582469077705
3315,Dersingham Bog,TF675290,567500,329000,2841.0,England,9.0,12,2012,2023,UKBMS,52.832484157789324,0.484970256052022
3316,Scolt Head Island,TF800465,580000,346500,3503.0,England,8.0,15,2009,2023,UKBMS,52.985598955693746,0.6799973712209563
3318,Tomas's pightle,TG358082,635800,308200,373.0,England,5.0,15,2009,2023,UKBMS,52.62032387908204,1.482162659402232
3319,Swanton Novers Great Wood 2,TG015315,601500,331500,1375.0,England,4.0,21,1998,2023,UKBMS,52.84329896809128,0.9905314491955166
3320,Swanton Novers Great Wood 3,TG006317,600600,331700,1100.0,England,4.0,21,1998,2023,UKBMS,52.84543003725715,0.9773104173489242
3321,Strumpshaw Fen Swallowtail,TG339070,633900,307000,1300.0,England,8.0,14,2010,2023,UKBMS,52.61037678960506,1.4533003657068382
3322,Wheatfen Broad,TG326060,632600,306000,2680.0,England,4.0,14,2010,2023,UKBMS,52.60196088833472,1.4334341979551255
3323,Sutton Fen,TG370233,637000,323300,2733.0,England,13.0,14,2010,2023,UKBMS,52.75529135683404,1.510716918367114
3326,Buxton Heath,TG175221,617500,322100,1690.0,England,12.0,14,2010,2023,UKBMS,52.75271524687918,1.2214666406330963
3328,Pensthorpe,TF950287,595000,328700,3690.0,England,10.0,8,2011,2023,UKBMS,52.820550944579786,0.892481065196454
3331,"Gaywood Valley, Kings Lynn",TF654216,565400,321600,2405.0,England,5.0,9,2011,2022,UKBMS,52.76667111445229,0.45008896371123147
3335,Mousehold Heath East,TG249102,624900,310200,1990.0,England,9.0,12,2012,2023,UKBMS,52.642893144906736,1.3227936430704905
3336,Ludham Marshes,TG409178,640900,317800,1700.0,England,9.0,12,2012,2023,UKBMS,52.70422161911966,1.5643595704098228
3337,Dersingham Village Railway Line,TF681320,568100,332000,1880.0,England,6.0,12,2012,2023,UKBMS,52.85924011402127,0.4954126713376286
3339,Catfield Fen,TG366214,636600,321400,1450.0,England,7.0,12,2012,2023,UKBMS,52.73841829393792,1.5034321063240925
3340,Barnham Cross Common,TL864811,586400,281100,2040.0,England,8.0,11,2012,2023,UKBMS,52.39617171508273,0.7382085319620674
3342,Sculthorpe 2,TF902299,590200,329900,1160.0,England,5.0,10,2013,2023,UKBMS,52.83303853828741,0.8220398993441919
3343,Sculthorpe Moor 3,TF899301,589900,330100,1592.0,England,8.0,10,2014,2023,UKBMS,52.83493995880832,0.8177086145674584
3344,Holt Country Park,TG082377,608200,337700,1760.0,England,10.0,8,2015,2023,UKBMS,52.896406263852334,1.0938214344461972
3345,Courtyard Farm,TF722403,572200,340300,1800.0,England,7.0,9,2015,2023,UKBMS,52.932482444094525,0.5606380360127234
3346,How Hill New,TG370194,637000,319400,1955.0,England,6.0,9,2015,2023,UKBMS,52.72029785162822,1.507903199416599
3347,Blakeney Friary Hills,TG033441,603300,344100,2634.0,England,7.0,9,2015,2023,UKBMS,52.95573109948602,1.0250915230842994
3348,Felbrigg Hall,TG192395,619200,339500,1040.0,England,6.0,8,2015,2023,UKBMS,52.90819283399245,1.2582878550927932
3349,Foxley Wood,TG055227,605500,322700,2700.0,England,9.0,7,2016,2023,UKBMS,52.762793842127,1.0443083232881547
3350,Redgrave and Lopham Fen,TM053799,605300,279900,2700.0,England,9.0,8,2016,2023,UKBMS,52.37864320470127,1.0148603968958576
3351,Reffley Wood,TF655219,565500,321900,2600.0,England,10.0,8,2016,2023,UKBMS,52.769334897039855,0.4517210838572331
3352,Burgh Doles/Common,TG440126,644000,312600,1200.0,England,3.0,8,2016,2023,UKBMS,52.656181181650744,1.606298050793506
3354,Foulden common,TL762999,576200,299900,1262.0,England,5.0,8,2016,2023,UKBMS,52.56838506037922,0.598398536291378
3356,Lynford Water,TL824946,582400,294600,2000.0,England,10.0,6,2017,2023,UKBMS,52.51874974596237,0.6868624768669211
3358,East Ruston Common,TG345283,634500,328300,1200.0,England,8.0,5,2017,2023,UKBMS,52.80124581626578,1.4773213782763406
3360,Blickling Lakeside,TG175290,617500,329000,2200.0,England,8.0,6,2018,2023,UKBMS,52.81464452059664,1.2260477013644244
3361,Snettisham Coastal Park,TF651342,565100,334200,3734.0,England,5.0,5,2018,2023,UKBMS,52.879926158002085,0.45201175057856163
3362,Blickling Mausoleum,TG169291,616900,329100,1920.0,England,5.0,5,2019,2023,UKBMS,52.8157835125285,1.2172259351566876
3363,Oxburgh Hall 1,TF742012,574200,301200,1900.0,England,10.0,4,2019,2023,UKBMS,52.5807035856709,0.5696037914581589
3364,Oxburgh Hall 2,TF741007,574100,300700,1420.0,England,4.0,4,2019,2023,UKBMS,52.576245196794794,0.5678669672246562
3365,Cley Marshes,TG059441,605900,344100,2280.0,England,3.0,5,2019,2023,UKBMS,52.95474043570064,1.0637378492193106
3366,Abbey Farm,TF742272,574200,327200,2900.0,England,15.0,5,2019,2023,UKBMS,52.81419739481401,0.5833592427429354
3368,Bintree Wood North,TG003219,600300,321900,2600.0,England,5.0,3,2020,2022,UKBMS,52.75756322337901,0.9668638755920889
3369,Marriott's Way,TG191112,619100,311200,2602.0,England,8.0,3,2021,2023,UKBMS,52.654239606212535,1.2378787084659557
3371,Broadland Country Park,TG179172,617900,317200,2737.0,England,10.0,3,2021,2023,UKBMS,52.708575191110825,1.2241346034352674
3372,Sheringham Park,TG139412,613900,341200,2150.0,England,10.0,3,2021,2023,UKBMS,52.92558488960933,1.180724210024184
3373,Cockleycley Wood,TF777051,577700,305100,2886.0,England,8.0,2,2021,2022,UKBMS,52.61459552579291,0.6232948022025085
3374,"Wensum Way, Lenwade",TG086183,608600,318300,2180.0,England,6.0,2,2021,2022,UKBMS,52.72211026457038,1.087386825330237
3375,Buxton 2,TG170219,617000,321900,442.0,England,1.0,3,2021,2023,UKBMS,52.751120987478345,1.2139381429218365
3376,Cranwich 2,TL774942,577400,294200,1647.0,England,7.0,3,2021,2023,UKBMS,52.51680659424643,0.6130414660515737
3377,Oxburgh Hall 3,TF741002,574100,300200,2900.0,England,10.0,3,2021,2023,UKBMS,52.57175480633688,0.5676045103445818
3378,Stoke Holy Cross - Jubilee Meadow,TG238019,623800,301900,308.0,England,4.0,2,2022,2023,UKBMS,52.56885664210744,1.3009531357239947
3379,Middle Harling New,TL983832,598300,283200,2368.0,England,7.0,2,2022,2023,UKBMS,52.410848913440425,0.9141149806234815
3403,Sun Lane Nature Reserve,SE155467,415500,446700,930.0,England,1.0,16,2003,2023,UKBMS,53.91621726531419,-1.7655041328479746
3404,Thorpe Marsh Nature Reserve,SE585095,458500,409500,3550.0,England,12.0,22,2002,2023,UKBMS,53.57884139251215,-1.117927562829004
3405,"Swarth Moor SSSI, Settle",SD807693,380700,469300,1504.0,England,13.0,20,2003,2023,UKBMS,54.11919952182245,-2.296764259629694
3410,"Threshfield, Long Ashes",SD977647,397700,464700,1650.0,England,11.0,15,2004,2023,UKBMS,54.07821781298736,-2.036645747781754
3411,Priory Fields,TA053314,505300,431400,1100.0,England,6.0,17,2007,2023,UKBMS,53.76830990751951,-0.4039045147027495
3412,Lea Green Bastow Wood,SD996652,399600,465200,2950.0,England,9.0,20,2004,2023,UKBMS,54.08271698126512,-2.007607283843594
3413,Ballowfield LNR,SD987899,398700,489900,831.0,England,9.0,14,2007,2023,UKBMS,54.304703054665495,-2.021480429861883
3415,Scar Close NNR,SD750775,375000,477500,2389.0,England,15.0,19,2004,2023,UKBMS,54.19264791218932,-2.384649479043975
3417,Burniston-Cloughton,TA015932,501500,493200,1050.0,England,7.0,5,2007,2022,UKBMS,54.32429276452899,-0.44088673022776337
3420,Broad Heads Farm,SE903882,490300,488200,1805.0,England,7.0,13,2008,2023,UKBMS,54.281471529612354,-0.6145426945575471
3421,Hawnby Hill,SE539917,453900,491700,2481.0,England,11.0,14,2009,2023,UKBMS,54.31804886352298,-1.1729107572120478
3424,Fen Bog,SE855981,485500,498100,1352.0,England,8.0,10,2010,2023,UKBMS,54.37124518074949,-0.6854128023310174
3425,Burton Leonard Lime Quarry,SE324632,432400,463200,674.0,England,9.0,13,2010,2023,UKBMS,54.06373083773149,-1.506466019602916
3428,Pexton Bank,SE854855,485400,485500,900.0,England,6.0,10,2010,2023,UKBMS,54.25805315280547,-0.690550790194427
3429,Bishop Monkton railway Cutting,SE315663,431500,466300,600.0,England,6.0,13,2011,2023,UKBMS,54.0916468119353,-1.5198949927506833
3430,Silpho Quarry,SE962920,496200,492000,1000.0,England,10.0,12,2011,2023,UKBMS,54.314536847967254,-0.5227325408432355
3433,Askham Bog,SE572482,457200,448200,1200.0,England,8.0,9,2011,2023,UKBMS,53.92678123665964,-1.1304076462739172
3434,Staveley East,SE370630,437000,463000,3402.0,England,9.0,13,2011,2023,UKBMS,54.06162470524299,-1.4362123652249483
3435,Staveley West,SE362628,436200,462800,2015.0,England,8.0,13,2011,2023,UKBMS,54.05988391052766,-1.4484578027980062
3439,Malham Tarn NNR,SD890672,389000,467200,3175.0,England,14.0,8,2013,2023,UKBMS,54.10057223962812,-2.1697066540133885
3440,"Low Ox Pasture, Kilnsey",SD970685,397000,468500,1460.0,England,7.0,8,2014,2023,UKBMS,54.11236657100338,-2.0473835591082716
3441,Ingleborough High Brae,SD791738,379100,473800,2459.0,England,12.0,9,2014,2023,UKBMS,54.1595794792651,-2.321555547707019
3444,Flatts Lane Eston Moor,NZ551168,455100,516800,5411.0,England,8.0,9,2015,2023,UKBMS,54.54347013841715,-1.149810061481916
3450,Ellerburn new,SE853849,485300,484900,925.0,England,7.0,9,2015,2023,UKBMS,54.25267885469416,-0.6922559862766886
3451,Brae Pasture,SD791740,379100,474000,1193.0,England,8.0,8,2015,2022,UKBMS,54.161376932734875,-2.321569493870911
3454,Grass Wood,SD986656,398600,465600,1800.0,England,10.0,9,2015,2023,UKBMS,54.086310019699084,-2.022894786888192
3455,Leyburn Old Glebe,SE101897,410100,489700,1200.0,England,8.0,8,2015,2023,UKBMS,54.30280998973615,-1.8462964543208926
3458,Southerscales,SD743762,374300,476200,2210.0,England,8.0,9,2015,2023,UKBMS,54.18092985747025,-2.3952659152230242
3459,Barlow Common,SE630286,463000,428600,2920.0,England,9.0,8,2016,2023,UKBMS,53.74997130243239,-1.0461050028309564
3460,Wheldrake Ings,SE701441,470100,444100,2550.0,England,7.0,8,2016,2023,UKBMS,53.88835527511208,-0.9349295949767616
3461,Kiplingcotes Chalk Pit,SE914434,491400,443400,1610.0,England,8.0,6,2016,2023,UKBMS,53.87875445656155,-0.6111561628129488
3462,Upper Dunsforth Carrs,SE442628,444200,462800,1540.0,England,7.0,8,2016,2023,UKBMS,54.05926174032032,-1.3262487501234697
3463,Whitcliffe,NZ137024,413700,502400,3000.0,England,9.0,8,2016,2023,UKBMS,54.4168624772874,-1.7903963733219197
3464,Wooldale,SE150087,415000,408700,3000.0,England,10.0,8,2016,2023,UKBMS,53.57468921759858,-1.7749467281379145
3465,Green Hammerton,SE470570,447000,457000,3590.0,England,10.0,7,2017,2023,UKBMS,54.006890636667165,-1.2843720820146434
3466,Widdop,SD965311,396500,431100,2750.0,England,6.0,7,2017,2023,UKBMS,53.776222184217715,-2.054588992768125
3467,Hollin Hall,SD987295,398700,429500,2040.0,England,5.0,7,2017,2023,UKBMS,53.761852011424494,-2.0211990344381516
3468,Roundhay-Shadwell,SE336396,433600,439600,1170.0,England,6.0,7,2017,2023,UKBMS,53.851552623549836,-1.490722610286891
3470,Strensall Common and World's End,SE660603,466000,460300,3160.0,England,9.0,7,2017,2023,UKBMS,54.034470793818535,-0.9938002563021768
3472,Calley Heath,SE751496,475100,449600,1200.0,England,4.0,6,2018,2023,UKBMS,53.937079505373795,-0.8575238403877988
3477,Three Hagges Woodmeadow,SE626396,462600,439600,2900.0,England,9.0,5,2019,2023,UKBMS,53.84887331970993,-1.0499386611289592
3478,Ripon City Wetlands,SE332688,433200,468800,1355.0,England,6.0,5,2019,2023,UKBMS,54.114008230143305,-1.4936315610304751
3479,East Riddlesden Hall,SE082416,408200,441600,1310.0,England,7.0,4,2019,2023,UKBMS,53.870544876580695,-1.8767782381330682
3480,"Langrickgate, East Cottingwith",SE719425,471900,442500,2200.0,England,4.0,5,2019,2023,UKBMS,53.87373135996513,-0.9079231171611905
3482,Sutherland Beck,SE772905,477200,490500,1760.0,England,10.0,5,2019,2023,UKBMS,54.30428066180018,-0.8151069098151691
3483,Maze Park,NZ468191,446800,519100,1800.0,England,10.0,5,2019,2023,UKBMS,54.56497142871873,-1.2777292202920516
3485,Main Bay Heath,SE453276,445300,427600,1400.0,England,11.0,5,2019,2023,UKBMS,53.74281874016043,-1.3146406143798366
3486,Bishop Wood,SE554336,455400,433600,4260.0,England,8.0,5,2019,2023,UKBMS,53.795767888383075,-1.160446029610342
3487,Foxglove Covert,SE160973,416000,497300,3600.0,England,11.0,3,2019,2023,UKBMS,54.37096227530685,-1.75522739434121
3488,Lin Dyke Link,SE443269,444300,426900,3250.0,England,10.0,5,2019,2023,UKBMS,53.736613241404996,-1.3299015005694725
3489,Riverbank Trail,SE461275,446100,427500,3000.0,England,14.0,4,2019,2023,UKBMS,53.74185006154429,-1.3025268768787825
3490,Bolton Percy Station,SE528417,452800,441700,480.0,England,5.0,5,2019,2023,UKBMS,53.8688325056076,-1.1985245227903822
3491,"Forest of Flowers, Home Farm, Huby",SE543657,454300,465700,3020.0,England,8.0,4,2020,2023,UKBMS,54.08436009632087,-1.1714486046373291
3492,Brockadale,SE507174,450700,417400,2988.0,England,10.0,3,2021,2023,UKBMS,53.650652320228176,-1.2344381310363397
3493,Rodley Nature Reserve,SE235363,423500,436300,1680.0,England,13.0,3,2021,2023,UKBMS,53.82244613903552,-1.6445020110956745
3494,Meanwood Park Trail,SE278378,427800,437800,1859.0,England,7.0,3,2021,2023,UKBMS,53.835716439854885,-1.5790489671826489
3495,Sprotborough Flash,SE533012,453300,401200,1625.0,England,8.0,3,2021,2023,UKBMS,53.50479852102686,-1.1978669778224704
3496,Allerthorpe Common,SE760477,476000,447700,2867.0,England,7.0,3,2021,2023,UKBMS,53.919875113183394,-0.8442893305540653
3497,Fordon Chalk Bank SSSI,TA057751,505700,475100,1718.0,England,13.0,3,2021,2023,UKBMS,54.1608365795807,-0.3827100264138563
3498,Wharram Quarry,SE859653,485900,465300,832.0,England,11.0,3,2021,2023,UKBMS,54.07647189527272,-0.6886296779496126
3499,Nosterfield Quarry,SE277808,427700,480800,3052.0,England,6.0,2,2021,2023,UKBMS,54.22217841456899,-1.5766637874773144
3501,Ecos Park,D119035,126901,560746,2040.0,Northern Ireland,14.0,12,2005,2023,UKBMS,54.86670882799004,-6.257900915251948
3502,Lagan Meadows,J336704,145699,525904,2148.0,Northern Ireland,10.0,14,2005,2023,UKBMS,54.56425039563559,-5.935311580081638
3504,Slievenacloy,J245712,136698,527477,1705.0,Northern Ireland,11.0,17,2006,2023,UKBMS,54.57374784316827,-6.075573364741929
3511,Banagher Glen,C672045,82425,565572,1230.0,Northern Ireland,11.0,17,2006,2023,UKBMS,54.88368542897928,-6.953710983800455
3523,Minnowburn,J325685,144441,524104,2817.0,Northern Ireland,6.0,14,2006,2023,UKBMS,54.547478897348,-5.953156812897116
3538,Belvoir Park Forest,J335695,145523,525016,2500.0,Northern Ireland,5.0,14,2007,2023,UKBMS,54.55620048426432,-5.937258698246315
3539,Crom Estate,H355239,43933,487893,3140.0,Northern Ireland,5.0,14,2007,2023,UKBMS,54.16291565012328,-7.457277871360542
3541,Craigavon Lakes,J052579,116328,515866,2710.0,Northern Ireland,11.0,15,2009,2023,UKBMS,54.458697045239326,-6.378605164370122
3544,Portstewart Strand,C795362,97409,596121,2500.0,Northern Ireland,12.0,14,2009,2023,UKBMS,55.16655265211689,-6.753302058556196
3546,Oxford Island (new),J048614,116228,519389,2070.0,Northern Ireland,14.0,15,2009,2023,UKBMS,54.49020955778869,-6.38352379000464
3548,Whitepark Bay,D014437,119885,601715,2667.0,Northern Ireland,14.0,10,2010,2023,UKBMS,55.22990290760539,-6.407100435372113
3551,Shaw's Bridge (Lagan Valley Regional Park),J326692,144600,524794,2149.0,Northern Ireland,5.0,8,2010,2023,UKBMS,54.55374528150363,-5.9513035269789265
3553,Garry Bog NR,C935302,110850,588937,1520.0,Northern Ireland,5.0,13,2011,2023,UKBMS,55.11023493930313,-6.535668207246925
3554,Magilligan Point NR,C661389,84282,599966,1450.0,Northern Ireland,7.0,11,2011,2023,UKBMS,55.192777772496484,-6.962885068937543
3555,Breen Oakwood,D121336,129681,590728,2390.0,Northern Ireland,8.0,18,2006,2023,UKBMS,55.1369067711364,-6.2430197572702735
3556,Killykeeghan & Crossmurrin Nature Reserve,H107341,20059,500178,2890.0,Northern Ireland,8.0,12,2011,2023,UKBMS,54.25566241988244,-7.836575720872472
3557,Giant's Causeway,C946443,113159,602898,1650.0,Northern Ireland,12.0,13,2011,2023,UKBMS,55.23663944378493,-6.513725060485205
3558,Cave Hill,J322788,145020,534394,4000.0,Northern Ireland,12.0,11,2013,2023,UKBMS,54.64002483809507,-5.95316649411923
3559,Murlough (single-species),J401341,149087,489177,4414.0,Northern Ireland,3.0,10,2014,2023,UKBMS,54.236626816106174,-5.852007495390498
3560,Portmore Lough,J105689,122549,526379,1200.0,Northern Ireland,8.0,6,2016,2023,UKBMS,54.55634706392413,-6.292799702144348
3561,Portmore Lough (Brannigans),J102678,122156,525308,917.0,Northern Ireland,7.0,5,2016,2023,UKBMS,54.546533730762995,-6.297848163870706
3565,Killard Nature Reserve (2018),J608433,170494,496586,2700.0,Northern Ireland,11.0,6,2018,2023,UKBMS,54.31313034214015,-5.529899127860178
3566,Mount Stewart - National Trust ? 01 ? South Fields,J561694,168033,522989,1440.0,Northern Ireland,5.0,6,2018,2023,UKBMS,54.54883924564322,-5.588314952256027
3567,Mount Stewart - National Trust - 02 - Ploughmans Hill,J550702,167005,523880,1600.0,Northern Ireland,6.0,6,2018,2023,UKBMS,54.556358563269065,-5.604881215795947
3568,Castle Ward (Temple Water),J573498,167560,503359,2100.0,Northern Ireland,9.0,4,2018,2023,UKBMS,54.372554381089294,-5.580191825427254
3571,Belvoir Top,J342694,146212,524856,1200.0,Northern Ireland,7.0,5,2019,2023,UKBMS,54.555111901770765,-5.926492392030624
3572,Crawfordsburn Country Park,J465821,159552,536462,3595.0,Northern Ireland,13.0,5,2019,2023,UKBMS,54.66570485037267,-5.7301975485015815
3573,Bog Meadows,J315726,143794,528276,1867.0,Northern Ireland,10.0,3,2019,2023,UKBMS,54.58455504594998,-5.966770091988368
3574,"Springhill House, National Trust",H867828,100010,542267,2000.0,Northern Ireland,8.0,5,2019,2023,UKBMS,54.68580744505156,-6.656440705728327
3575,Brackfield Wood,C504102,66161,572696,1800.0,Northern Ireland,10.0,4,2019,2023,UKBMS,54.93685336773824,-7.214446490018183
3576,Derrymore,J055279,114075,485936,2075.0,Northern Ireland,6.0,3,2020,2022,UKBMS,54.18924142432913,-6.384583234432077
3577,O'Neills Farm margins,J154837,128696,540712,1220.0,Northern Ireland,8.0,3,2021,2023,UKBMS,54.688138572991356,-6.211283005423091
3578,"Mullenakill, Peatlands Park",H893611,100750,520412,966.0,Northern Ireland,8.0,3,2021,2023,UKBMS,54.49048420225551,-6.6227314630465335
3579,Burntollet Wood,C507108,66512,573268,1721.0,Northern Ireland,12.0,2,2022,2023,UKBMS,54.94220677953173,-7.209654409967282
3580,Orlock Coastal Path,J564832,169509,536713,2194.0,Northern Ireland,6.0,2,2022,2023,UKBMS,54.67260769197909,-5.576331519192254
3581,Killeter Bog,H085821,21960,548256,1577.0,Northern Ireland,6.0,2,2022,2023,UKBMS,54.68690025779636,-7.868963149970568
3602,Ravensgate Hill,SO980186,398000,218600,585.0,England,4.0,19,2005,2023,UKBMS,51.86597490924065,-2.0304509675038034
3603,West Malvern,SO765458,376500,245800,2860.0,England,13.0,18,2006,2023,UKBMS,52.11002208417351,-2.3445602165068227
3604,"Coombe Hill, Wotton-u-Edge, code 3604",ST764941,376400,194100,2020.0,England,11.0,18,2006,2023,UKBMS,51.645197611453845,-2.3424678971143833
3606,Old Hills Revised,SO826488,382600,248800,1960.0,England,10.0,14,2006,2023,UKBMS,52.13722016155888,-2.2556439247677083
3607,Gorsty Knoll,SO588088,358800,208800,2100.0,England,15.0,14,2007,2022,UKBMS,51.776342440397976,-2.59855656505946
3608,Lord's Wood,SO552151,355200,215100,2750.0,England,10.0,10,2006,2022,UKBMS,51.832704712803185,-2.6515479827803645
3609,Masts Reserve,SO993246,399300,224600,1480.0,England,12.0,17,2007,2023,UKBMS,51.919923472065456,-2.0115855503685602
3610,Haugh Woods North 2007,SO590370,359000,237000,3036.0,England,14.0,17,2007,2023,UKBMS,52.02988513059941,-2.599022230158017
3612,Merbach Common,SO306447,330600,244700,2847.0,England,12.0,16,2008,2023,UKBMS,52.096269622441945,-3.014488740565025
3613,Bury Ditches,SO334839,333400,283900,3180.0,England,8.0,16,2007,2023,UKBMS,52.44898173618188,-2.9813756635346937
3619,Prees Heath Common Reserve,SJ560370,356000,337000,3631.0,England,12.0,15,2009,2023,UKBMS,52.92859276195037,-2.6559875399250323
3620,Trench Wood2,SO926587,392600,258700,2318.0,England,7.0,14,2009,2023,UKBMS,52.226451620303784,-2.109755564709648
3621,Tiddesley Wood,SO927453,392700,245300,1958.0,England,6.0,13,2009,2022,UKBMS,52.105981314709716,-2.1079987954000896
3622,Wrens Nest National Nature Reserve,SO937914,393700,291400,1830.0,England,11.0,18,2004,2023,UKBMS,52.52044208924091,-2.094277122113856
3623,Melrose Farm Meadows,SO816410,381600,241000,697.0,England,4.0,15,2009,2023,UKBMS,52.067062147803604,-2.2698306490040387
3625,Lower Woods South,ST742865,374200,186500,2913.0,England,10.0,7,2015,2023,UKBMS,51.576768155678415,-2.373700013372922
3627,Strawberry Banks,SO910033,391000,203300,1157.0,England,10.0,10,2014,2023,UKBMS,51.72834243170986,-2.13170798062399
3628,"Clemcroft, Nr Hazler Hill",SO461924,346100,292400,600.0,England,7.0,19,2005,2023,UKBMS,52.526792077988,-2.7959090380118363
3629,Kilkenny,SP004186,400400,218600,1300.0,England,9.0,12,2010,2023,UKBMS,51.86597884561664,-1.9955963235435785
3631,Feckenham Wylde Moor,SP011606,401100,260600,2204.0,England,6.0,14,2010,2023,UKBMS,52.243583644420355,-1.9853092748161352
3632,Hill Court Farm,SO825345,382500,234500,3300.0,England,9.0,14,2010,2023,UKBMS,52.00865295760217,-2.2563668212683283
3633,North Hill Malvern (2010),SO770470,377000,247000,2621.0,England,7.0,14,2010,2023,UKBMS,52.1208316410306,-2.3373408699541396
3634,Hurst Coppice,SO752795,375200,279500,1840.0,England,6.0,8,2010,2023,UKBMS,52.41293175007604,-2.3660301319580346
3636,Wilden Marsh,SO825730,382500,273000,1640.0,England,15.0,12,2011,2023,UKBMS,52.35478042753909,-2.2583668946429807
3639,Highgate Common,SO836895,383600,289500,3841.0,England,15.0,4,2011,2022,UKBMS,52.50314892799867,-2.243031697093393
3640,Avon Meadows Community Wetland,SO950465,395000,246500,1380.0,England,7.0,12,2011,2023,UKBMS,52.11679598452008,-2.0744354701600907
3641,Hartlebury Common and Charlton,SO824707,382400,270700,3098.0,England,15.0,11,2011,2022,UKBMS,52.33410003803343,-2.259713814882468
3643,Bathpool Park,SJ836527,383600,352700,3161.0,England,14.0,13,2011,2023,UKBMS,53.071279424256815,-2.2462215095637177
3644,Rowley Hills. Land to south of Bury Hill Park,SO975896,397500,289600,2250.0,England,15.0,11,2011,2023,UKBMS,52.50429174119132,-2.038260047554235
3645,Pound Green Common,SO752787,375200,278700,900.0,England,11.0,13,2011,2023,UKBMS,52.405739844373166,-2.3659705617872775
3646,Queenswood Country Park,SO505515,350500,251500,3347.0,England,14.0,12,2012,2023,UKBMS,52.159542426345766,-2.7250182040303996
3647,Lower Kites Wood,SO978564,397800,256400,1293.0,England,9.0,11,2013,2023,UKBMS,52.20582019882706,-2.0336114090972894
3648,Hollybed Farm,SO778382,377800,238200,1722.0,England,12.0,11,2013,2023,UKBMS,52.041748785183955,-2.325080956248756
3650,Coombeswood Wedge,SO975848,397500,284800,1200.0,England,4.0,11,2013,2023,UKBMS,52.46113997330869,-2.0382223721990553
3651,Woodgate Valley,SP008833,400800,283300,3000.0,England,10.0,11,2013,2023,UKBMS,52.447660808987415,-1.9896566892661116
3652,Besford Court,SO914452,391400,245200,2000.0,England,12.0,10,2014,2023,UKBMS,52.10506330823699,-2.1269769757696184
3653,Stiperstones,SJ367002,336700,300200,3500.0,England,7.0,7,2016,2023,UKBMS,52.5958904583261,-2.9359366822588133
3656,Mottey Meadows NNR,SJ840134,384000,313400,1595.0,England,6.0,7,2014,2023,UKBMS,52.7180142623235,-2.238303807509673
3657,Highgate Common (2014 route),SO840900,384000,290000,2800.0,England,8.0,7,2014,2023,UKBMS,52.50765581674898,-2.2371632329906657
3661,Aqualate Mere,SJ782204,378200,320400,1106.0,England,5.0,5,2014,2023,UKBMS,52.7807362561304,-2.3246341858981867
3664,Rough Bank,SO907087,390700,208700,2528.0,England,10.0,9,2014,2023,UKBMS,51.776889137590445,-2.1361977960910656
3665,Linear Park Cinderford,SO649134,364900,213400,3750.0,England,9.0,9,2015,2023,UKBMS,51.81811648571219,-2.5106141931435517
3666,Blackhouse Wood,SO733521,373300,252100,3000.0,England,5.0,8,2015,2023,UKBMS,52.16651489196969,-2.391782269317546
3670,Moseley Green,SO633091,363300,209100,3270.0,England,9.0,9,2015,2023,UKBMS,51.77935373641183,-2.5333684390819737
3672,The Bog,SO357978,335700,297800,1000.0,England,10.0,4,2015,2023,UKBMS,52.57420031785376,-2.9502307599783086
3674,Monkwood North,SO803608,380300,260800,2000.0,England,9.0,8,2016,2023,UKBMS,52.245025883573916,-2.2899500134879647
3675,Highnam Woods (new),SO778192,377800,219200,2724.0,England,10.0,8,2016,2023,UKBMS,51.870927073874185,-2.32384688320525
3677,Droitwich Woods,SO882626,388200,262600,1300.0,England,9.0,7,2016,2022,UKBMS,52.26143608645941,-2.1743092238167994
3680,Malvern Pinnacle Hill,SO769419,376900,241900,4300.0,England,7.0,7,2017,2023,UKBMS,52.074976482003215,-2.3384539282155115
3681,Malvern Poolbrook Common,SO786442,378600,244200,2970.0,England,3.0,7,2017,2023,UKBMS,52.09572312845312,-2.3137956030333644
3682,Lower Smite Farm,SO890590,389000,259000,1200.0,England,7.0,6,2017,2023,UKBMS,52.2290878227095,-2.1624695450266342
3683,Sandwell RSPB,SP034926,403400,292600,860.0,England,3.0,4,2017,2023,UKBMS,52.53125780636872,-1.951310346191385
3684,Walsall Old Golf Course,SP037984,403700,298400,2200.0,England,7.0,5,2017,2022,UKBMS,52.58339696190612,-1.9468252898287968
3685,Stowell Park Gardens,SP087130,408700,213000,1159.0,England,3.0,5,2017,2022,UKBMS,51.815563724916956,-1.875196493506999
3686,Sutton Park - Streetly Heath,SP091984,409100,298400,4000.0,England,9.0,7,2017,2023,UKBMS,52.58333454149737,-1.8671283559335494
3687,Joy's Wood,SP091820,409100,282000,3271.0,England,1.0,7,2017,2023,UKBMS,52.43590037003279,-1.8675713563944683
3688,Trittiford,SP097803,409700,280300,4845.0,England,1.0,7,2017,2023,UKBMS,52.42060716144891,-1.858794498405903
3689,Blackberry Way,SP099821,409900,282100,6416.0,England,1.0,7,2017,2023,UKBMS,52.43678563399073,-1.8558009465798426
3692,Sheepscombe Common,SO894106,389400,210600,1430.0,England,10.0,5,2018,2022,UKBMS,51.793948640342435,-2.1550988006943452
3694,Llynclys Common,SJ268234,326800,323400,2840.0,England,6.0,6,2018,2023,UKBMS,52.80316703284897,-3.0872354707792176
3695,Malvern Swinyard Hill,SO762388,376200,238800,3700.0,England,5.0,6,2018,2023,UKBMS,52.047076348778575,-2.348449977967925
3696,Bodenham Lake,SO525513,352500,251300,3050.0,England,9.0,6,2018,2023,UKBMS,52.15792059167429,-2.695756106858014
3697,Ifton Meadows,SJ317374,331700,337400,1633.0,England,7.0,5,2019,2023,UKBMS,52.92964204564312,-3.017506094531309
3698,Hartlebury Common,SO823708,382300,270800,3500.0,England,15.0,5,2019,2023,UKBMS,52.3349958085348,-2.261186660801671
3699,Shatterford Wood,SO802824,380200,282400,2640.0,England,12.0,5,2019,2023,UKBMS,52.43920739358828,-2.2926951871599015
3800,Sims Wood,SU408015,440800,101500,3280.0,England,9.0,28,1995,2023,UKBMS,50.81162043754643,-1.4222759518293555
3801,Portsdown (compartments 1-3),SU628067,462800,106700,1480.0,England,7.0,18,2005,2023,UKBMS,50.856412655291315,-1.1091644865123076
3803,Testwood Lakes - Lakeside,SU351151,435100,115100,2795.0,England,4.0,19,2004,2023,UKBMS,50.93428527215726,-1.5018737994507507
3804,Testwood Lakes - North,SU343156,434300,115600,1788.0,England,9.0,20,2004,2023,UKBMS,50.93882925565471,-1.513211014424747
3805,Magdalen Hill Down North,SU508292,450800,129200,1000.0,England,8.0,19,2005,2023,UKBMS,51.059899659406675,-1.2764994583688303
3814,Pilot Hill,SU398595,439800,159500,1600.0,England,10.0,17,2007,2023,UKBMS,51.333207543945534,-1.430101836558574
3815,Bramshott Common,SU857335,485700,133500,5000.0,England,9.0,17,2007,2023,UKBMS,51.09441554536005,-0.7775817750536088
3816,Hazleton Common (new),SU703121,470300,112100,1000.0,England,8.0,18,2006,2023,UKBMS,50.90410276764945,-1.0015909043033764
3817,St Catherine's Hill,SU482274,448200,127400,980.0,England,12.0,14,2007,2023,UKBMS,51.04393858791777,-1.313835647987354
3819,Dibden Bottom (north),SU393071,439300,107100,720.0,England,4.0,17,2007,2023,UKBMS,50.86207942696763,-1.442966147611349
3824,Southampton Old Cemetery,SU414136,441400,113600,1800.0,England,8.0,18,2006,2023,UKBMS,50.92038085097868,-1.412394833958882
3825,The HOLT-Soakfield Row and Broadwalk,SU709123,470900,112300,1710.0,England,6.0,16,2008,2023,UKBMS,50.90582771191714,-0.9930205505372305
3826,Danebury Hill Fort Hampshire,SU325377,432500,137700,2300.0,England,12.0,16,2008,2023,UKBMS,51.137653826571835,-1.5368521039815848
3827,Hocombe Mead 2,SU430227,443000,122700,814.0,England,7.0,16,2008,2023,UKBMS,51.00208939529388,-1.3885612297173822
3830,Ashford Hill Woods & Meadows,SU564616,456400,161600,2650.0,England,6.0,16,2008,2023,UKBMS,51.35068733056043,-1.1915172140861616
3831,Sparsholt (Ower Wood & Grassland),SU419321,441900,132100,1305.0,England,7.0,15,2008,2023,UKBMS,51.08669214356069,-1.403152253363107
3833,The Commons Roydon,SU315005,431500,100500,1000.0,England,14.0,18,2005,2023,UKBMS,50.803206789342696,-1.5543553866396267
3836,Spearywell Mottisfont,SU309270,430900,127000,2000.0,England,9.0,14,2010,2023,UKBMS,51.04152947882433,-1.5606323861588274
3837,"Down Grange Meadow, Kempshott",SU607497,460700,149700,840.0,England,4.0,14,2010,2023,UKBMS,51.24325529846491,-1.1317991455146927
3839,Janesmoor Plain,SU247133,424700,113300,1137.0,England,9.0,8,2010,2023,UKBMS,50.91863650031585,-1.6499910303834848
3840,Priors Hill Copse,SU468092,446800,109200,908.0,England,6.0,13,2011,2023,UKBMS,50.88040532158987,-1.336139610562273
3842,Kings Copse,SU426017,442600,101700,2800.0,England,7.0,13,2011,2023,UKBMS,50.81328960707781,-1.3967061163871983
3843,Great Copse,SU320282,432000,128200,1554.0,England,9.0,11,2011,2023,UKBMS,51.05225973726842,-1.5448373412413012
3844,Shipton Bellinger (West),SU218456,421800,145600,3547.0,England,10.0,12,2012,2023,UKBMS,51.20919459023781,-1.6893090685462058
3846,BEAULIEU HEATH NORTH,SU350018,435000,101800,1400.0,England,7.0,12,2012,2023,UKBMS,50.81469647411536,-1.504565717601243
3847,Hawkhill,SU351019,435100,101900,3080.0,England,7.0,12,2012,2023,UKBMS,50.815589660315176,-1.5031368047116673
3848,Pondhead,SU307073,430700,107300,1738.0,England,6.0,12,2012,2023,UKBMS,50.86439677871302,-1.5651402379088157
3849,Standing Hat,SU315036,431500,103600,3119.0,England,6.0,12,2012,2023,UKBMS,50.831082759078434,-1.5540901686543305
3850,Warren Farm,SZ419972,441900,97200,2440.0,England,6.0,12,2012,2023,UKBMS,50.77287619226731,-1.407153160259106
3852,Barton Common,SZ247932,424700,93200,2015.0,England,9.0,11,2013,2023,UKBMS,50.73789054373227,-1.6513389497225144
3854,Godshill,SU177161,417700,116100,3400.0,England,7.0,11,2013,2023,UKBMS,50.94407062046904,-1.7494361627228205
3855,Perrywood Ivy,SU320034,432000,103400,3200.0,England,10.0,11,2013,2023,UKBMS,50.82925698674636,-1.5470081482725557
3856,Magdalen Hill Down (Old Allotments),SU497293,449700,129300,1086.0,England,7.0,11,2013,2023,UKBMS,51.06089486228419,-1.292180608558114
3858,Anton Lakes Local Nature Reserve,SU360469,436000,146900,2535.0,England,10.0,11,2013,2023,UKBMS,51.22016786278118,-1.4859094328640483
3861,"Old Down, Basingstoke",SU597488,459700,148800,2250.0,England,13.0,11,2013,2023,UKBMS,51.23526885568865,-1.1462731014542065
3862,Ladies Walk Down,SU371447,437100,144700,1080.0,England,5.0,11,2013,2023,UKBMS,51.200316295937974,-1.4703864350565354
3863,Rooksbury Mill Local Nature Reserve,SU355445,435500,144500,1457.0,England,5.0,11,2013,2023,UKBMS,51.19861932825151,-1.4933052175579955
3864,Coulters Dean,SU747191,474700,119100,1000.0,England,6.0,7,2013,2023,UKBMS,50.96648664202268,-0.9375941478062634
3865,Tadburn Meadows Local Nature Reserve,SU369215,436900,121500,1085.0,England,6.0,11,2013,2023,UKBMS,50.99172154022323,-1.475612519228592
3866,Zionshill Copse Local Nature Reserve,SU419204,441900,120400,1853.0,England,6.0,11,2013,2023,UKBMS,50.98148928596682,-1.404501524168538
3867,Spearywell North,SU313281,431300,128100,2000.0,England,10.0,10,2013,2023,UKBMS,51.0513989879111,-1.5548324137118503
3870,Normandy Marsh,SZ331944,433100,94400,2700.0,England,6.0,10,2014,2023,UKBMS,50.74826496899468,-1.5321980049043433
3871,Foxbury,SU296167,429600,116700,2660.0,England,10.0,9,2014,2023,UKBMS,50.94898004795609,-1.580010751710995
3873,Speltham Down,SU647149,464700,114900,1000.0,England,7.0,9,2014,2023,UKBMS,50.92993179967325,-1.080724794810825
3876,Broadley Inclosure,SZ252993,425200,99300,2520.0,England,8.0,10,2014,2023,UKBMS,50.792722967604384,-1.6438376527930065
3877,Hook Heath,SU645079,464500,107900,2000.0,England,11.0,10,2014,2023,UKBMS,50.86701544533147,-1.084804553448373
3878,Wendleholme (new),SU491075,449100,107500,1200.0,England,5.0,10,2014,2023,UKBMS,50.864928896161636,-1.3036769042967893
3879,Rockford Common,SU173089,417300,108900,2540.0,England,6.0,10,2014,2023,UKBMS,50.879338181932056,-1.7554686880772243
3881,Broxhead Common,SU803373,480300,137300,2000.0,England,4.0,10,2014,2023,UKBMS,51.12935907542063,-0.8538320231720249
3883,RSPB Hazeley Heath North,SU748586,474800,158600,2553.0,England,14.0,8,2015,2023,UKBMS,51.321596504237746,-0.9279771849251105
3884,RSPB Hazeley Heath South,SU757579,475700,157900,2000.0,England,9.0,8,2015,2023,UKBMS,51.31518453335993,-0.9152127310677738
3885,Breamore,SU144200,414400,120000,3200.0,England,9.0,9,2015,2023,UKBMS,50.97923157375739,-1.796253806148672
3886,Portsdown SSSI East 7 - 10,SU657063,465700,106300,2037.0,England,9.0,9,2015,2023,UKBMS,50.852494522789065,-1.0680413088606477
3887,Holmsley,SU225004,422500,100400,2850.0,England,10.0,9,2015,2023,UKBMS,50.802725192460635,-1.6820766406448715
3888,Ridge Copse,SU347181,434700,118100,3000.0,England,9.0,9,2015,2023,UKBMS,50.96128535647547,-1.5072809130853655
3889,Hasley,SU195119,419500,111900,2850.0,England,6.0,9,2015,2023,UKBMS,50.90624545819799,-1.724039164623505
3890,Hollybank Woods Transect 1,SU745081,474500,108100,1000.0,England,6.0,9,2015,2023,UKBMS,50.86761337099452,-0.9426848980691729
3892,Pondhead Wood,SU308070,430800,107000,2539.0,England,10.0,9,2015,2023,UKBMS,50.86169382295635,-1.5637444994636533
3893,Tidpit Common,SU067180,406700,118000,2700.0,England,9.0,9,2015,2023,UKBMS,50.96138658648311,-1.9059717837514198
3896,Fields Heath,SU451023,445100,102300,3200.0,England,10.0,9,2015,2023,UKBMS,50.81849599944578,-1.3611500051563654
3897,Mockbeggar,SU158088,415800,108800,2997.0,England,10.0,8,2016,2023,UKBMS,50.878481612411264,-1.7767937127700908
3898,Magdalen Hill Down (Tree & Shrub East),SU510293,451000,129300,767.0,England,5.0,8,2016,2023,UKBMS,51.06078111013542,-1.273631792855132
3899,Pitt Down,SU417293,441700,129300,1282.0,England,8.0,8,2016,2023,UKBMS,51.06153008940326,-1.406329670543024
3900,Bubbenhall Meadow,SP373717,437300,271700,1214.0,England,5.0,16,2008,2023,UKBMS,52.342115630237785,-1.4539223138731818
3901,Bubbenhall Wood,SP369717,436900,271700,1112.0,England,5.0,16,2008,2023,UKBMS,52.34214260416053,-1.4597933538328975
3902,HARBURY SPOILBANK NORTH,SP385602,438500,260200,780.0,England,3.0,16,2008,2023,UKBMS,52.23865009626817,-1.437619361034287
3903,Ryton Meadows Bund (Species),SP376727,437600,272700,504.0,England,1.0,16,2008,2023,UKBMS,52.351084955348576,-1.4494074215365915
3906,Wappenbury Wood,SP379710,437900,271000,923.0,England,5.0,16,2008,2023,UKBMS,52.33578179589387,-1.4451944943445643
3911,Deans Green,SP132682,413200,268200,600.0,England,3.0,14,2010,2023,UKBMS,52.311754635987285,-1.8078016862066428
3913,Draycote Water,SP466693,446600,269300,1232.0,England,4.0,13,2011,2023,UKBMS,52.31983134147286,-1.317755364006208
3914,Ufton Fields NR (2011 route),SP378615,437800,261500,2169.0,England,7.0,13,2011,2023,UKBMS,52.25038533212863,-1.4477247410143341
3915,Ryton Pools Country Park,SP374725,437400,272500,962.0,England,6.0,13,2011,2023,UKBMS,52.349300643393455,-1.452365741576416
3918,Brandon Marsh,SP385755,438500,275500,1848.0,England,8.0,11,2012,2023,UKBMS,52.3761938463602,-1.435874597733266
3919,Brandon Wood,SP394766,439400,276600,2900.0,England,10.0,12,2012,2023,UKBMS,52.38601865938216,-1.42252573125054
3920,Coombe Abbey Country Park Meadows,SP401796,440100,279600,1300.0,England,4.0,12,2012,2023,UKBMS,52.412936816318826,-1.4118830046659405
3921,Coombe Abbey Country Park Poolside,SP392789,439200,278900,2340.0,England,4.0,12,2012,2023,UKBMS,52.40670912825142,-1.425195683035848
3922,Coombe Abbey Country Park Woodland,SP395799,439500,279900,2055.0,England,7.0,12,2012,2023,UKBMS,52.415677220942335,-1.4206682814284461
3923,Drayote Water Treatment,SP453703,445300,270300,1030.0,England,6.0,12,2012,2023,UKBMS,52.32892949001102,-1.3366918460782264
3924,Hampton Wood,SP254600,425400,260000,2181.0,England,9.0,13,2011,2023,UKBMS,52.23760965236654,-1.629467307584403
3925,Long Itchington (SUSTRANS),SP408646,440800,264600,231.0,England,4.0,12,2012,2023,UKBMS,52.27804008276729,-1.4034094223887599
3927,Southam Old Quarry,SP420642,442000,264200,1350.0,England,9.0,12,2012,2023,UKBMS,52.2743540591196,-1.3858716119150685
3936,RSPB Middleton Lakes 1,SP193982,419300,298200,2432.0,England,8.0,11,2012,2023,UKBMS,52.58127237480596,-1.7166026335320765
3937,RSPB Middleton Lakes 2,SP202989,420200,298900,2410.0,England,5.0,11,2012,2023,UKBMS,52.58753265065425,-1.7032781478269803
3938,Weston and Waverley Woods (2013 route),SP353700,435300,270000,4700.0,England,11.0,11,2013,2023,UKBMS,52.32696489755006,-1.4834555888798893
3939,Fenny Compton Tunnels,SP438522,443800,252200,1663.0,England,9.0,11,2013,2023,UKBMS,52.166336441577585,-1.3610421456924846
3940,Swift Valley Country Park,SP505775,450500,277500,2730.0,England,9.0,11,2013,2023,UKBMS,52.393200260973906,-1.2593126111224247
3941,Tasker's Meadow,SP438651,443800,265100,710.0,England,5.0,10,2014,2023,UKBMS,52.28230471713899,-1.3593760800362142
3942,Binswood Allotments,SP307668,430700,266800,966.0,England,8.0,10,2014,2023,UKBMS,52.29847276129034,-1.5512411667653516
3943,Old Nun Wood,SP382709,438200,270900,480.0,England,4.0,9,2015,2023,UKBMS,52.33486207544589,-1.4408031890481026
3944,Ashlawn Cutting,SP516731,451600,273100,3634.0,England,9.0,8,2016,2023,UKBMS,52.35354483443546,-1.243824892286024
3948,Charlecote Place's & Hill Park,SP260566,426000,256600,1970.0,England,5.0,7,2016,2023,UKBMS,52.20701523799092,-1.6209414102656208
3949,Southam Bypass North,SP421626,442100,262600,815.0,England,4.0,8,2016,2023,UKBMS,52.25996280782141,-1.3846052104161175
3950,Charlecote Gardens,SP259563,425900,256300,1100.0,England,7.0,7,2016,2023,UKBMS,52.20432287090507,-1.622427592898472
3953,Charlecote West Park,SP259562,425900,256200,2217.0,England,7.0,7,2016,2023,UKBMS,52.203423852341466,-1.6224352070524555
3958,Fenny Compton Tunnels Copse,SP434524,443400,252400,519.0,England,4.0,8,2016,2023,UKBMS,52.1681659344044,-1.366864417843853
3960,Weston & Waverley (Purple Emperor),SP354702,435400,270200,200.0,England,1.0,7,2016,2023,UKBMS,52.328756441287624,-1.481967334259045
3963,Sun Rising Natural Burial Ground,SP350459,435000,245900,1000.0,England,10.0,7,2017,2023,UKBMS,52.11032503376871,-1.490342160740865
3964,Wolvey Meadows,SP423879,442300,287900,1196.0,England,7.0,5,2017,2022,UKBMS,52.48738424189911,-1.3784920643987024
3966,Stockton Cutting (New),SP439649,443900,264900,814.0,England,3.0,7,2017,2023,UKBMS,52.280498820595255,-1.3579362996910944
3967,Malpass,SP487759,448700,275900,1583.0,England,12.0,7,2017,2023,UKBMS,52.378979920020264,-1.2859938893615168
3968,Ettington Cutting North,SP264491,426400,249100,1008.0,England,3.0,6,2018,2023,UKBMS,52.13956961646774,-1.6156691593039405
3969,Packwood House,SP174722,417400,272200,2427.0,England,12.0,6,2018,2023,UKBMS,52.3475988762612,-1.7459900735842535
3970,Ettington Cutting South,SP264486,426400,248600,611.0,England,4.0,6,2018,2023,UKBMS,52.13507447611721,-1.6157078177657251
3971,HoEF Noleham A,SP144484,414400,248400,1075.0,England,4.0,6,2018,2023,UKBMS,52.13371694540129,-1.7910360953266982
3972,HoEF Noleham B,SP144490,414400,249000,330.0,England,2.0,6,2018,2023,UKBMS,52.13911120014128,-1.7910108850819748
3973,HoEF Noleham C,SP142491,414200,249100,800.0,England,4.0,6,2018,2023,UKBMS,52.140015377550675,-1.7939290089678488
3974,Southam Bypass South,SP418611,441800,261100,131.0,England,2.0,6,2018,2023,UKBMS,52.24650093287863,-1.38918546681686
3975,Napton Church Meadow,SP462613,446200,261300,724.0,England,4.0,6,2018,2023,UKBMS,52.24794801093751,-1.3247170905502763
3976,Napton Church,SP463612,446300,261200,202.0,England,4.0,6,2018,2023,UKBMS,52.247040658878994,-1.3232661495527307
3977,HoEF Alne Wood,SP107614,410700,261400,1500.0,England,7.0,5,2019,2023,UKBMS,52.25067496657632,-1.8446855782539482
3978,HoEF Alne Park,SP105612,410500,261200,548.0,England,4.0,5,2019,2023,UKBMS,52.2488807218382,-1.8476213290595564
3979,HoEF Alne Plantations,SP103612,410300,261200,444.0,England,3.0,5,2019,2023,UKBMS,52.24888445989963,-1.8505508123032897
3980,HoEF Coughton Park,SP064608,406400,260800,2300.0,England,5.0,5,2019,2023,UKBMS,52.24534670226245,-1.9076832895384557
3981,Newton Cutting,SP531787,453100,278700,750.0,England,8.0,5,2019,2023,UKBMS,52.403741900292445,-1.2209186670694456
3982,Newton Cutting South,SP529785,452900,278500,620.0,England,4.0,5,2019,2023,UKBMS,52.401963377644364,-1.2238896754923902
3983,HoEF College Wood,SP082636,408200,263600,2186.0,England,5.0,4,2020,2023,UKBMS,52.27049598320186,-1.8812529356619458
3984,HoEF Morgrove Coppice,SP098627,409800,262700,290.0,England,2.0,4,2020,2023,UKBMS,52.26237889776409,-1.857831494034035
3985,HoEF Spernal Park,SP101626,410100,262600,1600.0,England,7.0,4,2020,2023,UKBMS,52.26147450716139,-1.8534388927693828
3986,HoEF Spernal Plantations,SP098629,409800,262900,1350.0,England,5.0,4,2020,2023,UKBMS,52.264176950182495,-1.8578257542519234
3987,HoEF Netherstead Options Field,SP105642,410500,264200,1350.0,England,4.0,4,2020,2023,UKBMS,52.27585149990787,-1.847529014480092
3989,HoEF Bannam's Wood,SP112639,411200,263900,650.0,England,3.0,4,2020,2023,UKBMS,52.27314076016366,-1.8372794666454337
3990,Luddington Nature Reserve,SP160528,416000,252800,333.0,England,3.0,3,2021,2023,UKBMS,52.173230955815086,-1.7674550248052663
3991,Compton Verney Old Town Meadow onwards,SP313528,431300,252800,2437.0,England,7.0,2,2022,2023,UKBMS,52.17257837636063,-1.5437347624870676
3992,HOEF Gorcott Hill Grassland,SP089678,408900,267800,860.0,England,5.0,2,2022,2023,UKBMS,52.30824419828303,-1.8708852467971713
3993,HoEF Oak Wood,SP098696,409800,269600,1545.0,England,7.0,2,2022,2023,UKBMS,52.32441138744653,-1.85763312206574
3995,Ladywalk NR,SP213917,421300,291700,3349.0,England,8.0,2,2022,2023,UKBMS,52.52276499232342,-1.6875020560860416
3996,Ryton Pools Country Park: Offsetting Meadow 1,SP369723,436900,272300,818.0,England,5.0,2,2022,2023,UKBMS,52.347536463188625,-1.4597276400826087
3997,HoEF Newnham,SP155596,415500,259600,1508.0,England,6.0,2,2022,2023,UKBMS,52.234379241160205,-1.7744573407569162
3998,HoEF Gorcott Hill Woodland,SP091679,409100,267900,1006.0,England,6.0,2,2022,2023,UKBMS,52.30913998179688,-1.8679491748995545
3999,HoEF Colletts Farm,SP126503,412600,250300,1673.0,England,7.0,2,2022,2023,UKBMS,52.15084236418959,-1.8172635597021165
4002,Waterford Heath South,TL317149,531700,214900,1985.0,England,7.0,16,2008,2023,UKBMS,51.81721791884876,-0.09073711218782478
4009,Heartwood Forest,TL163109,516300,210900,4150.0,England,7.0,14,2010,2023,UKBMS,51.784683146633874,-0.31538524798142376
4012,Tring Park (9 sections),SP927100,492700,210000,900.0,England,9.0,10,2011,2023,UKBMS,51.78099644404708,-0.6576436327398311
4013,Lake Farm Country Park,TQ090804,509000,180400,1000.0,England,8.0,11,2011,2022,UKBMS,51.51202225563859,-0.43066434948415094
4019,Harpenden Common,TL137134,513700,213400,1000.0,England,10.0,11,2011,2023,UKBMS,51.80768518990747,-0.35224203095890105
4020,Stocker's Lake 2012,TQ045935,504500,193500,3150.0,England,12.0,12,2012,2023,UKBMS,51.63061754052813,-0.49159426412391893
4021,Roughdown Common (Lower),TL048055,504800,205500,1370.0,England,10.0,12,2012,2023,UKBMS,51.73841823257278,-0.4836626275182516
4022,Gravel Hill,TL216170,521600,217000,,England,15.0,11,2013,2023,UKBMS,51.83837663618725,-0.23645014493872157
4023,St James's Park / Green Park,TQ295798,529500,179800,3310.0,England,12.0,10,2013,2023,UKBMS,51.50230816980083,-0.13562718270804477
4027,Danemead Nature Reserve,TL346079,534600,207900,1300.0,England,9.0,11,2013,2023,UKBMS,51.75362697686383,-0.051403330529103494
4031,Tottenham Wildmarsh West,TQ351905,535100,190500,1750.0,England,7.0,6,2014,2023,UKBMS,51.59715085546407,-0.050889065991526504
4035,Halsey Field,TL042088,504200,208800,1810.0,England,8.0,9,2015,2023,UKBMS,51.76819023617716,-0.49136076077222435
4037,Heartwood Forest - Transect 2,TL171123,517100,212300,3100.0,England,5.0,9,2015,2023,UKBMS,51.79709836601464,-0.3033209085429796
4039,Panshanger - Lady Hughes Wood,TL300125,530000,212500,500.0,England,4.0,6,2015,2023,UKBMS,51.79604885711798,-0.11628509834931791
4040,Panshanger - Rifle Butts,TL299122,529900,212200,500.0,England,4.0,6,2015,2023,UKBMS,51.793376222648334,-0.11784659830599806
4041,Panshanger - Chisel Shelf,TL294121,529400,212100,500.0,England,3.0,5,2015,2023,UKBMS,51.79259338395859,-0.12512969739833435
4043,Pinn Meadow,TQ094880,509400,188000,1300.0,England,5.0,2,2015,2023,UKBMS,51.58025373556028,-0.4225420613575154
4044,Totteridge Fields,TQ222940,522200,194000,1065.0,England,6.0,7,2016,2023,UKBMS,51.63154900721456,-0.23581367558378744
4045,Hedgeswood Common to Hoo Wood,TL031131,503100,213100,2250.0,England,9.0,8,2016,2023,UKBMS,51.807041901905194,-0.5060195576084833
4046,Broxbourne west ride,TL325070,532500,207000,800.0,England,2.0,8,2016,2023,UKBMS,51.746039753128116,-0.0821508664341439
4048,Aldbury Nowers N1,SP949138,494900,213800,230.0,England,4.0,8,2016,2023,UKBMS,51.814784118878585,-0.6247240186023988
4050,Bencroft Field,TL330062,533000,206200,300.0,England,1.0,8,2016,2023,UKBMS,51.738732592853836,-0.07521837376747997
4051,London Zoo Car Park,TQ283836,528300,183600,780.0,England,4.0,7,2016,2023,UKBMS,51.536731251234656,-0.15152422306990887
4052,Knebworth Woods,TL227227,522700,222700,1800.0,England,5.0,7,2017,2023,UKBMS,51.88935966495072,-0.21846993488769953
4054,Osterley Park,TQ145780,514500,178000,1748.0,England,7.0,6,2018,2023,UKBMS,51.489365018986305,-0.3522199886061481
4056,Chorleywood Common 2019,TQ029958,502900,195800,3500.0,England,15.0,5,2019,2023,UKBMS,51.65158502637216,-0.5140268508154753
4060,Alexandra Park,TQ302903,530200,190300,1600.0,England,6.0,5,2019,2023,UKBMS,51.59650640966371,-0.1216652904184254
4061,Norton Common LGC,TL218333,521800,233300,1971.0,England,15.0,3,2020,2022,UKBMS,51.98481369726441,-0.22779124880545393
4062,Greenwood Park,TL139051,513900,205100,2000.0,England,9.0,3,2021,2023,UKBMS,51.73304977096988,-0.3520614878387508
4063,London Zoo amended 2021,TQ281834,528100,183400,,England,4.0,3,2021,2023,UKBMS,51.53497928006926,-0.15447897615438638
4064,Greater Stanmore Country Park,TQ171932,517100,193200,3096.0,England,11.0,3,2021,2023,UKBMS,51.62544269242713,-0.3097320066222387
4065,Highgate Cemetery West,TQ284870,528400,187000,1374.0,England,6.0,3,2021,2023,UKBMS,51.56726328400505,-0.14884322386829835
4066,Highgate Cemetery East,TQ286869,528600,186900,1412.0,England,5.0,3,2021,2023,UKBMS,51.566319086388525,-0.14599581228162306
4067,Golders Hill Park,TQ256868,525600,186800,1257.0,England,5.0,2,2021,2022,UKBMS,51.56609592890704,-0.18929099674347002
4068,Hampstead Heath Highgate Ponds,TQ275867,527500,186700,,England,9.0,2,2021,2023,UKBMS,51.564771284679516,-0.16192991109401977
4070,Mount Vernon Cancer Centre,TQ077917,507700,191700,795.0,England,8.0,2,2021,2022,UKBMS,51.61383641217084,-0.44593191072010746
4071,Chadwell Bank,TL349136,534900,213600,900.0,England,4.0,2,2022,2023,UKBMS,51.80477394244935,-0.0448468750542212
4072,Panshanger - Great Oak,TL288130,528800,213000,1387.0,England,3.0,2,2022,2023,UKBMS,51.800819337148404,-0.13349063623326038
4073,Westbrook Hay Fields,TL030058,503000,205800,2283.0,England,5.0,2,2022,2023,UKBMS,51.74144796493999,-0.5096323498972362
4074,Bovingdon Brickworks,TL007029,500700,202900,1681.0,England,5.0,2,2022,2023,UKBMS,51.715799715214416,-0.5437697640910872
4075,Gladstone Park,TQ223857,522300,185700,2399.0,England,7.0,2,2022,2023,UKBMS,51.55693475768334,-0.23725972783367064
4076,Panshanger- Cole Green,TL280122,528000,212200,716.0,England,4.0,2,2022,2023,UKBMS,51.79381381533033,-0.14538100593379438
4077,Wormwood Scrubs,TQ223817,522300,181700,3123.0,England,15.0,2,2022,2023,UKBMS,51.520986162787565,-0.23864813064398666
4078,Panshanger- Brocket Hill,TL283127,528300,212700,1728.0,England,4.0,2,2022,2023,UKBMS,51.798238285959464,-0.14084862429137263
4079,Bunchley's Pond,TL226065,522600,206500,2359.0,England,8.0,2,2022,2023,UKBMS,51.74379795285679,-0.22565037779448865
4080,Kempton Nature Reserve,TQ117709,511700,170900,,England,4.0,2,2022,2023,UKBMS,51.42610973500312,-0.3947719849840428
4200,Castle Semple Country Park,NS367600,236700,660000,3207.0,Scotland,10.0,14,2010,2023,UKBMS,55.80559173081957,-4.607098205903562
4202,Glasdrum Mountain Ringlet,NM996463,199600,746300,2000.0,Scotland,2.0,16,2002,2022,UKBMS,56.56575153802322,-5.263195849363722
4203,Greenock Cut,NS247720,224700,672000,2300.0,Scotland,12.0,14,2010,2023,UKBMS,55.9090758395732,-4.806072583989062
4206,Castlehill,ND194684,319400,968400,3498.0,Scotland,12.0,13,2010,2023,UKBMS,58.59606482605498,-3.3884305536577695
4207,Haddington Clerkington,NT508732,350800,673200,2646.0,Scotland,8.0,11,2011,2023,UKBMS,55.94930269234152,-2.789399817893603
4210,Hurlethill,NS513614,251300,661400,2100.0,Scotland,8.0,13,2011,2023,UKBMS,55.82287583504665,-4.3751499301134125
4211,Robroyston Park LNR,NS629683,262900,668300,1845.0,Scotland,10.0,11,2011,2022,UKBMS,55.88826093166518,-4.193636324461414
4212,Lochgoin Reservoir,NS535472,253500,647200,1040.0,Scotland,8.0,7,2011,2023,UKBMS,55.696067343716294,-4.332440191338906
4214,Archerfield,NT517841,351700,684100,2149.0,Scotland,8.0,11,2012,2023,UKBMS,56.04731820022304,-2.776952622898215
4215,Hopetoun House Transect one,NT088790,308800,679000,2225.0,Scotland,12.0,9,2012,2023,UKBMS,55.99525404561852,-3.4637083110204214
4221,Langlands Moss LNR,NS634514,263400,651400,2000.0,Scotland,8.0,11,2013,2023,UKBMS,55.736667500939156,-4.177156850253468
4222,Ballinlaggan,NH948245,294800,824500,1000.0,Scotland,5.0,11,2013,2023,UKBMS,57.29893185230253,-3.7474733634160784
4223,Hogganfield Park LNR,NS645671,264500,667100,2050.0,Scotland,9.0,10,2013,2023,UKBMS,55.87793982234773,-4.1674741949287695
4224,Rogart Quarry,NC742015,274200,901500,400.0,Scotland,3.0,11,2013,2023,UKBMS,57.984887239102655,-4.129198568919012
4226,Ardochrig Hill,NS637469,263700,646900,3034.0,Scotland,8.0,11,2013,2023,UKBMS,55.69634818254797,-4.17014019452815
4227,Beinn Eighe,NH025620,202500,862000,3390.0,Scotland,12.0,8,2013,2023,UKBMS,57.60464030544866,-5.307269344762814
4238,Cambus O' May,NO400982,340000,798200,2055.0,Scotland,10.0,8,2013,2023,UKBMS,57.07090178497583,-2.9911938683909325
4251,Mersehead RSPB,NX930556,293000,555600,2700.0,Scotland,6.0,9,2014,2023,UKBMS,54.883660632701556,-3.6694329720767827
4253,Cardowan Moss LNR,NS654672,265400,667200,2600.0,Scotland,11.0,7,2014,2022,UKBMS,55.879090045013605,-4.153149312716005
4254,Ullapool,NH125944,212500,894400,1680.0,Scotland,10.0,7,2014,2023,UKBMS,57.89948634179341,-5.165517413043334
4255,"Kincraig, Fife",NT468999,346800,699900,1130.0,Scotland,6.0,7,2015,2023,UKBMS,56.18873705369173,-2.8587608779814317
4257,Preston Mill,NT594778,359400,677800,1995.0,Scotland,8.0,7,2014,2022,UKBMS,55.99143511968293,-2.6523973080297454
4259,Cambus Village Pools,NS853935,285300,693500,1000.0,Scotland,3.0,10,2014,2023,UKBMS,56.120416569347995,-3.8464805263677024
4266,Kinneil,NS963812,296300,681200,1300.0,Scotland,1.0,10,2014,2023,UKBMS,56.012470703996186,-3.664870045146451
4268,Cathkin Marsh,NS621574,262100,657400,1770.0,Scotland,11.0,9,2015,2023,UKBMS,55.79016938541596,-4.200878540077499
4271,Coulter's Wood,NS606574,260600,657400,1200.0,Scotland,4.0,9,2015,2023,UKBMS,55.78973898445337,-4.224781264281199
4273,Kingshill LNR,NS856567,285600,656700,3260.0,Scotland,8.0,8,2016,2023,UKBMS,55.79001954679629,-3.8260284262060904
4274,Lower Killeyan to Giol,NR280435,128000,643500,3377.0,Scotland,10.0,8,2016,2023,UKBMS,55.60884233266333,-6.320631452849179
4275,Blacklaw Wood,NS923484,292300,648400,1600.0,Scotland,5.0,8,2016,2023,UKBMS,55.71701748831582,-3.7159550943942166
4276,Upper Killeyan,NR275425,127500,642500,2848.0,Scotland,4.0,8,2016,2023,UKBMS,55.599603144400206,-6.327557140028132
4279,Longcarse,NS865924,286500,692400,1800.0,Scotland,2.0,8,2016,2023,UKBMS,56.11082558492131,-3.826721955674857
4281,Polldubh,NN158684,215800,768400,1500.0,Scotland,3.0,6,2016,2023,UKBMS,56.77065328546115,-5.015773198337839
4284,South River Nevis,NN145684,214500,768400,1500.0,Scotland,3.0,6,2016,2023,UKBMS,56.77013747951712,-5.0370119924584085
4287,Plean Country Park,NS829866,282900,686600,1820.0,Scotland,9.0,7,2017,2023,UKBMS,56.05787379830163,-3.882035016969197
4288,Ken Dee Marshes,NX693691,269300,569100,2523.0,Scotland,6.0,5,2018,2023,UKBMS,54.99926092857031,-4.044774974012137
4290,Sustrans NCN77 Dunkeld and Birnam,NO030418,303000,741800,1652.0,Scotland,10.0,5,2017,2022,UKBMS,56.558116196198306,-3.57974470043565
4294,Loch Leven - Vane (2012 route),NT159989,315900,698900,900.0,Scotland,4.0,6,2018,2023,UKBMS,56.17529528168706,-3.356184780367252
4295,Dundee Law,NO391313,339100,731300,1200.0,Scotland,8.0,5,2018,2022,UKBMS,56.46987499662864,-2.990083152513515
4296,Glen Rosa,NR985384,198500,638400,3330.0,Scotland,14.0,2,2018,2022,UKBMS,55.59739783759854,-5.199737401070188
4297,Dighty Burn,NO447326,344700,732600,1900.0,Scotland,7.0,6,2018,2023,UKBMS,56.482244338145065,-2.8994778195811124
4298,Sustrans NCN77 Section 2,NO112256,311200,725600,1380.0,Scotland,7.0,6,2018,2023,UKBMS,56.41424564366828,-3.4408587563142414
4299,Greenhead Moss LNR,NS810548,281000,654800,3000.0,Scotland,6.0,6,2018,2023,UKBMS,55.77184628748276,-3.898515028937803
4400,Durlston Meadows,SZ024773,402400,77300,2031.0,England,8.0,12,2011,2023,UKBMS,50.59542171420188,-1.9674522236337624
4404,Bracketts Coppice II (DWT),ST515066,351500,106600,2660.0,England,10.0,10,2014,2023,UKBMS,50.85686749724234,-2.6904169835706213
4405,Avon Heath North 2014,SU125032,412500,103200,2000.0,England,6.0,10,2014,2023,UKBMS,50.82820420619034,-1.8238880450335544
4406,Ryewater Nursery,ST665105,366500,110500,2800.0,England,9.0,9,2015,2023,UKBMS,50.8930032854057,-2.477677632107218
4407,Higher Hyde Heath (DWT) II,SY855903,385500,90300,1720.0,England,9.0,8,2016,2023,UKBMS,50.71214849800193,-2.206732223917345
4408,Hambledon Hill,ST843126,384300,112600,2044.0,England,7.0,6,2018,2023,UKBMS,50.91264891681865,-2.224689210462731
4409,Weymouth Relief Road,SY672856,367200,85600,2130.0,England,9.0,6,2018,2023,UKBMS,50.66913589229716,-2.4654957026444912
4410,RSPB Arne Coombe Heath,SY971872,397100,87200,2100.0,England,6.0,4,2018,2023,UKBMS,50.68444705080199,-2.042412542070772
4411,Hogchester,SY352945,335200,94500,1900.0,England,10.0,2,2019,2022,UKBMS,50.74647175512057,-2.919826731515991
4412,RSPB Chafey’s Weymouth,SY669801,366900,80100,750.0,England,2.0,5,2019,2023,UKBMS,50.61966017802727,-2.4692475506410254
4413,Durlston Woodland,SZ033775,403300,77500,500.0,England,2.0,4,2019,2023,UKBMS,50.59721606892586,-1.9547350802859935
4414,Wyke Regis,SY651778,365100,77800,2676.0,England,10.0,3,2021,2023,UKBMS,50.598872105820455,-2.4944735975833514
4415,Bishops Court North,ST934030,393400,103000,2629.0,England,7.0,2,2022,2023,UKBMS,50.82649925101582,-2.0950741000653355
4416,Bishops Court South,ST938028,393800,102800,2904.0,England,6.0,2,2022,2023,UKBMS,50.824705253606346,-2.0893915089361825
4417,Wild Woodbury South,SY860935,386000,93500,3136.0,England,10.0,2,2022,2023,UKBMS,50.74093719565578,-2.1997731054954364
4418,Wild Woodbury,SY852941,385200,94100,3668.0,England,8.0,2,2022,2023,UKBMS,50.74631274079743,-2.2111349200853496
4419,Hooke Farm,ST532006,353200,100600,1222.0,England,7.0,2,2022,2023,UKBMS,50.80305656551407,-2.665498678905589
4420,Hicks,SZ103966,410300,96600,2811.0,England,11.0,2,2022,2023,UKBMS,50.768896460158025,-1.8553074681374235
4421,Brownsea South,SZ019876,401900,87600,2230.0,England,8.0,2,2022,2023,UKBMS,50.68804921464021,-1.9744667330904744
4422,Brownsea North,SZ019880,401900,88000,1679.0,England,7.0,2,2022,2023,UKBMS,50.6916463015269,-1.9744648008774786
4502,Leigh Woods,ST561733,356100,173300,2000.0,England,8.0,6,2011,2023,UKBMS,51.45696569598829,-2.633228636764253
4504,Collard Hill,ST487340,348700,134000,1278.0,England,7.0,10,2011,2023,UKBMS,51.10299332452853,-2.7340697473879256
4506,Shute Shelve Hill,ST423549,342300,154900,2750.0,England,7.0,13,2011,2023,UKBMS,51.290295366894796,-2.8288340797139515
4511,Ash Priors Common (2013),ST152289,315200,128900,1250.0,England,6.0,11,2013,2023,UKBMS,51.05316063247,-3.2112431103488204
4512,Netherclay,ST197250,319700,125000,1500.0,England,6.0,10,2013,2022,UKBMS,51.01874592371973,-3.146188794831378
4514,Wych Lodge Valley,ST251199,325100,119900,2500.0,England,9.0,11,2013,2023,UKBMS,50.97362336199275,-3.0681638432716274
4516,Shapwick Heath East,ST426406,342600,140600,3700.0,England,7.0,11,2013,2023,UKBMS,51.16175506071736,-2.822237411974253
4517,Shapwick Heath Canada Farm,ST417406,341700,140600,2800.0,England,6.0,11,2013,2023,UKBMS,51.16166386574333,-2.8351065455023754
4518,Cheddar Wood 2013,ST448556,344800,155600,2300.0,England,15.0,11,2013,2023,UKBMS,51.29683734477793,-2.7930949461418573
4521,Lower Chelmsine,ST192185,319200,118500,1500.0,England,7.0,10,2014,2023,UKBMS,50.96023797516041,-3.151867800795272
4526,Bennett's Patch and White's Paddock,ST551752,355100,175200,1300.0,England,8.0,9,2015,2023,UKBMS,51.47396984718602,-2.6478622928234437
4528,Priddy Mineries,ST546510,354600,151000,3641.0,England,11.0,9,2015,2023,UKBMS,51.25634555756991,-2.6519626057730203
4532,Knyfton's Firs,ST500501,350000,150100,330.0,England,3.0,9,2015,2023,UKBMS,51.24786774669037,-2.717748994508672
4534,Meads Eco Park,ST292362,329200,136200,3130.0,England,12.0,6,2016,2022,UKBMS,51.12069222713798,-3.0129706469551856
4537,Lusty Hill Farm,ST681341,368100,134100,1120.0,England,9.0,4,2016,2023,UKBMS,51.10530428621623,-2.4570105460735223
4538,Narroways and Ashley Hill Allotments,ST599751,359900,175100,1800.0,England,5.0,7,2017,2023,UKBMS,51.47343231481721,-2.5787444235961234
4539,Packhorse Meadow,ST751614,375100,161400,895.0,England,5.0,7,2017,2023,UKBMS,51.351126139553266,-2.3589367157234893
4540,Ubley Warren 2018,ST505555,350500,155500,1826.0,England,9.0,6,2018,2023,UKBMS,51.296463524802114,-2.711335513856646
4541,Fyne Court 2,ST222320,322200,132000,2050.0,England,13.0,6,2018,2023,UKBMS,51.08202338784303,-3.112060926369245
4542,Cadbury Camp,ST454724,345400,172400,1750.0,England,3.0,6,2018,2023,UKBMS,51.44794099665909,-2.78707688176833
4543,Cothelstone Hill,ST191326,319100,132600,3100.0,England,4.0,6,2018,2023,UKBMS,51.08698815520282,-3.1564420323599713
4544,Tyntesfield Truckle Wood/Abrahams,ST499716,349900,171600,1200.0,England,3.0,5,2018,2023,UKBMS,51.4411652647456,-2.7222147512122166
4545,Bathwick Fields,ST760644,376000,164400,1480.0,England,6.0,4,2019,2023,UKBMS,51.37813957390246,-2.346216964591198
4546,Smallcombe Vale,ST763639,376300,163900,1650.0,England,10.0,4,2019,2023,UKBMS,51.37365649162525,-2.3418731665310735
4547,Rainbow Wood Fields,ST764633,376400,163300,2500.0,England,9.0,4,2019,2023,UKBMS,51.368265775097086,-2.3403965083876526
4548,Sham Castle Down,ST764652,376400,165200,1500.0,England,9.0,5,2019,2023,UKBMS,51.38534961532126,-2.340523334580995
4549,Thurlbear Quarrylands 2019,ST272209,327200,120900,2450.0,England,5.0,5,2019,2023,UKBMS,50.98288386832796,-3.038459750242313
4550,Kingswood Warren,ST747359,374700,135900,3360.0,England,6.0,4,2019,2022,UKBMS,51.121820312275204,-2.362870840864776
4551,Hinkley 2015,ST210456,321000,145600,2733.0,England,7.0,3,2020,2022,UKBMS,51.20412672027653,-3.132176770002337
4552,Fairview,ST470529,347000,152900,750.0,England,10.0,4,2020,2023,UKBMS,51.272771146498265,-2.7611428091689034
4555,Westhay Moor (The Mire),ST454439,345400,143900,1150.0,England,5.0,3,2021,2023,UKBMS,51.191700432272995,-2.782702095476577
4556,Westhay Moor (Viridor Transect),ST456440,345600,144000,1190.0,England,5.0,3,2021,2023,UKBMS,51.19261865752882,-2.7798555803837366
4557,RSPB Ham Wall 2020+,ST452399,345200,139900,2420.0,England,7.0,3,2021,2023,UKBMS,51.155716759154394,-2.7849526930160207
4558,Jubilee Stone & Badgers Wood,ST499677,349900,167700,1578.0,England,10.0,3,2021,2023,UKBMS,51.40610088470092,-2.7216620463109815
4559,Gordano Valley,ST439733,343900,173300,2200.0,England,5.0,3,2021,2023,UKBMS,51.455885650193565,-2.808802419172827
4560,Hengrove Mounds,ST590685,359000,168500,1602.0,England,5.0,3,2021,2023,UKBMS,51.41402655561927,-2.590935010093876
4562,SWT Catcott Reserve,ST403412,340300,141200,2362.0,England,5.0,2,2022,2023,UKBMS,51.1669137809334,-2.8552248514692042
4563,Aller Wood & Turn Hill (2022 route),ST413315,341300,131500,1532.0,England,5.0,2,2022,2023,UKBMS,51.07980403507895,-2.839341676418752
4564,Northern Slopes,ST592704,359200,170400,1984.0,England,10.0,2,2022,2023,UKBMS,51.431124130936134,-2.5882787244109697
4565,East Harptree Woods,ST557543,355700,154300,1948.0,England,4.0,1,2022,2022,UKBMS,51.28610347535168,-2.636610776081053
4566,Grow Wilder,ST626770,362600,177000,1001.0,England,7.0,1,2022,2022,UKBMS,51.49070087157482,-2.5400740282618166
4567,Hellenge Hill,ST344571,334400,157100,1577.0,England,5.0,2,2022,2023,UKBMS,51.30921773464961,-2.942514058214716
4568,Burrington Ham,ST487582,348700,158200,3073.0,England,5.0,1,2022,2022,UKBMS,51.32057955068587,-2.737538851359314
4601,Chiddingfold Forest East,SU985344,498500,134400,4960.0,England,15.0,9,2015,2023,UKBMS,51.10045285336976,-0.5946076046403437
4602,Chiddingfold Forest West,SU982337,498200,133700,3750.0,England,14.0,9,2015,2023,UKBMS,51.09421167853431,-0.5990809775600586
4603,"Foxley Wood, Purley",TQ315604,531500,160400,1990.0,England,11.0,9,2015,2023,UKBMS,51.327504801254676,-0.11401806711040433
4604,"West Hanger, Shere Woodlands",TQ066490,506600,149000,1830.0,England,7.0,9,2015,2023,UKBMS,51.23024221290401,-0.4746433546393912
4605,"Runnymede, Egham (2015 route)",TQ005718,500500,171800,2200.0,England,9.0,9,2015,2023,UKBMS,51.43629413687559,-0.555552085042795
4607,Wimbledon Common SW and Fishponds Wood,TQ219712,521900,171200,3390.0,England,12.0,9,2015,2023,UKBMS,51.4267060137207,-0.24802955847152475
4608,"Shortfield Common, Frensham",SU841422,484100,142200,1000.0,England,6.0,9,2015,2023,UKBMS,51.17286558448052,-0.7983963408824039
4609,Wimbledon Common (2015 route),TQ231725,523100,172500,2810.0,England,12.0,9,2015,2023,UKBMS,51.438130343946135,-0.23032664616166848
4611,RHS Wisley - Main Garden,TQ062581,506200,158100,1130.0,England,5.0,4,2015,2023,UKBMS,51.312113392198256,-0.47766948019304367
4612,Chiddingfold Forest South,SU981323,498100,132300,1530.0,England,4.0,9,2015,2023,UKBMS,51.08164358993447,-0.600888264638718
4614,Brentmoor Heath Cuckoo Hill,SU933610,493300,161000,1330.0,England,5.0,9,2015,2023,UKBMS,51.34044109954953,-0.6619373329771214
4615,Tolworth Court Farm,TQ198649,519800,164900,2550.0,England,10.0,9,2015,2023,UKBMS,51.370531743737516,-0.2803450979311012
4617,Chobham Grazing South,SU974645,497400,164500,1545.0,England,6.0,5,2015,2023,UKBMS,51.37121576766961,-0.6021374624494455
4618,Merrow Downs,TQ026498,502600,149800,3347.0,England,15.0,8,2016,2023,UKBMS,51.23816568676969,-0.5316824400156812
4620,Chipstead Downs and Fames Rough,TQ268573,526800,157300,3771.0,England,12.0,8,2016,2023,UKBMS,51.30071073589551,-0.1825394853337591
4621,Horton Country Park North,TQ194630,519400,163000,3208.0,England,14.0,8,2016,2023,UKBMS,51.35353936683624,-0.2867260330262155
4622,"The Mount, Guildford",SU976487,497600,148700,2978.0,England,7.0,8,2016,2023,UKBMS,51.229153817405155,-0.6035811950849256
4623,Barnes Common,TQ222759,522200,175900,3006.0,England,10.0,7,2016,2023,UKBMS,51.468881841351106,-0.24209516503694
4624,"Nonsuch Park, Cheam",TQ231637,523100,163700,3229.0,England,11.0,8,2016,2023,UKBMS,51.35904178943937,-0.23337636164408987
4625,Leith Hill Place,TQ130421,513000,142100,3285.0,England,15.0,8,2016,2023,UKBMS,51.16699258349074,-0.385189530124746
4626,Reigate Heath,TQ235501,523500,150100,3358.0,England,12.0,7,2016,2023,UKBMS,51.23672529817115,-0.2323355715166534
4627,Spynes Mere,TQ306524,530600,152400,1688.0,England,8.0,8,2016,2023,UKBMS,51.2558161159,-0.1298514661987112
4629,Selsdon Wood,TQ362615,536200,161500,2953.0,England,13.0,8,2016,2023,UKBMS,51.33628484066657,-0.04618198997476751
4630,Water Colours/Moors,TQ291514,529100,151400,1225.0,England,4.0,8,2016,2023,UKBMS,51.24717023622438,-0.15169518929730896
4631,Dawney's Hill Common and Brookwood Cemetery,SU947565,494700,156500,3927.0,England,13.0,8,2016,2023,UKBMS,51.29975840848726,-0.6430384739389079
4632,Featherbed Lane GC,TQ377620,537700,162000,1227.0,England,3.0,2,2016,2023,UKBMS,51.34041704034202,-0.024469395530665083
4633,RSPB Farnham Heath - East,SU861438,486100,143800,2280.0,England,7.0,6,2016,2023,UKBMS,51.18695217045045,-0.7694120507469158
4634,"Oxted Downs, Gangers Hill (2017 route)",TQ376541,537600,154100,1404.0,England,10.0,7,2017,2023,UKBMS,51.26944841791094,-0.028948224140683657
4635,"Hurst Meadows, East Molesey",TQ144689,514400,168900,2465.0,England,7.0,6,2017,2023,UKBMS,51.407595936233825,-0.35659874577222317
4636,Clandon Wood Natural Burial Ground,TQ048512,504800,151200,1969.0,England,12.0,6,2017,2023,UKBMS,51.25035055082516,-0.4997705071083669
4638,Oaken Wood West,SU989338,498900,133800,689.0,England,5.0,7,2017,2023,UKBMS,51.09499045869179,-0.5890608510057034
4639,Barossa and Poors Allotment,SU886632,488600,163200,2921.0,England,10.0,7,2017,2023,UKBMS,51.36096898951657,-0.7288468852337195
4640,Polesden Lacey East,TQ142519,514200,151900,3409.0,England,9.0,7,2017,2023,UKBMS,51.2548393850246,-0.3649171177540476
4642,Langley Vale Wood A,TQ212564,521200,156400,2815.0,England,12.0,6,2018,2023,UKBMS,51.293840512111785,-0.2631318205007306
4643,"Stave Hill Ecology Park, Rotherhithe",TQ361798,536100,179800,1641.0,England,10.0,6,2018,2023,UKBMS,51.500758911187,-0.04059634508624083
4644,"Gatwick Airport, North West Zone",TQ256407,525600,140700,2455.0,England,8.0,4,2018,2022,UKBMS,51.151784687757605,-0.20555538542125054
4645,"Denbies Hillside Secretaries, Dorking",TQ151501,515100,150100,1384.0,England,8.0,6,2018,2023,UKBMS,51.2384799659342,-0.35260413706810323
4646,Hatchlands Park,TQ067519,506700,151900,3957.0,England,14.0,4,2018,2023,UKBMS,51.25629067065829,-0.4723483999562216
4647,One Tree Hill and Brenchley Gardens,TQ354743,535400,174300,1810.0,England,11.0,6,2018,2023,UKBMS,51.45150223269718,-0.052781009135314985
4648,"Oxted Downs, Whistlers Steep (2018 route)",TQ386543,538600,154300,1365.0,England,10.0,6,2018,2023,UKBMS,51.271003599189484,-0.014545391524971411
4649,Streatham Common,TQ309708,530900,170800,1729.0,England,9.0,6,2018,2023,UKBMS,51.42110598889268,-0.11879725617942591
4650,"Lloyd Park, Croydon",TQ340649,534000,164900,1500.0,England,6.0,5,2018,2022,UKBMS,51.36736165873401,-0.07646533907910925
4651,"Gatwick Airport, Land East of the Railway",TQ293403,529300,140300,2431.0,England,10.0,5,2018,2023,UKBMS,51.147366553763,-0.1528254989455014
4652,Whitmoor Common,SU986535,498600,153500,2990.0,England,10.0,5,2018,2023,UKBMS,51.272129901576385,-0.5879432231829268
4653,Ham Lands South,TQ166719,516600,171900,2752.0,England,13.0,6,2018,2023,UKBMS,51.43411155294681,-0.32399656405498156
4654,Hankley Common North,SU887415,488700,141500,2923.0,England,9.0,6,2018,2023,UKBMS,51.165878666310554,-0.7327862402027173
4655,Elstead Common,SU905420,490500,142000,3162.0,England,9.0,6,2018,2023,UKBMS,51.170091910744866,-0.7069237851462227
4656,Coulsdon Common Merlewood Far,TQ326574,532600,157400,192.0,England,2.0,6,2018,2023,UKBMS,51.30028924371345,-0.09935400953035442
4657,Bookham Common,TQ124565,512400,156500,2880.0,England,12.0,5,2019,2023,UKBMS,51.296542665726086,-0.3892545339383903
4658,Hooley Meadows,TQ287569,528700,156900,1279.0,England,10.0,5,2019,2023,UKBMS,51.296689919643256,-0.15544464041683045
4659,"Brockwell Park, Herne Hill",TQ316738,531600,173800,2597.0,England,10.0,5,2019,2023,UKBMS,51.44790403735412,-0.10762198980797498
4660,Earlswood Common (2019 route),TQ270486,527000,148600,3084.0,England,10.0,4,2019,2023,UKBMS,51.22247669901666,-0.18275844342212635
4661,Frensham Great Pond,SU845406,484500,140600,2500.0,England,10.0,5,2019,2023,UKBMS,51.15842272445972,-0.7930514441199886
4662,Mare Hill Common,SU936401,493600,140100,2046.0,England,8.0,5,2019,2023,UKBMS,51.1525134661592,-0.663089781375677
4664,Belair Park,TQ327733,532700,173300,2200.0,England,9.0,5,2019,2023,UKBMS,51.443154304099316,-0.09198932141064185
4665,"Burgess Park North, Walworth",TQ330777,533000,177700,2570.0,England,8.0,5,2019,2023,UKBMS,51.48262462494371,-0.08602156865028941
4666,"Burgess Park South, Walworth",TQ332776,533200,177600,2149.0,England,7.0,5,2019,2023,UKBMS,51.48167895770111,-0.08318072682019133
4667,"Hogsmill Nature Trail, Malden Manor",TQ207663,520700,166300,1988.0,England,9.0,4,2020,2023,UKBMS,51.382923903470434,-0.26694694083823134
4668,"Cannon Hill Common, Raynes Park",TQ238683,523800,168300,1800.0,England,10.0,4,2020,2023,UKBMS,51.40023149386471,-0.22172637599626951
4669,Polesden Lacey Stony Rock,TQ124503,512400,150300,2352.0,England,11.0,4,2020,2023,UKBMS,51.24081539420804,-0.391201703900336
4670,"Dungeon Hill, Woodmansterne",TQ271592,527100,159200,2681.0,England,9.0,4,2020,2023,UKBMS,51.31771959400704,-0.17756216969988992
4671,Dulwich Park,TQ334737,533400,173700,2115.0,England,8.0,4,2020,2023,UKBMS,51.44658462407782,-0.08177254439430084
4672,West Norwood Cemetery,TQ323721,532300,172100,2617.0,England,10.0,2,2020,2023,UKBMS,51.43246387004095,-0.09818943054789224
4673,"Barnes Common, The Orchard",TQ222756,522200,175600,448.0,England,3.0,4,2020,2023,UKBMS,51.46618565762163,-0.24219878241111428
4674,"Leg O'Mutton Reservoir, Barnes",TQ217773,521700,177300,2037.0,England,7.0,4,2020,2023,UKBMS,51.48157170986527,-0.2488081903622515
4675,Sidney Wood and Park Copse,TQ024344,502400,134400,4842.0,England,15.0,3,2021,2023,UKBMS,51.099770348640945,-0.5389270988119275
4676,Ham Lands North,TQ164727,516400,172700,2460.0,England,12.0,3,2021,2023,UKBMS,51.44134281381799,-0.3266096821698277
4677,Polesden Lacey West (2021 route),TQ132519,513200,151900,3189.0,England,8.0,3,2021,2023,UKBMS,51.255038584016475,-0.37924076740474666
4678,Sanderstead to Whyteleafe Countryside Area,TQ339598,533900,159800,2638.0,England,15.0,3,2021,2023,UKBMS,51.32155332998254,-0.07981761804941348
4679,Millstock,TQ287577,528700,157700,1012.0,England,2.0,1,2022,2022,UKBMS,51.30387960640758,-0.15515640666262648
4680,Runnymede North,SU997726,499700,172600,1785.0,England,9.0,2,2022,2023,UKBMS,51.443626320036266,-0.5668323159513275
4681,Wandsworth Common Grassland,TQ270743,527000,174300,2883.0,England,7.0,2,2022,2023,UKBMS,51.45344684751243,-0.17360142791921965
4682,Croham Hurst,TQ337632,533700,163200,1587.0,England,7.0,2,2022,2023,UKBMS,51.352155021344956,-0.08141075346264191
4683,Molesey Reservoirs,TQ122687,512200,168700,2745.0,England,7.0,2,2022,2023,UKBMS,51.40623740143806,-0.3882789467691228
4684,Runnymede Riverside,SU999727,499900,172700,981.0,England,1.0,2,2022,2023,UKBMS,51.44448999185867,-0.5639273444960176
4685,"Thundry Meadows Nature Reserve, Elstead",SU895440,489500,144000,1313.0,England,6.0,2,2022,2023,UKBMS,51.18822851321734,-0.7207258553032604
4686,"Unstead Wetland Nature Reserve, Godalming",SU995456,499500,145600,1427.0,England,5.0,2,2022,2023,UKBMS,51.20095981657329,-0.5772379198166971
4687,Wingate Hill (2020 route),TQ265523,526500,152300,1256.0,England,6.0,2,2022,2023,UKBMS,51.255840891048514,-0.18860884711050474
4700,Bushy Bank,SU583915,458300,191500,1010.0,England,7.0,8,2015,2023,UKBMS,51.619312633029026,-1.1593101048690326
4703,Yoesden 2016 route,SU788981,478800,198100,2000.0,England,11.0,8,2016,2023,UKBMS,51.67615058467791,-0.8617777199902019
4706,Fobney Island,SU702710,470200,171000,2000.0,England,6.0,7,2017,2023,UKBMS,51.43366112693358,-0.9915314575954335
4708,Cock Marsh,SU882867,488200,186700,2443.0,England,4.0,6,2017,2023,UKBMS,51.57227996123373,-0.7287341480357507
4709,Incombe Hole,SP959157,495900,215700,1280.0,England,11.0,5,2018,2023,UKBMS,51.83169144817305,-0.6096963721020318
4710,Lids Down,SU547849,454700,184900,1600.0,England,6.0,6,2018,2023,UKBMS,51.56033616744544,-1.2123296358418938
4711,Thrupp Lake,SU519975,451900,197500,1630.0,England,6.0,6,2018,2023,UKBMS,51.673880708199746,-1.2508545458949043
4712,Buckingham Railway Walk,SP692334,469200,233400,2237.0,England,9.0,6,2018,2023,UKBMS,51.994745141665994,-0.9935417859954023
4713,Stoke Common,SU986853,498600,185300,4490.0,England,10.0,6,2018,2023,UKBMS,51.55797518430244,-0.5791092010882629
4714,Abbey Fishponds LNR,SU512979,451200,197900,750.0,England,3.0,6,2018,2023,UKBMS,51.67754098255313,-1.260918059707828
4717,West Wycombe Hill,SU827950,482700,195000,1898.0,England,8.0,4,2019,2023,UKBMS,51.64772401382504,-0.8061205636170446
4719,Sallow Copse,SP971135,497100,213500,2400.0,England,9.0,4,2019,2023,UKBMS,51.811710233484746,-0.5929036686546041
4720,"Bradfield, Mirams Copse",SU579728,457900,172800,1200.0,England,6.0,4,2020,2023,UKBMS,51.45123228326721,-1.1681563931218335
4721,Warwick Spinney,SU610920,461000,192000,552.0,England,6.0,4,2020,2023,UKBMS,51.62352213768946,-1.1202291929820467
4722,Holly Copse,SU596701,459600,170100,2360.0,England,7.0,4,2020,2023,UKBMS,51.42678173808747,-1.1441484092030687
4724,"Owlpit Copse, Bradfield",SU587732,458700,173200,1809.0,England,8.0,3,2021,2023,UKBMS,51.454746296742854,-1.1565787457646017
4726,Oxfordshire Golf Club,SP683043,468300,204300,3680.0,England,9.0,3,2021,2023,UKBMS,51.73326021645531,-1.0123919947574813
4729,Kings Barn Rogues,SU815867,481500,186700,1017.0,England,4.0,2,2022,2023,UKBMS,51.57328697287818,-0.8253874150272952
4730,Aston Upthorpe Downs extension,SU545835,454500,183500,197.0,England,1.0,2,2022,2023,UKBMS,51.547768736800485,-1.2154309103967114
4731,Floodplain Forest,SP806420,480600,242000,2591.0,England,6.0,2,2022,2023,UKBMS,52.070513317778335,-0.8255171271944695
4732,Linford Lakes Nature Reserve,SP838430,483800,243000,2699.0,England,8.0,2,2022,2023,UKBMS,52.07902758479482,-0.7785974360162036
4733,Whiteleaf Cross Nature Reserve,SP821040,482100,204000,1005.0,England,9.0,2,2022,2023,UKBMS,51.72871502783523,-0.812676042829501
4735,Howe Park Wood (new),SP833343,483300,234300,2106.0,England,6.0,2,2022,2023,UKBMS,52.00090197091057,-0.7880083266480142
4736,Elfield Nature Park,SP853364,485300,236400,1207.0,England,6.0,2,2022,2023,UKBMS,52.01947471591406,-0.7583600423955138
4737,Stonepit Field,SP844421,484400,242100,1289.0,England,6.0,2,2022,2023,UKBMS,52.070846917846,-0.7700666735978249
4738,Magna Park,SP918389,491800,238900,1134.0,England,5.0,2,2022,2023,UKBMS,52.04090924599928,-0.6629944069699774
4739,Tattenhoe Valley,SP827330,482700,233000,1964.0,England,5.0,2,2022,2023,UKBMS,51.989306207105805,-0.7970594051988394
4800,Wollaton LNR,SK529402,452900,340200,800.0,England,8.0,9,2015,2023,UKBMS,52.95657344535208,-1.2139998393186997
4801,Ollerton Pit Wood,SK670673,467000,367300,4000.0,England,10.0,7,2015,2023,UKBMS,53.1985670450946,-0.9985091633731199
4802,Bardon Hill Quarry 2,SK460131,446000,313100,,England,8.0,9,2015,2023,UKBMS,52.71361207106902,-1.3205126292585658
4803,Donisthorpe Woodland Park,SK315140,431500,314000,,England,13.0,9,2015,2023,UKBMS,52.72273760612985,-1.535056594564789
4804,Great Glen,SP655975,465500,297500,,England,10.0,9,2015,2023,UKBMS,52.5713880039487,-1.0349881068355884
4805,Croft Hill Nature Trail,SP513970,451300,297000,,England,10.0,8,2016,2023,UKBMS,52.568415021725706,-1.2445619355790207
4806,Sarah's Wood,SK313157,431300,315700,,England,9.0,8,2016,2023,UKBMS,52.73803095263646,-1.5378561758047071
4807,Elton Guide Campsite,SK765401,476500,340100,940.0,England,10.0,8,2016,2023,UKBMS,52.95283372751312,-0.8627875354742739
4808,Skylarks NR,SK623386,462300,338600,1600.0,England,5.0,6,2016,2023,UKBMS,52.94118531673656,-1.0744007593153373
4812,Toyota UK Burnaston Pond,SK288302,428800,330200,825.0,England,1.0,8,2016,2023,UKBMS,52.86851298913305,-1.573610089539867
4813,Toyota UK Burnaston Meadow,SK289312,428900,331200,820.0,England,5.0,8,2016,2023,UKBMS,52.87749675684882,-1.5720361889252017
4814,Toyota UK Burnaston Grid 1 to Buildings,SK288307,428800,330700,1565.0,England,8.0,8,2016,2023,UKBMS,52.87300754526933,-1.5735660427426093
4815,Toyota UK Burnaston Grid 2 to Buildings,SK294307,429400,330700,802.0,England,6.0,8,2016,2023,UKBMS,52.87297522507463,-1.564652199524962
4817,Coton Park LNR,SK270180,427000,318000,1450.0,England,6.0,8,2016,2023,UKBMS,52.75893731499521,-1.6013528686147889
4819,"Lightwood, Buxton",SK054751,405400,375100,2260.0,England,8.0,8,2016,2023,UKBMS,53.27285976765188,-1.9204862196771875
4820,Hilton Gravel Pits NR,SK247314,424700,331400,2276.0,England,10.0,8,2016,2023,UKBMS,52.87950291377641,-1.6344248690194962
4821,"Gnathole Farm, Glossop",SK035926,403500,392600,990.0,England,9.0,8,2016,2023,UKBMS,53.430176267077314,-1.9487896722781675
4823,Hardwick Park - Section 11,SK456639,445600,363900,300.0,England,1.0,8,2016,2023,UKBMS,53.17026798634901,-1.3193069287787011
4824,Carr Vale 2,SK462695,446200,369500,1350.0,England,5.0,8,2016,2023,UKBMS,53.220550388002806,-1.3095240019835968
4825,Lawrence Field and Padley,SK256801,425600,380100,1300.0,England,7.0,7,2016,2023,UKBMS,53.3172163865454,-1.6171884661012847
4827,Cotgrave Woods,SK646323,464600,332300,3060.0,England,10.0,7,2017,2023,UKBMS,52.88428930407473,-1.041431801696885
4831,Sandy Banks LNR Bestwood,SK567451,456700,345100,600.0,England,1.0,7,2017,2023,UKBMS,53.000228398227996,-1.1565841501090897
4835,University Park Campus Nottingham,SK539380,453900,338000,2100.0,England,7.0,5,2017,2023,UKBMS,52.936699712463636,-1.1994808494862264
4837,Brook Park Shirebrook,SK536667,453600,366700,2070.0,England,10.0,6,2017,2023,UKBMS,53.194690775627855,-1.199175041143861
4838,Broomfield College,SK385401,438500,340100,1839.0,England,10.0,7,2017,2023,UKBMS,52.95689818960347,-1.428350248715431
4839,Denby Footpaths 2,SK393465,439300,346500,1898.0,England,8.0,7,2017,2023,UKBMS,53.01436815536129,-1.4156669774288275
4840,Markham Vale North Seymour,SK450738,445000,373800,3570.0,England,9.0,7,2017,2023,UKBMS,53.25930227851295,-1.3268890543639633
4842,Bottom Moor Wood Matlock Moor,SK322626,432200,362600,1900.0,England,4.0,7,2017,2023,UKBMS,53.15955911045272,-1.5198839557847885
4843,Clowne Linear Park and Railway Line,SK498754,449800,375400,2200.0,England,10.0,7,2017,2023,UKBMS,53.27325535295971,-1.2546913049749047
4844,Holmebrook Valley Park,SK355730,435500,373000,3220.0,England,8.0,7,2017,2023,UKBMS,53.25283011897414,-1.4693796739550178
4845,Poolsbrook Country Park North,SK440741,444000,374100,3050.0,England,9.0,7,2017,2023,UKBMS,53.26208237621599,-1.341837027123416
4846,Poolsbrook Country Park South,SK435733,443500,373300,3480.0,England,10.0,7,2017,2023,UKBMS,53.254932942805986,-1.3494412777791134
4848,Clover Close Meadows Elvaston,SK407323,440700,332300,2200.0,England,6.0,7,2017,2023,UKBMS,52.88662374775615,-1.3965789060301639
4853,Manor Farm LNR Long Eaton,SK499341,449900,334100,1150.0,England,1.0,7,2017,2023,UKBMS,52.9020302640357,-1.2595882671681407
4857,Willesley Wood,SK333142,433300,314200,,England,10.0,6,2017,2023,UKBMS,52.724428040676706,-1.50838706309883
4858,Freckland Wood,SK524527,452400,352700,1250.0,England,5.0,6,2018,2023,UKBMS,53.068976315818276,-1.2194177948992817
4859,Newstead & Annesley CP 2,SK521530,452100,353000,2318.0,England,6.0,6,2018,2023,UKBMS,53.071702058314564,-1.2238461729828434
4860,"School Lane, Colston Bassett",SK693327,469300,332700,1400.0,England,8.0,6,2018,2023,UKBMS,52.88730046380809,-0.9715124851925638
4863,Bevercotes Pit Wood,SK696734,469600,373400,1332.0,England,5.0,6,2018,2023,UKBMS,53.253056450579294,-0.9582663020147765
4865,Dene Quarry & Gang Mine NR,SK280550,428000,355000,3713.0,England,9.0,6,2018,2023,UKBMS,53.09148120363648,-1.5833563994928137
4866,Markham South Pit - Linear Route,SK450715,445000,371500,2810.0,England,7.0,6,2018,2023,UKBMS,53.23862949711605,-1.3272133019622543
4867,Markham South Pit - Perimeter Route,SK450710,445000,371000,2605.0,England,8.0,6,2018,2023,UKBMS,53.23413540447169,-1.3272837376668027
4868,Bamford 2,SK200820,420000,382000,2575.0,England,8.0,6,2018,2023,UKBMS,53.334534536286355,-1.7011275535552908
4869,Derby Canal Little Eaton,SK363406,436300,340600,1500.0,England,5.0,6,2018,2023,UKBMS,52.96154550807675,-1.4610411590790997
4870,The Forge Ironville,SK441512,444100,351200,1500.0,England,5.0,6,2018,2023,UKBMS,53.05624135408389,-1.343484775992021
4874,"Brown's Hay, Sandhills",SK506109,450600,310900,,England,15.0,6,2018,2023,UKBMS,52.693427038081246,-1.2527638823028084
4875,Charnwood Lodge,SK468157,446800,315700,,England,9.0,6,2018,2023,UKBMS,52.736914864736576,-1.3083018145735217
4876,"Cover Cloud, Sandhills",SK497103,449700,310300,,England,15.0,6,2018,2023,UKBMS,52.68811684725418,-1.2661693993581598
4877,Fosse Meadows (2018),SP489910,448900,291000,,England,10.0,6,2018,2023,UKBMS,52.5147006093582,-1.2808495780752303
4880,Quarry Lane Nature Reserve,SK534601,453400,360100,2500.0,England,9.0,4,2019,2022,UKBMS,53.13538976692787,-1.203267370327369
4881,Ashbourne Town,SK175465,417500,346500,1703.0,England,10.0,5,2019,2023,UKBMS,53.01551997801152,-1.7405989114305542
4883,Norbriggs Flash,SK444754,444400,375400,2475.0,England,8.0,5,2019,2023,UKBMS,53.27373373994061,-1.3356598750444457
4884,Cunningdale,SK076732,407600,373200,1437.0,England,6.0,5,2019,2023,UKBMS,53.25575466554513,-1.8875417831835353
4885,Eastern Moors - Curbar,SK255755,425500,375500,3990.0,England,9.0,4,2019,2023,UKBMS,53.27587402127775,-1.6190573049763168
4886,Charnwood Lodge Timberwood Hill,SK471148,447100,314800,,England,12.0,5,2019,2023,UKBMS,52.72879886354214,-1.303987794913443
4887,QEII Diamond Jubilee Wood,SK385123,438500,312300,,England,10.0,5,2019,2023,UKBMS,52.70700467171076,-1.4316198966385127
4889,Mapleton,SK165482,416500,348200,2361.0,England,10.0,4,2019,2022,UKBMS,53.030832900174275,-1.7554181839704581
4891,Stoney Wood Wirksworth,SK284543,428400,354300,1000.0,England,5.0,5,2019,2023,UKBMS,53.085168010722334,-1.577445370344597
4892,Tansley Dale,SK171747,417100,374700,1380.0,England,8.0,5,2019,2023,UKBMS,53.269018661101896,-1.7450662395566978
4893,BASF Factory Alfreton,SK415545,441500,354500,912.0,England,6.0,4,2019,2023,UKBMS,53.08611113213753,-1.3818494668453971
4894,Wilwell Farm Cutting,SK567350,456700,335000,1600.0,England,6.0,4,2020,2023,UKBMS,52.90944696344279,-1.1583480248525593
4895,Radcliffe On Trent (clifftop riverside and field margin),SK651406,465100,340600,3270.0,England,7.0,4,2020,2023,UKBMS,52.95882955706011,-1.0323411099463067
4896,"The Hook, Lady Bay",SK592385,459200,338500,2150.0,England,8.0,4,2020,2023,UKBMS,52.940636679799994,-1.1205419782975243
4897,Hucknall Ranges,SK532505,453200,350500,2920.0,England,10.0,4,2020,2023,UKBMS,53.04912335922297,-1.20784226845971
4898,Lubrizol Estate Hazelwood,SK320455,432000,345500,941.0,England,6.0,4,2020,2023,UKBMS,53.00586387382299,-1.5245706145351
4900,Studland Common,SZ276922,427600,92200,1800.0,England,10.0,8,2016,2023,UKBMS,50.728768083956304,-1.6103183031239063
4901,Frohawk,SU318048,431800,104800,2320.0,England,6.0,8,2016,2023,UKBMS,50.84185706926489,-1.5497267568792565
4902,Janesmoor,SU252135,425200,113500,2570.0,England,7.0,8,2016,2023,UKBMS,50.9204134168421,-1.6428644596652957
4903,RSPB Hazeley Heath East,SU745590,474500,159000,870.0,England,5.0,7,2016,2023,UKBMS,51.32523188384756,-0.93219800665461
4904,RSPB Hazeley Heath West,SU750581,475000,158100,1365.0,England,6.0,7,2016,2023,UKBMS,51.31707512989552,-0.9252126873774753
4905,Acres Down,SU268093,426800,109300,2370.0,England,10.0,8,2016,2023,UKBMS,50.882574426577634,-1.6204096251159017
4907,Selborne Common,SU736331,473600,133100,1500.0,England,12.0,7,2017,2023,UKBMS,51.092497616247186,-0.9504175412140585
4908,Briddlesford Woods Nature Reserve 1,SZ549905,454900,90500,2483.0,England,15.0,7,2017,2023,UKBMS,50.71154881355674,-1.2238033544372637
4910,Blashford Lakes South,SU150077,415000,107700,3490.0,England,7.0,7,2017,2023,UKBMS,50.868611166023214,-1.7882093498591942
4911,Kemphill Moor Copse,SZ569896,456900,89600,1484.0,England,10.0,7,2017,2023,UKBMS,50.703264243759136,-1.1956182855284083
4912,Blashford Lakes North,SU155084,415500,108400,1960.0,England,6.0,7,2017,2023,UKBMS,50.874892733082454,-1.7810746161905169
4913,Morn Hill (Mound & Percy Hobbs Meadows),SU518292,451800,129200,1000.0,England,10.0,7,2017,2023,UKBMS,51.05981050617625,-1.2622314833480723
4914,Gilbert White's House Garden and Meadow,SU740334,474000,133400,1617.0,England,6.0,7,2017,2023,UKBMS,51.09514339024099,-0.9446454552310611
4915,Blackwater New Forest,SU264047,426400,104700,2303.0,England,10.0,7,2017,2023,UKBMS,50.841228368801815,-1.6264259114816
4916,Harewood Common,SU393452,439300,145200,1172.0,England,4.0,7,2017,2023,UKBMS,51.204665372798466,-1.4388458473300425
4917,Vales Moor,SU189040,418900,104000,2300.0,England,10.0,7,2017,2023,UKBMS,50.835225812514665,-1.7329781215245952
4918,Abbotswood,SU363225,436300,122500,1222.0,England,5.0,7,2017,2023,UKBMS,51.00075145619607,-1.484061459309901
4919,Westend Copse,SU458145,445800,114500,1200.0,England,8.0,6,2017,2023,UKBMS,50.92814183029749,-1.3496896285671256
4921,Basing Wood,SU645555,464500,155500,2163.0,England,9.0,6,2018,2023,UKBMS,51.294984817043854,-1.0763234022636297
4922,Roe North,SU197094,419700,109400,2960.0,England,10.0,6,2018,2023,UKBMS,50.883757973786906,-1.7213288364341697
4923,Roe South,SU202086,420200,108600,2525.0,England,6.0,6,2018,2023,UKBMS,50.87654695809825,-1.714265242657939
4924,Great Linford,SU182077,418200,107700,2500.0,England,8.0,6,2018,2023,UKBMS,50.86851990295093,-1.7427356240226644
4925,Romsey Allotment Holders Association Allotments,SU360210,436000,121000,1066.0,England,11.0,6,2018,2023,UKBMS,50.98728241496596,-1.4884848068487755
4926,Staunton Country Park (woods),SU721092,472100,109200,1504.0,England,7.0,5,2018,2022,UKBMS,50.87780732087802,-0.9765677391298367
4927,Staunton Country Park (meadow & lake),SU717090,471700,109000,2358.0,England,10.0,5,2018,2022,UKBMS,50.87605881012804,-0.9822913866049813
4928,Little Linford,SU185072,418500,107200,1920.0,England,5.0,6,2018,2023,UKBMS,50.86401426344022,-1.7384976034832162
4929,Yew Hill (Hill Top),SU453264,445300,126400,935.0,England,9.0,5,2018,2022,UKBMS,51.035182412306256,-1.3553240189342401
4931,Hightown Common,SU179054,417900,105400,1320.0,England,8.0,6,2018,2023,UKBMS,50.84784676214134,-1.7471105435599066
4933,Furzey Gardens,SU273113,427300,111300,2000.0,England,6.0,4,2019,2023,UKBMS,50.900535516191006,-1.6131534860840313
4934,Ballard Water Meadow,SZ240955,424000,95500,1850.0,England,7.0,5,2019,2023,UKBMS,50.75860243896222,-1.661109361779875
4935,West Wood (Burrow Copse),SU423296,442300,129600,1190.0,England,6.0,5,2019,2023,UKBMS,51.0641838065759,-1.3977333653707256
4938,Ox Drove Meadow,SU396469,439600,146900,750.0,England,4.0,5,2019,2023,UKBMS,51.21993021207633,-1.4343647495379241
4939,Black Down,SU352069,435200,106900,2080.0,England,8.0,5,2019,2023,UKBMS,50.86054434846465,-1.5012386302121141
4940,Broomy Plain,SU222114,422200,111400,2522.0,England,6.0,5,2019,2023,UKBMS,50.9016523482482,-1.6856702229917109
4941,Claypits Bottom,SU227162,422700,116200,2729.0,England,8.0,5,2019,2023,UKBMS,50.944795634424345,-1.6782626617735943
4942,Dur Hill,SU192013,419200,101300,2901.0,England,7.0,5,2019,2023,UKBMS,50.81093648799594,-1.728858524657588
4947,Micheldever Wood,SU531369,453100,136900,3280.0,England,10.0,5,2019,2023,UKBMS,51.12892505938707,-1.2425533566263984
4949,Brockishill,SU300118,430000,111800,2541.0,England,9.0,4,2020,2023,UKBMS,50.90489814577129,-1.5747185285345042
4950,Martin Down Kitts Grave Extension,SU032206,403200,120600,700.0,England,5.0,4,2020,2023,UKBMS,50.98479587689807,-1.9557860418822506
4951,Yateley Common South Central,SU826589,482600,158900,970.0,England,4.0,4,2020,2023,UKBMS,51.32321588194203,-0.8159992268148123
4952,Yateley Common East,SU835595,483500,159500,1380.0,England,4.0,4,2020,2023,UKBMS,51.328478517366534,-0.802946000000985
4953,Yateley Common West,SU814589,481400,158900,1450.0,England,5.0,4,2020,2023,UKBMS,51.32338863618796,-0.8332164768444014
4955,Bouldnor Forest 2,SZ379901,437900,90100,2410.0,England,3.0,4,2020,2023,UKBMS,50.70930563857054,-1.4646053009941586
4956,Hyden Hill,SU688196,468800,119600,2152.0,England,7.0,3,2021,2023,UKBMS,50.9717158484677,-1.0215060738797554
4958,Shawford Down,SU470249,447000,124900,1122.0,England,8.0,3,2021,2023,UKBMS,51.021558849825695,-1.331275032150085
4959,Deacon Hill,SU494276,449400,127600,1499.0,England,6.0,3,2021,2023,UKBMS,51.04563518480724,-1.2966926102180183
4960,Whitchurch (Mill-trail),SU472478,447200,147800,4005.0,England,10.0,3,2021,2023,UKBMS,51.22744610267458,-1.3254324661603372
4961,Shepherd's Chine,SZ445799,444500,79900,1166.0,England,7.0,3,2021,2023,UKBMS,50.61711853083531,-1.3723617039590261
4962,Grange Chine,SZ420817,442000,81700,783.0,England,5.0,3,2021,2023,UKBMS,50.633489647089725,-1.4074933720742973
4963,Hillier Gardens 2,SU379238,437900,123800,1142.0,England,6.0,2,2022,2023,UKBMS,51.01233797737256,-1.4611254978156978
4964,Keeping Marsh 22,SU398011,439800,101100,2004.0,England,5.0,2,2022,2023,UKBMS,50.80809297997226,-1.4365118852755236
4965,Poulner Lakes,SU156068,415600,106800,1331.0,England,6.0,2,2022,2023,UKBMS,50.860502261115045,-1.7797211017785883
4966,Lepe Meadows and Nature Reserve,SZ456987,445600,98700,2066.0,England,10.0,2,2022,2023,UKBMS,50.78608583991425,-1.3544987091227525
4967,Brading Down LNR 2,SZ600867,460000,86700,1680.0,England,6.0,2,2022,2023,UKBMS,50.67687719607399,-1.1521950057492076
4968,Hillier Gardens 1,SU374239,437400,123900,1336.0,England,4.0,2,2022,2023,UKBMS,51.01326979456231,-1.4682421862870823
4969,Twyford Waterworks,SU492248,449200,124800,1567.0,England,6.0,2,2022,2023,UKBMS,51.02047607132683,-1.299924639679181
4970,RSPB Hazeley Bottom,SU746585,474600,158500,1413.0,England,11.0,2,2022,2023,UKBMS,51.320723711097884,-0.9308676214050655
4971,Bere Copse,SU604148,460400,114800,270.0,England,1.0,2,2022,2023,UKBMS,50.92949813350629,-1.1419204731177515
4972,Bury Hill,SU345432,434500,143200,2000.0,England,5.0,2,2022,2023,UKBMS,51.1869913028174,-1.5077411376585774
5001,Skirrid,SO327167,332700,216700,1130.0,Wales,8.0,6,2017,2023,UKBMS,51.84482573663744,-2.978340067333582
5003,"Fenns, Whixall NNR transect C",SJ482371,348200,337100,3500.0,Wales,11.0,6,2018,2023,UKBMS,52.928794212223714,-2.772025254026109
5004,"Bryn Euryn, Rhos-on-Sea",SH829800,282900,380000,1000.0,Wales,9.0,6,2018,2023,UKBMS,53.30396124345058,-3.7587406355802586
5005,Merthyr Mawr NNR 2,SS860770,286000,177000,867.0,Wales,3.0,6,2018,2023,UKBMS,51.4804317734954,-3.6430403345057734
5008,New Range Transect (South Stack),SH214799,221400,379900,2142.0,Wales,7.0,4,2018,2023,UKBMS,53.28589493787045,-4.68067715000535
5012,"Rhyd-y-Fen, Migneint",SH832397,283200,339700,2723.0,Wales,7.0,5,2018,2023,UKBMS,52.941940294762446,-3.7395540103276526
5025,Skrinkle - Manorbier,SS080975,208000,197500,1314.0,Wales,6.0,4,2020,2023,UKBMS,51.64343586680831,-4.776346549754627
5026,Freshwater East,SS016979,201600,197900,1345.0,Wales,9.0,4,2020,2023,UKBMS,51.64480567175104,-4.868948852016
5027,Cwm Ivy Tor (2021 route),SS436941,243600,194100,1357.0,Wales,14.0,3,2021,2023,UKBMS,51.62392458664086,-4.260785589078675
5028,Bishopston Valley,SS568877,256800,187700,1985.0,Wales,9.0,3,2021,2023,UKBMS,51.56993400739617,-4.067621246765325
5029,Pwll Du - Brandy Cove,SS581872,258100,187200,1119.0,Wales,9.0,3,2021,2023,UKBMS,51.56577010994809,-4.048674527813132
5030,Coed Bell,SJ088830,308800,383000,2195.0,Wales,11.0,3,2021,2023,UKBMS,53.33601696926259,-3.3710714812364118
5031,Tir Cethyn Farm,SS556952,255600,195200,1285.0,Wales,8.0,3,2021,2023,UKBMS,51.63701776587435,-4.0880140339354005
5032,Lavernock National Nature Reserve,ST180679,318000,167900,396.0,Wales,8.0,3,2021,2023,UKBMS,51.40417730947359,-3.1802412641641666
5033,Lydstep Point,SS088975,208800,197500,1561.0,Wales,4.0,2,2022,2023,UKBMS,51.64370853465125,-4.76479879443415
5034,Centre for Alternative Technology Wales,SH755044,275500,304400,1229.0,Wales,7.0,1,2022,2022,UKBMS,52.62304397243457,-3.8406377306416424
5035,Giltar Point,SS120985,212000,198500,1731.0,Wales,6.0,2,2022,2023,UKBMS,51.65376896053755,-4.719143683776625
5036,"Llandough Allotments, Corbett Road",ST166725,316600,172500,368.0,Wales,6.0,2,2022,2023,UKBMS,51.44532505793425,-3.2014475530582573
5101,"RSPB Old Hall Marshes, Essex",TL960123,596000,212300,12455.0,England,15.0,6,2017,2023,UKBMS,51.775041513151955,0.8396074406349314
5103,Coton Countryside Reserve North (CPPF),TL413583,541300,258300,2300.0,England,6.0,7,2017,2023,UKBMS,52.20481925363727,0.06633223838953435
5107,Hyde Hall,TQ782997,578200,199700,6460.0,England,15.0,4,2018,2023,UKBMS,51.66781393914277,0.5754518280328885
5109,Pound Wood EWT,TQ820888,582000,188800,2360.0,England,15.0,6,2018,2023,UKBMS,51.568695090804056,0.6246829716443192
5110,Ferry Medows B 2019,TL142972,514200,297200,2300.0,England,10.0,5,2019,2023,UKBMS,52.56066001012662,-0.3167943573851227
5111,EWT Hanningfield Reserve,TQ726972,572600,197200,1800.0,England,10.0,5,2019,2023,UKBMS,51.647103948190534,0.49332408629815544
5112,Ferry Medows A 2019,TL148975,514800,297500,2700.0,England,10.0,5,2019,2023,UKBMS,52.56322967496841,-0.30784381600582206
5114,Ferry Meadows E,TL152977,515200,297700,2505.0,England,11.0,4,2020,2023,UKBMS,52.5649424033647,-0.3018762137270485
5115,Spaldwick Village,TL127723,512700,272300,3100.0,England,6.0,4,2020,2023,UKBMS,52.33721491734549,-0.34730882438540883
5117,Little Baddow Heath,TL788063,578800,206300,2000.0,England,12.0,4,2020,2023,UKBMS,51.726904664443964,0.5874991113317698
5118,Ferry Meadows C,TL149974,514900,297400,2291.0,England,9.0,4,2020,2023,UKBMS,52.56231000051907,-0.3064038781573838
5119,Ferry Meadows D,TL139981,513900,298100,1822.0,England,5.0,4,2020,2023,UKBMS,52.56881018599069,-0.32090894483644933
5120,Cambridge University Botanic Garden,TL454571,545400,257100,1600.0,England,9.0,3,2021,2023,UKBMS,52.192972903515326,0.12577196559884757
5121,Warley Place NR,TQ583908,558300,190800,1778.0,England,15.0,3,2021,2023,UKBMS,51.593810045658536,0.28393077523536125
5123,RSPB Wallasea Island Marsh Flats Trail,TQ9594,595000,194000,4716.0,England,11.0,3,2021,2023,UKBMS,51.61105159516897,0.81491136262051
5124,Great Holland Pits EWT,TM203190,620300,219000,290.0,England,14.0,3,2021,2023,UKBMS,51.826160026181135,1.1955304090779673
5125,Chafford Gorges Nature park Wouldham Cliffs,TQ601793,560100,179300,832.0,England,5.0,3,2021,2023,UKBMS,51.48998462557844,0.30466728493552037
5126,Fingringhoe Wick 2,TM050193,605000,219300,1970.0,England,10.0,3,2021,2023,UKBMS,51.83467273910105,0.9740132027183197
5127,Trumpington Meadows nature reserve (south),TL434536,543400,253600,2362.0,England,5.0,2,2022,2023,UKBMS,52.162050762245634,0.09505510378423827
5128,Hainault Forest,TQ476926,547600,192600,2986.0,England,7.0,1,2022,2022,UKBMS,51.61288584379464,0.1303343028967542
5129,Swadywell Pit,TF118034,511800,303400,1860.0,England,8.0,2,2022,2023,UKBMS,52.616871445744856,-0.3500909373010071
5130,Etton Maxey,TF138077,513800,307700,2236.0,England,8.0,1,2022,2022,UKBMS,52.655095660131,-0.31908316650960594
5131,Garden on Meadgate Avenue,TL718058,571800,205800,119.0,England,9.0,1,2022,2022,UKBMS,51.724600153848,0.48600244298091533
5132,Abbess Roding,TL571112,557100,211200,500.0,England,4.0,1,2022,2022,UKBMS,51.777421483838786,0.275795819441328
5133,Meadgate Park & Meadow,TL726058,572600,205800,860.0,England,4.0,1,2022,2022,UKBMS,51.724354683692845,0.49757339263629513
5134,"Park Wood, Chrishall",TL451390,545100,239000,2656.0,England,3.0,1,2022,2022,UKBMS,52.030434611429506,0.11367987810575902
5135,Baddow Meads - River Chelmer,TL723062,572300,206200,3964.0,England,7.0,1,2022,2022,UKBMS,51.728039906729,0.4934320673172718
5136,Magog Downs,TL490530,549000,253000,3282.0,England,10.0,2,2022,2023,UKBMS,52.1551786624154,0.1765998720700642
5137,Cely Woods,TQ560833,556000,183300,,England,12.0,1,2022,2022,UKBMS,51.52706780885252,0.24742900205871893
5138,Lee Valley - Norman's Pond,TL378033,537800,203300,859.0,England,1.0,1,2022,2022,UKBMS,51.711515615052996,-0.00689309762759162
5139,West Wood,TL622332,562200,233200,2050.0,England,9.0,2,2022,2023,UKBMS,51.973600311739695,0.35998321718489007
5200,"Cheriton Hill, East",TR203381,620300,138100,1500.0,England,7.0,5,2018,2022,UKBMS,51.09986016658513,1.1451576693133032
5201,Old Park Hill Nature Reserve,TR296436,629600,143600,3300.0,England,14.0,5,2018,2023,UKBMS,51.14558984325091,1.2812604810850319
5202,Bockhill Farm and Kingsdown Leas,TR377474,637700,147400,4000.0,England,10.0,4,2018,2022,UKBMS,51.176396002763916,1.3993620849950121
5203,Darland Banks C,TQ786658,578600,165800,1500.0,England,7.0,6,2018,2023,UKBMS,51.363184701655236,0.5640665303421034
5207,One Tree Hill (Greenwich Park),TQ390775,539000,177500,1350.0,England,10.0,5,2019,2023,UKBMS,51.47938605625143,0.0002520625216881403
5209,"Broadham Woods, Scotney Castle",TQ690357,569000,135700,3372.0,England,12.0,5,2019,2023,UKBMS,51.095705727218586,0.41212046673082786
5211,South Foreland Valley and Lighthouse Down,TR363438,636300,143800,2000.0,England,10.0,5,2019,2023,UKBMS,51.14466094120612,1.3770072284347925
5212,"Parkland 2019, Scotney Castle",TQ686352,568600,135200,3174.0,England,15.0,5,2019,2023,UKBMS,51.09133129959527,0.4061802043326168
5213,Shorne Woods Country Park,TQ683699,568300,169900,4600.0,England,12.0,4,2019,2023,UKBMS,51.403160454535175,0.4182017708182272
5215,Lullingstone Country Park,TQ526638,552600,163800,3100.0,England,8.0,5,2019,2023,UKBMS,51.35278937971268,0.19005689690649494
5216,Trosley Country Park,TQ632610,563200,161000,4100.0,England,6.0,5,2019,2023,UKBMS,51.32469066647768,0.34086615088307154
5217,Crofton Woods,TQ441664,544100,166400,2200.0,England,6.0,5,2019,2023,UKBMS,51.37836980748251,0.06913171716842215
5218,Devonshire Road Nature Reserve,TQ355736,535500,173600,800.0,England,8.0,3,2019,2022,UKBMS,51.44518789488392,-0.05161056219463739
5222,"Crofton Heath, Clay & Sparrow Woods & Kyd Brook",TQ442667,544200,166700,4027.0,England,11.0,3,2021,2023,UKBMS,51.381040170040414,0.07068923954165002
5223,Dover Castle,TR326418,632600,141800,1500.0,England,9.0,3,2021,2023,UKBMS,51.128221313533494,1.3229140660614112
5224,Crockhamhill Common,TQ441517,544100,151700,1553.0,England,6.0,3,2021,2023,UKBMS,51.246277035978764,0.06319719124467711
5225,Fackenden Down 2021,TQ529604,552900,160400,3587.0,England,9.0,3,2021,2023,UKBMS,51.32215939454254,0.19290314961140745
5226,Hosey Common,TQ453530,545300,153000,,England,5.0,3,2021,2023,UKBMS,51.25765456114952,0.08090533916317456
5227,Thornden Wood East,TR150638,615000,163800,2111.0,England,6.0,3,2021,2023,UKBMS,51.33262884248048,1.0849726584136388
5228,Thornden Wood West,TR142637,614200,163700,3071.0,England,8.0,3,2021,2023,UKBMS,51.3320326385344,1.0734462190791605
5229,Nemo Down,TR292417,629200,141700,1320.0,England,3.0,3,2021,2023,UKBMS,51.1286930926596,1.2743437304852798
5230,Riverside Country Park,TQ809682,580900,168200,4954.0,England,15.0,2,2021,2022,UKBMS,51.38401524263979,0.5982887575049729
5231,Park Gate Down,TR168459,616800,145900,1086.0,England,3.0,2,2021,2022,UKBMS,51.171228466657524,1.0999362870666003
5233,Maceys Meadow,TQ675580,567500,158000,1617.0,England,8.0,3,2021,2023,UKBMS,51.296490141225895,0.40111473109881246
5234,Henley Down,TQ667665,566700,166500,1840.0,England,7.0,3,2021,2023,UKBMS,51.37308771469591,0.39362590534675146
5236,Brockley and Ladywell Cemetery,TQ368749,536800,174900,2327.0,England,11.0,2,2022,2023,UKBMS,51.45655777032515,-0.0324137792318754
5237,Hoblingwell Wood,TQ459692,545900,169200,1849.0,England,9.0,2,2022,2023,UKBMS,51.40307018694635,0.0961264600325421
5238,Braeburn Park Transect 1 Woodland & Scrub,TQ508739,550800,173900,2130.0,England,9.0,2,2022,2023,UKBMS,51.44401992763176,0.1685158993089384
5239,Braeburn Park Transect 2 Grassland & Scrub,TQ511738,551100,173800,797.0,England,3.0,2,2022,2023,UKBMS,51.44304153297384,0.1727867023335314
5240,Hayes Common,TQ411647,541100,164700,,England,5.0,2,2022,2023,UKBMS,51.36384644996732,0.025380783778998006
5241,Chelsfield Green,TQ473641,547300,164100,1604.0,England,6.0,2,2022,2023,UKBMS,51.35688251896957,0.11412589227524902
5242,Eltham Park,TQ438753,543800,175300,1481.0,England,5.0,2,2022,2023,UKBMS,51.458418864485296,0.06843160623497928
5243,Prestson Hill,TQ529624,552900,162400,4080.0,England,8.0,2,2022,2023,UKBMS,51.34012965728928,0.19376082169872616
5244,Sevenoaks Common,TQ529525,552900,152500,,England,8.0,1,2022,2022,UKBMS,51.25117621357454,0.1895239874295876
5245,Farley Common,TQ437540,543700,154000,,England,8.0,1,2022,2022,UKBMS,51.26704574458253,0.058393192006314106
5246,Jumping Downs,TR193486,619300,148600,1263.0,England,6.0,1,2022,2022,UKBMS,51.19451795793434,1.1372882471393329
5300,Lancing Ring,TQ181062,518100,106200,2320.0,England,9.0,6,2018,2023,UKBMS,50.84328149883161,-0.3239489618775161
5302,Slindon Park Woods,SU954075,495400,107500,2661.0,England,6.0,5,2018,2023,UKBMS,50.85915239205164,-0.6459199116739955
5303,"The Ghyll LNR, Crowborough",TQ532306,553200,130600,3400.0,England,13.0,6,2018,2023,UKBMS,51.05431480503062,0.18450516389377114
5304,Lane End Common,TQ402223,540200,122300,1570.0,England,6.0,6,2018,2023,UKBMS,50.98304308046772,-0.004060357630269016
5305,Northwood,SU956110,495600,111000,2490.0,England,10.0,6,2018,2023,UKBMS,50.89058407115101,-0.6421651997572013
5306,Pound Common,TQ378207,537800,120700,1800.0,England,14.0,6,2018,2023,UKBMS,50.969242807161656,-0.03883545777091737
5308,Seaford Head East 1,TV509975,550900,97500,2820.0,England,12.0,6,2018,2023,UKBMS,50.7574841196221,0.13804111142043446
5311,Seaford Head West,TV497981,549700,98100,2100.0,England,14.0,3,2019,2023,UKBMS,50.763186498227654,0.12128425146652907
5312,Bateman's 01,TQ667239,566700,123900,2750.0,England,10.0,5,2019,2023,UKBMS,50.99036216118613,0.3738777045687606
5313,Chanctonbury Ring,TQ140121,514000,112100,2440.0,England,4.0,5,2019,2023,UKBMS,50.897137226573086,-0.3803205591808633
5315,Jointer Copse,TQ327144,532700,114400,920.0,England,11.0,3,2020,2023,UKBMS,50.9138183511778,-0.11371921460160947
5316,Footpaths near Billingshurst,TQ095248,509500,124800,1950.0,England,5.0,4,2020,2023,UKBMS,51.01216719709866,-0.44046721019557056
5317,Verdley Wood,SU902260,490200,126000,1539.0,England,4.0,4,2020,2023,UKBMS,51.02630219603481,-0.7152060618985288
5319,Owlbeech Wood Horsham,TQ202317,520200,131700,1722.0,England,10.0,3,2021,2023,UKBMS,51.07205098837525,-0.2857222967582839
5320,The Liz Williams Butterfly Haven,TQ309072,530900,107200,449.0,England,13.0,3,2021,2023,UKBMS,50.8495177292004,-0.14188566636230307
5321,Knowlands Wood,TQ417171,541700,117100,2968.0,England,12.0,2,2021,2022,UKBMS,50.93594519430703,0.015271821234254501
5322,Crowborough Country Park,TQ529299,552900,129900,937.0,England,2.0,3,2021,2023,UKBMS,51.04810473957831,0.17993263049282057
5323,"Coldean Woods, Brighton",TQ335085,533500,108500,1614.0,England,7.0,3,2021,2023,UKBMS,50.860607884779625,-0.10449942989132581
5324,Graffham Down - Dimmer & Parish,SU913163,491300,116300,763.0,England,6.0,3,2021,2023,UKBMS,50.93892623820965,-0.7019591729477671
5325,Graffham Down - Bowleys Field (2021 NEW ROUTE),SU918163,491800,116300,667.0,England,3.0,3,2021,2023,UKBMS,50.93884695268591,-0.6948449699040065
5326,Walshes Park,TQ523284,552300,128400,4031.0,England,11.0,2,2022,2023,UKBMS,51.034785436319126,0.17074929657665833
5400,Kincorth Hill LNR,NJ939027,393900,802700,2900.0,Scotland,10.0,6,2018,2023,UKBMS,57.115205474163645,-2.1023573325788774
5401,Kernsary path,NG873810,187300,881000,2150.0,Scotland,4.0,2,2018,2023,UKBMS,57.76806551197479,-5.577900104002189
5402,Muirshiel Country Park Transect 1,NS311632,231100,663200,900.0,Scotland,5.0,5,2018,2023,UKBMS,55.83238605851768,-4.698327821544899
5403,Muirshiel Country Park Transect 2,NS311631,231100,663100,1875.0,Scotland,6.0,5,2018,2023,UKBMS,55.83148856317348,-4.698265633251404
5406,Sustrans NCN77 Section 3,NO100266,310000,726600,1436.0,Scotland,8.0,6,2016,2022,UKBMS,56.422999392867624,-3.460645357446071
5408,Castlemilk Park,NS607593,260700,659300,2000.0,Scotland,4.0,6,2018,2023,UKBMS,55.80682640483119,-4.224160418716798
5409,Linn Park Original Meadow,NS581592,258100,659200,1400.0,Scotland,11.0,6,2018,2023,UKBMS,55.80517163708758,-4.265556248833206
5410,Holyrood Park: Grayling transect,NT275733,327500,673300,1479.0,Scotland,6.0,6,2018,2023,UKBMS,55.94724600978446,-3.162449364004686
5412,Sustrans East Haven,NO590362,359000,736200,1557.0,Scotland,5.0,6,2018,2023,UKBMS,56.51604927683553,-2.6678859111073474
5413,Carrick Shore,NX576500,257600,550000,1100.0,Scotland,8.0,5,2019,2023,UKBMS,54.824541594209315,-4.218078381513804
5414,Holmhills Wood Community Park,NS638597,263800,659700,1974.0,Scotland,11.0,5,2019,2023,UKBMS,55.81130209573141,-4.174939445137311
5415,Donmouth LNR,NJ952092,395200,809200,1600.0,Scotland,8.0,5,2019,2023,UKBMS,57.173610725965005,-2.081019592672686
5416,Fallin Bing,NS839911,283900,691100,1900.0,Scotland,8.0,5,2019,2023,UKBMS,56.09852662876178,-3.8679408674515043
5417,Little France Park,NT300704,330000,670400,1800.0,Scotland,7.0,3,2019,2023,UKBMS,55.921566304203644,-3.121674888995474
5419,Calton Hill Grayling Transect,NT262741,326200,674100,850.0,Scotland,3.0,4,2019,2023,UKBMS,55.954234149075674,-3.183479319143872
5421,Fochabers amended,NJ341589,334100,858900,700.0,Scotland,3.0,4,2020,2023,UKBMS,57.61524589801699,-3.1047349488918936
5422,Gordon Castle Walled Garden amended,NJ348591,334800,859100,750.0,Scotland,2.0,4,2020,2023,UKBMS,57.61714389119653,-3.093074306467092
5423,Howietoun Fish Ponds,NS784884,278400,688400,1100.0,Scotland,3.0,4,2020,2023,UKBMS,56.07291379672661,-3.9550701066156044
5424,Monikie Park,NO502383,350200,738300,2075.0,Scotland,5.0,4,2020,2023,UKBMS,56.534062417509844,-2.8112811798086064
5425,Water of Leith,NT219703,321900,670300,1650.0,Scotland,6.0,4,2020,2023,UKBMS,55.91941962441852,-3.2512245063084486
5426,Carron Woodlands,NJ217409,321700,840900,2900.0,Scotland,9.0,4,2020,2023,UKBMS,57.45161982017701,-3.3064401550460834
5427,Havoc Meadow,NS381753,238100,675300,1780.0,Scotland,8.0,4,2020,2023,UKBMS,55.943390915843125,-4.593931838818335
5428,Redlees Quarry,NS681598,268100,659800,1025.0,Scotland,4.0,4,2020,2023,UKBMS,55.813393888487866,-4.106424988795666
5429,Cambusmore B,NN644058,264400,705800,2310.0,Scotland,3.0,4,2020,2023,UKBMS,56.22536415005246,-4.188669394326684
5430,Haughhead,NT106475,310600,647500,1560.0,Scotland,4.0,4,2020,2023,UKBMS,55.71265730505666,-3.4244692706093596
5431,Stonehill - Monument,NN810014,281000,701400,1740.0,Scotland,1.0,3,2020,2022,UKBMS,56.19030100578342,-3.9191356704970928
5432,Sheriff Muir,NN833028,283300,702800,2395.0,Scotland,1.0,3,2020,2022,UKBMS,56.20344188165277,-3.882712516336533
5434,S. Muir. Mon - Inn.,NN821019,282100,701900,1200.0,Scotland,1.0,3,2020,2022,UKBMS,56.19506449280276,-3.901643667535386
5436,Abbotsford House,NT507343,350700,634300,1065.0,Scotland,10.0,3,2020,2022,UKBMS,55.599808643816814,-2.7839520113637857
5437,Jenny's Well LNR,NS499627,249900,662700,1967.0,Scotland,11.0,3,2021,2023,UKBMS,55.834112661467394,-4.398193523856518
5438,"Cannerton Brickworks (dis), Banknock",NS784796,278400,679600,1536.0,Scotland,8.0,3,2021,2023,UKBMS,55.99389504171971,-3.951078029434074
5439,Gourdon Coastal Walk,NO823706,382300,770600,1828.0,Scotland,5.0,3,2021,2023,UKBMS,56.82654349486892,-2.2916313599759315
5440,Sustrans - Croftamie,NS477862,247700,686200,2000.0,Scotland,5.0,3,2021,2023,UKBMS,56.04437364393352,-4.446554285735622
5441,Menstrie,NS850973,285000,697300,2123.0,Scotland,6.0,3,2021,2023,UKBMS,56.154467517869314,-3.8529442558606686
5442,Old Mine Nature Park,NS71456017,271450,660170,1545.0,Scotland,5.0,3,2021,2023,UKBMS,55.81761987368527,-4.053179890035966
5443,Ruaig,NM070470,107000,747000,2001.0,Scotland,7.0,3,2021,2023,UKBMS,56.523425236681994,-6.766120240204186
5444,The Saltings LNR,NS465726,246500,672600,1000.0,Scotland,4.0,3,2021,2023,UKBMS,55.921911284442515,-4.458037546963947
5445,Ardersier Common II,NH777559,277700,855900,1132.0,Scotland,8.0,3,2021,2023,UKBMS,57.57654467391919,-4.046748886036241
5446,Pitroddie Den,NO210251,321000,725100,1144.0,Scotland,5.0,3,2021,2023,UKBMS,56.411497765134456,-3.28191818322359
5447,House of Dun,NO668599,366800,759900,1784.0,Scotland,10.0,3,2021,2023,UKBMS,56.72957189451923,-2.544193147321255
5448,Leith Hall,NJ540296,354000,829600,1607.0,Scotland,6.0,3,2021,2023,UKBMS,57.354554097318434,-2.7661462588139125
5450,Drum Castle Estate,NJ796005,379600,800500,2170.0,Scotland,11.0,3,2021,2023,UKBMS,57.09502758650746,-2.338296386183147
5452,Straiton Pond LNR,NT282667,328200,666700,1760.0,Scotland,6.0,3,2021,2023,UKBMS,55.88806353574359,-3.149487253241002
5453,Girdle Burn,NT028322,302800,632200,2102.0,Scotland,5.0,3,2021,2023,UKBMS,55.57373138241132,-3.5431521468996743
5454,Saughton Park,NT221719,322100,671900,1015.0,Scotland,5.0,2,2021,2022,UKBMS,55.933824329885326,-3.2484873615324608
5457,Oldhall Ponds,NS337363,233700,636300,1323.0,Scotland,6.0,3,2021,2023,UKBMS,55.59184836920706,-4.640517140128454
5459,Talich Wildlife Reserve,NH850786,285000,878600,1083.0,Scotland,5.0,2,2021,2022,UKBMS,57.78224401249104,-3.9355958277623935
5460,Rewilding Denmarkfield - House Field,NO094280,309400,728000,789.0,Scotland,5.0,3,2021,2023,UKBMS,56.43545803710302,-3.4708541922570966
5461,Rewilding Denmarkfield - West Field,NO094283,309400,728300,786.0,Scotland,4.0,3,2021,2023,UKBMS,56.438152359691536,-3.4709582723351953
5462,Rewilding Denmarkfield - East Field,NO099285,309900,728500,1102.0,Scotland,4.0,3,2021,2023,UKBMS,56.44004442052002,-3.462921242124721
5463,Kingsbarns,NO602124,360200,712400,1593.0,Scotland,9.0,2,2022,2023,UKBMS,56.30234515696837,-2.6447594708782702
5464,Bo'ness Foreshore,NT005819,300500,681900,1500.0,Scotland,4.0,2,2022,2023,UKBMS,56.019648327597224,-3.597794100875389
5465,Hamiltonhill Claypits LNR,NS583675,258300,667500,1102.0,Scotland,6.0,2,2022,2023,UKBMS,55.87974680757874,-4.266702229921674
5466,Corstorphine Hill,NT203737,320300,673700,2114.0,Scotland,6.0,2,2022,2023,UKBMS,55.94969754605783,-3.2778236082562606
5467,Ravenscraig-Pathhead,NT291925,329100,692500,1963.0,Scotland,9.0,2,2022,2023,UKBMS,56.119955742105844,-3.1419182331375097
5468,Lower Meadow Valleyfield (new 2022),NT004862,300400,686200,1650.0,Scotland,6.0,2,2022,2023,UKBMS,56.058246325120585,-3.600996344493596
5469,Easter Anguston,NJ824017,382400,801700,1844.0,Scotland,10.0,2,2022,2023,UKBMS,57.10592340289554,-2.2921732616168415
5470,Newport-on-Tay,NO414268,341400,726800,1966.0,Scotland,5.0,2,2022,2023,UKBMS,56.42974460041864,-2.9517459163837145
5471,Holyrood Park - South,NT270728,327000,672800,862.0,Scotland,7.0,2,2022,2023,UKBMS,55.942678782648876,-3.1703180090368734
5472,Grandhome Moss,NJ914123,391400,812300,1367.0,Scotland,4.0,2,2022,2023,UKBMS,57.20140136279117,-2.143972592940677
5473,Pow Burn,NS345276,234500,627600,2102.0,Scotland,7.0,2,2022,2023,UKBMS,55.514030659950386,-4.622627886411279
5474,Kingsbarns Station,NO579115,357900,711500,1316.0,Scotland,8.0,2,2022,2023,UKBMS,56.294060802553524,-2.6817804380210206
5475,Maud Railway Path,NJ925478,392500,847800,1843.0,Scotland,5.0,1,2022,2022,UKBMS,57.52030607689767,-2.1268648277793374
5476,Longniddry No 4,NT441777,344100,677700,569.0,Scotland,8.0,2,2022,2023,UKBMS,55.98899491714294,-2.8976065196115925
5477,Ruchill Park,NS580680,258000,668000,1061.0,Scotland,9.0,2,2022,2023,UKBMS,55.88414733901641,-4.271755910404062
5478,Wester Kirk Craig,NS916977,291600,697700,1778.0,Scotland,5.0,2,2022,2023,UKBMS,56.15960667892395,-3.7469128321491016
5479,Levenhall Links,NT348738,334800,673800,,Scotland,9.0,2,2022,2023,UKBMS,55.952784920286305,-3.045705688108701
5480,Rex Park - Lyne Burn,NT102868,310200,686800,1208.0,Scotland,6.0,1,2022,2022,UKBMS,56.0655763091145,-3.443885021684067
5481,Clyde Walkway Wishaw,NS779525,277900,652500,1345.0,Scotland,6.0,1,2022,2022,UKBMS,55.75041969953263,-3.9468698713095227
5482,Lily Loch,NH533495,253300,849500,1572.0,Scotland,8.0,2,2022,2023,UKBMS,57.511844115523125,-4.450511485903871
5500,Merrington Green,SJ467209,346700,320900,1400.0,England,4.0,5,2019,2023,UKBMS,52.783033057200626,-2.7916819376241193
5501,Stanmore Country Park,SO740928,374000,292800,1800.0,England,8.0,5,2019,2023,UKBMS,52.53243967682095,-2.384713767832803
5502,Lyth Hill,SJ471067,347100,306700,2450.0,England,8.0,4,2019,2023,UKBMS,52.655432264509614,-2.7834607430853913
5504,Croft Castle,SO443663,344300,266300,2300.0,England,6.0,4,2019,2023,UKBMS,52.29199401307391,-2.818084104658371
5505,Blakeridge Wood,SO303863,330300,286300,2665.0,England,6.0,4,2019,2022,UKBMS,52.470166920039,-3.027483309535118
5506,Colemere,SJ433332,343300,333200,2367.0,England,5.0,2,2019,2023,UKBMS,52.89324370563633,-2.8442275165756814
5507,South Hyde Farm,SO738441,373800,244100,1413.0,England,5.0,4,2019,2022,UKBMS,52.09461663240981,-2.383853234763194
5511,Wyre Forest West - Edwards Way,SO744763,374400,276300,500.0,England,1.0,4,2020,2023,UKBMS,52.38412709280807,-2.377545505897289
5512,Bettisfield Moss NNR Transect A,SJ481351,348100,335100,1980.0,England,9.0,4,2020,2023,UKBMS,52.91080760280453,-2.773192304315293
5513,HoEF Sheriff's Lench,SP021485,402100,248500,2550.0,England,8.0,4,2020,2023,UKBMS,52.13479708008004,-1.9707344198557735
5514,SWT Wolseley Bridge visitor centre,SK024202,402400,320200,2050.0,England,6.0,4,2020,2023,UKBMS,52.77937831657125,-1.9658603407798871
5515,Quabbs Head,SO744454,374400,245400,2440.0,England,6.0,4,2020,2023,UKBMS,52.106332291433354,-2.375193410357123
5516,Grafton Wood Regeneration,SO972560,397200,256000,435.0,England,2.0,4,2020,2023,UKBMS,52.20222120077318,-2.0423879456989567
5517,The Cliffe,SJ394209,339400,320900,500.0,England,7.0,3,2021,2023,UKBMS,52.782261410788216,-2.8999002184793286
5522,Awnells Farm,SO659316,365900,231600,2249.0,England,6.0,3,2021,2023,UKBMS,51.98180586294973,-2.49791393161151
5523,Turnastone Court Farm,SO351365,335100,236500,2463.0,England,6.0,3,2021,2023,UKBMS,52.02310384678724,-2.9472484803184353
5525,Bromlow Callow SJ30F,SJ326010,332600,301000,1562.0,England,8.0,3,2021,2023,UKBMS,52.60258734172868,-2.996618919787595
5526,Tean Valley Meadow Nature Trust,SK068364,406800,336400,1424.0,England,9.0,2,2022,2023,UKBMS,52.92496965661755,-1.9002984987321603
5527,Green Farm,SO799610,379900,261000,2347.0,England,13.0,2,2022,2023,UKBMS,52.246809376102604,-2.2958203826804104
5528,Clee Liberty Common,SO573848,357300,284800,1080.0,England,11.0,1,2022,2022,UKBMS,52.459467962495054,-2.6298575653330842
5529,Princes Wood,SK205212,420500,321200,1426.0,England,6.0,2,2022,2023,UKBMS,52.787987683883955,-1.6974691143095726
5530,Venusbank SJ30K Shropshire,SJ350007,335000,300700,2765.0,England,10.0,2,2022,2023,UKBMS,52.60018369972022,-2.961128528537496
5531,Sustainability Hub,SJ822452,382200,345200,454.0,England,3.0,1,2022,2022,UKBMS,53.00381674150921,-2.266699520100474
5533,Development Area,SJ824451,382400,345100,1409.0,England,4.0,1,2022,2022,UKBMS,53.00292448806828,-2.2637137285393694
5534,Z Block/Plantation Park,SJ822449,382200,344900,319.0,England,2.0,1,2022,2022,UKBMS,53.00112002262008,-2.266682885306989
5535,Horwood,SJ822451,382200,345100,296.0,England,2.0,1,2022,2022,UKBMS,53.00291783535003,-2.2666939748734256
5536,Walsall: College Farm Extension,SP041998,404100,299800,250.0,England,2.0,2,2022,2023,UKBMS,52.59597987686243,-1.9409049526249627
5600,WWT Slimbridge,SO727059,372700,205900,2800.0,England,14.0,5,2019,2023,UKBMS,51.75112251143271,-2.3968671254855374
5601,Westonbirt Restored Downs,ST846898,384600,189800,1670.0,England,8.0,4,2019,2023,UKBMS,51.6068215028663,-2.2237710547554115
5602,Westonbirt Silk Wood,ST839896,383900,189600,1670.0,England,8.0,3,2019,2023,UKBMS,51.60500353418832,-2.23386967772653
5603,Painswick Beacon North,SO867117,386700,211700,2090.0,England,7.0,4,2019,2023,UKBMS,51.80378044465972,-2.1942901307817113
5604,Painswick Beacon South,SO867114,386700,211400,1800.0,England,6.0,4,2019,2023,UKBMS,51.80108316093034,-2.194278521107
5605,Nagshead Meadows,SO607086,360700,208600,797.0,England,4.0,3,2021,2023,UKBMS,51.77468135593824,-2.5709966969407567
5606,Westonbirt Silk Wood (New),ST840896,384000,189600,3058.0,England,8.0,2,2022,2023,UKBMS,51.60500640494445,-2.2324257537030383
5607,Oak Grange Estate,SP159439,415900,243900,396.0,England,1.0,1,2022,2022,UKBMS,52.093219120789456,-1.7693304160252217
5700,Scrata Wood Monsal Dale,SK182731,418200,373100,175.0,England,4.0,4,2020,2023,UKBMS,53.25460043269832,-1.7286642523764293
5701,Calver Quarry,SK232748,423200,374800,1665.0,England,8.0,4,2020,2023,UKBMS,53.26968712096476,-1.6535986183099478
5703,Craft Wood Wessington,SK365553,436500,355300,1234.0,England,6.0,4,2020,2023,UKBMS,53.09366614784446,-1.4564059220759682
5705,Croft Orchard Overseal,SK296153,429600,315300,450.0,England,6.0,4,2020,2023,UKBMS,52.73453060502903,-1.563069885339419
5706,Horseshoe Quarry Eyam,SK208760,420800,376000,1700.0,England,6.0,4,2020,2023,UKBMS,53.28057248024535,-1.6895055403237058
5707,Ferneydale Harpur Hill,SK067712,406700,371200,2100.0,England,8.0,4,2020,2023,UKBMS,53.2377890444559,-1.9010733216688764
5708,Linton Heath - Paradise Wood,SK271162,427100,316200,3500.0,England,10.0,4,2020,2023,UKBMS,52.74275154487392,-1.6000192229755026
5709,Linton Heath - Foxley Wood,SK278168,427800,316800,2895.0,England,10.0,4,2020,2023,UKBMS,52.74810974398782,-1.5896001020009893
5710,Southwell Trail,SK699550,469900,355000,1477.0,England,3.0,3,2021,2023,UKBMS,53.08764871301543,-0.957784657608309
5711,Stanton on the Wolds,SK626306,462600,330600,489.0,England,5.0,3,2021,2023,UKBMS,52.86924547144562,-1.0714755556690574
5712,Sconce and Devon Park,SK790530,479000,353000,2172.0,England,14.0,3,2021,2023,UKBMS,53.06840758324026,-0.8224338139364619
5713,Moor Pond Woods,SK548506,454800,350600,2139.0,England,12.0,3,2021,2023,UKBMS,53.04986093136499,-1.1839599754911947
5714,Weleda Fields Shipley,SK443448,444300,344800,1135.0,England,9.0,3,2021,2023,UKBMS,52.998698281990414,-1.3413775660400769
5715,Coachlands Meadows Willington,SK305283,430500,328300,835.0,England,8.0,3,2021,2023,UKBMS,52.851340405475995,-1.5485340385976385
5716,Coombs Dale,SK224745,422400,374500,4260.0,England,10.0,2,2021,2022,UKBMS,53.26702475382255,-1.6656146198719044
5717,Haddon Hall Estate,SK235665,423500,366500,2000.0,England,10.0,3,2021,2023,UKBMS,53.1950682433761,-1.6497095391448755
5718,Longstone Edge,SK195725,419500,372500,2940.0,England,10.0,3,2021,2023,UKBMS,53.24916134148842,-1.709215717271098
5719,Midway Sand Holes,SK300207,430000,320700,900.0,England,1.0,3,2021,2023,UKBMS,52.78305066861222,-1.556653843166021
5720,Ripley Greenway,SK403495,440300,349500,2190.0,England,4.0,3,2021,2023,UKBMS,53.041259916817424,-1.400388757107736
5721,Ryder Point Hopton,SK252547,425200,354700,1500.0,England,4.0,3,2021,2023,UKBMS,53.088923463117176,-1.6251883898008717
5722,Staunton Harold Reservoir,SK375244,437500,324400,2546.0,England,10.0,3,2021,2023,UKBMS,52.815842855718515,-1.4450393204418726
5724,Thornhill Carrs NR,SK195845,419500,384500,1700.0,England,9.0,3,2021,2023,UKBMS,53.35702439558078,-1.7084827134084783
5725,"Waterswallows, Dove Holes",SK084749,408400,374900,3260.0,England,8.0,3,2021,2023,UKBMS,53.27102364206287,-1.8755062461377907
5726,Willington Gravel Pits,SK285275,428500,327500,2500.0,England,7.0,2,2021,2022,UKBMS,52.84425821911214,-1.578301721992566
5727,Avenue Country Park Wingerworth,SK386682,438600,368200,2350.0,England,8.0,3,2021,2023,UKBMS,53.20947027607178,-1.423498477003592
5728,Hogshaw Buxton,SK065745,406500,374500,1700.0,England,7.0,3,2021,2023,UKBMS,53.26745442072252,-1.9040036882270388
5730,Goseley Cutting Woodville,SK325198,432500,319800,2250.0,England,4.0,3,2021,2023,UKBMS,52.77481621372766,-1.5196786931080049
5733,Salter Wood Denby,SK387482,438700,348200,2160.0,England,4.0,3,2021,2023,UKBMS,53.02969248759278,-1.4244064652480755
5734,Tideswell Dale,SK154743,415400,374300,1490.0,England,10.0,3,2021,2023,UKBMS,53.26547489764371,-1.770574623773204
5735,Kinoulton Gorse,SK662309,466200,330900,3664.0,England,8.0,2,2022,2023,UKBMS,52.87151186513133,-1.0179424097363396
5736,Rose End Meadows Extension,SK289566,428900,356600,1000.0,England,6.0,2,2022,2023,UKBMS,53.105815453106544,-1.569774637299968
5737,Vicar Water Beards Meadow,SK591625,459100,362500,2063.0,England,7.0,1,2022,2022,UKBMS,53.15636038711407,-1.117636256416526
5738,Lubrizol Estate Hazelwood - Ponds,SK3245,432000,345000,330.0,England,1.0,2,2022,2023,UKBMS,53.00136944910313,-1.5246199621391356
5739,Rowsley Peak Village,SK2566,425000,366000,1020.0,England,7.0,2,2022,2023,UKBMS,53.19050583545031,-1.6272970522209809
5740,Sunart Fields Whaley Bridge,SK0280,402000,380000,2500.0,England,8.0,2,2022,2023,UKBMS,53.31692745463378,-1.9714404320109775
5741,New Lount NR,SK399185,439900,318500,,England,10.0,3,2021,2023,UKBMS,52.76263596136844,-1.410148973123005
5742,Sence Valley Centenary Woodland,SK402115,440200,311500,2550.0,England,10.0,3,2021,2023,UKBMS,52.69969014690541,-1.4065580759949232
5743,Twycross Zoo Nature Reserve,SK324060,432400,306000,,England,12.0,2,2022,2023,UKBMS,52.65077001263899,-1.5225165248880805
5744,Bagworth Heath,SK458067,445800,306700,2200.0,England,10.0,3,2021,2023,UKBMS,52.6560992713227,-1.3243610583656387
5745,Bradgate Park - Newtown Linford,SK522099,452200,309900,,England,10.0,2,2022,2023,UKBMS,52.68428670242017,-1.2292509684681843
5746,Bradgate Park - Old John,SK524115,452400,311500,,England,10.0,2,2022,2023,UKBMS,52.69864954071975,-1.2260384954468913
5747,Burbage Common,SP447953,444700,295300,,England,8.0,2,2022,2023,UKBMS,52.55371425251491,-1.3421580889465954
5748,Donington le Heath Woodlands,SK423125,442300,312500,,England,8.0,2,2022,2023,UKBMS,52.70851968982719,-1.3753559851315433
5749,Ingles Hill Woodland,SK343179,434300,317900,2005.0,England,9.0,3,2021,2023,UKBMS,52.7576258416265,-1.4931958758074886
5750,Loughborough Uni Holywell,SK510184,451000,318400,,England,10.0,2,2022,2023,UKBMS,52.76080561972852,-1.2456839685587424
5801,Potteric Carr new,SE590003,459000,400300,2682.0,England,14.0,3,2021,2023,UKBMS,53.496102643309726,-1.112108039033268
5803,Gauber,SD771779,377100,477900,2744.0,England,7.0,3,2021,2023,UKBMS,54.19634131388466,-2.3524960483642623
5804,Crook Sike,SD780759,378000,475900,2516.0,England,9.0,3,2021,2023,UKBMS,54.17840648998527,-2.338554631461232
5805,Fountains Abbey & Studley Royal,SE274684,427400,468400,4130.0,England,9.0,2,2021,2022,UKBMS,54.1107536830164,-1.582387820910309
5808,Burton Riggs,TA031832,503100,483200,756.0,England,6.0,2,2021,2023,UKBMS,54.23413445807409,-0.41973790807522837
5810,"Roach Hills, Shuttocks wood & surroundings",SE418313,441800,431300,1919.0,England,9.0,2,2022,2023,UKBMS,53.776363924092756,-1.3672043852725462
5811,Townclose Hills,SE407303,440700,430300,1376.0,England,10.0,2,2022,2023,UKBMS,53.76746333716799,-1.3840263151296426
5812,Wenthillside,SE478182,447800,418200,1912.0,England,5.0,2,2022,2023,UKBMS,53.658114655456096,-1.278185335132559
5813,Hipperley Beck,SE924939,492400,493900,6193.0,England,10.0,2,2022,2023,UKBMS,54.33230807742106,-0.5805376894524726
5814,East Park Animal Education Centre,TA123313,512300,431300,466.0,England,15.0,2,2022,2023,UKBMS,53.765951190747,-0.2977892360699718
5815,Hell Wath,SE300701,430000,470100,2166.0,England,8.0,2,2022,2023,UKBMS,54.12588743455666,-1.5424517871569456
5816,Canklow,SK428913,442800,391300,947.0,England,9.0,2,2022,2023,UKBMS,53.41677534247241,-1.3575070069965232
5817,Duck Street Quarry,SE112638,411200,463800,931.0,England,6.0,2,2022,2023,UKBMS,54.070015437976814,-1.8303470947196008
5818,North Selby Mine,SE650441,465000,444100,2197.0,England,11.0,2,2022,2023,UKBMS,53.88901836909683,-1.0125117249060558
5819,Allerton Ings,SE430271,443000,427100,2461.0,England,11.0,2,2022,2023,UKBMS,53.73851925431161,-1.3495800239651476
5820,Thorne Moors Transect A,SE734159,473400,415900,6865.0,England,7.0,1,2022,2022,UKBMS,53.63448535249226,-0.8914245429697869
5821,Thorne Moors Transect D,SE734160,473400,416000,5784.0,England,7.0,1,2022,2022,UKBMS,53.63538400430595,-0.8914009874714982
5822,Thorne Moors Transect B,SE734154,473400,415400,5605.0,England,6.0,2,2022,2023,UKBMS,53.6299920912794,-0.8915423013653304
5900,HoEF Upper Binton,SP147540,414700,254000,1063.0,England,5.0,2,2022,2023,UKBMS,52.18405527820996,-1.7864126726688032
5901,HoEF Alne Skippers,SP103610,410300,261000,60.0,England,1.0,2,2022,2023,UKBMS,52.2470864033731,-1.850556843009952
5902,HoEF The Moors Binton,SP146539,414600,253900,1167.0,England,6.0,2,2022,2023,UKBMS,52.1831588784023,-1.7878795507414504
5903,HoEF Lower Binton,SP158533,415800,253300,1338.0,England,5.0,2,2022,2023,UKBMS,52.17773185340824,-1.7703564027145202
5904,HoEF Honeybourne South,SP130445,413000,244500,1843.0,England,6.0,2,2022,2023,UKBMS,52.09868854491051,-1.8116371480899105
5905,HoEF Honeybourne North,SP140452,414000,245200,1995.0,England,6.0,2,2022,2023,UKBMS,52.104957688420455,-1.7970104849852384
5906,HoEF Bearley,SP182600,418200,260000,2210.0,England,7.0,2,2022,2023,UKBMS,52.237893267181235,-1.734901067016548
5907,Wolverton Langley Road,SP205628,420500,262800,1151.0,England,5.0,2,2022,2023,UKBMS,52.26298542784215,-1.701051644695116
5908,HoEF Netherstead Plantations v2,SP108641,410800,264100,1433.0,England,6.0,2,2022,2023,UKBMS,52.27494672721952,-1.843135292567248
6000,Combe Wood Farm,SY147881,314700,88100,1146.0,England,15.0,2,2022,2023,UKBMS,50.68627739226827,-3.208847014364382
6001,Scobbiscombe part 1,SX624469,262400,46900,706.0,England,3.0,2,2022,2023,UKBMS,50.30595078540356,-3.9336404028156626
6002,Wembury Point,SX498484,249800,48400,1454.0,England,4.0,2,2022,2023,UKBMS,50.31635476029137,-4.111054690297606
6100,Warton Crag LNR (lower),SD495725,349500,472500,1814.0,England,8.0,2,2022,2023,UKBMS,54.14583265655658,-2.774594498210945
6101,Hull Brook Valley,SD985080,398500,408000,1751.0,England,7.0,2,2022,2023,UKBMS,53.56860610399018,-2.0241209758584913
6102,"Hardknott Forest, Grassguards",SD216984,321600,498400,1974.0,England,7.0,2,2022,2023,UKBMS,54.375045561613504,-3.208414855725766
6103,"Hardknott Forest, Great Wood",SD232992,323200,499200,1797.0,England,9.0,2,2022,2023,UKBMS,54.38247772773863,-3.1839968410924175
6104,Peel Park and The Coppice LNR,SD775290,377500,429000,1781.0,England,12.0,2,2022,2023,UKBMS,53.75686923123318,-2.3427363335305347
6105,Township Allotment,SD442888,344200,488800,4410.0,England,14.0,2,2022,2023,UKBMS,54.29176015831597,-2.858756930394906
50003,,TL0547,505000,247000,2000.0,England,10.0,13,2009,2023,WCBS,52.11136708582893,-0.46812196986650495
50004,,TL1058,510000,258000,2000.0,England,10.0,14,2009,2023,WCBS,52.20925229333492,-0.3915785012248405
50005,,NY1945,319000,545000,2000.0,England,10.0,12,2009,2023,WCBS,54.79332143832997,-3.2613007296505776
50006,,SD3086,330000,486000,2000.0,England,10.0,12,2009,2022,WCBS,54.26484957583276,-3.0762170102080963
50008,,SU8082,480000,182000,2000.0,England,10.0,13,2009,2023,WCBS,51.53125057413849,-0.8480944594601182
50018,,SY7999,379000,99000,2000.0,England,10.0,9,2009,2022,WCBS,50.79018346167929,-2.2992915611642726
50022,,NZ0953,409000,553000,2000.0,England,10.0,4,2009,2023,WCBS,54.87169119742685,-1.8612843206770289
50025,,SU3737,437000,137000,2000.0,England,10.0,16,2007,2023,WCBS,51.13108745061397,-1.4726074015598007
50029,,SO7713,377000,213000,2000.0,England,10.0,17,2007,2023,WCBS,51.81515165322665,-2.3350517810614972
50030,,SP0728,407000,228000,2000.0,England,10.0,15,2009,2023,WCBS,51.95045015194873,-1.8995582802235755
50032,,SJ7694,376000,394000,2000.0,England,10.0,15,2009,2023,WCBS,53.442219424962815,-2.362779035231934
50036,,ST8216,382000,116000,2000.0,England,10.0,13,2009,2022,WCBS,50.943154981615194,-2.257573234857871
50037,,SY7892,378000,92000,2000.0,England,10.0,14,2009,2023,WCBS,50.727198834978246,-2.3130576382756565
50044,,TM1490,614000,290000,2032.0,England,10.0,15,2007,2023,WCBS,52.4659789710844,1.1489353347711726
50046,,SU7959,479000,159000,2000.0,England,10.0,13,2009,2023,WCBS,51.324625551374794,-0.8676293478136674
50047,,SU8230,482000,130000,2000.0,England,10.0,10,2009,2023,WCBS,51.06348998958569,-0.8311987021987296
50054,,SK8699,486000,399000,2000.0,England,10.0,7,2009,2023,WCBS,53.48070616985509,-0.7055642612248062
50059,,TF7413,574000,313000,2000.0,England,10.0,17,2007,2023,WCBS,52.68673953294281,0.5728674533075832
50060,,TG0305,603000,305000,2000.0,England,10.0,3,2009,2023,WCBS,52.604839996756326,0.996407389501895
50064,,TQ3269,532000,169000,2000.0,England,10.0,11,2009,2023,WCBS,51.40467513425836,-0.10365591428163586
50065,,ST4858,348000,158000,2000.0,England,10.0,5,2008,2023,WCBS,51.3187176540375,-2.747553674861107
50067,,TL8381,583000,281000,2414.0,England,10.0,9,2009,2023,WCBS,52.3964199183661,0.688242318607361
50068,,TM0969,609000,269000,2000.0,England,10.0,7,2009,2023,WCBS,52.27939247056125,1.0623670772218063
50069,,TM3388,633000,288000,2000.0,England,10.0,11,2009,2023,WCBS,52.440262183378124,1.4267242131981939
50070,,TQ0148,501000,148000,2000.0,England,10.0,13,2009,2023,WCBS,51.22227061867707,-0.5551006662252946
50071,,TQ0647,506000,147000,2000.0,England,10.0,16,2007,2023,WCBS,51.21237636436184,-0.4838241129288153
50076,,SK5451,454000,351000,2000.0,England,10.0,14,2009,2022,WCBS,53.05353743513227,-1.1958259481970324
50080,,SU7689,476000,189000,2000.0,England,10.0,9,2009,2023,WCBS,51.59473042959914,-0.9042365469686023
50081,,NO1737,317000,737000,2000.0,Scotland,10.0,13,2009,2023,WCBS,56.517690919537515,-3.350514070226848
50086,,SD4717,347000,417000,2000.0,England,10.0,14,2007,2023,WCBS,53.64680668310822,-2.803236236181755
50091,,NC2234,222000,934000,2000.0,Scotland,10.0,17,2007,2023,WCBS,58.25855728413674,-5.0355089166733995
50094,,SU1374,413000,174000,2000.0,England,10.0,15,2009,2023,WCBS,51.46482432554594,-1.814254687914628
50101,,SK5488,454000,388000,,England,10.0,3,2009,2023,WCBS,53.38609113162288,-1.1895746762743824
50103,,NH4817,248000,817000,2126.0,Scotland,10.0,5,2007,2023,WCBS,57.218442933140594,-4.518810154856797
50106,,ST2331,323000,131000,,England,10.0,3,2007,2023,WCBS,51.07314102636008,-3.100428929193555
50121,,TF7228,572000,328000,2058.0,England,10.0,5,2007,2023,WCBS,52.82208742139313,0.5511717541987844
50131,,NO6184,361000,784000,2000.0,Scotland,10.0,11,2011,2022,WCBS,56.94560964311729,-2.6426744312754957
50138,,H9560,106339,518829,2000.0,Northern Ireland,10.0,14,2010,2023,WCBS,54.479567387190926,-6.535152087665621
50142,,J2263,133508,519518,2000.0,Northern Ireland,10.0,13,2010,2022,WCBS,54.50073628636107,-6.11759070777544
50148,,SE5579,455000,479000,2000.0,England,10.0,9,2010,2022,WCBS,54.20380597332514,-1.158329761825085
50151,,SJ9094,390000,394000,2000.0,England,10.0,7,2010,2022,WCBS,53.44267398576662,-2.152014812897167
50153,,SP7354,473000,254000,2000.0,England,10.0,13,2010,2023,WCBS,52.17943301023849,-0.9338030983420313
50156,,SU9814,498000,114000,2000.0,England,10.0,12,2010,2022,WCBS,50.91715153095165,-0.6072491286522074
50157,,SY8289,382000,89000,2000.0,England,10.0,13,2010,2023,WCBS,50.700359568782815,-2.2562395744000234
50158,,TL0037,500000,237000,1938.0,England,10.0,3,2010,2023,WCBS,52.02241594258827,-0.5440355717201701
50161,,ST7722,377000,122000,2000.0,England,10.0,13,2011,2023,WCBS,50.99692899493814,-2.32912046117765
50164,,TL2222,522000,222000,2000.0,England,10.0,12,2011,2023,WCBS,51.883222552103575,-0.22888357030716747
50166,,TQ5309,553000,109000,2000.0,England,10.0,13,2011,2023,WCBS,50.860274659061275,0.1725811214417348
50168,,ST9326,393000,126000,2000.0,England,10.0,8,2011,2023,WCBS,51.03331809904798,-2.101202223341937
50173,,SK4229,442000,329000,,England,10.0,13,2011,2023,WCBS,52.85686094102209,-1.3776846081108758
50174,,SK1932,419000,332000,2000.0,England,10.0,13,2011,2023,WCBS,52.88512675258296,-1.7190855149800095
50178,,ST7870,378000,170000,2000.0,England,10.0,12,2011,2023,WCBS,51.4285732702964,-2.3178307996171266
50180,,SP1130,411000,230000,2000.0,England,10.0,9,2012,2022,WCBS,51.96836769704054,-1.8412949362798967
50182,,NO5115,351000,715000,2029.0,Scotland,10.0,6,2011,2023,WCBS,56.32483853933485,-2.7939009755966087
50183,,TF0710,507000,310000,1957.0,England,10.0,9,2011,2023,WCBS,52.67714676241095,-0.4188215545422974
50188,,SO9008,390000,208000,2000.0,England,10.0,12,2012,2023,WCBS,51.7705832150782,-2.14632327951934
50189,,SP0008,400000,208000,2000.0,England,10.0,12,2012,2023,WCBS,51.77067459097784,-2.0014019113593906
50203,,SJ6884,368000,384000,2000.0,England,10.0,14,2009,2023,WCBS,53.35191031907009,-2.4821947617780915
50205,,SJ8456,384000,356000,2000.0,England,10.0,8,2009,2022,WCBS,53.100955187827864,-2.2404169894309947
50207,,SW4426,144000,26000,2000.0,England,10.0,13,2009,2022,WCBS,50.078854558993704,-5.5795761541705575
50209,,TL8715,587000,215000,2000.0,England,10.0,17,2007,2023,WCBS,51.802366878322395,0.7107681593067842
50213,,SS8185,281000,185000,2000.0,Wales,10.0,13,2009,2023,WCBS,51.55130020681066,-3.717711884441182
50214,,SO8013,380000,213000,2000.0,England,10.0,15,2009,2023,WCBS,51.81526767815091,-2.2915331015323313
50215,,SP2221,422000,221000,2000.0,England,10.0,14,2009,2023,WCBS,51.887127445339324,-1.6817549777130736
50223,,SY0181,301000,81000,2091.0,England,10.0,8,2009,2022,WCBS,50.620275274504145,-3.400822537407802
50225,,TG4210,642000,310000,2000.0,England,10.0,16,2007,2023,WCBS,52.63374883560565,1.574884468682803
50226,,TG4710,647000,310000,2000.0,England,10.0,15,2009,2023,WCBS,52.631498607269215,1.648614012768306
50231,,TL4717,547000,217000,2000.0,England,10.0,15,2009,2023,WCBS,51.83227478527621,0.13196468376476034
50233,,TQ1593,515000,193000,2000.0,England,10.0,14,2009,2023,WCBS,51.62407783349895,-0.3401210535093905
50235,,TQ9648,596000,148000,2060.0,England,10.0,5,2009,2023,WCBS,51.19759061491252,0.803939749541523
50237,,TR0622,606000,122000,2000.0,England,10.0,15,2009,2023,WCBS,50.96058862844607,0.9320648086698802
50238,,TR1939,619000,139000,2000.0,England,10.0,4,2009,2022,WCBS,51.10843859782521,1.127165191186099
50240,,SD5313,353000,413000,2000.0,England,10.0,12,2009,2023,WCBS,53.61143130607985,-2.7118734550876695
50241,,SD5505,355000,405000,2000.0,England,10.0,14,2009,2023,WCBS,53.53970610998777,-2.6804900930110853
50244,,SD7716,377000,416000,2000.0,England,10.0,14,2009,2022,WCBS,53.64000410711455,-2.3493500725864975
50246,,TF9040,590000,340000,2000.0,England,10.0,13,2007,2023,WCBS,52.923791272076826,0.8249656595232375
50247,,TG1034,610000,334000,2000.0,England,10.0,13,2009,2022,WCBS,52.862495561204206,1.118153302966604
50253,,TQ0527,505000,127000,2000.0,England,10.0,15,2009,2023,WCBS,51.032781555223686,-0.5039538339221209
50254,,ST5375,353000,175000,2867.0,England,10.0,2,2009,2023,WCBS,51.47200068001145,-2.678069242325765
50256,,TL8482,584000,282000,2000.0,England,10.0,11,2009,2023,WCBS,52.40506505834433,0.7034713960618545
50257,,SU9038,490000,138000,2000.0,England,10.0,11,2009,2023,WCBS,51.13421176571524,-0.7150725123161938
50258,,SU9761,497000,161000,2000.0,England,10.0,15,2007,2023,WCBS,51.33982254207132,-0.6088352653007725
50259,,TQ0944,509000,144000,1979.0,England,10.0,14,2009,2023,WCBS,51.18484643897537,-0.4418011565827189
50260,,TM2393,623000,293000,2000.0,England,10.0,16,2008,2023,WCBS,52.48930658484708,1.2832014589398177
50261,,SP4854,448000,254000,2000.0,England,10.0,15,2009,2023,WCBS,52.182169589993514,-1.2993870414178141
50262,,SP6872,468000,272000,549.0,England,10.0,13,2009,2023,WCBS,52.34187180427446,-1.0032947686760978
50264,,SM9225,192000,225000,2000.0,Wales,10.0,14,2009,2023,WCBS,51.88465574946892,-5.023727230345919
50270,,ST8946,389000,146000,2000.0,England,10.0,13,2009,2023,WCBS,51.213094884599926,-2.158862652403987
50272,,SU0869,408000,169000,2000.0,England,10.0,7,2009,2023,WCBS,51.41995840544088,-1.8863412838365852
50273,,SU0944,409000,144000,1921.0,England,10.0,10,2009,2023,WCBS,51.19515014350137,-1.8725830753619341
50279,,SK4982,449000,382000,,England,10.0,12,2009,2023,WCBS,53.33265027297656,-1.265669861625171
50280,,SK2442,424000,342000,2000.0,England,10.0,14,2009,2023,WCBS,52.97481893226506,-1.6440458599063723
50281,,SK3778,437000,378000,2000.0,England,10.0,14,2009,2023,WCBS,53.29766963018928,-1.4463184119362502
50296,,ST6877,368000,177000,781.0,England,10.0,6,2007,2023,WCBS,51.49103338708372,-2.462299319282843
50309,,TQ4326,543000,126000,2000.0,England,10.0,9,2008,2022,WCBS,51.0156052905346,0.037258197105314896
50314,,SD5641,356000,441000,2000.0,England,10.0,7,2010,2022,WCBS,53.86334064811962,-2.67052729321354
50317,,SU1689,416000,189000,2000.0,England,10.0,13,2010,2023,WCBS,51.599618201234826,-1.7703930746375223
50318,,SU2882,428000,182000,2000.0,England,10.0,10,2010,2023,WCBS,51.536213945581764,-1.597700253217027
50319,,TL0597,505000,297000,2000.0,England,10.0,14,2010,2023,WCBS,52.56071360569552,-0.4525165253590694
50325,,SP9588,495000,288000,2000.0,England,10.0,2,2012,2022,WCBS,52.481664169990054,-0.6025508740299393
50328,,NT3257,332000,657000,2000.0,Scotland,10.0,6,2012,2022,WCBS,55.80147790970253,-3.086313287173504
50334,,SD7234,372000,434000,2000.0,England,10.0,6,2010,2022,WCBS,53.80154020665635,-2.4266081788187703
50341,,SD6736,367000,436000,2000.0,England,10.0,7,2011,2022,WCBS,53.81922117978516,-2.5027358583520742
50343,,NR2943,129000,643000,2000.0,Scotland,10.0,13,2011,2023,WCBS,55.60492000581456,-6.304311253790138
50347,,ST7415,374000,115000,2000.0,England,10.0,5,2012,2023,WCBS,50.93385594949451,-2.3713665347663664
50350,,SD5983,359000,483000,2000.0,England,10.0,12,2012,2023,WCBS,54.241042247494924,-2.6306062767147798
50351,,SO1219,312000,219000,2000.0,Wales,10.0,11,2012,2022,WCBS,51.862616686849336,-3.279338876794664
50356,,NO7770,377000,770000,2000.0,Scotland,10.0,12,2011,2023,WCBS,56.82092030133038,-2.37841486294445
50360,,J2097,134417,553575,2000.0,Northern Ireland,10.0,14,2009,2023,WCBS,54.80648080804845,-6.134519184394055
50365,,NY0935,309000,535000,2000.0,England,10.0,8,2009,2023,WCBS,54.7017673838994,-3.41364513539478
50366,,NY1641,316000,541000,2000.0,England,10.0,11,2009,2023,WCBS,54.756890905698164,-3.306786681201022
50367,,SU7170,471000,170000,2000.0,England,10.0,15,2009,2023,WCBS,51.42457145223595,-0.9802251637254306
50379,,SU2003,420000,103000,2000.0,England,10.0,14,2009,2022,WCBS,50.82619667048216,-1.717411970251474
50381,,SU4662,446000,162000,2000.0,England,10.0,15,2009,2023,WCBS,51.355218774011725,-1.340791440204182
50382,,TQ6682,566000,182000,1776.0,England,10.0,14,2009,2023,WCBS,51.51254062287593,0.3908414413457178
50386,,SD9704,397000,404000,2000.0,England,10.0,8,2009,2022,WCBS,53.53264604047081,-2.0467303789935056
50387,,SO6206,362000,206000,2000.0,England,10.0,12,2009,2023,WCBS,51.7513957297733,-2.55187088346818
50388,,SO7518,375000,218000,2000.0,England,10.0,15,2009,2023,WCBS,51.860019164806985,-2.364427052217421
50389,,SO8815,388000,215000,2000.0,England,10.0,15,2009,2023,WCBS,51.83348019475808,-2.175552054577237
50391,,ST8690,386000,190000,2000.0,England,10.0,15,2009,2023,WCBS,51.608656587531826,-2.203563329072289
50392,,SU0096,400000,196000,2000.0,England,10.0,14,2009,2023,WCBS,51.66278103568131,-2.001397949684729
50394,,TQ3993,539000,193000,2000.0,England,10.0,14,2007,2022,WCBS,51.618667323609046,0.00637081575168233
50395,,SJ8191,381000,391000,2000.0,England,10.0,14,2009,2023,WCBS,53.41545925278671,-2.2873247217296613
50398,,ST6014,360000,114000,2000.0,England,10.0,15,2009,2023,WCBS,50.92406013841143,-2.570475683588594
50399,,ST8105,381000,105000,2000.0,England,10.0,12,2009,2023,WCBS,50.844207385482314,-2.2712307761050257
50400,,ST9601,396000,101000,2000.0,England,10.0,13,2009,2023,WCBS,50.80853854210456,-2.058137189142837
50401,,ST9911,399000,111000,2000.0,England,10.0,15,2009,2023,WCBS,50.89847672325061,-2.015590333602192
50402,,SU0510,405000,110000,2197.0,England,10.0,15,2009,2023,WCBS,50.889464741711734,-1.9302851744410048
50404,,SY5499,354000,99000,2000.0,England,10.0,15,2009,2023,WCBS,50.78873364778211,-2.6539459140576556
50405,,SU7218,472000,118000,2000.0,England,10.0,16,2007,2022,WCBS,50.956939963548564,-0.9762546273299139
50407,,TL1302,513000,202000,2000.0,England,10.0,13,2009,2023,WCBS,51.70537058514254,-0.36609282181241243
50408,,TL2831,528000,231000,2000.0,England,10.0,14,2009,2023,WCBS,51.96275343281885,-0.1384156719523038
50409,,TL3128,531000,228000,2000.0,England,10.0,15,2009,2023,WCBS,51.93509794711625,-0.09591975487205119
50410,,TQ5460,554000,160000,2000.0,England,10.0,17,2007,2023,WCBS,51.318268890307856,0.20850419697746936
50412,,TQ7961,579000,161000,2000.0,England,10.0,17,2007,2023,WCBS,51.31994209238714,0.5673947146722444
50419,,TF7429,574000,329000,2000.0,England,10.0,11,2009,2022,WCBS,52.83042646818133,0.58135314182678
50420,,TF9432,594000,332000,2000.0,England,10.0,14,2009,2022,WCBS,52.850539015489574,0.8796211623596544
50422,,TG0717,607000,317000,2000.0,England,10.0,16,2007,2023,WCBS,52.711054502722554,1.0629137982257244
50428,,ST2042,320000,142000,,England,10.0,7,2009,2023,WCBS,51.17162281976478,-3.145684582980689
50429,,TQ2657,526000,157000,2000.0,England,10.0,11,2009,2023,WCBS,51.298192006639475,-0.19411452822089068
50431,,SU9628,496000,128000,2000.0,England,10.0,15,2009,2023,WCBS,51.043343247320585,-0.631998595180368
50434,,SK0719,407000,319000,2000.0,England,10.0,15,2009,2023,WCBS,52.76855185799465,-1.897690976454789
50437,,TL9047,590000,247000,2000.0,England,10.0,12,2009,2023,WCBS,52.08872658577944,0.7718946373451329
50438,,TM0553,605000,253000,2000.0,England,10.0,11,2009,2023,WCBS,52.13724866705595,0.9941382695253581
50439,,TM3549,635000,249000,2000.0,England,10.0,14,2009,2023,WCBS,52.08941864809418,1.4289575994320818
50440,,SU8748,487000,148000,2000.0,England,10.0,13,2009,2023,WCBS,51.224573218139554,-0.7555205341768148
50443,,TM1599,615000,299000,2000.0,England,10.0,11,2007,2023,WCBS,52.546372116813814,1.169443083113801
50445,,SK6276,462000,376000,2000.0,England,10.0,15,2009,2023,WCBS,53.27736471670572,-1.0716549259571142
50446,,SP2302,423000,202000,2000.0,England,7.0,14,2009,2023,WCBS,51.71626118154901,-1.6684799141858984
50448,,SU4795,447000,195000,2000.0,England,10.0,15,2006,2023,WCBS,51.65183461320464,-1.3220449167969588
50449,,SM8322,183000,222000,2000.0,Wales,10.0,14,2009,2023,WCBS,51.8542930855628,-5.152405759795088
50450,,NO2444,324000,744000,2000.0,Scotland,10.0,15,2009,2023,WCBS,56.58174776422831,-3.2388345473176785
50460,,SP2638,426000,238000,2000.0,England,10.0,10,2009,2022,WCBS,52.039795503547154,-1.6223564785771227
50462,,SU2282,422000,182000,2000.0,England,10.0,8,2009,2023,WCBS,51.53647845738405,-1.6842043087369596
50468,,SK2444,424000,344000,,England,10.0,14,2009,2023,WCBS,52.992796963318824,-1.6438981681619806
50469,,SP2556,425000,256000,,England,,8,2009,2023,WCBS,52.20166718027812,-1.6356188974105001
50496,,NT7568,375000,668000,2000.0,Scotland,10.0,14,2010,2023,WCBS,55.90445665505467,-2.4014256008764847
50498,,SE1028,410000,428000,2000.0,England,10.0,13,2010,2023,WCBS,53.74827817888483,-1.849840556650698
50501,,SO7624,376000,224000,2000.0,England,10.0,12,2010,2022,WCBS,51.914007473239685,-2.3503259248432204
50505,,TQ3008,530000,108000,2000.0,England,10.0,11,2012,2023,WCBS,50.85691073947614,-0.1543795986665386
50511,,TM1797,617000,297000,2000.0,England,10.0,13,2010,2023,WCBS,52.52762766537274,1.1975842147043774
50512,,TM1827,618000,227000,2000.0,England,10.0,10,2010,2023,WCBS,51.89887888780636,1.1672526631245959
50513,,NT5675,356000,675000,2000.0,Scotland,10.0,8,2011,2023,WCBS,55.96597936285102,-2.7064360549893784
50515,,TQ6524,565000,124000,2000.0,England,10.0,7,2012,2022,WCBS,50.991750073945965,0.3497222670243586
50516,,TL2722,527000,222000,2000.0,England,10.0,13,2011,2023,WCBS,51.882107216643206,-0.1562790093836961
50517,,SY2288,322000,88000,2000.0,England,10.0,11,2011,2023,WCBS,50.686404250613705,-3.105510528825912
50521,,TQ0960,509000,160000,2000.0,England,10.0,12,2011,2023,WCBS,51.328662464150355,-0.4369316468198931
50524,,SP1719,417000,219000,2000.0,England,10.0,13,2011,2023,WCBS,51.869319719630994,-1.754500008508523
50525,,NT5376,353000,676000,2000.0,Scotland,10.0,10,2011,2023,WCBS,55.97467843529631,-2.7546649803639154
50530,,SO9519,395000,219000,2000.0,England,10.0,13,2011,2023,WCBS,51.8695518252091,-2.0740251687473905
50531,,TF8532,585000,332000,2000.0,England,10.0,13,2011,2023,WCBS,52.8537033759407,0.7461350153650759
50532,,TL0532,505000,232000,2000.0,England,10.0,9,2012,2023,WCBS,51.9765557787157,-0.47272423870289243
50535,,SU3235,432000,135000,2000.0,England,10.0,8,2012,2022,WCBS,51.11340414411918,-1.5442372730962364
50544,,SY8779,387000,79000,2000.0,England,10.0,13,2011,2023,WCBS,50.61056659932443,-2.1850869386044085
50551,,ST6805,368000,105000,2000.0,England,10.0,12,2012,2023,WCBS,50.843631790854346,-2.4558682807218406
50555,,TL1152,511000,252000,2000.0,England,10.0,15,2009,2023,WCBS,52.1551311483218,-0.3789118613043766
50556,,NY7412,374000,512000,2000.0,England,10.0,9,2009,2023,WCBS,54.50264627602283,-2.402999037112718
50561,,TL3085,530000,285000,2000.0,England,10.0,11,2009,2023,WCBS,52.447502940198675,-0.0886126792677782
50562,,TL5456,554000,256000,2000.0,England,10.0,12,2009,2023,WCBS,52.180758543520085,0.25098773170917194
50566,,SJ8662,386000,362000,2000.0,England,10.0,13,2009,2023,WCBS,53.154945285040064,-2.21081079826837
50569,,SW5032,150000,32000,2000.0,England,10.0,15,2009,2023,WCBS,50.13526955156135,-5.499806720765982
50571,,NZ0825,408000,525000,2000.0,England,10.0,2,2009,2023,WCBS,54.620085616694524,-1.877626166628819
50572,,SM8518,185000,218000,2000.0,Wales,10.0,15,2009,2023,WCBS,51.81915692606324,-5.120924808821338
50574,,TL8536,585000,236000,2000.0,England,10.0,14,2009,2023,WCBS,51.991631649659965,0.6930545339034768
50577,,TQ3668,536000,168000,,England,,7,2009,2022,WCBS,51.39474458735669,-0.046567165069510454
50579,,SK2672,426000,372000,2000.0,England,10.0,14,2009,2023,WCBS,53.244389882176904,-1.6118441491855688
50586,,ST6702,367000,102000,2000.0,England,10.0,15,2009,2023,WCBS,50.81659882350415,-2.4697998793840683
50587,,ST8906,389000,106000,2000.0,England,10.0,10,2009,2022,WCBS,50.8534088415175,-2.1576356095218143
50590,,TL2804,528000,204000,2000.0,England,10.0,7,2009,2023,WCBS,51.720125648705086,-0.14839776246312866
50593,,TQ5164,551000,164000,2000.0,England,10.0,10,2009,2023,WCBS,51.35501350777205,0.167182320404821
50596,,TQ7371,573000,171000,2000.0,England,10.0,12,2009,2023,WCBS,51.411629050842734,0.48624072316317385
50597,,TQ9048,590000,148000,2000.0,England,10.0,10,2009,2022,WCBS,51.19961578215841,0.7181677998699529
50602,,SK5814,458000,314000,2000.0,England,10.0,13,2009,2023,WCBS,52.720551363681885,-1.1427408823458722
50608,,TF5016,550000,316000,2000.0,England,10.0,13,2007,2023,WCBS,52.72085978393048,0.21947126089384567
50611,,TQ3566,535000,166000,2000.0,England,10.0,11,2009,2022,WCBS,51.37701021386304,-0.061691588000773914
50615,,ST6537,365000,137000,2000.0,England,10.0,14,2009,2023,WCBS,51.13119871215329,-2.5015689992670955
50616,,TL6545,565000,245000,2000.0,England,10.0,12,2009,2023,WCBS,52.07877311262904,0.40639351262587836
50617,,TL7163,571000,263000,2000.0,England,10.0,14,2009,2023,WCBS,52.238628360961364,0.5029185311609599
50618,,TL9354,593000,254000,,England,10.0,3,2009,2023,WCBS,52.15054693563658,0.8195931401458724
50619,,SU9647,496000,147000,2000.0,England,10.0,10,2009,2023,WCBS,51.214143049973444,-0.6269435575553722
50637,,SU2871,428000,171000,,England,,6,2009,2023,WCBS,51.4373100518568,-1.598569101609568
50638,,SO8877,388000,277000,2000.0,England,10.0,14,2009,2023,WCBS,52.39088987844372,-2.1777583888968928
50641,,SE8726,487000,426000,2000.0,England,10.0,11,2009,2022,WCBS,53.72316107957064,-0.6829746838845991
50657,,SJ8182,381000,382000,,England,10.0,6,2007,2022,WCBS,53.33456291792154,-2.2867802970048965
50661,,ST5444,354000,144000,2174.0,England,10.0,3,2007,2022,WCBS,51.193358304630266,-2.6596592706207502
50675,,J2678,138773,534126,2000.0,Northern Ireland,10.0,13,2010,2022,WCBS,54.63442740606874,-6.0494773156666355
50679,,SD9908,399000,408000,2000.0,England,10.0,7,2010,2022,WCBS,53.56860740458633,-2.016571224116608
50682,,SK2073,420000,373000,,England,,2,2010,2023,WCBS,53.2536371768315,-1.7016911822489968
50685,,ST6808,368000,108000,2000.0,England,10.0,13,2010,2023,WCBS,50.87060831006654,-2.456131513067799
50689,,TL1745,517000,245000,2000.0,England,10.0,10,2010,2023,WCBS,52.090988159026715,-0.2936544287041808
50693,,SX8760,287000,60000,2000.0,England,10.0,10,2010,2023,WCBS,50.42894872961665,-3.5922815743491188
50695,,TF2105,521000,305000,2000.0,England,10.0,13,2010,2022,WCBS,52.62927835839578,-0.2136860475685833
50697,,TQ1302,513000,102000,2000.0,England,10.0,14,2010,2023,WCBS,50.806545268623545,-0.39764815193056646
50698,,SU3300,433000,100000,2000.0,England,10.0,11,2012,2022,WCBS,50.79862746678988,-1.533114624375968
50699,,SU9622,496000,122000,2000.0,England,10.0,11,2012,2022,WCBS,50.989405349299176,-0.6335846873837989
50704,,NH6853,268000,853000,2000.0,Scotland,10.0,12,2012,2023,WCBS,57.54778407159851,-4.207242724007292
50705,,NS5852,258000,652000,2000.0,Scotland,10.0,13,2011,2023,WCBS,55.740500766806974,-4.263399170098062
50706,,NJ5726,357000,826000,2000.0,Scotland,10.0,12,2012,2023,WCBS,57.3225124278278,-2.7156627919987386
50709,,J3864,149538,519151,2000.0,Northern Ireland,10.0,13,2011,2023,WCBS,54.50561578981011,-5.870335643266782
50712,,TF7222,572000,322000,2000.0,England,10.0,13,2011,2023,WCBS,52.768203995632135,0.5480194105780717
50718,,NY9971,399000,571000,2000.0,England,10.0,12,2012,2023,WCBS,55.033520894195696,-2.0171796549230168
50727,,SU2569,425000,169000,2000.0,England,10.0,8,2012,2022,WCBS,51.41946698950186,-1.6418680008824043
50730,,NY1255,312000,555000,2000.0,England,10.0,11,2009,2023,WCBS,54.881979211345886,-3.373184473425433
50732,,SD4083,340000,483000,2000.0,England,10.0,17,2007,2023,WCBS,54.23916410471781,-2.922108236824928
50733,,SD6793,367000,493000,2000.0,England,10.0,7,2009,2023,WCBS,54.331490809827926,-2.508967052429587
50740,,SJ7656,376000,356000,2000.0,England,10.0,14,2009,2023,WCBS,53.10065365957389,-2.3598969066592317
50742,,SJ2441,324000,341000,2000.0,Wales,10.0,8,2009,2023,WCBS,52.96096084315316,-3.1328765814838477
50746,,SU4132,441000,132000,2000.0,England,10.0,13,2009,2023,WCBS,51.08585783920846,-1.416012549575125
50755,,ST8796,387000,196000,2000.0,England,10.0,17,2007,2023,WCBS,51.66262800166544,-2.1893477119266085
50760,,SK1978,419000,378000,2000.0,England,10.0,12,2009,2023,WCBS,53.298616875486665,-1.7163823035041832
50762,,SK3248,432000,348000,2000.0,England,10.0,14,2009,2023,WCBS,53.02833594564797,-1.5243236788714194
50766,,ST5406,354000,106000,2000.0,England,10.0,11,2009,2022,WCBS,50.85167714495487,-2.6548260164961297
50767,,ST6511,365000,111000,2000.0,England,10.0,13,2009,2023,WCBS,50.897410057942324,-2.499052049720566
50768,,ST8518,385000,118000,2000.0,England,10.0,12,2006,2022,WCBS,50.961225939659805,-2.2149564505084975
50769,,SU0210,402000,110000,2000.0,England,10.0,12,2009,2023,WCBS,50.88948232300269,-1.9729362155983656
50770,,SY7388,373000,88000,2000.0,England,10.0,14,2009,2023,WCBS,50.69101702822145,-2.3836015760871483
50772,,TG3033,630000,333000,2000.0,England,10.0,10,2007,2023,WCBS,52.84535673722131,1.4140025432521044
50773,,TG4717,647000,317000,2000.0,England,10.0,17,2007,2023,WCBS,52.69429851842988,1.6538540589787312
50775,,SU6420,464000,120000,2000.0,England,10.0,14,2009,2023,WCBS,50.97586475329411,-1.0897890430133343
50776,,SU6630,466000,130000,2000.0,England,10.0,13,2007,2023,WCBS,51.06554935020307,-1.0594891427518665
50781,,TL3618,536000,218000,2000.0,England,10.0,15,2009,2023,WCBS,51.844044511547025,-0.027176185857465843
50784,,TL2684,526000,284000,2000.0,England,10.0,14,2009,2023,WCBS,52.43945375376413,-0.14781152462668132
50794,,TF7238,572000,338000,2000.0,England,10.0,15,2007,2023,WCBS,52.91189174282869,0.556448044235433
50795,,TF8313,583000,313000,509.0,England,10.0,7,2009,2023,WCBS,52.68377672355529,0.7058634433477246
50796,,TF9124,591000,324000,2000.0,England,10.0,13,2009,2022,WCBS,52.77978284722764,0.8304554157169466
50798,,SO3676,336000,276000,,England,10.0,11,2007,2023,WCBS,52.37828117933206,-2.941611030811247
50801,,ST1340,313000,140000,2000.0,England,10.0,16,2007,2023,WCBS,51.15261962796845,-3.245302495470874
50804,,SU9620,496000,120000,2000.0,England,10.0,15,2009,2023,WCBS,50.971425930659116,-0.6341122996278811
50807,,ST7555,375000,155000,2000.0,England,10.0,15,2007,2023,WCBS,51.293575743777325,-2.3599216198508843
50809,,ST7944,379000,144000,,England,10.0,2,2009,2023,WCBS,51.19482906751923,-2.3019078346431194
50810,,ST7954,379000,154000,2000.0,England,10.0,17,2007,2023,WCBS,51.28474647128122,-2.3024975005524144
50811,,SK0708,407000,308000,2000.0,England,10.0,14,2009,2023,WCBS,52.669666497580884,-1.897921491317374
50813,,TM5075,650000,275000,2000.0,England,10.0,15,2009,2023,WCBS,52.31612680823815,1.6666227702004934
50814,,NO1957,319000,757000,2000.0,Scotland,10.0,14,2009,2023,WCBS,56.69766792576613,-3.324293099073965
50815,,NT3549,335000,649000,2000.0,Scotland,10.0,15,2009,2023,WCBS,55.73002300241111,-3.0365568726548164
50818,,TQ4726,547000,126000,2000.0,England,10.0,15,2009,2023,WCBS,51.014597607933766,0.09424269598914402
50823,,SP3552,435000,252000,2000.0,England,10.0,3,2009,2022,WCBS,52.165164803006626,-1.489716204219125
50824,,ST9790,397000,190000,2000.0,England,10.0,7,2009,2023,WCBS,51.60882490431185,-2.0447176945462173
50826,,SD9767,397000,467000,1966.0,England,10.0,4,2009,2023,WCBS,54.09888533817164,-2.0473681073073893
50827,,SE0430,404000,430000,2000.0,England,10.0,15,2009,2023,WCBS,53.76633344836598,-1.9407984342925682
50830,,SE3593,435000,493000,2000.0,England,10.0,11,2009,2023,WCBS,54.33137286124295,-1.4632862162072786
50831,,TR1847,618000,147000,2000.0,England,10.0,10,2009,2023,WCBS,51.180649191221406,1.117741708289419
50832,,SK2517,425000,317000,2000.0,England,10.0,12,2009,2023,WCBS,52.75004378038792,-1.6310641105146337
50837,,SN0514,205000,214000,2000.0,Wales,10.0,14,2007,2022,WCBS,51.790576491829825,-4.828887213905886
50852,,TQ6248,562000,148000,,England,10.0,2,2007,2022,WCBS,51.20823566990429,0.3177740264229995
50853,,SU8890,488000,190000,,England,,2,2006,2023,WCBS,51.601975280537836,-0.7307930104140451
50859,,D2204,137010,560380,2000.0,Northern Ireland,10.0,10,2011,2023,WCBS,54.868843145800874,-6.100471595783609
50864,,SN0107,201000,207000,2000.0,Wales,10.0,10,2010,2022,WCBS,51.72630983139409,-4.882799170385614
50866,,SD3511,335000,411000,1942.0,England,10.0,7,2010,2023,WCBS,53.59152958014097,-2.9834857802652963
50867,,SD4391,343000,491000,2000.0,England,10.0,14,2010,2023,WCBS,54.311396975087646,-2.8776106780573465
50870,,SP7474,474000,274000,2000.0,England,10.0,13,2010,2023,WCBS,52.3590734652827,-0.9148009391715909
50871,,SP7870,478000,270000,2000.0,England,10.0,7,2010,2022,WCBS,52.32256618945193,-0.8570042356171471
50874,,SO7322,373000,222000,2000.0,England,10.0,14,2010,2023,WCBS,51.895888237594896,-2.393782337991569
50875,,SO9524,395000,224000,2000.0,England,10.0,14,2010,2023,WCBS,51.91450608622954,-2.0740993308991245
50880,,SY8780,387000,80000,1700.0,England,10.0,14,2010,2023,WCBS,50.619559386491936,-2.1851222818651688
50882,,TQ3045,530000,145000,2000.0,England,10.0,13,2010,2023,WCBS,51.18944819603566,-0.14112588818201635
50883,,TQ5204,552000,104000,2000.0,England,10.0,11,2010,2022,WCBS,50.815607623952424,0.15631083759354839
50884,,NY0287,302000,587000,2000.0,Scotland,10.0,12,2012,2023,WCBS,55.167570052139,-3.5399804666817682
50885,,ST7202,372000,102000,2000.0,England,10.0,12,2011,2023,WCBS,50.81686316422008,-2.398827311050746
50886,,SH4659,246000,359000,2000.0,Wales,10.0,12,2012,2023,WCBS,53.10590196628478,-4.301917459762615
50887,,TQ5301,553000,101000,2000.0,England,10.0,13,2011,2023,WCBS,50.78838626381234,0.16924629093806812
50891,,NT1930,319000,630000,2000.0,Scotland,10.0,7,2011,2022,WCBS,55.556933634781316,-3.2856539449340714
50895,,SO6212,362000,212000,2000.0,England,10.0,11,2012,2023,WCBS,51.80533942776392,-2.5525296705722016
50896,,SD5058,350000,458000,2228.0,England,10.0,7,2012,2023,WCBS,54.01557415113364,-2.764541307900576
50897,,SO9514,395000,214000,2000.0,England,10.0,12,2012,2023,WCBS,51.82459721832515,-2.0739511998511024
50901,,TF7611,576000,311000,,England,,3,2012,2022,WCBS,52.668133252005845,0.6013563634580618
50902,,NS5651,256000,651000,2000.0,Scotland,10.0,12,2011,2022,WCBS,55.730932159942334,-4.294700387721352
50904,,TF6841,568000,341000,2000.0,England,10.0,7,2011,2023,WCBS,52.9400983264511,0.4985760595173558
50910,,SU8583,485000,183000,2000.0,England,10.0,12,2012,2023,WCBS,51.53951035819811,-0.7757893586169488
50912,,SU0101,401000,101000,2000.0,England,10.0,10,2012,2022,WCBS,50.80855248334224,-1.9871749864661363
50915,,SJ4162,341000,362000,2000.0,England,10.0,6,2012,2022,WCBS,53.15185206564078,-2.883685874132741
50920,,SU0308,403000,108000,2000.0,England,10.0,12,2011,2023,WCBS,50.87149335405778,-1.9587349827388487
50921,,TL1724,517000,224000,,England,,2,2012,2023,WCBS,51.90226691207112,-0.3008148816121888
50928,,NJ9961,399000,861000,2000.0,Scotland,10.0,8,2009,2022,WCBS,57.63893622660102,-2.0184100664100404
50929,,NK0457,404000,857000,2000.0,Scotland,10.0,9,2009,2022,WCBS,57.60299157174585,-1.9347288925196062
50931,,SP9026,490000,226000,2000.0,England,10.0,15,2009,2023,WCBS,51.925253993333456,-0.6926104038938048
50933,,NY1847,318000,547000,2000.0,England,10.0,11,2009,2023,WCBS,54.81112721033738,-3.2774160185040637
50936,,SD1868,318000,468000,2000.0,England,10.0,9,2009,2023,WCBS,54.10133051469251,-3.255497590340327
50938,,ST6070,360000,170000,2000.0,England,10.0,13,2007,2023,WCBS,51.427584889277036,-2.5767264256010125
50939,,TL2486,524000,286000,2000.0,England,10.0,11,2009,2023,WCBS,52.45788160578006,-0.17647555943715793
50944,,SY9594,395000,94000,2000.0,England,10.0,15,2009,2023,WCBS,50.745582546294195,-2.0722322348560924
50945,,SZ0176,401000,76000,2000.0,England,10.0,15,2009,2023,WCBS,50.58373478026133,-1.9872348795235082
50946,,SZ0497,404000,97000,2000.0,England,10.0,13,2009,2023,WCBS,50.77256990122266,-1.944639965376567
50947,,TL4903,549000,203000,2000.0,England,10.0,10,2009,2023,WCBS,51.70595999989944,0.1549677935235442
50950,,SU5127,451000,127000,2000.0,England,10.0,15,2007,2023,WCBS,51.04010080681298,-1.2739550980934724
50951,,SU6207,462000,107000,2000.0,England,10.0,14,2009,2023,WCBS,50.8591962397283,-1.1204779864987118
50952,,TL8339,583000,239000,2000.0,England,10.0,13,2009,2023,WCBS,52.01923654003847,0.6655605074149819
50956,,SD9904,399000,404000,2000.0,England,10.0,13,2009,2023,WCBS,53.532654091061545,-2.0165569620466552
50957,,TQ5390,553000,190000,2000.0,England,10.0,15,2009,2023,WCBS,51.58808544070206,0.2071300764528781
50958,,SD6608,366000,408000,2000.0,England,10.0,9,2009,2023,WCBS,53.56749960354848,-2.5148434572523253
50962,,SX7779,277000,79000,2000.0,England,10.0,15,2009,2023,WCBS,50.597725442184455,-3.73927229435899
50965,,SY4690,346000,90000,2094.0,England,10.0,13,2009,2022,WCBS,50.707115618578854,-2.7661054932375695
50966,,SY7385,373000,85000,2000.0,England,10.0,13,2009,2023,WCBS,50.66403942224894,-2.383381584836382
50967,,TG2215,622000,315000,2000.0,England,10.0,16,2007,2023,WCBS,52.68716604398643,1.283236051634455
50969,,TG4124,641000,324000,2000.0,England,10.0,13,2007,2023,WCBS,52.75980437516093,1.5703836439901164
50975,,TQ1492,514000,192000,2000.0,England,6.0,13,2009,2023,WCBS,51.61529351865255,-0.35488552635946125
50978,,TQ5568,555000,168000,2000.0,England,10.0,12,2009,2022,WCBS,51.38987680981553,0.22632496429050467
50987,,TQ1662,516000,162000,2000.0,England,10.0,14,2009,2023,WCBS,51.3452550595931,-0.3358554134821677
50989,,ST4355,343000,155000,2000.0,England,10.0,8,2007,2022,WCBS,51.2912650932195,-2.8188128003811297
50992,,TL6381,563000,281000,2000.0,England,10.0,14,2009,2023,WCBS,52.402735875693324,0.3945852862641486
50993,,TL7866,578000,266000,2000.0,England,10.0,11,2009,2022,WCBS,52.26335453464995,0.6069023987656025
50994,,TM3450,634000,250000,2000.0,England,10.0,15,2009,2023,WCBS,52.098816542779026,1.4150743191402144
50995,,TM3762,637000,262000,2000.0,England,10.0,7,2009,2023,WCBS,52.205229146506554,1.4671542730761582
50997,,TM2087,620000,287000,2000.0,England,10.0,10,2007,2023,WCBS,52.43666974549535,1.2351368038946433
50999,,SP7754,477000,254000,2000.0,England,10.0,13,2009,2023,WCBS,52.178890057629296,-0.8753155834702354
51003,,SP3523,435000,223000,,England,10.0,12,2009,2022,WCBS,51.90444651429078,-1.4926742933521462
51005,,SU6289,462000,189000,2000.0,England,10.0,13,2009,2023,WCBS,51.59644245732016,-1.106315323412783
51008,,SM8010,180000,210000,2000.0,Wales,10.0,13,2009,2023,WCBS,51.74539400787354,-5.188279978091247
51009,,SM9234,192000,234000,2000.0,Wales,10.0,14,2009,2023,WCBS,51.965460040822684,-5.0291671608665744
51011,,SO2054,320000,254000,2000.0,Wales,10.0,16,2007,2022,WCBS,52.17843047514218,-3.171382336764402
51018,,SU0030,400000,130000,2000.0,England,10.0,5,2009,2023,WCBS,51.06933076495138,-2.001376590551419
51024,,SK3828,438000,328000,2000.0,England,10.0,13,2009,2023,WCBS,52.84816830940045,-1.4372031217388836
51025,,TL0280,502000,280000,2000.0,England,10.0,13,2009,2023,WCBS,52.40850682271475,-0.501953588830466
51029,,NH8646,286000,846000,,Scotland,10.0,6,2007,2023,WCBS,57.48983940455358,-3.9034083180125316
51035,,SP1521,415000,221000,2000.0,England,10.0,11,2007,2023,WCBS,51.88735830799693,-1.783461223521743
51040,,TG0307,603000,307000,1953.0,England,10.0,4,2007,2022,WCBS,52.622794892220114,0.9976343647014836
51051,,SP5310,453000,210000,,England,,2,2006,2023,WCBS,51.78615704014775,-1.2330496051780508
51052,,SU6473,464000,173000,,England,,2,2006,2023,WCBS,51.452374956900655,-1.0803472755171708
51058,,J4577,157622,531508,2000.0,Northern Ireland,10.0,8,2010,2023,WCBS,54.62035635374406,-5.7559517287545505
51059,,TG1008,610000,308000,2090.0,England,10.0,4,2007,2022,WCBS,52.62911168055646,1.1015235461044524
51060,,TM1683,616000,283000,,England,,4,2007,2023,WCBS,52.40235872051656,1.1738077478697961
51064,,NT0923,309000,623000,2000.0,Scotland,10.0,8,2010,2023,WCBS,55.49229057890719,-3.441828863396267
51066,,SD9711,397000,411000,2000.0,England,10.0,10,2010,2023,WCBS,53.5955641779726,-2.0468001678140846
51068,,SJ9520,395000,320000,2000.0,England,10.0,14,2010,2023,WCBS,52.77756102435755,-2.075561658870369
51069,,SK0799,407000,399000,2000.0,England,10.0,11,2010,2023,WCBS,53.48766828425159,-1.8959731854520325
51070,,SK4964,449000,364000,2032.0,England,10.0,10,2010,2023,WCBS,53.17086544390155,-1.2684340587592826
51072,,SP7657,476000,257000,2000.0,England,10.0,10,2010,2023,WCBS,52.205994640355165,-0.8892655104587989
51074,,ST8719,387000,119000,2000.0,England,10.0,14,2010,2023,WCBS,50.97026718208064,-2.186514857235599
51075,,SO5302,353000,202000,2000.0,England,10.0,14,2010,2023,WCBS,51.71474919267787,-2.6816947982208
51077,,SP4952,449000,252000,2000.0,England,10.0,13,2010,2023,WCBS,52.16410241950746,-1.2850508189941443
51078,,TL2050,520000,250000,2000.0,England,10.0,14,2010,2023,WCBS,52.135278074501656,-0.248127066871867
51089,,SY4694,346000,94000,2000.0,England,10.0,12,2012,2023,WCBS,50.74308304849018,-2.76669246554508
51090,,TQ1330,513000,130000,2000.0,England,10.0,10,2012,2023,WCBS,51.058231769462,-0.3889759324673175
51096,,SD7715,377000,415000,2000.0,England,10.0,12,2011,2022,WCBS,53.631016074123636,-2.349275770658371
51098,,TG3502,635000,302000,2000.0,England,10.0,13,2011,2023,WCBS,52.565035863781645,1.4659698478776486
51104,,TF6535,565000,335000,2000.0,England,10.0,11,2011,2023,WCBS,52.88714170215598,0.4509325086823403
51113,,SH7150,271000,350000,2000.0,Wales,10.0,7,2012,2023,WCBS,53.03168112221853,-3.925108209874899
51120,,SH5263,252000,363000,2000.0,Wales,10.0,10,2012,2023,WCBS,53.143530002667895,-4.214210436241795
51121,,NT4164,341000,664000,2000.0,Scotland,10.0,12,2012,2023,WCBS,55.86554836692987,-2.944290865503079
51129,,SU0605,406000,105000,2000.0,England,10.0,9,2012,2023,WCBS,50.84449325065425,-1.9161486116520692
51130,,ST5301,353000,101000,2000.0,England,10.0,11,2012,2023,WCBS,50.80663710645711,-2.668387978657318
51133,,TQ6313,563000,113000,2000.0,England,10.0,8,2011,2023,WCBS,50.89348498188693,0.3163309721819021
51134,,SE7063,470000,463000,2000.0,England,10.0,12,2012,2023,WCBS,54.058206719631436,-0.9321176948466895
51135,,SP9335,493000,235000,2000.0,England,10.0,8,2012,2023,WCBS,52.005655738275735,-0.6465624270728946
51136,,SU2770,427000,170000,2000.0,England,10.0,7,2012,2022,WCBS,51.42836703300355,-1.613031111897107
51138,,NN0785,207000,785000,2000.0,Scotland,10.0,10,2009,2023,WCBS,56.91598865209969,-5.172110383674002
51139,,NY3351,333000,551000,2000.0,England,10.0,15,2009,2023,WCBS,54.84929900683498,-3.0449973277777107
51140,,NY4736,347000,536000,2000.0,England,10.0,8,2009,2023,WCBS,54.716196730443556,-2.824240765467156
51141,,NY8113,381000,513000,2000.0,England,10.0,10,2009,2023,WCBS,54.51194520477823,-2.2949727797588304
51142,,SP8816,488000,216000,2000.0,England,10.0,8,2007,2023,WCBS,51.83568687878836,-0.7242335190947866
51143,,SJ3773,337000,373000,2000.0,England,10.0,11,2009,2022,WCBS,53.25025716529436,-2.94566384188996
51144,,SJ9268,392000,368000,2000.0,England,10.0,13,2009,2022,WCBS,53.20900369634717,-2.121239505948313
51146,,SH8064,280000,364000,1916.0,Wales,10.0,5,2009,2023,WCBS,53.15956173271054,-3.796207322936156
51151,,SU4628,446000,128000,2000.0,England,10.0,13,2009,2023,WCBS,51.04951347664086,-1.3451388618831297
51152,,SU4837,448000,137000,2000.0,England,10.0,14,2009,2023,WCBS,51.13027332117867,-1.3154157333163405
51155,,NO4228,342000,728000,2000.0,Scotland,10.0,13,2009,2023,WCBS,56.440598232371734,-2.9422856416482626
51164,,SK3150,431000,350000,2000.0,England,10.0,13,2009,2023,WCBS,53.046372234083506,-1.5390417569356647
51170,,SY0994,309000,94000,2022.0,England,10.0,6,2009,2022,WCBS,50.738456013053465,-3.2909701495383334
51172,,ST3701,337000,101000,2000.0,England,10.0,9,2009,2023,WCBS,50.80511489668921,-2.895432951724292
51173,,SY5089,350000,89000,2000.0,England,10.0,11,2009,2023,WCBS,50.69848219752774,-2.7093270634027244
51175,,TG1139,611000,339000,2000.0,England,10.0,17,2007,2023,WCBS,52.906984262423066,1.1362240619488855
51176,,SU6633,466000,133000,2000.0,England,10.0,12,2009,2022,WCBS,51.092522055222624,-1.0589422437170561
51180,,TQ9840,598000,140000,2000.0,England,10.0,15,2009,2023,WCBS,51.12505353246827,0.8281285278593669
51187,,TQ2688,526000,188000,2000.0,England,10.0,13,2009,2023,WCBS,51.5767909789508,-0.18309314767984158
51188,,TQ2782,527000,182000,2000.0,England,10.0,12,2009,2023,WCBS,51.5226460069233,-0.17083410657347373
51189,,NT2764,327000,664000,2000.0,Scotland,10.0,6,2009,2023,WCBS,55.86362885016996,-3.1679394737742723
51192,,SU8204,482000,104000,2000.0,England,10.0,12,2009,2023,WCBS,50.82973811189746,-0.8370450792066066
51193,,ST7650,376000,150000,1966.0,England,10.0,3,2007,2022,WCBS,51.24866070844611,-2.3452430963185606
51197,,TL8271,582000,271000,2000.0,England,10.0,9,2009,2023,WCBS,52.30694922218618,0.6681458581831434
51203,,SP5160,451000,260000,2000.0,England,10.0,15,2009,2023,WCBS,52.235838684422895,-1.2546122335409065
51208,,SM9737,197000,237000,238.0,Wales,10.0,8,2009,2022,WCBS,51.99424507478622,-4.958266060274734
51210,,TQ1520,515000,120000,,England,10.0,6,2008,2022,WCBS,50.967949704601914,-0.36361684527036375
51211,,TQ1819,518000,119000,2000.0,England,10.0,15,2007,2023,WCBS,50.95835515980963,-0.32123613462420436
51217,,TQ6608,566000,108000,2000.0,England,10.0,11,2009,2023,WCBS,50.847707154586125,0.3566824408320662
51220,,SP1267,412000,267000,2000.0,England,10.0,13,2009,2023,WCBS,52.30099370491556,-1.825445822542251
51240,,ST5274,352000,174000,2000.0,England,10.0,12,2007,2023,WCBS,51.46292566485124,-2.6923293961051233
51253,,SJ4448,344000,348000,2000.0,England,10.0,11,2013,2023,WCBS,53.02634359892803,-2.8363879773048937
51258,,TM1091,610000,291000,2000.0,England,10.0,5,2007,2023,WCBS,52.47650755125454,1.0907733068965755
51263,,SJ7891,378000,391000,2421.0,England,10.0,14,2010,2023,WCBS,53.41534204240799,-2.332459612700716
51265,,ST6695,366000,195000,2000.0,England,10.0,14,2010,2023,WCBS,51.65275462106767,-2.492852896002471
51266,,ST7637,376000,137000,,England,10.0,12,2010,2023,WCBS,51.13176757831973,-2.3443701033967574
51267,,SO8933,389000,233000,2000.0,England,10.0,14,2010,2023,WCBS,51.995335202956106,-2.161620719084748
51268,,SX4068,240000,68000,2000.0,England,10.0,8,2010,2023,WCBS,50.489904302725,-4.256949933952558
51269,,TF9434,594000,334000,2000.0,England,10.0,11,2010,2022,WCBS,52.868495043238774,0.8808108792546999
51272,,TQ5317,553000,117000,2000.0,England,10.0,14,2010,2023,WCBS,50.932162004041004,0.1759296407317732
51273,,TQ2759,527000,159000,2000.0,England,10.0,14,2010,2023,WCBS,51.31594446388003,-0.17906751672990506
51277,,ST9709,397000,109000,2000.0,England,10.0,12,2012,2023,WCBS,50.880484585895395,-2.044012793886263
51280,,NT2856,328000,656000,2000.0,Scotland,10.0,12,2012,2023,WCBS,55.79191450879401,-3.1498428962640603
51281,,SO9714,397000,214000,2000.0,England,10.0,12,2012,2023,WCBS,51.82461194898713,-2.0449322930333924
51292,,SD6168,361000,468000,2000.0,England,10.0,12,2011,2023,WCBS,54.10639548075328,-2.5979716523742122
51294,,SU5921,459000,121000,2000.0,England,10.0,8,2012,2023,WCBS,50.985389062345334,-1.1608360330814773
51295,,ST3104,331000,104000,2000.0,England,10.0,11,2012,2023,WCBS,50.83140377317368,-2.981134538571913
51296,,SZ0196,401000,96000,2000.0,England,10.0,10,2012,2023,WCBS,50.76358964088334,-1.9871870264804659
51299,,SU4771,447000,171000,2000.0,England,10.0,8,2012,2023,WCBS,51.436056149958596,-1.3252427528478237
51308,,SU0301,403000,101000,2000.0,England,10.0,10,2012,2023,WCBS,50.808545975186426,-1.9587901042863318
51312,,NJ9736,397000,836000,2000.0,Scotland,10.0,14,2009,2023,WCBS,57.41436534781447,-2.0515885502332223
51316,,ST6266,362000,166000,2000.0,England,10.0,17,2007,2023,WCBS,51.39175817686486,-2.5475310871261576
51319,,SD2883,328000,483000,2000.0,England,10.0,11,2009,2023,WCBS,54.237614774763735,-3.1061951195473334
51320,,SD4896,348000,496000,2000.0,England,10.0,9,2009,2023,WCBS,54.35686302113924,-2.8016416505538633
51321,,SE0602,406000,402000,2000.0,England,10.0,5,2009,2023,WCBS,53.51464559588725,-1.910987614481969
51322,,SU3476,434000,176000,2000.0,England,10.0,13,2009,2023,WCBS,51.48193892285193,-1.5117743003589323
51323,,SP8314,483000,214000,2014.0,England,10.0,4,2009,2023,WCBS,51.81847333483716,-0.7972611309944675
51324,,SU9596,495000,196000,2000.0,England,10.0,12,2009,2023,WCBS,51.654771607102326,-0.6281266195598587
51327,,SJ7488,374000,388000,2000.0,England,10.0,14,2009,2023,WCBS,53.38819420091553,-2.3923906036383142
51329,,NZ2024,420000,524000,2000.0,England,10.0,14,2009,2022,WCBS,54.610769039093384,-1.691861141492804
51330,,NT6565,365000,665000,2000.0,Scotland,10.0,4,2009,2023,WCBS,55.87687797633517,-2.5609695391076106
51333,,SU2200,422000,100000,2000.0,England,10.0,13,2009,2022,WCBS,50.79914732973218,-1.6891957155695125
51335,,SU3939,439000,139000,2000.0,England,10.0,17,2007,2023,WCBS,51.148938333964686,-1.4438106270183726
51343,,SP1039,410000,239000,2123.0,England,10.0,15,2009,2023,WCBS,52.049302246319684,-1.8555909909170736
51348,,ST7316,373000,116000,2000.0,England,10.0,15,2009,2023,WCBS,50.94280192611385,-2.3856711892785762
51349,,ST7705,377000,105000,2000.0,England,10.0,14,2009,2023,WCBS,50.8440613916278,-2.328042939791702
51350,,ST9707,397000,107000,2000.0,England,10.0,12,2009,2022,WCBS,50.862499718899564,-2.0439957578999377
51351,,ST9910,399000,110000,2000.0,England,10.0,15,2009,2023,WCBS,50.88948432228833,-2.0155872805809123
51352,,SU0600,406000,100000,1831.0,England,10.0,10,2009,2022,WCBS,50.799530733853665,-1.9162288449214788
51356,,TL3207,532000,207000,2000.0,England,10.0,7,2009,2023,WCBS,51.74615765792258,-0.0893889706214527
51357,,TL3212,532000,212000,,England,10.0,15,2009,2023,WCBS,51.79108786942723,-0.08749068532527972
51360,,TR1651,616000,151000,2000.0,England,10.0,15,2009,2023,WCBS,51.21732306594876,1.0915757455427573
51361,,TR2839,628000,139000,2000.0,England,10.0,7,2009,2022,WCBS,51.10493232546309,1.2555175971115715
51364,,TF6926,569000,326000,2000.0,England,10.0,17,2007,2023,WCBS,52.80507374406805,0.5056626797338749
51366,,ST1914,319000,114000,2030.0,England,10.0,12,2007,2023,WCBS,50.919752591314726,-3.1537129708937153
51367,,ST3547,335000,147000,2000.0,England,10.0,8,2009,2023,WCBS,51.218481296448275,-2.9320683121981768
51370,,SU9402,494000,102000,2000.0,England,10.0,16,2008,2023,WCBS,50.80993608300127,-0.6672143125621641
51371,,ST4872,348000,172000,2000.0,England,10.0,6,2009,2023,WCBS,51.44458994309054,-2.749607849222705
51372,,ST4944,349000,144000,,England,10.0,6,2009,2023,WCBS,51.19293291082078,-2.731205310291577
51373,,ST6945,369000,145000,,England,10.0,3,2007,2022,WCBS,51.203363668509255,-2.4450986276512943
51375,,ST7542,375000,142000,1982.0,England,10.0,3,2007,2022,WCBS,51.17668370097872,-2.3590100813130923
51376,,ST7653,376000,153000,2000.0,England,10.0,14,2007,2022,WCBS,51.275635710846515,-2.3454453887046705
51378,,SK0500,405000,300000,2000.0,England,10.0,14,2009,2023,WCBS,52.59777048676271,-1.927615356135153
51381,,TL7262,572000,262000,2000.0,England,10.0,13,2009,2023,WCBS,52.22933545218581,0.5170401720741722
51382,,TL7781,577000,281000,2000.0,England,10.0,14,2009,2023,WCBS,52.39839123240375,0.600156719456213
51393,,SP2798,427000,298000,2000.0,England,10.0,15,2009,2023,WCBS,52.57914826980641,-1.6029846275789363
51425,,J4864,159502,518299,2000.0,Northern Ireland,10.0,9,2010,2022,WCBS,54.50279910293812,-5.716096312753757
51429,,SD9613,396000,413000,2000.0,England,10.0,7,2010,2022,WCBS,53.61353376581861,-2.0619356791931587
51431,,SK2936,429000,336000,,England,10.0,10,2010,2023,WCBS,52.920638910766705,-1.5701238820942853
51442,,TL6142,561000,242000,2000.0,England,10.0,14,2010,2023,WCBS,52.05300057223499,0.3466625435055728
51443,,TL7910,579000,210000,2000.0,England,10.0,12,2012,2023,WCBS,51.760073883249376,0.5922941181203069
51445,,TQ5425,554000,125000,2000.0,England,10.0,12,2012,2023,WCBS,51.003781709483306,0.19353350630564958
51451,,TQ7214,572000,114000,2000.0,England,10.0,3,2011,2022,WCBS,50.89986134330729,0.4446515944720539
51453,,NT0035,300000,635000,2000.0,Scotland,10.0,10,2011,2023,WCBS,55.59831352568553,-3.5885570509832108
51454,,H5347,63353,509445,2000.0,Northern Ireland,10.0,6,2011,2023,WCBS,54.36891313141578,-7.185315607356022
51459,,NR7150,171000,650000,2000.0,Scotland,10.0,13,2011,2023,WCBS,55.68926240395692,-5.644945434838304
51467,,TF9313,593000,313000,2000.0,England,10.0,12,2011,2023,WCBS,52.68030989455958,0.853608771143709
51472,,ST9235,392000,135000,2000.0,England,10.0,8,2012,2023,WCBS,51.114233786282504,-2.1156652120648176
51475,,C9742,115353,600399,2000.0,Northern Ireland,10.0,11,2013,2023,WCBS,55.21552232574463,-6.47681058360714
51482,,ND0665,306000,965000,2000.0,Scotland,10.0,7,2012,2023,WCBS,58.56284593538257,-3.61746898849627
51490,,NS8996,289000,696000,2000.0,Scotland,10.0,11,2013,2023,WCBS,56.143741913313384,-3.7880428253359635
51492,,NT2466,324000,666000,2000.0,Scotland,10.0,10,2013,2023,WCBS,55.88113034604847,-3.21642211869792
51495,,NX3656,236000,556000,2000.0,Scotland,10.0,2,2009,2023,WCBS,54.87180041113667,-4.557356492838783
51496,,NY7906,379000,506000,2000.0,England,10.0,9,2013,2023,WCBS,54.4489583615315,-2.3253628092071397
51497,,NZ2159,421000,559000,2000.0,England,10.0,10,2013,2023,WCBS,54.92525112306475,-1.6738611772269156
51499,,SD9842,398000,442000,2000.0,England,10.0,9,2013,2023,WCBS,53.8741986827837,-2.031903068078926
51507,,SH7205,272000,305000,2000.0,Wales,10.0,11,2013,2023,WCBS,52.62762039823292,-3.892544609654884
51512,,SJ2077,320000,377000,2000.0,Wales,10.0,6,2013,2023,WCBS,53.28391087658721,-3.2014020488713735
51516,,SJ6921,369000,321000,2000.0,England,10.0,8,2013,2022,WCBS,52.78567794290761,-2.4610808983212378
51522,,SN6831,268000,231000,2000.0,Wales,10.0,11,2013,2023,WCBS,51.96176447011999,-3.9225842280792675
51526,,SO6575,365000,275000,2000.0,England,10.0,10,2013,2023,WCBS,52.37191835295253,-2.515510843329306
51527,,SO7125,371000,225000,2000.0,England,10.0,9,2013,2023,WCBS,51.92275910065223,-2.423099919503125
51528,,SO8224,382000,224000,2000.0,England,10.0,9,2013,2023,WCBS,51.91423495725515,-2.2630974076509087
51529,,SO8819,388000,219000,2000.0,England,10.0,11,2013,2023,WCBS,51.869443713897965,-2.1756922477529126
51534,,SP0815,408000,215000,2000.0,England,10.0,11,2013,2023,WCBS,51.83355593052286,-1.8853055118898705
51537,,SP1331,413000,231000,2000.0,England,10.0,8,2013,2023,WCBS,51.977315620128536,-1.812145861501094
51541,,SP5415,454000,215000,2000.0,England,10.0,11,2013,2023,WCBS,51.83101237534971,-1.2177763397092862
51542,,SP6254,462000,254000,2000.0,England,10.0,8,2013,2023,WCBS,52.18077664546811,-1.0946527747504995
51545,,SP8778,487000,278000,2000.0,England,10.0,11,2013,2023,WCBS,52.39311863641393,-0.722918675257701
51552,,ST3514,335000,114000,2000.0,England,10.0,10,2013,2023,WCBS,50.92178013512048,-2.9261256486152387
51553,,ST4894,348000,194000,2000.0,Wales,10.0,8,2013,2023,WCBS,51.64238363909773,-2.752866088638942
51554,,ST6310,363000,110000,2000.0,England,10.0,8,2013,2023,WCBS,50.88829294846222,-2.5273881273444703
51555,,ST6617,366000,117000,1995.0,England,10.0,6,2013,2023,WCBS,50.95142219105783,-2.4853945318872874
51557,,ST7933,379000,133000,,England,10.0,7,2013,2023,WCBS,51.0959183110098,-2.3012627029492294
51558,,ST8312,383000,112000,2000.0,England,10.0,11,2013,2023,WCBS,50.90721645074569,-2.2431522081083806
51561,,SU0737,407000,137000,2000.0,England,10.0,8,2013,2023,WCBS,51.13223395286167,-1.9013388019304291
51563,,SU2206,422000,106000,2000.0,England,10.0,10,2013,2023,WCBS,50.8531015746412,-1.6888375857484594
51564,,SU2370,423000,170000,,England,,4,2013,2022,WCBS,51.42854269827742,-1.670564567533183
51567,,SU6086,460000,186000,,England,10.0,9,2013,2023,WCBS,51.569687704105526,-1.1356969918235578
51568,,SU7249,472000,149000,2000.0,England,10.0,11,2013,2023,WCBS,51.235649894845096,-0.9700825500020597
51574,,SY9796,397000,96000,1891.0,England,10.0,6,2013,2023,WCBS,50.76358195287168,-2.0439023711371562
51576,,TA0749,507000,449000,2000.0,England,10.0,10,2013,2023,WCBS,53.92608695752971,-0.37199991429252566
51579,,TF7041,570000,341000,2000.0,England,10.0,7,2013,2023,WCBS,52.93946922955779,0.5283067934753436
51581,,TG3201,632000,301000,2000.0,England,10.0,11,2013,2023,WCBS,52.557348390134344,1.421092555442989
51584,,TL1719,517000,219000,2000.0,England,10.0,8,2013,2023,WCBS,51.857332281394946,-0.3025082009494966
51585,,TL1844,518000,244000,2000.0,England,10.0,7,2013,2023,WCBS,52.08178956590286,-0.2794109762775742
51589,,TL3911,539000,211000,2000.0,England,10.0,9,2013,2023,WCBS,51.78040848126256,0.0135385473415083
51591,,TL5373,553000,273000,2000.0,England,10.0,10,2013,2023,WCBS,52.33375472881079,0.24407130930601784
51595,,TM0683,606000,283000,2000.0,England,10.0,10,2013,2023,WCBS,52.40621101600815,1.0270342770249419
51597,,TM2481,624000,281000,2000.0,England,10.0,11,2013,2023,WCBS,52.38119534590444,1.289865961113639
51601,,TQ3319,533000,119000,2000.0,England,10.0,9,2013,2022,WCBS,50.95509156149035,-0.10777695632406123
51602,,TQ4905,549000,105000,2000.0,England,10.0,9,2013,2023,WCBS,50.82537293915649,0.11416219790500619
51605,,SU9816,498000,116000,,England,,7,2014,2023,WCBS,50.93513091453191,-0.6067121790019921
51606,,SO7416,374000,216000,2000.0,England,10.0,9,2014,2023,WCBS,51.84199180770683,-2.378796494222644
51609,,NY4303,343000,503000,2000.0,England,10.0,7,2014,2023,WCBS,54.419229495859355,-2.879913407365795
51612,,SO9109,391000,209000,2000.0,England,10.0,10,2014,2023,WCBS,51.77959140736311,-2.131857439118178
51617,,SK4215,442000,315000,2000.0,England,10.0,9,2014,2022,WCBS,52.73101564815185,-1.379477275892554
51618,,SY5589,355000,89000,2000.0,England,10.0,10,2014,2023,WCBS,50.69889160330726,-2.638535671311995
51623,,TG2502,625000,302000,2000.0,England,10.0,3,2014,2023,WCBS,52.569259580004065,1.3186959035901602
51627,,TQ2480,524000,180000,2000.0,England,10.0,4,2015,2023,WCBS,51.50533784570075,-0.21475564312538795
51628,,TL1055,510000,255000,2000.0,England,10.0,7,2014,2023,WCBS,52.18229174132067,-0.3925514007548181
51630,,TF5904,559000,304000,2000.0,England,10.0,9,2014,2023,WCBS,52.6105069154756,0.34682369724204404
51631,,SU9651,496000,151000,2000.0,England,10.0,9,2014,2022,WCBS,51.25010021744449,-0.6258730201360535
51637,,TQ4352,543000,152000,2000.0,England,10.0,10,2014,2023,WCBS,51.249249470254995,0.04756761443910541
51646,,SO7126,371000,226000,2000.0,England,10.0,9,2014,2022,WCBS,51.931749660545194,-2.4231845192947055
51649,,TM3495,634000,295000,2000.0,England,10.0,9,2014,2023,WCBS,52.5026514009991,1.4463172537871194
51657,,SK2659,426000,359000,2000.0,England,10.0,8,2014,2023,WCBS,53.12753709458763,-1.6128971149802893
51660,,SO8708,387000,208000,2000.0,England,10.0,7,2014,2023,WCBS,51.77052096719666,-2.1897994623612496
51661,,TL9859,598000,259000,2000.0,England,10.0,9,2014,2023,WCBS,52.193673254793474,0.8954919567776143
51662,,NN2578,225000,778000,2000.0,Scotland,10.0,8,2014,2022,WCBS,56.86033362090279,-4.8720355366664405
51665,,SE0298,402000,498000,2000.0,England,10.0,6,2014,2022,WCBS,54.377497344826836,-1.9707160291910608
51666,,NY4709,347000,509000,2000.0,England,10.0,5,2014,2023,WCBS,54.473579249857785,-2.819354185487146
51669,,ST7703,377000,103000,2340.0,England,10.0,8,2014,2023,WCBS,50.826076701681615,-2.32791678882425
51671,,NY4702,347000,502000,2000.0,England,10.0,9,2014,2023,WCBS,54.41067677407659,-2.818099117366281
51672,,SX3073,230000,73000,2000.0,England,10.0,9,2014,2023,WCBS,50.5320120332054,-4.400074963951827
51674,,SP8359,483000,259000,2000.0,England,10.0,6,2014,2023,WCBS,52.222963127521254,-0.7863644444520579
51676,,TM3568,635000,268000,2000.0,England,10.0,7,2014,2023,WCBS,52.25992948876038,1.442107785509942
51679,,TQ3279,532000,179000,2000.0,England,10.0,10,2014,2023,WCBS,51.49454116908419,-0.09992867066016915
51680,,SU7334,473000,134000,2000.0,England,10.0,8,2014,2023,WCBS,51.10066572852541,-0.9588019461736988
51684,,TM3150,631000,250000,2000.0,England,10.0,9,2014,2023,WCBS,52.100076123598676,1.3713557591169407
51685,,SU7108,471000,108000,2000.0,England,10.0,10,2014,2023,WCBS,50.86715405331695,-0.9924327207812338
51687,,SP7572,475000,272000,2000.0,England,10.0,7,2014,2023,WCBS,52.3409607610753,-0.9005657995508067
51689,,SD6278,362000,478000,2000.0,England,10.0,9,2014,2023,WCBS,54.19634009119534,-2.583942251416733
51690,,TL3071,530000,271000,,England,10.0,2,2014,2022,WCBS,52.32171136713785,-0.09403867882789053
51693,,SY8982,389000,82000,2000.0,England,10.0,10,2014,2023,WCBS,50.63758649697289,-2.1569113728682248
51698,,SZ2892,428000,92000,2000.0,England,10.0,7,2014,2023,WCBS,50.72695053113415,-1.60466623304558
51699,,NR2741,127000,641000,2000.0,Scotland,10.0,10,2014,2023,WCBS,55.585883825693976,-6.3339850437480205
51700,,TM0048,600000,248000,2000.0,England,10.0,10,2014,2023,WCBS,52.094185515051116,0.9182447441022257
51702,,TL8566,585000,266000,2000.0,England,10.0,9,2014,2022,WCBS,52.26104671605514,0.7093549405281395
51708,,ST6418,364000,118000,2000.0,England,10.0,6,2015,2023,WCBS,50.960292276485895,-2.513964457407853
51709,,TF0036,500000,336000,,England,10.0,3,2015,2023,WCBS,52.91213036924618,-0.5143787542748329
51710,,TL0704,507000,204000,2000.0,England,10.0,7,2015,2022,WCBS,51.72452126555324,-0.45227468040966734
51717,,TF0586,505000,386000,2000.0,England,10.0,3,2015,2023,WCBS,53.36045721354929,-0.4236946120384759
51718,,SE6655,466000,455000,2000.0,England,10.0,3,2015,2022,WCBS,53.9868436704036,-0.9949484028901402
51720,,TM0378,603000,278000,2000.0,England,10.0,2,2015,2023,WCBS,52.36244158609385,0.9799694048362003
51723,,SU6307,463000,107000,2000.0,England,10.0,9,2015,2023,WCBS,50.85908834999727,-1.1062718945560672
51727,,TQ3559,535000,159000,2000.0,England,10.0,8,2015,2023,WCBS,51.31410429214519,-0.06434405837826387
51728,,TA0095,500000,495000,2000.0,England,10.0,9,2015,2023,WCBS,54.3407595182643,-0.4633379582172809
51730,,SE8683,486000,483000,2000.0,England,10.0,9,2015,2023,WCBS,54.23549055397591,-0.6820592230358897
51732,,SD8322,383000,422000,2000.0,England,10.0,5,2015,2023,WCBS,53.69416307854805,-2.2589318809030563
51737,,TF5918,559000,318000,2000.0,England,10.0,7,2015,2022,WCBS,52.736256245069825,0.3535744017205427
51740,,TQ2654,526000,154000,2000.0,England,10.0,9,2015,2023,WCBS,51.27123001864101,-0.19517176876154044
51741,,TM2975,629000,275000,2000.0,England,10.0,6,2015,2022,WCBS,52.32528147478248,1.3591075007315476
51749,,TL2333,523000,233000,2000.0,England,10.0,4,2015,2022,WCBS,51.98185367464968,-0.21043379841449883
51756,,TQ1354,513000,154000,2000.0,England,10.0,9,2015,2023,WCBS,51.27395351469237,-0.3814426269354653
51757,,SE7862,478000,462000,2000.0,England,10.0,6,2015,2022,WCBS,54.04807441726976,-0.8101878177728061
51762,,TR1357,613000,157000,2000.0,England,10.0,5,2015,2023,WCBS,51.272323834625084,1.052250552521842
51763,,NY5970,359000,570000,2000.0,England,10.0,8,2015,2023,WCBS,55.02283709052554,-2.6428239131764104
51764,,TL1232,512000,232000,2000.0,England,10.0,6,2015,2023,WCBS,51.97519058550989,-0.37085501020106276
51765,,SP7843,478000,243000,2000.0,England,10.0,9,2015,2023,WCBS,52.07987386201883,-0.8632127867150741
51766,,TQ8577,585000,177000,2000.0,England,10.0,6,2015,2023,WCBS,51.461735443011925,0.6617319236810391
51772,,TM2147,621000,247000,2000.0,England,10.0,8,2015,2022,WCBS,52.077228854199326,1.2236612791620196
51779,,TQ4752,547000,152000,2000.0,England,10.0,9,2015,2023,WCBS,51.24823339621172,0.10484000672668481
51782,,TQ1144,511000,144000,2000.0,England,10.0,9,2015,2023,WCBS,51.18446197709336,-0.41319667313565295
51783,,SY6598,365000,98000,2000.0,England,10.0,6,2015,2022,WCBS,50.78051216394247,-2.497806110002861
51786,,NU2404,424000,604000,2000.0,England,10.0,6,2015,2023,WCBS,55.329476411718325,-1.623267416869951
51789,,SU7765,477000,165000,,England,,2,2013,2023,WCBS,51.3788395539919,-0.895029721397491
51795,,SX6671,266000,71000,1931.0,England,10.0,9,2015,2023,WCBS,50.52339755863243,-3.891726660622803
51797,,TG1908,619000,308000,2000.0,England,10.0,8,2015,2022,WCBS,52.62555876421668,1.2342816886556232
51798,,TL8843,588000,243000,2000.0,England,10.0,8,2015,2023,WCBS,52.05348782933059,0.7405367516126542
51799,,SZ0690,406000,90000,2000.0,England,10.0,9,2015,2023,WCBS,50.709604653269224,-1.9163886967648303
51801,,ST7912,379000,112000,2000.0,England,10.0,8,2015,2023,WCBS,50.907083989861874,-2.3000411760073454
51803,,TR2856,628000,156000,2000.0,England,10.0,9,2015,2023,WCBS,51.25754784572226,1.266295628667575
51806,,ST7306,373000,106000,2000.0,England,10.0,9,2015,2023,WCBS,50.85288001087926,-2.3849286328063655
51811,,NY8063,380000,563000,2000.0,England,10.0,9,2015,2023,WCBS,54.96122716938331,-2.313875012711336
51815,,ST8975,389000,175000,2000.0,England,10.0,9,2013,2023,WCBS,51.47385333263016,-2.159768207874854
51816,,TL3515,535000,215000,2000.0,England,10.0,9,2015,2023,WCBS,51.81732986092857,-0.04285246663771414
51819,,SP7447,474000,247000,2000.0,England,10.0,8,2016,2023,WCBS,52.11637790988461,-0.9207032430168205
51820,,SU9377,493000,177000,,England,10.0,3,2016,2023,WCBS,51.48431665451349,-0.6620515840626516
51826,,NY8583,385000,583000,2000.0,England,10.0,6,2016,2023,WCBS,55.14112382671094,-2.236849401027155
51828,,TQ6013,560000,113000,2000.0,England,10.0,7,2016,2023,WCBS,50.89432316934127,0.2737101150316724
51829,,SU9267,492000,167000,2000.0,England,10.0,8,2016,2023,WCBS,51.394588395605055,-0.6790444086437528
51834,,NY0516,305000,516000,2000.0,England,10.0,8,2016,2023,WCBS,54.53033624210299,-3.4695288335131824
51835,,SJ2980,329000,380000,2000.0,England,10.0,6,2016,2022,WCBS,53.31215594853798,-3.0671079019689538
51838,,TL5357,553000,257000,2000.0,England,10.0,7,2016,2023,WCBS,52.190020103725,0.2368247231511045
51841,,TF8039,580000,339000,2000.0,England,10.0,8,2016,2023,WCBS,52.918253354154515,0.675835176430192
51843,,SJ7351,373000,351000,2000.0,England,10.0,7,2016,2023,WCBS,53.05556556457964,-2.4042797488311196
51844,,SY7799,377000,99000,2000.0,England,10.0,8,2016,2023,WCBS,50.79010715368708,-2.3276648740998245
51846,,TQ1247,512000,147000,2000.0,England,10.0,8,2016,2023,WCBS,51.211232370568936,-0.3979596588628878
51847,,SU5386,453000,186000,2000.0,England,10.0,4,2016,2022,WCBS,51.570387755770966,-1.2366847622719663
51852,,TQ8636,586000,136000,2000.0,England,10.0,8,2016,2023,WCBS,51.09314306790447,0.6547864835609455
51856,,SP4119,441000,219000,2000.0,England,10.0,7,2016,2023,WCBS,51.8680769638898,-1.405941752551377
51857,,TL8862,588000,262000,1800.0,England,10.0,8,2016,2023,WCBS,52.224110685532374,0.7510353043886805
51861,,SU9027,490000,127000,2000.0,England,10.0,8,2016,2023,WCBS,51.035323440749735,-0.7178090994059232
51863,,ST8617,386000,117000,2000.0,England,10.0,7,2016,2023,WCBS,50.95225905899892,-2.2006788510733486
51864,,SU8876,488000,176000,2000.0,England,10.0,8,2016,2023,WCBS,51.47612645065191,-0.7342885101660847
51868,,ST1576,315000,176000,2000.0,Wales,10.0,4,2016,2023,WCBS,51.47654998685818,-3.225307162209436
51872,,SX4552,245000,52000,2000.0,England,10.0,8,2016,2023,WCBS,50.34746370424693,-4.179904938582874
51873,,TQ6004,560000,104000,2000.0,England,10.0,7,2016,2023,WCBS,50.81345466291657,0.26978011347593184
51875,,SU9150,491000,150000,1970.0,England,10.0,5,2016,2023,WCBS,51.24192945223913,-0.6977476580828554
51876,,SU9277,492000,177000,,England,10.0,2,2016,2023,WCBS,51.48448000739456,-0.6764489349686925
51880,,NY7539,375000,539000,2000.0,England,10.0,8,2016,2023,WCBS,54.745332487862036,-2.389872340313004
51883,,TQ0557,505000,157000,2000.0,England,10.0,8,2016,2023,WCBS,51.302448317217745,-0.49520361674886715
51884,,TQ2562,525000,162000,2000.0,England,10.0,8,2016,2023,WCBS,51.343348920015515,-0.20669867906922587
51885,,TQ2059,520000,159000,2000.0,England,10.0,8,2016,2023,WCBS,51.31746246316512,-0.27946021520014036
51886,,SP5336,453000,236000,2000.0,England,10.0,6,2016,2022,WCBS,52.01989789523273,-1.229059865236032
51890,,SU8736,487000,136000,2000.0,England,10.0,8,2016,2023,WCBS,51.11669495547196,-0.7584204990306342
51893,,SP1227,412000,227000,2000.0,England,10.0,6,2017,2023,WCBS,51.94137504803753,-1.8268429298962185
51896,,SP9431,494000,231000,2000.0,England,10.0,7,2017,2023,WCBS,51.969534915886406,-0.6330936019864797
51898,,SD3719,337000,419000,2000.0,England,10.0,4,2017,2022,WCBS,53.66366987255408,-2.9548969042354214
51899,,SU7644,476000,144000,2000.0,England,10.0,5,2017,2023,WCBS,51.190180474425084,-0.9138567742525843
51900,,SS4933,249000,133000,2000.0,England,10.0,5,2017,2023,WCBS,51.07640231143151,-4.156891583137966
51905,,SP6261,462000,261000,2255.0,England,10.0,4,2017,2022,WCBS,52.24370135003304,-1.093372983444389
51906,,SS5327,253000,127000,2000.0,England,10.0,5,2017,2022,WCBS,51.02352496338371,-4.097395463015931
51910,,SU6677,466000,177000,2000.0,England,10.0,4,2017,2022,WCBS,51.48810686049828,-1.0508230959332894
51911,,TQ0992,509000,192000,2000.0,England,10.0,6,2017,2022,WCBS,51.61628284711665,-0.42707094035890003
51914,,SP1533,415000,233000,2000.0,England,10.0,4,2017,2023,WCBS,51.99524694458974,-1.7829417773089375
51915,,ST7099,370000,199000,2000.0,England,10.0,5,2017,2023,WCBS,51.68894690285401,-2.4353814009387333
51916,,SS5329,253000,129000,2000.0,England,10.0,5,2017,2022,WCBS,51.04149726756256,-4.098207302675644
51918,,SY7794,377000,94000,2000.0,England,10.0,7,2017,2023,WCBS,50.74514490342704,-2.32735070492949
51920,,TQ2312,523000,112000,2000.0,England,10.0,7,2017,2023,WCBS,50.894393500684046,-0.25243784928176355
51921,,SP0102,401000,202000,2000.0,England,10.0,6,2017,2023,WCBS,51.71672737620485,-1.9869250146727446
51922,,TQ2042,520000,142000,2000.0,England,10.0,7,2017,2023,WCBS,51.16466952154835,-0.2851515128064975
51923,,SZ2598,425000,98000,2000.0,England,10.0,7,2017,2023,WCBS,50.78104147391741,-1.6467631631159956
51924,,J4773,159273,527352,2000.0,Northern Ireland,10.0,4,2017,2023,WCBS,54.58387638673533,-5.727027481091603
51926,,TL0098,500000,298000,2000.0,England,10.0,7,2017,2023,WCBS,52.570641147361954,-0.5259459380710226
51927,,NZ9900,499000,500000,2000.0,England,10.0,6,2017,2023,WCBS,54.38587398058382,-0.47705270264463845
51930,,TQ0892,508000,192000,2000.0,England,10.0,6,2017,2022,WCBS,51.61647538866889,-0.4415085131466495
51931,,TL1548,515000,248000,2000.0,England,10.0,7,2017,2023,WCBS,52.11836695115756,-0.32182147113588133
51932,,TL8778,587000,278000,2000.0,England,10.0,3,2017,2022,WCBS,52.36812995189656,0.7452878951942111
51934,,ST8288,382000,188000,2000.0,England,10.0,7,2017,2023,WCBS,51.59055966490903,-2.2612215598364824
51935,,NS8279,282000,679000,2000.0,Scotland,10.0,7,2017,2023,WCBS,55.989406697883375,-3.8931351516393446
51937,,TL2647,526000,247000,2000.0,England,10.0,7,2017,2023,WCBS,52.10698621858368,-0.16162001973840898
51938,,SE6089,460000,489000,2000.0,England,10.0,7,2017,2023,WCBS,54.2931075690877,-1.079690826689779
51940,,TQ1127,511000,127000,2000.0,England,10.0,7,2017,2023,WCBS,51.03165526763841,-0.4184208293930373
51941,,TL7040,570000,240000,2000.0,England,10.0,7,2017,2023,WCBS,52.0323508657512,0.47679854055537413
51942,,H2528,33807,492876,2000.0,Northern Ireland,10.0,6,2017,2022,WCBS,54.20036927484968,-7.617677797844246
51943,,TQ9155,591000,155000,2000.0,England,10.0,7,2017,2023,WCBS,51.26215404769615,0.7361922787411853
51945,,SD9113,391000,413000,2000.0,England,10.0,6,2017,2022,WCBS,53.61347062961893,-2.137513153620112
51946,,TM5195,651000,295000,1000.0,England,10.0,7,2017,2023,WCBS,52.49509956502327,1.6962474637205112
51947,,TL7882,578000,282000,2000.0,England,10.0,6,2017,2023,WCBS,52.40704794068458,0.6153696522501423
51949,,SY6184,361000,84000,2000.0,England,10.0,5,2017,2023,WCBS,50.65436455949843,-2.5530550634271685
51951,,NT7970,379000,670000,2000.0,Scotland,10.0,7,2017,2023,WCBS,55.92261798391083,-2.337606999882875
51956,,TQ4009,540000,109000,2000.0,England,10.0,7,2017,2023,WCBS,50.863565604891775,-0.012009346780042772
51959,,SU9853,498000,153000,2000.0,England,10.0,7,2017,2023,WCBS,51.26773872247339,-0.5966784104571785
51961,,ST6267,362000,167000,2000.0,England,10.0,3,2017,2023,WCBS,51.40074938938322,-2.547638488683834
51962,,SO6804,368000,204000,2000.0,England,10.0,5,2017,2022,WCBS,51.73379026700641,-2.4647733506182474
51963,,SY8781,387000,81000,2000.0,England,10.0,7,2017,2023,WCBS,50.628552159668295,-2.18515764316197
51964,,SH9978,299000,378000,,Wales,10.0,4,2017,2023,WCBS,53.28930758198736,-3.516596696068994
51965,,SP8254,482000,254000,2000.0,England,10.0,5,2017,2023,WCBS,52.178170603241504,-0.8022088792087944
51966,,TL8183,581000,283000,2000.0,England,10.0,5,2017,2022,WCBS,52.415045071081074,0.6599623090894681
51968,,TL9475,594000,275000,2000.0,England,10.0,6,2017,2023,WCBS,52.3387614371134,0.846238622175723
51970,,ST4601,346000,101000,2000.0,England,10.0,5,2017,2023,WCBS,50.806025501611316,-2.767722560566948
51971,,SS7946,279000,146000,2000.0,England,10.0,7,2017,2023,WCBS,51.20036175593692,-3.733250215375575
51972,,SP1905,419000,205000,2000.0,England,10.0,7,2017,2023,WCBS,51.74338315075936,-1.7262155089309437
51973,,TM0058,600000,258000,2000.0,England,10.0,5,2017,2023,WCBS,52.183973395909774,0.9241230588610663
51974,,TQ7859,578000,159000,2000.0,England,10.0,7,2017,2023,WCBS,51.30228995975018,0.5520619544550851
51975,,SO5403,354000,203000,2000.0,England,10.0,6,2017,2022,WCBS,51.72382281464524,-2.667353897399707
51978,,SP8657,486000,257000,2000.0,England,10.0,7,2017,2023,WCBS,52.20452714202913,-0.7429655602615014
51980,,SD7514,375000,414000,2000.0,England,10.0,7,2017,2023,WCBS,53.62193593296413,-2.379437990382968
51981,,SU7405,474000,105000,2000.0,England,10.0,6,2017,2023,WCBS,50.8398055402952,-0.9504145287766238
51982,,SZ0592,405000,92000,2000.0,England,10.0,6,2017,2023,WCBS,50.72759925088588,-1.9305247499034903
51983,,TM0057,600000,257000,2000.0,England,10.0,5,2017,2023,WCBS,52.174994690896405,0.9235338400161685
51985,,TQ3030,530000,130000,2000.0,England,10.0,7,2017,2023,WCBS,51.05463830928641,-0.1465293965026822
51986,,NO0248,302000,748000,2000.0,Scotland,10.0,4,2017,2023,WCBS,56.61358646648728,-3.5983558470609465
51987,,SU5245,452000,145000,2000.0,England,10.0,7,2017,2023,WCBS,51.20185469847475,-1.2571028372090611
51988,,SU4613,446000,113000,2000.0,England,10.0,5,2017,2022,WCBS,50.914638293326576,-1.3470327900241719
51991,,NY0838,308000,538000,2000.0,England,10.0,6,2018,2023,WCBS,54.72853675012024,-3.4301062088942214
51993,,NY4830,348000,530000,2000.0,England,10.0,4,2018,2023,WCBS,54.662386965305934,-2.807647820648908
51994,,NY4934,349000,534000,2000.0,England,10.0,6,2018,2023,WCBS,54.698432419606505,-2.7928473318133795
51995,,NY8479,384000,579000,2000.0,England,10.0,5,2018,2023,WCBS,55.105148767600994,-2.2523096558197273
51996,,NY9085,390000,585000,2000.0,England,10.0,6,2018,2023,WCBS,55.15922295576093,-2.1584844289408394
51997,,NY9582,395000,582000,2000.0,England,10.0,6,2018,2023,WCBS,55.132342085755944,-2.079958262287519
51999,,SD6577,365000,477000,2000.0,England,10.0,3,2018,2023,WCBS,54.187567310018544,-2.5378454015277656
52001,,SJ5824,358000,324000,2000.0,England,10.0,6,2018,2023,WCBS,52.811898604709526,-2.6245563053859544
52003,,SK8540,485000,340000,2000.0,England,10.0,6,2018,2023,WCBS,52.95065766784878,-0.7363279147792136
52004,,SN4236,242000,236000,2000.0,Wales,10.0,4,2018,2022,WCBS,51.99989745854159,-4.302998275835073
52005,,SO3936,339000,236000,2000.0,England,10.0,6,2018,2023,WCBS,52.01905240715647,-2.8903291947717857
52006,,SO4453,344000,253000,2000.0,England,10.0,3,2018,2022,WCBS,52.17240427470618,-2.820274682794446
52008,,SO9011,390000,211000,2000.0,England,10.0,6,2018,2023,WCBS,51.7975562043937,-2.1464107242024704
52009,,SP0057,400000,257000,2000.0,England,10.0,4,2018,2023,WCBS,52.21121927291198,-2.001418345292432
52013,,SP9780,497000,280000,2000.0,England,10.0,4,2018,2023,WCBS,52.409414978019726,-0.5754318356665203
52015,,ST5777,357000,177000,2000.0,England,10.0,6,2018,2023,WCBS,51.49030157161525,-2.6207275824013805
52016,,ST7894,378000,194000,2000.0,England,10.0,5,2018,2022,WCBS,51.64436370654557,-2.3193385472916557
52017,,ST8196,381000,196000,2000.0,England,10.0,6,2018,2023,WCBS,51.66245593667962,-2.276092841787501
52018,,ST8399,383000,199000,2000.0,England,10.0,5,2018,2023,WCBS,51.68949373486842,-2.247324933291459
52019,,ST9421,394000,121000,2000.0,England,10.0,5,2018,2022,WCBS,50.98836856173766,-2.0868569819964646
52020,,ST9466,394000,166000,2000.0,England,10.0,4,2018,2023,WCBS,51.39300547095859,-2.0876233148184067
52021,,ST9794,397000,194000,2000.0,England,10.0,6,2018,2023,WCBS,51.64478996592914,-2.0447532752221202
52022,,SU0143,401000,143000,2000.0,England,10.0,6,2018,2023,WCBS,51.18622659948957,-1.9870726199086566
52023,,SU0662,406000,162000,2000.0,England,10.0,3,2018,2023,WCBS,51.357041316367166,-1.9152192334829987
52024,,SU1142,411000,142000,2000.0,England,10.0,6,2018,2023,WCBS,51.17713171108933,-1.8440220127982645
52025,,SU1314,413000,114000,2000.0,England,10.0,6,2018,2023,WCBS,50.925311018159135,-1.8164082490854663
52026,,SU2419,424000,119000,2000.0,England,10.0,6,2018,2023,WCBS,50.96992124102373,-1.6595751601499695
52029,,SU9621,496000,121000,2000.0,England,10.0,6,2018,2023,WCBS,50.98041564743571,-0.6338485612214345
52031,,SX4155,241000,55000,2000.0,England,10.0,6,2018,2023,WCBS,50.373355629120155,-4.237348405756598
52032,,SY6482,364000,82000,2000.0,England,10.0,6,2018,2023,WCBS,50.636573453237745,-2.5104240297439593
52033,,SY6591,365000,91000,2000.0,England,10.0,4,2018,2023,WCBS,50.717566158218155,-2.497138645182304
52034,,SY7683,376000,83000,2000.0,England,10.0,6,2018,2023,WCBS,50.64618618439888,-2.3408055935216594
52035,,SY7884,378000,84000,2000.0,England,10.0,6,2018,2023,WCBS,50.6552581824024,-2.3125787976513426
52036,,SZ0797,407000,97000,2000.0,England,10.0,5,2018,2023,WCBS,50.772542047548804,-1.9020953584661
52042,,TF1504,515000,304000,2000.0,England,10.0,6,2018,2023,WCBS,52.62159547435555,-0.3026390042267172
52045,,TL4159,541000,259000,2000.0,England,10.0,3,2018,2023,WCBS,52.2111851918033,0.06223643547558579
52046,,TL8161,581000,261000,2000.0,England,10.0,6,2018,2023,WCBS,52.21747280955977,0.6481366768313591
52048,,TM1732,617000,232000,2000.0,England,10.0,6,2018,2023,WCBS,51.94415476924757,1.1558901713054728
52049,,TM2160,621000,260000,2000.0,England,10.0,6,2018,2023,WCBS,52.19391958310457,1.232103614202968
52051,,TQ2355,523000,155000,2000.0,England,10.0,6,2018,2023,WCBS,51.280872363861704,-0.23781088857802135
52052,,TQ3516,535000,116000,2000.0,England,10.0,2,2018,2022,WCBS,50.927665130591826,-0.0804295563005362
52054,,NN0866,208000,766000,2000.0,Scotland,10.0,4,2019,2022,WCBS,56.745976125463415,-5.141395600707857
52059,,NT9910,399000,610000,2000.0,England,10.0,5,2019,2023,WCBS,55.38396880822508,-2.0173335318228816
52061,,NY8288,382000,588000,2000.0,England,10.0,5,2019,2023,WCBS,55.185952203112755,-2.2842305082933243
52062,,NY8974,389000,574000,2000.0,England,10.0,5,2019,2023,WCBS,55.060356066693714,-2.173748726157837
52063,,NZ0393,403000,593000,2000.0,England,10.0,5,2019,2023,WCBS,55.231204780215634,-1.9543749975375462
52064,,NZ1822,418000,522000,1002.0,England,10.0,5,2019,2023,WCBS,54.592870529098235,-1.7229481140800884
52067,,SD4090,340000,490000,2000.0,England,10.0,5,2019,2023,WCBS,54.30206664123447,-2.923513897239503
52068,,SD4093,340000,493000,2000.0,England,10.0,5,2019,2023,WCBS,54.32902466136319,-2.9241179760553146
52069,,SD5981,359000,481000,2000.0,England,10.0,5,2019,2023,WCBS,54.22306873396907,-2.630332235973238
52071,,SD9602,396000,402000,2000.0,England,10.0,2,2019,2022,WCBS,53.51466243155322,-2.0617908030837997
52074,,SH2578,225000,378000,2000.0,Wales,10.0,5,2019,2023,WCBS,53.27003542722906,-4.625688983906603
52075,,SJ2764,327000,364000,2000.0,Wales,10.0,4,2019,2023,WCBS,53.16808915020991,-3.0934479333897085
52076,,SJ3384,333000,384000,2000.0,England,10.0,3,2019,2022,WCBS,53.3486270176358,-3.007929243853026
52078,,SJ3711,337000,311000,2000.0,England,10.0,5,2019,2023,WCBS,52.69300133102902,-2.9335739079487984
52079,,SK0104,401000,304000,2000.0,England,10.0,3,2019,2023,WCBS,52.633750722382004,-1.9866588477912133
52080,,SK1307,413000,307000,2000.0,England,10.0,3,2019,2023,WCBS,52.66056745128526,-1.8092343592158713
52084,,SK7947,479000,347000,2000.0,England,10.0,4,2019,2023,WCBS,53.014484357821665,-0.8239021052292856
52085,,SO5683,356000,283000,2000.0,England,10.0,5,2019,2023,WCBS,52.443183540178644,-2.648750868837686
52086,,SO5685,356000,285000,2000.0,England,10.0,5,2019,2023,WCBS,52.461162385993994,-2.6490152203180264
52089,,SP5808,458000,208000,2000.0,England,10.0,5,2019,2023,WCBS,51.76768193173933,-1.1609049698781804
52093,,SP9490,494000,290000,2000.0,England,10.0,2,2019,2022,WCBS,52.49981175749142,-0.6167073833440521
52094,,ST5041,350000,141000,2000.0,England,10.0,5,2019,2023,WCBS,51.16604772607424,-2.716477840256789
52095,,ST8003,380000,103000,2000.0,England,10.0,5,2019,2023,WCBS,50.82618871844911,-2.285324081389399
52097,,ST9446,394000,146000,2000.0,England,10.0,4,2019,2022,WCBS,51.21317032338397,-2.087280527177254
52098,,SU0329,403000,129000,1806.0,England,10.0,5,2019,2023,WCBS,51.06033139135691,-1.9585684251090059
52099,,SU0844,408000,144000,1500.0,England,10.0,5,2019,2023,WCBS,51.195164818897226,-1.886893930797385
52100,,SU1267,412000,167000,2000.0,England,10.0,5,2019,2023,WCBS,51.401905524878806,-1.8288846298504264
52102,,SU4532,445000,132000,,England,10.0,5,2019,2023,WCBS,51.08555877751351,-1.3589074602803206
52103,,SU4845,448000,145000,2000.0,England,10.0,5,2019,2023,WCBS,51.20220401285461,-1.3143504511975144
52104,,SU6501,465000,101000,,England,10.0,5,2019,2023,WCBS,50.80491938223881,-1.0789220845020766
52105,,SU7980,479000,180000,2000.0,England,10.0,5,2019,2023,WCBS,51.513411864206645,-0.8629554120290404
52106,,SU9353,493000,153000,2000.0,England,10.0,5,2019,2023,WCBS,51.26857554546692,-0.668325725055726
52108,,SU9863,498000,163000,2000.0,England,10.0,5,2019,2023,WCBS,51.35762921179009,-0.5939335819058774
52109,,SU9961,499000,161000,2000.0,England,10.0,5,2019,2023,WCBS,51.33947816713593,-0.5801322416852068
52112,,SY6685,366000,85000,2000.0,England,10.0,3,2019,2023,WCBS,50.66367134197892,-2.4824202295092963
52114,,SY7386,373000,86000,2000.0,England,10.0,5,2019,2023,WCBS,50.67303197161699,-2.3834548778061606
52115,,SY8485,384000,85000,2000.0,England,10.0,5,2019,2023,WCBS,50.66444780396655,-2.227745907104254
52116,,SZ1094,410000,94000,2000.0,England,10.0,3,2019,2023,WCBS,50.7455209250217,-1.8596314091328883
52117,,SZ1597,415000,97000,2000.0,England,10.0,5,2019,2023,WCBS,50.77239190776735,-1.7886435968960217
52118,,SZ3697,436000,97000,,England,10.0,5,2019,2023,WCBS,50.77147280218653,-1.4908408638009005
52119,,SZ8693,486000,93000,2000.0,England,10.0,4,2019,2022,WCBS,50.730262466396006,-0.7828319512279026
52126,,TL4422,544000,222000,2000.0,England,10.0,5,2019,2023,WCBS,51.877980202364995,0.0905394911708031
52127,,TL7673,576000,273000,2000.0,England,10.0,5,2019,2023,WCBS,52.32686546316407,0.5812819918523543
52130,,TQ3079,530000,179000,2000.0,England,10.0,5,2019,2023,WCBS,51.495004162929014,-0.1287220704479072
52131,,TQ3771,537000,171000,2000.0,England,10.0,5,2019,2023,WCBS,51.421463111067816,-0.031044780154000143
52133,,TQ4427,544000,127000,2000.0,England,10.0,5,2019,2023,WCBS,51.02434241034747,0.05190135179318893
52134,,TQ4773,547000,173000,2000.0,England,10.0,5,2019,2023,WCBS,51.4369312068502,0.11350367629697089
52135,,TQ6024,560000,124000,2000.0,England,10.0,4,2019,2023,WCBS,50.993160623998726,0.2785381268164294
52136,,TQ7660,576000,160000,2000.0,England,10.0,5,2019,2023,WCBS,51.31189437313211,0.523894537361371
52137,,SP0547,405000,247000,2000.0,England,10.0,3,2020,2022,WCBS,52.121293316149824,-1.9283869255959143
52138,,SU8633,486000,133000,2000.0,England,10.0,4,2020,2023,WCBS,51.08987567648603,-0.7734177306699411
52139,,TQ9070,590000,170000,2000.0,England,10.0,4,2020,2023,WCBS,51.397211108510454,0.7298699400933704
52140,,TM4663,646000,263000,2379.0,England,10.0,4,2020,2023,WCBS,52.210262213747335,1.5993217676994407
52142,,SP0347,403000,247000,2000.0,England,10.0,3,2020,2022,WCBS,52.121307371777164,-1.9575981265463203
52144,,SO6923,369000,223000,2000.0,England,10.0,4,2020,2023,WCBS,51.904669827062094,-2.4520005248865284
52146,,TG4100,641000,300000,2000.0,England,10.0,2,2020,2023,WCBS,52.544468752767294,1.5528649486524628
52148,,SK2577,425000,377000,2000.0,England,10.0,3,2020,2023,WCBS,53.28938053556326,-1.6264377404197483
52149,,NS8784,287000,684000,2000.0,Scotland,10.0,4,2020,2023,WCBS,56.035511804941194,-3.8151358794897594
52150,,SP7832,478000,232000,2000.0,England,10.0,3,2020,2023,WCBS,51.980996178300124,-0.8657170989864605
52151,,SP0746,407000,246000,2000.0,England,10.0,3,2020,2022,WCBS,52.11228152416165,-1.8991959827760452
52152,,SZ5682,456000,82000,2000.0,England,10.0,4,2020,2023,WCBS,50.635013061935254,-1.209509701436339
52154,,TQ4836,548000,136000,2000.0,England,10.0,4,2020,2023,WCBS,51.104201747184355,0.11257499089137726
52156,,SO9334,393000,234000,2000.0,England,10.0,3,2020,2022,WCBS,52.00439154009393,-2.103383256923033
52157,,SU5722,457000,122000,2000.0,England,10.0,4,2020,2023,WCBS,50.994581528028434,-1.18916913001107
52158,,SU6636,466000,136000,2000.0,England,10.0,4,2020,2023,WCBS,51.119494630743866,-1.0583944999080048
52161,,SU6504,465000,104000,2000.0,England,10.0,4,2020,2023,WCBS,50.83189344784368,-1.078391438268346
52166,,TF9336,593000,336000,1000.0,England,10.0,4,2020,2023,WCBS,52.88681046163393,0.8671590885356921
52167,,NS6206,262000,606000,2000.0,Scotland,10.0,3,2020,2022,WCBS,55.32863261577079,-4.176792433732724
52168,,SY6983,369000,83000,2000.0,England,10.0,4,2020,2023,WCBS,50.64585438151866,-2.439807271714204
52171,,SP0042,400000,242000,2000.0,England,10.0,3,2020,2022,WCBS,52.07636217823695,-2.001413270160997
52172,,TL1426,514000,226000,2000.0,England,10.0,2,2020,2023,WCBS,51.92086228875375,-0.3437387098278126
52173,,TL8966,589000,266000,2000.0,England,10.0,3,2020,2023,WCBS,52.2596880865858,0.7678929550985936
52174,,ST9599,395000,199000,2000.0,England,10.0,3,2020,2023,WCBS,51.68973132111027,-2.0737304460413406
52175,,TL7750,577000,250000,2000.0,England,10.0,3,2020,2023,WCBS,52.11997742795088,0.5839158473708272
52176,,ST5408,354000,108000,2000.0,England,10.0,4,2020,2023,WCBS,50.869660873721266,-2.655078054406977
52177,,NK0138,401000,838000,2000.0,Scotland,10.0,3,2020,2023,WCBS,57.43234037469855,-1.984995556622363
52178,,SU7947,479000,147000,,England,10.0,3,2020,2023,WCBS,51.21674477243469,-0.8702774778523368
52179,,SP0243,402000,243000,2000.0,England,10.0,3,2020,2022,WCBS,52.08534955002622,-1.9722258696366899
52180,,TQ5502,555000,102000,2000.0,England,10.0,4,2020,2023,WCBS,50.79684136096111,0.198019722905992
52187,,ST9915,399000,115000,,England,10.0,4,2020,2023,WCBS,50.934446187668044,-2.0156025613368604
52188,,SU4724,447000,124000,104.0,England,10.0,4,2020,2023,WCBS,51.01346641231574,-1.3313913792058307
52189,,SP0750,407000,250000,2000.0,England,10.0,3,2020,2022,WCBS,52.14824344360011,-1.8991150070449194
52191,,SP0043,400000,243000,2000.0,England,10.0,3,2020,2022,WCBS,52.08535274781125,-2.0014136072761386
52192,,TG0926,609000,326000,2000.0,England,10.0,2,2020,2022,WCBS,52.791074357049276,1.0982049692806264
52194,,NZ1198,411000,598000,2300.0,England,10.0,4,2020,2023,WCBS,55.27602189610496,-1.8284001380122918
52195,,TL4654,546000,254000,2000.0,England,10.0,4,2020,2023,WCBS,52.16496355371658,0.13321005548523057
52196,,TM1233,612000,233000,2000.0,England,10.0,4,2020,2023,WCBS,51.95505867315579,1.0838727776360615
52198,,C5313,68994,575265,,Northern Ireland,10.0,3,2021,2023,WCBS,54.96173088881745,-7.173370499545812
52199,,C6120,77573,581559,1558.0,Northern Ireland,10.0,3,2021,2023,WCBS,55.02368949933306,-7.046996565445478
52200,,J5137,160195,491141,,Northern Ireland,10.0,3,2021,2023,WCBS,54.25956390990056,-5.6835139606549
52203,,NN8405,284000,705000,,Scotland,,3,2021,2023,WCBS,56.22336813950625,-3.87239888416451
52205,,NT3871,338000,671000,,Scotland,10.0,3,2021,2023,WCBS,55.928055592326444,-2.9938245250161795
52206,,NU0310,403000,610000,2000.0,England,10.0,3,2021,2023,WCBS,55.383961594949646,-1.9542003260962983
52207,,SD5821,358000,421000,,England,,3,2021,2023,WCBS,53.6837581065756,-2.637388227484019
52209,,SE3437,434000,437000,2351.0,England,10.0,3,2021,2023,WCBS,53.82815910510742,-1.484929100795765
52212,,SE6786,467000,486000,,England,10.0,3,2021,2023,WCBS,54.26528202362797,-0.9728349271648241
52215,,SJ6158,361000,358000,2000.0,England,10.0,3,2021,2023,WCBS,53.11774215203965,-2.58415782201419
52217,,SK1569,415000,369000,,England,10.0,2,2021,2023,WCBS,53.21784600883724,-1.776819261622709
52218,,SK1570,415000,370000,,England,10.0,2,2021,2023,WCBS,53.22683476707684,-1.7767725833239238
52219,,SK2072,420000,372000,,England,10.0,2,2021,2023,WCBS,53.244648512880865,-1.701753639779883
52220,,SK2382,423000,382000,,England,10.0,2,2021,2023,WCBS,53.334413302670306,-1.6560781852333146
52221,,SM8223,182000,223000,,Wales,,3,2021,2023,WCBS,51.86288048477966,-5.167533616636126
52222,,SM9634,196000,234000,1040.0,Wales,10.0,3,2021,2023,WCBS,51.96694268751575,-4.971026491181983
52223,,SN6592,265000,292000,2000.0,Wales,10.0,3,2021,2023,WCBS,52.50912663236998,-3.99060030159658
52224,,SO5908,359000,208000,,England,,2,2021,2022,WCBS,51.76916472342181,-2.5955632057143005
52225,,SO8608,386000,208000,,England,10.0,3,2021,2023,WCBS,51.77049664510833,-2.20429148596262
52226,,SO8904,389000,204000,,England,,3,2021,2023,WCBS,51.73460009676071,-2.1606874715327167
52227,,SO9104,391000,204000,,England,,2,2021,2022,WCBS,51.73463618980992,-2.131726311291333
52228,,SP0426,404000,226000,,England,10.0,2,2021,2023,WCBS,51.932497638955425,-1.9432309677364081
52229,,SP6514,465000,214000,2007.0,England,10.0,3,2021,2023,WCBS,51.8208532119492,-1.058357166451675
52230,,SP6564,465000,264000,2000.0,England,10.0,2,2021,2022,WCBS,52.270323053928685,-1.0488650741022896
52231,,SP6662,466000,262000,2000.0,England,10.0,2,2021,2022,WCBS,52.25222611583267,-1.0346030164641127
52232,,SP7212,472000,212000,1997.0,England,10.0,3,2021,2023,WCBS,51.80201758181426,-0.9572305048744727
52233,,SP7598,475000,298000,,England,10.0,2,2021,2022,WCBS,52.5746572651603,-0.8947304128599407
52234,,SP8175,481000,275000,,England,10.0,3,2021,2023,WCBS,52.36707345057603,-0.8117941393116767
52235,,SP8330,483000,230000,1601.0,England,10.0,3,2021,2023,WCBS,51.962295316819436,-0.7934161117294177
52236,,SP8581,485000,281000,,England,10.0,3,2021,2023,WCBS,52.42039619120777,-0.751541047468254
52237,,ST3110,331000,110000,2012.0,England,10.0,3,2021,2023,WCBS,50.88535058016827,-2.982267593824254
52238,,ST4365,343000,165000,,England,10.0,3,2021,2023,WCBS,51.38117304535787,-2.820416634714701
52240,,ST4592,345000,192000,,Wales,10.0,3,2021,2023,WCBS,51.62411684173759,-2.795900795639729
52241,,ST4861,348000,161000,2063.0,England,10.0,3,2021,2023,WCBS,51.34569052153092,-2.7479926040696174
52242,,SU0694,406000,194000,,England,10.0,3,2021,2023,WCBS,51.6447677981183,-1.914685360452962
52243,,SU1833,418000,133000,,England,,3,2021,2023,WCBS,51.09602816430535,-1.7443325684799824
52244,,SU2021,420000,121000,,England,,3,2021,2023,WCBS,50.9880575528184,-1.716431244255813
52245,,SU4682,446000,182000,,England,10.0,3,2021,2023,WCBS,51.53503779050338,-1.33819823515685
52246,,SU4856,448000,156000,,England,10.0,3,2021,2023,WCBS,51.3011072344028,-1.3128784945761136
52247,,SU5752,457000,152000,1993.0,England,10.0,3,2021,2023,WCBS,51.264315440343424,-1.184433464717229
52248,,SU6813,468000,113000,,England,10.0,3,2021,2023,WCBS,50.91246979321593,-1.0341281720287214
52249,,SU9351,493000,151000,2000.0,England,10.0,3,2021,2023,WCBS,51.25059673389072,-0.6688450666973509
52252,,SY3597,335000,97000,,England,10.0,2,2021,2022,WCBS,50.76892796788765,-2.923103340212126
52253,,SY5791,357000,91000,,England,10.0,2,2021,2022,WCBS,50.717027687352115,-2.6104522723448254
52254,,SY6774,367000,74000,1966.0,England,,3,2021,2023,WCBS,50.5648111904136,-2.467290388273538
52255,,SY6872,368000,72000,,England,10.0,2,2021,2022,WCBS,50.54688172363984,-2.452999223508068
52256,,SY7695,376000,95000,,England,10.0,3,2021,2023,WCBS,50.75409669158546,-2.3415892080854497
52257,,TL0515,505000,215000,,England,10.0,2,2021,2022,WCBS,51.82376552746092,-0.47789669852478484
52258,,TL1408,514000,208000,,England,10.0,2,2021,2023,WCBS,51.75909279198488,-0.3496645458822218
52259,,TL2634,526000,234000,,England,10.0,3,2021,2023,WCBS,51.99016821540136,-0.1664083482039764
52260,,TL3433,534000,233000,,England,10.0,3,2021,2023,WCBS,51.97931217439511,-0.050361312730985534
52261,,TL3921,539000,221000,,England,10.0,3,2021,2023,WCBS,51.87026243609124,0.017549736980505187
52262,,TL4123,541000,223000,,England,10.0,3,2021,2023,WCBS,51.88773122775452,0.04739590384375728
52263,,TL6149,561000,249000,,England,,2,2021,2022,WCBS,52.11588162651836,0.3499643497255999
52264,,TL9479,594000,279000,2000.0,England,10.0,3,2021,2023,WCBS,52.37467758981811,0.8485486242919849
52266,,TQ0918,509000,118000,,England,10.0,2,2021,2023,WCBS,50.9511371019,-0.4496290371750731
52267,,TQ3755,537000,155000,,England,,3,2021,2023,WCBS,51.27768071898754,-0.0371988771329749
52268,,TQ4710,547000,110000,,England,10.0,2,2021,2022,WCBS,50.87081628349871,0.08779128614891285
52269,,TQ4800,548000,100000,2000.0,England,10.0,3,2021,2023,WCBS,50.78069669913588,0.09796052494814936
52270,,TQ4933,549000,133000,,England,10.0,2,2021,2022,WCBS,51.07698522579905,0.12561145762802034
52271,,TV5299,552000,99000,,England,10.0,3,2021,2023,WCBS,50.77067667163006,0.15424387077097973
52272,,SP8006,480000,206000,,England,,1,2022,2022,WCBS,51.74699671127839,-0.8426159792697333
52273,,NU2417,424000,617000,,England,,2,2022,2023,WCBS,55.44628640685605,-1.622156096742503
52274,,SP9615,496000,215000,,England,,2,2022,2023,WCBS,51.82538247933511,-0.6084395283785597
52275,,TL4623,546000,223000,,England,,1,2022,2022,WCBS,51.88644537324148,0.11999568816583986
52276,,SP6839,468000,239000,,England,,2,2022,2023,WCBS,52.04523332831973,-1.0099058646307815
52277,,TL8164,581000,264000,,England,,2,2022,2023,WCBS,52.24441498438551,0.6497412214323055
52279,,SK1269,412000,369000,,England,,1,2022,2022,WCBS,53.21792157051914,-1.8217466452812499
52280,,NR3444,134000,644000,,Scotland,,2,2022,2023,WCBS,55.61663784546045,-6.226134252656856
52281,,SO9515,395000,215000,,England,,1,2022,2022,WCBS,51.83358816737767,-2.0739659782019815
52282,,TQ3656,536000,156000,,England,,2,2022,2023,WCBS,51.28690668215823,-0.05114671852869952
52283,,ST5379,353000,179000,,England,,2,2022,2023,WCBS,51.50796407195912,-2.6786031614041144
52284,,SU0724,407000,124000,,England,,2,2022,2023,WCBS,51.015336530261585,-1.9015863895230003
52285,,NY2518,325000,518000,,England,,1,2022,2022,WCBS,54.551666395329256,-3.1610626886212314
52286,,SP9951,499000,251000,,England,,2,2022,2023,WCBS,52.148422984305206,-0.5545447346105569
52287,,TF0630,506000,330000,,England,,1,2022,2022,WCBS,52.85706594441914,-0.42714293117610747
52288,,TL8421,584000,221000,,England,,1,2022,2022,WCBS,51.85724843773035,0.6704957131393232
52289,,SH3589,235000,389000,,Wales,,2,2022,2023,WCBS,53.37202482191221,-4.481619645601751
52290,,SP7805,478000,205000,,England,,1,2022,2022,WCBS,51.7382889604888,-0.871803364910343
52291,,NY2320,323000,520000,,England,,1,2022,2022,WCBS,54.56933541320438,-3.1925010691548605
52292,,SU8718,487000,118000,,England,,1,2022,2022,WCBS,50.954873583647924,-0.7627370136623841
52293,,SU8481,484000,181000,,England,,2,2022,2023,WCBS,51.52168103760928,-0.7906811529040314
52294,,SK1268,412000,368000,,England,,1,2022,2022,WCBS,53.208932774036555,-1.8217838960756918
52295,,SP2301,423000,201000,,England,,1,2022,2022,WCBS,51.70727019472014,-1.6685455855794935
52296,,SN9293,292000,293000,,Wales,,2,2022,2023,WCBS,52.52413601731356,-3.5932794360871316
52297,,SE2759,427000,459000,,England,,2,2022,2023,WCBS,54.02629396998622,-1.5893398850137626
52298,,SP5662,456000,262000,,England,,2,2022,2023,WCBS,52.25333266140238,-1.1810727635246392
52299,,SE4597,445000,497000,,England,,2,2022,2023,WCBS,54.36653720544697,-1.3089181732179647
52300,,SE3897,438000,497000,,England,,2,2022,2023,WCBS,54.36710561080842,-1.4166471789836934
52301,,TM1944,619000,244000,,England,,2,2022,2023,WCBS,52.05109296102059,1.192601758812818
52302,,ST2693,326000,193000,,Wales,,1,2022,2022,WCBS,51.630924955814834,-3.070532536570272
52303,,SE1008,410000,408000,,England,,2,2022,2023,WCBS,53.568515475575445,-1.850476946678822
52304,,ST6490,364000,190000,,England,,2,2022,2023,WCBS,51.60767523868488,-2.5212450349785684
52305,,ST6055,360000,155000,,England,,1,2022,2022,WCBS,51.29271651880464,-2.5750343815100445
52306,,TQ0543,505000,143000,,England,,2,2022,2023,WCBS,51.176605519707735,-0.49930388150410976
52307,,SD9592,395000,492000,,England,,1,2022,2022,WCBS,54.323552463889904,-2.078376591746866
52308,,SE1398,413000,498000,,England,,1,2022,2022,WCBS,54.37733788788882,-1.8013738485389121
52309,,SU7408,474000,108000,,England,,2,2022,2023,WCBS,50.86677840155312,-0.9498090824325884
52310,,ST7051,370000,151000,,England,,1,2022,2022,WCBS,51.25736701833759,-2.4312899362553733
52311,,SU0864,408000,164000,,England,,2,2022,2023,WCBS,51.37500038327083,-1.8864523852522717
52312,,NO0201,302000,701000,,Scotland,,1,2022,2022,WCBS,56.19149693724162,-3.5807579498818582
52313,,TL8865,588000,265000,,England,,2,2022,2023,WCBS,52.25105054505921,0.7527025544240081
52315,,NT2686,326000,686000,,Scotland,,1,2022,2022,WCBS,56.06109785387072,-3.1899636094519956
52316,,J4277,154632,531764,,Northern Ireland,,2,2022,2023,WCBS,54.62120784606542,-5.802368669978279
52317,,SJ9591,395000,391000,,England,,1,2022,2022,WCBS,53.415780704347945,-2.076692092357779
52318,,SU3846,438000,146000,,England,,2,2022,2023,WCBS,51.2119462878285,-1.4573684988896336
52319,,SD4589,345000,489000,,England,,1,2022,2022,WCBS,54.29364430332502,-2.8465049041284773
52320,,SS8109,281000,109000,,England,,2,2022,2023,WCBS,50.86821783632578,-3.692475119639455
52321,,TG3036,630000,336000,,England,,2,2022,2023,WCBS,52.87227694731728,1.4161181228884605
52322,,TQ7224,572000,124000,,England,,2,2022,2023,WCBS,50.98970249634486,0.4493702412820247
52323,,TQ5231,552000,131000,,England,,2,2022,2023,WCBS,51.058227690266754,0.16756440139724205
52325,,NZ1705,417000,505000,,England,,2,2022,2023,WCBS,54.44012962725145,-1.7393972801626485
52326,,TL6415,564000,215000,,England,,2,2022,2023,WCBS,51.80958034749095,0.3775171127755536
52327,,TQ2198,521000,198000,,England,,2,2022,2023,WCBS,51.66775630864184,-0.2517604700447111
52328,,SE3798,437000,498000,,England,,2,2022,2023,WCBS,54.37616561498385,-1.4319133548790093
