name|grid|country|nyrs|first|last|type|lat|lon|x|y|p_ukbms
Woodwalton Farm|TL214817|England|48|1976|2023|UKBMS|52.4198|-0.2163|7.978|1.773|0.2372
Holkham|TF873453|England|46|1976|2023|UKBMS|52.9723|0.7879|-2.795|1.143|0.8676
Monks Wood|TL198801|England|51|1973|2023|UKBMS|52.4058|-0.2404|-0.804|-1.665|0.9606
Yarner Wood|SX782787|England|47|1976|2023|UKBMS|50.5953|-3.7222|-0.069|-3.070|0.9565
Old Winchester Hill|SU645208|England|48|1976|2023|UKBMS|50.9830|-1.0825|3.523|3.591|0.9680
Oxwich|SS511877|Wales|46|1976|2023|UKBMS|51.5685|-4.1498|1.042|1.267|0.9621
Leigh Marshes|TQ827851|England|43|1976|2023|UKBMS|51.5352|0.6329|5.490|3.191|0.8279
Gomm Valley|SU896921|England|46|1977|2023|UKBMS|51.6206|-0.7072|4.421|1.205|0.9353
Foxholes|SP251204|England|47|1976|2022|UKBMS|51.8816|-1.6368|0.126|-3.370|0.8464
Swanage|SZ020811|England|46|1976|2023|UKBMS|50.6296|-1.9731|3.312|-0.955|0.5866
Buttlers Hanging|SU817961|England|25|1976|2023|UKBMS|51.6578|-0.8203|9.969|1.124|0.0991
Studland Heath|SZ025850|England|48|1976|2023|UKBMS|50.6647|-1.9660|-0.899|2.484|0.9292
Castor Hanglands|TF118018|England|49|1974|2023|UKBMS|52.6025|-0.3506|2.344|-1.004|0.9413
Dyfi|SN609937|Wales|45|1976|2023|UKBMS|52.5234|-4.0517|0.291|5.859|0.5701
Chippenham Fen|TL646694|England|47|1976|2023|UKBMS|52.2981|0.4124|0.746|-1.476|0.9811
Rostherne Mere|SJ743841|England|32|1976|2023|UKBMS|53.3532|-2.3876|-2.810|5.442|0.6093
Holme Fen|TL202892|England|47|1974|2023|UKBMS|52.4875|-0.2312|-0.876|-2.471|0.9127
Aston Rowant (N)|SU725970|England|47|1976|2023|UKBMS|51.6671|-0.9531|3.748|3.596|0.9550
Aston Rowant (S)|SU723964|England|48|1976|2023|UKBMS|51.6617|-0.9561|1.491|-1.739|0.8418
Waterperry Wood|SP608097|England|43|1976|2022|UKBMS|51.7827|-1.1200|1.312|-0.281|0.8433
Wye & Crundale Down|TR077450|England|43|1976|2023|UKBMS|51.1665|0.9694|-0.031|-1.422|0.8499
Potton Wood|TL252501|England|45|1974|2023|UKBMS|52.1350|-0.1722|-0.695|-2.254|0.9066
Bure Marshes|TG336164|England|48|1976|2023|UKBMS|52.6949|1.4555|0.109|-1.013|0.9800
Upper Teesdale|NY882283|England|44|1976|2023|UKBMS|54.6497|-2.1844|1.272|-0.491|0.8957
Saltfleetby|TF472915|England|45|1977|2023|UKBMS|53.3998|0.2125|-0.900|1.690|0.9516
Ben Lawers|NN614392|Scotland|43|1977|2023|UKBMS|56.5243|-4.2547|-0.235|2.211|0.3155
Radipole Lake|SY672799|England|34|1977|2023|UKBMS|50.6179|-2.4650|1.874|-0.282|0.8888
Gibralter Point|TF556580|England|47|1974|2023|UKBMS|53.0965|0.3224|6.384|3.012|0.9456
Hampstead Heath|TQ270863|England|44|1977|2023|UKBMS|51.5613|-0.1693|0.336|-3.543|0.8552
Loch Garten|NH971165|Scotland|42|1977|2023|UKBMS|57.2276|-3.7060|-1.208|2.492|0.5349
Nagshead|SO601090|England|40|1977|2023|UKBMS|51.7782|-2.5797|-2.623|0.906|0.8092
Insh Marshes|NH814018|Scotland|45|1977|2023|UKBMS|57.0919|-3.9589|2.824|3.867|0.3989
Northward Hill|TQ785765|England|40|1977|2023|UKBMS|51.4593|0.5680|0.886|-1.197|0.9753
Woodwalton Fen|TL231840|England|43|1978|2023|UKBMS|52.4401|-0.1905|-1.139|-2.453|0.6088
Castle Hill|TQ371068|England|45|1978|2023|UKBMS|50.8445|-0.0540|7.504|0.361|0.2755
Gait Barrows|SD478772|England|46|1978|2023|UKBMS|54.1879|-2.8014|-1.494|-0.751|0.8891
South Stack Cliffs|SH210818|Wales|7|1979|2023|UKBMS|53.3028|-4.6877|1.019|3.106|0.8684
South Stack Ranges|SH216803|Wales|24|1979|2023|UKBMS|53.2896|-4.6779|1.385|2.487|0.8952
Pewsey Down|SU116636|England|43|1979|2023|UKBMS|51.3713|-1.8347|4.785|3.940|0.9686
Ampfield Wood|SU411237|England|45|1979|2023|UKBMS|51.0112|-1.4155|-2.430|0.791|0.4758
Derbyshire Dales|SK180659|England|45|1979|2023|UKBMS|53.1899|-1.7321|1.451|0.442|0.9767
Alresford|SU575335|England|45|1979|2023|UKBMS|51.0979|-1.1802|10.522|1.334|0.2189
West Dean Wood|SU846155|England|41|1979|2022|UKBMS|50.9328|-0.7975|-0.120|-1.826|0.9155
Murlough|J410350|Northern Ireland|45|1979|2023|UKBMS|54.2445|-5.8378|1.267|2.632|0.8042
Martin Down|SU056183|England|45|1979|2023|UKBMS|50.9641|-1.9216|3.195|3.138|0.9887
Wyre Forest|SO755766|England|45|1979|2023|UKBMS|52.3869|-2.3614|-0.611|-2.010|0.9503
Coombes Valley|SK006529|England|26|1979|2023|UKBMS|53.0733|-1.9925|-0.712|-3.412|0.9877
Lullington Heath|TQ545017|England|44|1979|2023|UKBMS|50.7943|0.1908|0.523|1.603|0.6295
Pickett Wood|ST876544|England|43|1981|2023|UKBMS|51.2886|-2.1792|-0.243|-3.356|0.9092
Barnack Hills & Holes|TF076045|England|40|1981|2023|UKBMS|52.6276|-0.4117|2.892|3.100|0.7309
RSPB Blean Woods|TR112601|England|42|1982|2023|UKBMS|51.3008|1.0283|0.527|-3.611|0.7221
St Osyth|TM117176|England|40|1983|2023|UKBMS|51.8169|1.0701|4.250|3.122|0.8111
Luckett Wood|SX391726|England|43|1980|2023|UKBMS|50.5310|-4.2716|0.516|-1.007|0.9136
Stour Wood|TM191313|England|40|1983|2023|UKBMS|51.9370|1.1859|-0.531|-3.388|0.9356
Oakley Woods|SP615114|England|35|1985|2023|UKBMS|51.7979|-1.1096|-0.291|2.824|0.8572
Taynish|NR731843|Scotland|35|1985|2023|UKBMS|55.9978|-5.6403|0.761|-0.760|0.9457
Whitecross Green Wood|SP602144|England|37|1986|2022|UKBMS|51.8250|-1.1279|1.833|-2.039|0.9647
Ham Street Wood|TR006342|England|28|1986|2023|UKBMS|51.0721|0.8620|-0.236|-3.440|0.7766
Folkestone Escarpment|TR217381|England|35|1987|2023|UKBMS|51.0993|1.1651|5.001|3.343|0.7007
Smardale Gill|NY725066|England|29|1989|2023|UKBMS|54.4540|-2.4257|1.354|-1.117|0.8830
Mottistone Down|SZ416845|England|34|1989|2023|UKBMS|50.6587|-1.4128|6.652|3.443|0.7918
Church Place|SU342099|England|33|1989|2023|UKBMS|50.8876|-1.5152|0.731|-3.170|0.9758
Pitts Wood|SU200149|England|13|1989|2023|UKBMS|50.9332|-1.7168|1.002|-0.795|0.9700
Tadnoll|SY791875|England|35|1989|2023|UKBMS|50.6868|-2.2972|7.043|3.453|0.6839
Bovey Valley|SX783797|England|34|1989|2023|UKBMS|50.6043|-3.7211|0.421|-2.214|0.8417
East Blean Woods|TR193643|England|29|1989|2023|UKBMS|51.3355|1.1469|-1.193|-2.660|0.9255
Somerford Common|SU028864|England|30|1989|2023|UKBMS|51.5765|-1.9610|-1.180|-1.780|0.9653
Blean Woods|TR114608|England|32|1991|2023|UKBMS|51.3070|1.0316|0.053|-3.945|0.9363
Loch Fleet|NH814964|Scotland|27|1993|2023|UKBMS|57.9411|-4.0050|-1.167|2.359|0.8627
St Cyrus (new)|NO749640|Scotland|37|1983|2023|UKBMS|56.7669|-2.4122|2.274|3.230|0.9004
Brodick Country Park|NS019382|Scotland|26|1995|2023|UKBMS|55.5970|-5.1457|4.055|0.979|0.8666
Shabbington Wood (new)|SP611102|England|28|1995|2023|UKBMS|51.7871|-1.1156|1.458|-2.696|0.9769
Denge Wood|TR106513|England|28|1993|2023|UKBMS|51.2220|1.0145|0.831|1.891|0.7681
Fontmell Down (new)|ST885180|England|44|1980|2023|UKBMS|50.9613|-2.1651|1.947|1.040|0.9790
Mabie Forest|NX927703|Scotland|24|1995|2023|UKBMS|55.0156|-3.6796|0.290|-0.745|0.9697
Bishop Middleham Quarry|NZ332327|England|24|1997|2022|UKBMS|54.6883|-1.4865|1.229|3.345|0.7499
Blackford Hill|NT254703|Scotland|19|1999|2023|UKBMS|55.9200|-3.1952|1.344|-1.245|0.9690
Sands of Forvie (new)|NK010260|Scotland|25|1999|2023|UKBMS|57.3245|-1.9850|1.194|2.844|0.6783
Great Orme|SH764827|Wales|24|1999|2023|UKBMS|53.3267|-3.8573|0.928|3.039|0.9465
Grange Farm (North) A|TL330627|England|23|2000|2023|UKBMS|52.2464|-0.0533|6.641|1.828|0.4111
Grange Farm (South)|TL332623|England|23|2000|2023|UKBMS|52.2428|-0.0506|6.893|0.345|0.5905
St. Abb's Head|NT913687|Scotland|24|1999|2023|UKBMS|55.9113|-2.1407|-1.721|4.457|0.8321
Lochaber|NX922699|Scotland|12|2000|2023|UKBMS|55.0119|-3.6873|-1.890|0.011|0.4347
Cheriton Hill|TR200381|England|24|1992|2023|UKBMS|51.1000|1.1409|6.153|3.857|0.7961
Grange Farm (North) B|TL331620|England|23|2000|2023|UKBMS|52.2401|-0.0521|10.584|1.794|0.0437
Glasdrum|NN000450|Scotland|19|2002|2022|UKBMS|56.5543|-5.2557|-2.667|5.454|0.7959
Cavenham Heath|TL754725|England|20|2003|2023|UKBMS|52.3226|0.5722|5.261|3.122|0.9171
Wootton Coppice|SZ247995|England|18|2004|2023|UKBMS|50.7945|-1.6509|0.577|1.266|0.8909
Tentsmuir Point North Revised|NO499276|Scotland|19|2005|2023|UKBMS|56.4379|-2.8141|-2.549|1.159|0.8768
Morton Lochs|NO463268|Scotland|19|2004|2023|UKBMS|56.4303|-2.8723|2.518|-2.059|0.8897
Tentsmuir Point South Revised|NO500270|Scotland|18|2006|2023|UKBMS|56.4325|-2.8124|-1.997|1.177|0.7967
Porton Down|SU247367|England|28|1994|2023|UKBMS|51.1291|-1.6484|3.159|3.446|0.8714
Moor House|NY751332|England|31|1993|2023|UKBMS|54.6932|-2.3878|-0.678|2.430|0.3131
Wytham|SP464096|England|31|1993|2023|UKBMS|51.7831|-1.3288|6.740|1.015|0.0373
North Wyke|SX660985|England|30|1993|2023|UKBMS|50.7706|-3.9017|-0.048|5.804|0.3375
Alice Holt|SU801399|England|30|1994|2023|UKBMS|51.1528|-0.8561|-1.016|-2.679|0.9460
Stockbridge Down|SU382348|England|38|1983|2023|UKBMS|51.1112|-1.4557|3.730|3.615|0.8742
Ashford Hangers 1|SU742268|England|24|1987|2023|UKBMS|51.0358|-0.9431|-1.536|-0.779|0.6887
Badminston Common|SU460020|England|25|1993|2023|UKBMS|50.8157|-1.3484|-0.379|2.950|0.9661
Beacon Hill|SU603227|England|43|1980|2023|UKBMS|51.0005|-1.1420|3.279|2.794|0.9830
Bentley Station Meadow|SU794430|England|31|1993|2023|UKBMS|51.1807|-0.8654|-1.095|-1.977|0.9363
Bonchurch Down|SZ5733678652|England|31|1993|2023|UKBMS|50.6048|-1.1911|0.092|5.444|0.2700
Claylands|SU547181|England|28|1996|2023|UKBMS|50.9597|-1.2225|1.792|0.811|0.9262
Farlington Marshes Route A|SU688047|England|26|1993|2023|UKBMS|50.8377|-1.0243|6.552|4.257|0.5680
Lower Test Marshes|SU364149|England|33|1991|2023|UKBMS|50.9324|-1.4834|5.260|4.142|0.4050
Magdalen Hill Down|SU503292|England|34|1990|2023|UKBMS|51.0599|-1.2836|2.509|2.085|0.8777
Magdalen Hill Down extension|SU515292|England|28|1996|2023|UKBMS|51.0598|-1.2665|6.590|4.072|0.8240
Martin Down Kitts Grave|SU034203|England|39|1985|2023|UKBMS|50.9821|-1.9529|1.023|-2.594|0.9481
Martin Down North|SU045190|England|42|1982|2023|UKBMS|50.9704|-1.9373|3.967|3.786|0.8166
Noar Hill|SU741320|England|41|1983|2023|UKBMS|51.0825|-0.9435|1.820|1.356|0.9744
Pamber Forest|SU615610|England|40|1984|2023|UKBMS|51.3448|-1.1184|1.388|-1.786|0.9118
Swanwick NR|SU507099|England|27|1994|2023|UKBMS|50.8864|-1.2806|0.862|-2.473|0.8893
Lower Test - Testwood Park House|SU358145|England|32|1992|2023|UKBMS|50.9288|-1.4920|7.478|4.550|0.5015
Coombe Bottom & St Boniface Down (Ventnor)|SZ558779|England|35|1989|2023|UKBMS|50.5982|-1.2130|1.693|5.045|0.4260
Newton - Walters Copse|SZ432905|England|28|1996|2023|UKBMS|50.7125|-1.3895|-0.786|-2.140|0.9146
West Down (Chilbolton)|SU385392|England|34|1988|2023|UKBMS|51.1508|-1.4509|1.725|-1.996|0.9357
Winnall Moors|SU488305|England|30|1987|2023|UKBMS|51.0718|-1.3049|2.409|2.326|0.7940
Yew Hill|SU454265|England|34|1990|2023|UKBMS|51.0361|-1.3539|3.578|3.758|0.5966
Botley Wood 1|SU545100|England|29|1995|2023|UKBMS|50.8869|-1.2266|0.361|-2.709|0.9333
Catherington Down|SU692144|England|29|1995|2023|UKBMS|50.9249|-1.0168|2.636|1.406|0.8958
Crabtree|SU663519|England|25|1999|2023|UKBMS|51.2624|-1.0512|1.017|-3.213|0.9087
Crab Wood|SU438295|England|26|1986|2023|UKBMS|51.0632|-1.3763|0.314|-2.568|0.8751
Firestone Copse|SZ555908|England|33|1988|2023|UKBMS|50.7142|-1.2153|-1.494|-1.991|0.6721
The Gillies|SU572059|England|31|1993|2023|UKBMS|50.8498|-1.1888|0.324|0.366|0.9539
Leckford-A|SU368366|England|25|1988|2023|UKBMS|51.1275|-1.4755|5.882|3.465|0.8094
Leckford-J|SU382357|England|30|1989|2023|UKBMS|51.1193|-1.4556|9.959|2.410|0.3262
Pignal Inclosure|SU315040|England|26|1998|2023|UKBMS|50.8347|-1.5541|-1.934|0.947|0.7794
Wick Wood|SU759357|England|28|1995|2023|UKBMS|51.1156|-0.9170|-1.711|-2.641|0.6059
Farlington Marshes Route B|SU688052|England|23|1993|2022|UKBMS|50.8422|-1.0242|3.713|0.112|0.8882
Farlington Marshes Route C|SU679045|England|24|1993|2023|UKBMS|50.8361|-1.0371|-1.202|-0.656|0.5808
Bartley Heath New 1|SU726534|England|28|1996|2023|UKBMS|51.2751|-0.9606|2.374|-2.126|0.8065
Roydon Woods - Southern Fields|SZ317996|England|23|2000|2023|UKBMS|50.7951|-1.5516|0.592|1.097|0.8799
The Dongas|SU490276|England|14|1997|2023|UKBMS|51.0457|-1.3024|2.434|1.494|0.9158
Hamble Common|SU482061|England|22|2001|2022|UKBMS|50.8524|-1.3166|-0.856|-1.169|0.9837
Peartree Green|SU438118|England|8|2003|2023|UKBMS|50.9040|-1.3785|5.513|1.296|0.5051
Broughton Down 2|SU290330|England|18|2004|2023|UKBMS|51.0956|-1.5873|-1.108|4.036|0.9219
Dell Piece West|SU701126|England|16|2002|2023|UKBMS|50.9086|-1.0043|2.182|1.189|0.8598
Windmill Hill, Chalton|SU712147|England|19|2003|2023|UKBMS|50.9274|-0.9883|6.933|4.146|0.2711
Parsonage Field|SU694144|England|19|2003|2023|UKBMS|50.9249|-1.0140|0.674|1.164|0.1420
Heald Brow NT|SD468739|England|27|1996|2023|UKBMS|54.1581|-2.8162|1.062|0.564|0.9596
Heathwaite NT|SD448768|England|31|1993|2023|UKBMS|54.1840|-2.8473|0.201|-0.050|0.9747
Jack Scout NT|SD459736|England|29|1994|2023|UKBMS|54.1554|-2.8299|-2.267|5.229|0.9690
Latterbarrow CWT|SD440828|England|26|1996|2023|UKBMS|54.2378|-2.8607|0.696|-0.077|0.9703
Warton Crag RSPB|SD488731|England|33|1990|2023|UKBMS|54.1512|-2.7854|0.061|-1.848|0.9130
Whitbarrow - Howe Ridding pNNR|SD435880|England|27|1996|2022|UKBMS|54.2845|-2.8694|-0.243|-0.547|0.9490
Whitbarrow NNR - Wakebarrow|SD450870|England|23|1996|2023|UKBMS|54.2757|-2.8461|0.168|-0.806|0.9802
Whitbarrow NNR - Hervey CWT|SD441862|England|25|1995|2023|UKBMS|54.2684|-2.8598|0.079|-0.583|0.9536
Arnside Knott NT|SD453776|England|31|1991|2023|UKBMS|54.1912|-2.8398|-0.430|1.012|0.8464
Barkbooth Lot (CWT)|SD417907|England|23|1993|2023|UKBMS|54.3086|-2.8975|-0.827|0.381|0.6814
Brigsteer Park Wood (NT)|SD486880|England|26|1992|2023|UKBMS|54.2850|-2.7910|-0.300|-1.580|0.9674
Dick Fell|SD473797|England|24|1996|2023|UKBMS|54.2103|-2.8095|1.595|0.842|0.7921
Eaves Wood NT|SD465763|England|32|1991|2023|UKBMS|54.1797|-2.8212|-1.566|0.417|0.9400
Flash Bank Wood NT|SD489880|England|25|1992|2023|UKBMS|54.2851|-2.7864|1.327|1.172|0.9328
Waitby Greenriggs|NY760083|England|16|1998|2023|UKBMS|54.4695|-2.3718|3.318|3.895|0.5095
Field of Dreams|SD473750|England|22|2002|2023|UKBMS|54.1681|-2.8087|-0.424|-0.330|0.9054
Holme Park Fell|SD539792|England|21|2002|2022|UKBMS|54.2065|-2.7083|1.735|-0.493|0.9340
Yealand Hall Allotment|SD490764|England|22|2002|2023|UKBMS|54.1808|-2.7829|0.621|0.067|0.8904
Coldwell Parrock|SD480778|England|22|2002|2023|UKBMS|54.1933|-2.7985|1.646|0.295|0.9047
Lancelot Clark Storth|SD546772|England|26|1995|2023|UKBMS|54.1885|-2.6972|0.761|-1.107|0.8971
Gait Barrows NNR (Warden's)|SD483774|England|31|1993|2023|UKBMS|54.1897|-2.7938|-0.014|0.507|0.8080
Teddy Heights|SD475792|England|21|1998|2023|UKBMS|54.2058|-2.8064|0.059|-1.474|0.9446
Burton Fell|SD545778|England|20|2002|2023|UKBMS|54.1939|-2.6989|-0.116|-0.274|0.8800
Dobshall Wood|SD450780|England|17|2006|2023|UKBMS|54.1948|-2.8445|0.008|3.882|0.5427
Witherslack Hall Woods|SD435868|England|14|2007|2023|UKBMS|54.2737|-2.8691|0.692|-1.549|0.8709
Trowbarrow Quarry - New (2010)|SD480758|England|14|2010|2023|UKBMS|54.1753|-2.7981|0.495|0.226|0.9428
Middlebarrow Wood|SD464769|England|14|2010|2023|UKBMS|54.1851|-2.8228|-0.657|-1.826|0.9351
Warton Crag LWT2|SD491731|England|8|2011|2023|UKBMS|54.1512|-2.7808|-0.882|0.492|0.7187
Ainsdale Sand Dunes NNR|SD288106|England|11|2013|2023|UKBMS|53.5871|-3.0770|0.188|-0.228|0.9461
Myers Allotment Two|SD474750|England|11|2013|2023|UKBMS|54.1681|-2.8072|-0.756|-1.333|0.8083
Hartsop Dodd|NY413115|England|10|2013|2023|UKBMS|54.4954|-2.9078|-0.221|2.332|0.1957
Smardale Gill Extension|NY734081|England|10|2014|2023|UKBMS|54.4676|-2.4119|4.242|1.212|0.6611
Halecat|SD431833|England|10|2014|2023|UKBMS|54.2422|-2.8746|0.636|-1.187|0.9697
Heysham Nature Reserve|SD406600|England|7|2015|2023|UKBMS|54.0325|-2.9084|0.348|-0.574|0.9502
Crosby Coastguard Station|SD298008|England|7|2017|2023|UKBMS|53.4992|-3.0597|-0.194|5.963|0.4783
Brockholes NR|SD587307|England|6|2017|2023|UKBMS|53.7710|-2.6281|-2.109|4.658|0.8465
Dove Stone East|SE019037|England|4|2017|2022|UKBMS|53.5300|-1.9728|3.035|3.370|0.8294
Dove Stone West|SE019047|England|4|2017|2022|UKBMS|53.5389|-1.9728|0.141|-0.257|0.8293
St Annes LNR|SD310306|England|6|2018|2023|UKBMS|53.7672|-3.0483|0.556|4.308|0.8258
Coldwell Meadows|SD348478|England|2|2019|2022|UKBMS|53.9222|-2.9943|6.781|-0.051|0.0105
Ainsdale NNR specific species|SD302112|England|5|2019|2023|UKBMS|53.5927|-3.0560|1.324|-0.656|0.8653
Cabin Hill / Ravenmeols|SD283054|England|3|2021|2023|UKBMS|53.5403|-3.0834|1.808|1.878|0.7882
Duddon Mosses National Nature Reserve|SD223851|England|3|2021|2023|UKBMS|54.2556|-3.1942|-0.675|1.877|0.7106
Heathwaite Moss|SD242876|England|3|2021|2023|UKBMS|54.2784|-3.1657|-0.982|2.619|0.8962
Warton Crag LNR (Upper)|SD493727|England|2|2022|2023|UKBMS|54.1476|-2.7777|0.339|-1.247|0.9277
Dunstable Downs|TL007201|England|20|1993|2023|UKBMS|51.8704|-0.5388|2.281|1.192|0.6748
Hill Rise|TL046510|England|18|1994|2023|UKBMS|52.1474|-0.4727|0.690|5.436|0.1651
Priory Country Park|TL075493|England|26|1993|2023|UKBMS|52.1316|-0.4309|6.082|2.216|0.7338
Sharpenhoe Clappers|TL066297|England|32|1989|2023|UKBMS|51.9556|-0.4502|2.391|-2.121|0.9531
Whipsnade Downs|TL000185|England|28|1987|2023|UKBMS|51.8561|-0.5494|3.933|0.948|0.8167
Old Warden Tunnel|TL112447|England|18|2006|2023|UKBMS|52.0895|-0.3784|10.638|1.675|0.0208
Bedford Old Cemetery|TL050512|England|7|2006|2022|UKBMS|52.1491|-0.4668|4.782|0.935|0.6603
Knocking hoe|TL131307|England|9|2013|2023|UKBMS|51.9633|-0.3553|4.298|3.847|0.8044
Ring Haw|TL053973|England|10|2014|2023|UKBMS|52.5634|-0.4480|0.981|2.243|0.9238
Mowsbury Hillfort|TL065532|England|10|2014|2023|UKBMS|52.1668|-0.4443|4.091|3.425|0.5545
Whitestones Twywell Hills & Dales|SP939775|England|7|2016|2023|UKBMS|52.3875|-0.6217|1.436|0.804|0.7489
Bucknell Woods|SP658448|England|8|2016|2023|UKBMS|52.0976|-1.0409|2.127|-2.684|0.9240
Wellingborough|SP903674|England|5|2017|2022|UKBMS|52.2973|-0.6773|1.492|5.429|0.7496
Nene Wetlands Nature Reserve|SP939679|England|5|2018|2023|UKBMS|52.3012|-0.6244|-0.104|5.836|0.7062
Salcey Forest North|SP809520|England|3|2020|2022|UKBMS|52.1604|-0.8188|-2.001|0.722|0.8762
Salcey Forest South|SP805505|England|3|2020|2022|UKBMS|52.1469|-0.8250|0.975|-2.420|0.9394
Stanwick Lakes|SP967714|England|2|2022|2023|UKBMS|52.3322|-0.5823|-2.836|5.439|0.2677
Fermyn Woods Country Park|SP954850|England|2|2022|2023|UKBMS|52.4546|-0.5975|1.330|0.402|0.8804
Old Sulehay including Stonepit Quarry|TL057979|England|2|2022|2023|UKBMS|52.5687|-0.4419|1.192|0.595|0.9570
RSPB The Lodge|TL191484|England|2|2022|2023|UKBMS|52.1211|-0.2618|-0.084|2.721|0.8446
Weldon Woodland Park|SP922891|England|2|2022|2023|UKBMS|52.4920|-0.6435|4.647|3.896|0.8580
Grendon & Doddershall Woods|SP700210|England|29|1995|2023|UKBMS|51.8832|-0.9844|-0.165|-2.763|0.9610
College Lake|SP935139|England|23|2001|2023|UKBMS|51.8159|-0.6450|1.133|-1.339|0.9151
Aston Clinton Ragpits|SP888108|England|28|1996|2023|UKBMS|51.7888|-0.7140|0.245|-0.117|0.9218
Finemere Wood|SP722216|England|29|1994|2022|UKBMS|51.8883|-0.9523|0.270|-1.170|0.9664
Coombe Hill|SP846065|England|29|1994|2023|UKBMS|51.7508|-0.7759|4.992|4.094|0.8789
Bowdown (Baynes/Bomb Site)|SU508650|England|37|1986|2023|UKBMS|51.3818|-1.2714|-0.310|-1.523|0.7799
Aston Upthorpe Downs|SU545837|England|31|1993|2023|UKBMS|51.5496|-1.2154|-0.400|-0.057|0.9211
M40 Compensation Area|SP629102|England|33|1991|2023|UKBMS|51.7869|-1.0895|1.612|1.941|0.9909
Burnham Beeches (New walk)|SU949848|England|30|1992|2023|UKBMS|51.5541|-0.6326|1.414|-2.471|0.7759
Crong|SP904088|England|22|2001|2023|UKBMS|51.7706|-0.6913|1.733|0.864|0.9059
Moor Copse Nature Reserve|SU637741|England|22|2001|2022|UKBMS|51.4623|-1.0845|1.848|-1.072|0.6791
Lardon Chase|SU587809|England|27|1997|2023|UKBMS|51.5240|-1.1553|3.642|3.552|0.9783
Dancersend|SP900095|England|23|2001|2023|UKBMS|51.7769|-0.6969|1.813|1.167|0.9785
Carrinton's New Farm|SU884900|England|21|2003|2023|UKBMS|51.6019|-0.7250|8.975|0.278|0.0723
Brush Hill, Princes Risborough|SP821034|England|18|2004|2023|UKBMS|51.7233|-0.8128|2.625|-0.241|0.7683
College Lake New 2003|SP929147|England|23|2001|2023|UKBMS|51.8232|-0.6535|2.888|3.009|0.8997
Hosehill LNR|SU649697|England|15|2005|2023|UKBMS|51.4226|-1.0680|-2.743|5.317|0.8314
Ardley Quarry|SP536273|England|21|2003|2023|UKBMS|51.9416|-1.2217|1.238|-1.609|0.9776
Hartslock|SU618795|England|21|2003|2023|UKBMS|51.5111|-1.1109|9.806|1.997|0.2691
Severn Barrows|SU329828|England|21|2003|2023|UKBMS|51.5431|-1.5270|3.144|3.503|0.8126
Decoy Heath|SU615635|England|22|2002|2023|UKBMS|51.3672|-1.1180|0.417|5.576|0.4700
Hurley|SU812821|England|22|2002|2023|UKBMS|51.5320|-0.8308|6.941|4.342|0.2421
Wildmoor Heath|SU843630|England|25|1998|2023|UKBMS|51.3598|-0.7906|2.446|-1.270|0.8829
Brill Common|SP653143|England|18|2003|2023|UKBMS|51.8235|-1.0539|0.349|3.765|0.8262
Prestwood Nature|SU866991|England|18|2006|2023|UKBMS|51.6840|-0.7488|1.593|0.719|0.7964
Holtspur Bottom Reserve|SU917904|England|17|2007|2023|UKBMS|51.6050|-0.6773|4.023|3.593|0.9191
Homefield Wood|SU812867|England|17|2007|2023|UKBMS|51.5733|-0.8297|-2.423|0.908|0.8207
Oakley Hill|SU758995|England|19|2005|2023|UKBMS|51.6891|-0.9049|2.185|1.464|0.9465
Warburg 1 (central)|SU719880|England|26|1998|2023|UKBMS|51.5863|-0.9636|1.123|0.979|0.9316
Watts Bank|SU329772|England|18|2006|2023|UKBMS|51.4928|-1.5275|9.119|0.773|0.2831
Hartslock Extension|SU620793|England|15|2008|2022|UKBMS|51.5092|-1.1080|3.669|3.315|0.8756
Moor Copse Extension|SU638737|England|15|2008|2022|UKBMS|51.4587|-1.0831|3.526|1.521|0.8725
Rushbeds Wood|SP672154|England|16|2007|2022|UKBMS|51.8332|-1.0262|-1.004|-2.356|0.9273
Sydlings Copse|SP553094|England|16|2008|2023|UKBMS|51.7805|-1.1998|-0.467|-3.412|0.8126
Greenham Common 2|SU495648|England|14|2008|2023|UKBMS|51.3801|-1.2901|0.719|4.386|0.3148
Sands Bank|SU833933|England|13|2006|2023|UKBMS|51.6324|-0.7979|0.046|5.902|0.0827
Ewelme Watercress Beds LNR|SU640917|England|15|2009|2023|UKBMS|51.6205|-1.0770|5.128|0.892|0.9324
Dancers End Extension|SP896096|England|20|2004|2023|UKBMS|51.7779|-0.7027|4.207|3.550|0.9623
Little Linford Wood|SP831453|England|15|2009|2023|UKBMS|52.0998|-0.7882|-0.656|-2.173|0.9876
Hook Norton|SP360322|England|15|2009|2023|UKBMS|51.9871|-1.4772|0.552|-3.006|0.6055
Glyme Valley|SP334260|England|15|2009|2023|UKBMS|51.9315|-1.5156|1.336|-0.104|0.9141
Paizes Wood|SU586638|England|13|2010|2023|UKBMS|51.3702|-1.1596|-0.731|-1.497|0.9533
Chilswell Valley|SP502038|England|13|2009|2023|UKBMS|51.7307|-1.2745|7.319|1.595|0.4613
Maidenhead Thicket|SU851811|England|7|2012|2022|UKBMS|51.5224|-0.7748|0.085|-3.262|0.7183
Wallingford Castle Meadows|SU610898|England|9|2013|2023|UKBMS|51.6037|-1.1206|4.873|1.253|0.8556
Crowmarsh Riverside Meadows|SU611892|England|11|2013|2023|UKBMS|51.5983|-1.1193|7.288|4.742|0.4487
Mowbray Fields|SU522887|England|8|2013|2023|UKBMS|51.5947|-1.2478|4.054|2.993|0.0861
Cliveden|SU912853|England|7|2014|2023|UKBMS|51.5592|-0.6858|0.341|-1.625|0.2960
Bacombe Hill|SP861072|England|10|2014|2023|UKBMS|51.7569|-0.7540|2.313|1.479|0.9759
Grangelands|SP828048|England|10|2014|2023|UKBMS|51.7358|-0.8024|1.557|1.225|0.9847
Swains wood|SU738921|England|4|2014|2023|UKBMS|51.6229|-0.9353|0.787|0.001|0.8188
The Rifle Range|SP829052|England|10|2014|2023|UKBMS|51.7394|-0.8008|1.999|1.425|0.9800
Cissbury Ring|TQ140080|England|29|1995|2023|UKBMS|50.8603|-0.3816|1.660|0.081|0.5207
Deep Dean|TQ540025|England|23|1998|2023|UKBMS|50.8016|0.1841|4.269|3.735|0.9284
Levin Down|SU885137|England|34|1990|2023|UKBMS|50.9160|-0.7424|-0.887|-0.899|0.5634
Harting Down|SU796182|England|29|1989|2022|UKBMS|50.9577|-0.8680|0.877|-1.120|0.9200
Bevendean A|TQ338068|England|25|1997|2023|UKBMS|50.8453|-0.1009|6.167|4.169|0.9677
Bevendean B|TQ335065|England|24|1998|2023|UKBMS|50.8426|-0.1052|0.233|4.817|0.4371
Bevendean C|TQ343066|England|23|1997|2022|UKBMS|50.8433|-0.0938|0.962|-2.123|0.8747
Malling Down|TQ428107|England|40|1984|2023|UKBMS|50.8782|0.0284|2.036|-1.161|0.8818
Loder Valley 1 (Ardingley Reservoir 1)|TQ342305|England|33|1991|2023|UKBMS|51.0582|-0.0865|0.288|5.985|0.6540
Loder Valley 2 (Ardingley Reservoir 2)|TQ335302|England|23|2001|2023|UKBMS|51.0556|-0.0965|-1.043|-2.030|0.8546
Arlington Reservoir|TQ534074|England|23|2001|2023|UKBMS|50.8458|0.1776|-2.743|5.446|0.4290
Beacon Hill, Sussex|TQ364028|England|22|2001|2023|UKBMS|50.8087|-0.0654|3.652|3.635|0.9371
Ashpark Wood|SU995317|England|21|2003|2023|UKBMS|51.0760|-0.5811|-0.931|-2.958|0.9123
Kingspark Wood|SU985306|England|21|2003|2023|UKBMS|51.0663|-0.5956|-2.448|0.949|0.7685
Crowlink|TV545974|England|20|2003|2022|UKBMS|50.7556|0.1890|6.335|4.296|0.7615
Burton & Chingford Ponds LNR|SU973174|England|17|2004|2023|UKBMS|50.9478|-0.6163|-2.690|5.359|0.4800
Smugglers|TQ473295|England|13|2004|2023|UKBMS|51.0460|0.0999|-0.120|0.831|0.8117
Black Cap|TQ378125|England|17|2005|2023|UKBMS|50.8955|-0.0419|0.894|-0.260|0.9468
Anchor Bottom|TQ202094|England|16|2004|2023|UKBMS|50.8716|-0.2931|9.130|0.859|0.4135
Fore Wood|TQ752131|England|35|1987|2023|UKBMS|50.8908|0.4897|1.812|-2.712|0.9221
Broadwater Warren 1|TQ556370|England|16|2008|2023|UKBMS|51.1112|0.2215|-0.886|-0.356|0.9069
Broadwater Warren 2|TQ553368|England|16|2008|2023|UKBMS|51.1095|0.2171|-0.254|0.113|0.8144
Graffham Down Long Meadow|SU919162|England|15|2009|2023|UKBMS|50.9379|-0.6934|0.006|-4.015|0.6227
Graffham Down Scotts Corner|SU922162|England|14|2009|2022|UKBMS|50.9379|-0.6892|2.183|-2.435|0.8863
Moulescombe Wildpark LNR|TQ329081|England|9|2008|2023|UKBMS|50.8572|-0.1132|2.305|-0.326|0.9517
Minepits - Hartley Green Copse|SU872284|England|17|2007|2023|UKBMS|51.0483|-0.7574|-2.165|0.675|0.9337
Bignor Hill, Slindon Estate (NT)|SU972128|England|13|2010|2023|UKBMS|50.9065|-0.6189|2.602|1.575|0.8700
Chapel Common|SU820285|England|14|2010|2023|UKBMS|51.0500|-0.8315|0.552|0.572|0.7024
Tilletts Lane Fields, Warnham|TQ153339|England|14|2010|2023|UKBMS|51.0928|-0.3549|0.067|-2.363|0.9298
Lodge Copse|SU973167|England|11|2010|2023|UKBMS|50.9415|-0.6165|1.348|3.188|0.6017
West Kingston Reserve|TQ079016|England|13|2010|2023|UKBMS|50.8039|-0.4701|2.039|4.921|0.8330
Hollingdean|TQ321072|England|13|2011|2023|UKBMS|50.8492|-0.1248|6.398|3.393|0.9429
Mill Hill|TQ211072|England|13|2011|2023|UKBMS|50.8517|-0.2810|1.310|0.393|0.7376
Blackjack Wood, Slindon Estste|SU969119|England|13|2011|2023|UKBMS|50.8985|-0.6234|0.566|-1.706|0.8834
Markstakes Common|TQ398180|England|11|2012|2022|UKBMS|50.9445|-0.0114|0.346|-3.521|0.8570
Fairmile Bottom LNR|SU988094|England|10|2014|2023|UKBMS|50.8757|-0.5971|1.411|1.135|0.8905
Iping & Stedham Commons|SU852219|England|10|2014|2023|UKBMS|50.9902|-0.7874|1.596|-0.439|0.6742
Pulborough Brooks RSPB|TQ059167|England|8|2015|2023|UKBMS|50.9400|-0.4941|4.368|0.663|0.8783
Graffham Down - Paterson|SU915162|England|9|2015|2023|UKBMS|50.9380|-0.6991|0.326|-3.949|0.7925
Nymans|TQ270296|England|6|2016|2022|UKBMS|51.0517|-0.1895|-1.391|-0.973|0.6088
Rowland Wood & Park Corner Heath 2018|TQ515147|England|6|2018|2023|UKBMS|50.9119|0.1536|1.620|-2.808|0.8387
Hothfield Common|TQ968458|England|20|1990|2023|UKBMS|51.1776|0.8142|2.236|2.566|0.8849
Burnt Oak Wood|TQ991348|England|38|1984|2023|UKBMS|51.0780|0.8410|-0.431|-3.372|0.7750
Colepit Lane, Torry Hill|TQ907565|England|19|1992|2023|UKBMS|51.2757|0.7327|0.352|-4.115|0.6055
Mintching Wood, Torry Hill|TQ916586|England|19|1992|2023|UKBMS|51.2943|0.7467|0.314|-4.228|0.8483
Warren Bank, Torry Hill|TQ918567|England|19|1992|2023|UKBMS|51.2772|0.7486|2.722|2.872|0.9697
Wrinsted, Torry Hill|TQ897553|England|19|1992|2023|UKBMS|51.2653|0.7177|8.892|1.696|0.2663
Orlestone Forest|TQ985353|England|29|1992|2023|UKBMS|51.0827|0.8327|-1.283|-1.796|0.7850
Tudeley Woods - The Plants|TQ626444|England|37|1987|2023|UKBMS|51.1757|0.3247|6.512|4.338|0.6347
Tudeley Woods - Brakey Bank|TQ615435|England|37|1987|2023|UKBMS|51.1679|0.3086|2.240|-2.677|0.9493
Larkey Valley Wood|TR125555|England|22|1995|2022|UKBMS|51.2590|1.0442|-1.385|-3.049|0.8569
Jubilee Country Park|TQ437679|England|18|2004|2023|UKBMS|51.3919|0.0640|-1.227|-2.945|0.9203
Scadbury Park|TQ455700|England|16|2004|2023|UKBMS|51.4104|0.0907|-0.989|-2.570|0.8125
Downe Bank|TQ438609|England|14|2005|2023|UKBMS|51.3290|0.0626|-0.013|-1.921|0.8965
Cole Wood - Broad Oak/Blean|TR155620|England|16|2006|2023|UKBMS|51.3163|1.0911|10.384|2.293|0.0507
West Blean Wood West|TR157636|England|11|2010|2023|UKBMS|51.3306|1.0949|0.546|4.154|0.8966
West Blean Wood East|TR166635|England|11|2011|2023|UKBMS|51.3293|1.1077|-0.167|-1.926|0.9696
Hothfield Common Extension|TQ964458|England|9|2014|2023|UKBMS|51.1777|0.8085|3.695|3.222|0.8335
West Wickham Common|TQ398652|England|15|2001|2023|UKBMS|51.3687|0.0069|0.351|-2.054|0.8681
Reculver Country Park|TR214689|England|11|2012|2023|UKBMS|51.3760|1.1799|7.089|4.443|0.9037
Sandwich Bay Estate|TR361573|England|11|2013|2023|UKBMS|51.2659|1.3830|1.445|4.261|0.5101
Telegraph Farm|TR307513|England|9|2014|2023|UKBMS|51.2143|1.3019|10.622|1.933|0.0110
Darland Banks A|TQ791655|England|10|2014|2023|UKBMS|51.3603|0.5711|1.177|0.280|0.9474
Darland Banks B|TQ781661|England|10|2014|2023|UKBMS|51.3660|0.5570|1.286|0.703|0.9689
Bedgebury Pinetum|TQ719335|England|5|2014|2023|UKBMS|51.0751|0.4524|2.087|0.027|0.8912
Covert Wood|TR183481|England|9|2015|2023|UKBMS|51.1904|1.1227|0.202|-3.880|0.7283
Kemsing Down|TQ555593|England|9|2015|2023|UKBMS|51.3116|0.2297|2.477|-0.883|0.8650
Lydden Hill|TR254461|England|9|2015|2023|UKBMS|51.1697|1.2229|3.177|0.943|0.8202
Montefiore Wood & Dumpton (2015 route)|TR392662|England|9|2015|2023|UKBMS|51.3445|1.4333|0.306|5.655|0.1596
Tarn Park|TQ427733|England|8|2015|2023|UKBMS|51.4407|0.0518|3.284|-0.357|0.9714
Tudeley Woods - Pembury Heath|TQ616422|England|9|2015|2023|UKBMS|51.1562|0.3094|0.058|-3.936|0.7966
Wouldham|TQ725633|England|8|2015|2023|UKBMS|51.3426|0.4753|-0.393|-2.038|0.9486
The Larches|TQ789588|England|8|2015|2023|UKBMS|51.3002|0.5649|4.605|1.422|0.8547
Peters Pit|TQ717626|England|7|2016|2023|UKBMS|51.3366|0.4635|1.473|0.763|0.8889
Conningbrook Lakes Country Park|TR031433|England|7|2016|2023|UKBMS|51.1529|0.9028|3.272|1.340|0.4983
Luton Rec, Medway|TQ778663|England|8|2016|2023|UKBMS|51.3679|0.5528|1.366|3.981|0.8275
Gravesend Marling Cross|TQ656705|England|8|2016|2023|UKBMS|51.4093|0.3797|0.684|5.839|0.8928
St Margaret's Bay (new)|TR373451|England|7|2017|2023|UKBMS|51.1559|1.3921|1.047|2.862|0.8990
Langdon Cliffs|TR341424|England|6|2017|2022|UKBMS|51.1330|1.3447|2.621|2.979|0.8177
Orlestone Forest, Packing Wood|TR004352|England|6|2017|2022|UKBMS|51.0811|0.8597|-1.333|-1.192|0.9470
Bredhurst Woods and Strawberry Banks|TQ800617|England|5|2017|2023|UKBMS|51.3259|0.5821|-1.340|-2.603|0.9061
Manor Park, West Malling|TQ680573|England|6|2017|2023|UKBMS|51.2901|0.4080|-1.516|4.351|0.9212
Garthorne Road Nature Reserve|TQ357736|England|5|2017|2022|UKBMS|51.4451|-0.0487|2.429|-2.405|0.9393
Snakeholme Pit|TF115716|England|36|1988|2023|UKBMS|53.2297|-0.3311|7.292|0.289|0.0801
Twyford Glades|SK954225|England|23|2000|2023|UKBMS|52.7916|-0.5867|0.045|-2.637|0.9829
Twyford Sanctuary|SK942233|England|24|1999|2023|UKBMS|52.7990|-0.6043|0.299|-0.573|0.9567
Whisby Nature Park|SK911670|England|8|2009|2023|UKBMS|53.1923|-0.6379|2.966|0.066|0.9676
Quarry Cottage|TF045204|England|7|2016|2022|UKBMS|52.7711|-0.4525|2.267|-0.703|0.9029
Londonthorpe Eastern Meadow|SK946381|England|3|2018|2022|UKBMS|52.9320|-0.5940|0.203|-4.074|0.7893
Londonthorpe Western Meadow|SK942380|England|3|2018|2022|UKBMS|52.9312|-0.6000|4.042|3.843|0.6247
Belton House - River Witham|SK926383|England|3|2018|2022|UKBMS|52.9341|-0.6237|5.244|1.280|0.8932
Kettlethorpe|SK846750|England|5|2019|2023|UKBMS|53.2653|-0.7331|1.116|0.015|0.7241
Heath's Meadows|TF484639|England|4|2020|2023|UKBMS|53.1516|0.2177|5.779|3.926|0.4858
Londonthorpe Alma Park|SK942370|England|1|2022|2022|UKBMS|52.9222|-0.6003|2.390|-0.964|0.9681
Ashing Lane Nature Reserve|TF043790|England|2|2022|2023|UKBMS|53.2977|-0.4365|0.462|-3.200|0.9862
Thorne Moors Transect F|SE748151|England|2|2022|2023|UKBMS|53.6271|-0.8704|-0.919|1.856|0.9753
Piddledown Common|SX729899|England|22|1997|2023|UKBMS|50.6948|-3.8009|-0.549|-0.345|0.9756
Aish Tor|SX705711|England|29|1993|2023|UKBMS|50.5253|-3.8283|-0.887|0.613|0.7801
Little Breach|ST114154|England|26|1997|2023|UKBMS|50.9312|-3.2621|4.154|3.969|0.8531
Ashclyst Forest|SX997991|England|14|2002|2023|UKBMS|50.7828|-3.4241|-1.063|-3.109|0.8834
West Down (Dartmoor)|SX483702|England|19|2001|2022|UKBMS|50.5119|-4.1409|-0.927|0.811|0.7348
Kerswell Down|SX872676|England|21|2003|2023|UKBMS|50.4973|-3.5918|0.910|2.583|0.9208
Yarner Wood extension|SX787789|England|13|2009|2023|UKBMS|50.5972|-3.7152|-0.035|1.937|0.9587
Clennon Hill|SX880594|England|14|2008|2023|UKBMS|50.4237|-3.5780|3.786|2.223|0.8759
Primley wood and meadow|SX878602|England|13|2008|2023|UKBMS|50.4309|-3.5811|2.384|-1.815|0.5186
Saltram Park|SX522549|England|13|2011|2023|UKBMS|50.3754|-4.0799|-1.129|-0.184|0.5161
Upcott Farm|SS823130|England|13|2011|2023|UKBMS|50.9044|-3.6753|5.028|3.205|0.3252
Bowden Hill, Ashburton|SX753698|England|12|2011|2022|UKBMS|50.5147|-3.7602|3.477|0.739|0.6263
Berry Head Transect 3|SX939562|England|12|2011|2023|UKBMS|50.3961|-3.4941|2.782|0.601|0.9639
Waterleat extension|SX751723|England|10|2012|2023|UKBMS|50.5371|-3.7639|3.200|1.043|0.7690
Northam Burrows|SS439309|England|6|2013|2022|UKBMS|51.0562|-4.2287|0.192|5.977|0.8238
Meeth Quarry|SS536084|England|8|2014|2022|UKBMS|50.8565|-4.0814|3.281|0.494|0.5958
Andrew's Wood|SX704516|England|9|2014|2023|UKBMS|50.3500|-3.8230|-1.857|-2.373|0.8004
Andrew's Wood 3|SX711516|England|8|2015|2023|UKBMS|50.3502|-3.8131|-0.450|-3.361|0.7964
Park Farm Kingsbridge|SX734427|England|9|2015|2023|UKBMS|50.2707|-3.7778|4.330|1.427|0.6081
Ashclyst Merry Downs|SY000999|England|8|2016|2023|UKBMS|50.7900|-3.4201|1.057|-1.826|0.9487
Ashclyst Snaffel Park|SY006996|England|8|2016|2023|UKBMS|50.7874|-3.4115|1.661|-1.613|0.8841
Ashclyst Caddihoe|SY010999|England|8|2016|2023|UKBMS|50.7902|-3.4059|-1.797|-2.648|0.4737
Ashclyst Deadlands|SX995999|England|8|2016|2023|UKBMS|50.7899|-3.4272|0.763|-1.620|0.7969
Ashclyst White Down|ST005011|England|7|2016|2023|UKBMS|50.8009|-3.4133|1.303|-2.455|0.8072
Knapp Copse Local Nature Reserve|SY154956|England|6|2017|2023|UKBMS|50.7538|-3.2007|6.009|2.621|0.4974
Bradley Manor|SX849707|England|5|2017|2022|UKBMS|50.5247|-3.6251|-0.369|-0.842|0.9464
East Soar|SX729366|England|5|2017|2023|UKBMS|50.2157|-3.7828|3.791|3.001|0.7483
Waterleat 2006|SX753724|England|16|2006|2023|UKBMS|50.5380|-3.7611|6.968|4.065|0.7656
Rickham|SX738378|England|5|2017|2022|UKBMS|50.2267|-3.7706|-0.019|4.494|0.8037
Saltram Gardens|SX519556|England|6|2018|2023|UKBMS|50.3816|-4.0844|4.452|0.975|0.8069
Ashclyst Caddihoe Extension|ST009000|England|5|2019|2023|UKBMS|50.7911|-3.4073|2.514|-1.873|0.9131
Lincombe & Dunscombe|SY160881|England|4|2019|2023|UKBMS|50.6865|-3.1904|4.656|2.671|0.8935
Killerton Garden|SS972001|England|4|2019|2023|UKBMS|50.7913|-3.4598|4.309|1.752|0.8454
Lundy Island - Upper East Side|SS139440|England|5|2019|2023|UKBMS|51.1649|-4.6631|2.857|1.769|0.8226
Dumpdon Hill Fort|ST174042|England|3|2021|2023|UKBMS|50.8314|-3.1743|-0.117|-1.628|0.8454
Godborough Castle|SS438274|England|3|2021|2023|UKBMS|51.0247|-4.2286|7.358|4.852|0.2904
Home Marsh Farm|SS495328|England|3|2021|2023|UKBMS|51.0747|-4.1497|6.356|4.773|0.1847
Scobbiscombe|SX621468|England|3|2021|2023|UKBMS|50.3050|-3.9378|7.479|0.836|0.5348
Ashclyst Forest Cottage|SY0009499100|England|3|2021|2023|UKBMS|50.7828|-3.4185|2.170|-1.054|0.9524
Ausewell Wood|SX737721|England|2|2022|2023|UKBMS|50.5350|-3.7835|2.378|-1.403|0.9464
Gwithian Common (Green)|SW587413|England|27|1997|2023|UKBMS|50.2224|-5.3842|1.596|1.295|0.9586
Greenscombe Wood - Ridge|SX393725|England|43|1981|2023|UKBMS|50.5301|-4.2687|1.015|0.078|0.8883
Lundy Bay|SW958798|England|22|2000|2023|UKBMS|50.5821|-4.8858|2.385|1.420|0.9790
Butterfly Lane (Trewartha, St Ives)|SW518378|England|23|2001|2023|UKBMS|50.1881|-5.4784|7.308|5.492|0.2185
Upton Towans 2010|SW579396|England|14|2010|2023|UKBMS|50.2068|-5.3943|0.142|5.002|0.3464
Roskestal West Cliff, Porthgwarra|SW364224|England|12|2010|2023|UKBMS|50.0432|-5.6831|0.383|1.343|0.9815
Ruan Lanihorne|SW894419|England|12|2012|2023|UKBMS|50.2395|-4.9548|1.633|1.224|0.7609
Godolphin Warren|SW599321|England|12|2012|2023|UKBMS|50.1403|-5.3616|6.321|1.830|0.3850
Cotehele|SX423682|England|10|2012|2023|UKBMS|50.4923|-4.2246|0.562|-2.468|0.9155
Looe Island|SX257514|England|10|2013|2023|UKBMS|50.3367|-4.4506|2.469|1.118|0.7023
Erisey Barton, Lizard NNR|SW710180|England|10|2013|2023|UKBMS|50.0180|-5.1981|7.251|5.511|0.3018
Treluggan Cliffs|SW890378|England|11|2013|2023|UKBMS|50.2025|-4.9581|0.682|1.011|0.9315
Little Treleaver|SW761181|England|9|2014|2023|UKBMS|50.0209|-5.1270|4.756|2.983|0.4704
Valency Valley|SX103913|England|9|2014|2023|UKBMS|50.6903|-4.6871|2.417|-2.101|0.6988
Kilkhampton Common|SS246117|England|9|2014|2023|UKBMS|50.8781|-4.4946|0.392|-2.295|0.8395
Lower Lewdon|SS256095|England|9|2015|2023|UKBMS|50.8586|-4.4793|0.213|-2.180|0.9022
Pentire|SW938800|England|9|2015|2023|UKBMS|50.5832|-4.9141|7.343|1.043|0.5468
Dodman Point|SX001398|England|8|2016|2023|UKBMS|50.2243|-4.8038|7.229|4.382|0.6383
Tidna Valley|SS203147|England|8|2016|2023|UKBMS|50.9037|-4.5571|0.772|-3.624|0.8282
The Meadow, Tehidy Country Park|SW637433|England|6|2016|2022|UKBMS|50.2423|-5.3155|5.790|5.561|0.1400
Treveal|SW471403|England|7|2016|2023|UKBMS|50.2085|-5.5458|7.084|4.805|0.5937
Mexico Towans|SW562385|England|6|2016|2023|UKBMS|50.1962|-5.4174|0.472|5.155|0.7470
Foage Farm|SW465375|England|6|2016|2023|UKBMS|50.1832|-5.5523|5.814|3.330|0.6268
Trencrom Hill|SW518362|England|7|2016|2023|UKBMS|50.1737|-5.4774|3.279|1.870|0.9081
Stithians|SW709366|England|7|2016|2023|UKBMS|50.1850|-5.2106|2.500|2.029|0.9450
Trythall School|SW452342|England|6|2018|2023|UKBMS|50.1530|-5.5683|3.760|2.112|0.2601
Trecarne-Delabole|SX064839|England|6|2018|2023|UKBMS|50.6226|-4.7384|4.119|2.488|0.8806
Kynance and Caerthillian|SW688131|England|5|2018|2023|UKBMS|49.9732|-5.2258|4.293|2.750|0.5575
Chapel Porth|SW697495|England|3|2018|2023|UKBMS|50.3004|-5.2352|-2.243|5.540|0.7582
Marazion Marsh|SW512312|England|5|2019|2023|UKBMS|50.1286|-5.4825|3.304|0.309|0.8773
Lower Portmellon Valley|SX009438|England|5|2019|2023|UKBMS|50.2605|-4.7947|5.732|2.525|0.7540
Upper Portmellon Valley|SX003433|England|5|2019|2023|UKBMS|50.2558|-4.8029|2.584|1.321|0.8474
Rosewall Hill|SW488393|England|2|2019|2023|UKBMS|50.2003|-5.5214|0.135|1.917|0.8965
Boswednack Mire|SW439380|England|2|2019|2023|UKBMS|50.1865|-5.5890|0.134|0.962|0.9831
Cape Cornwall - new route|SW352318|England|3|2019|2023|UKBMS|50.1271|-5.7063|6.594|4.438|0.7543
Lamledra|SX013412|England|4|2020|2023|UKBMS|50.2373|-4.7877|3.431|0.555|0.7606
Wilsey Woods|SX189881|England|4|2020|2023|UKBMS|50.6643|-4.5639|-2.545|0.426|0.6193
Trencrom Hill - hillsides|SW517362|England|3|2020|2023|UKBMS|50.1737|-5.4788|0.457|1.076|0.9903
Messack|SW840364|England|3|2021|2023|UKBMS|50.1881|-5.0273|0.425|-3.370|0.8512
Godrevy Warren Red River Ascent|SW588421|England|2|2021|2022|UKBMS|50.2296|-5.3833|6.097|3.940|0.8291
Coosebean, Comprigney Hill|SW813454|England|1|2022|2022|UKBMS|50.2680|-5.0702|2.317|-1.887|0.8218
Treveddoe|SX152694|England|2|2022|2023|UKBMS|50.4952|-4.6069|5.876|4.772|0.1855
Portreath New Walk and Cliffs|SW661455|England|2|2022|2023|UKBMS|50.2631|-5.2832|5.529|1.141|0.5173
Dolcoath Mine and Brea Valley|SW661404|England|2|2022|2023|UKBMS|50.2173|-5.2801|2.911|1.056|0.7026
Bakesdown Farm|SS247006|England|1|2022|2022|UKBMS|50.7784|-4.4879|5.679|2.597|0.1497
St Gothians|SW583417|England|2|2022|2023|UKBMS|50.2258|-5.3900|4.447|3.260|0.9539
Godolphin Woods and Riverside|SW602322|England|2|2022|2023|UKBMS|50.1413|-5.3575|-1.152|-1.166|0.8916
Nanspean|SW656240|England|2|2022|2023|UKBMS|50.0698|-5.2770|4.450|2.317|0.2830
Marshalls Heath|TL161149|England|31|1990|2023|UKBMS|51.8207|-0.3169|-1.365|-1.554|0.7999
Aldbury Nowers|SP952129|England|30|1992|2023|UKBMS|51.8066|-0.6206|1.825|0.640|0.9025
Beane Hill|TQ199873|England|36|1988|2023|UKBMS|51.5718|-0.2713|0.996|-1.126|0.9550
Danesbury Park|TL230170|England|27|1996|2022|UKBMS|51.8381|-0.2161|4.673|3.575|0.7464
Millhoppers|SP900148|England|23|1998|2023|UKBMS|51.8246|-0.6955|5.443|1.626|0.7259
Patmore Heath|TL442257|England|28|1996|2023|UKBMS|51.9112|0.0950|-1.344|-2.166|0.7297
Therfield Heath, Lancaster Hill (5)|TL353404|England|22|2001|2023|UKBMS|52.0455|-0.0285|0.915|5.033|0.4889
Fryent Country Park|TQ195876|England|38|1986|2023|UKBMS|51.5746|-0.2770|-0.723|-2.746|0.8546
Therfield heath, Rifle Range|TL348401|England|24|1999|2023|UKBMS|52.0429|-0.0359|3.486|3.774|0.9378
Therfield Heath, Top of Rifle Range (2)|TL349398|England|22|2001|2023|UKBMS|52.0402|-0.0346|2.092|2.248|0.9289
Therfield Heath, Church Hill (3)|TL333396|England|24|1999|2023|UKBMS|52.0388|-0.0580|3.412|3.066|0.9271
Therfield Heath, Base of Church Hill (4)|TL333395|England|22|2001|2023|UKBMS|52.0379|-0.0580|2.148|-0.842|0.9349
Gutteridge Wood|TQ091843|England|27|1990|2023|UKBMS|51.5471|-0.4280|0.996|-1.516|0.9652
Knebworth|TL221208|England|22|1996|2023|UKBMS|51.8724|-0.2279|6.271|4.137|0.6606
Stevenage|TL246234|England|29|1994|2023|UKBMS|51.8952|-0.1906|0.969|-2.234|0.8018
The Warren|TL204053|England|27|1995|2023|UKBMS|51.7335|-0.2579|1.384|2.258|0.8232
Ware Park|TL347143|England|28|1996|2023|UKBMS|51.8111|-0.0475|0.607|1.874|0.6488
Balls Wood|TL344106|England|28|1996|2023|UKBMS|51.7779|-0.0533|-0.164|-2.293|0.9627
Brickett Wood|TL131009|England|26|1997|2023|UKBMS|51.6955|-0.3650|-0.002|-3.021|0.9184
Railway Fields|TQ317881|England|26|1997|2023|UKBMS|51.5764|-0.1008|0.672|-0.331|0.9761
Abney Park Cemetry|TQ336868|England|5|1999|2023|UKBMS|51.5643|-0.0739|2.013|-2.318|0.8845
Minet Country Park|TQ109802|England|9|2002|2022|UKBMS|51.5099|-0.4034|3.047|0.905|0.7809
Belmont Railway|TQ161897|England|6|2000|2022|UKBMS|51.5942|-0.3253|7.375|4.755|0.1265
Horsenden Hill - East|TQ162843|England|21|2003|2023|UKBMS|51.5456|-0.3257|0.583|-2.922|0.7315
Horsendon Hill - West|TQ163844|England|21|2003|2023|UKBMS|51.5465|-0.3242|3.070|2.356|0.7521
Roxbourne Rough|TQ120875|England|12|1999|2023|UKBMS|51.5752|-0.3852|1.277|4.922|0.3048
Shrubhill Common|TL036072|England|23|2001|2023|UKBMS|51.7539|-0.5005|0.739|2.566|0.5259
Tower Hamlets Cemetery|TQ366823|England|25|1999|2023|UKBMS|51.5231|-0.0324|0.914|5.555|0.5358
Waterford Heath North|TL315152|England|23|2001|2023|UKBMS|51.8200|-0.0935|3.645|2.807|0.8237
Gunnersbury|TQ201786|England|19|2004|2023|UKBMS|51.4936|-0.2714|1.377|-1.068|0.9662
Lemsford Springs|TL223121|England|19|2004|2023|UKBMS|51.7942|-0.2280|2.145|-0.281|0.7555
Pryors Wood|TL265265|England|19|2004|2022|UKBMS|51.9227|-0.1619|0.837|2.345|0.6655
Bishops Stortford Southern Country Park|TL473193|England|20|2004|2023|UKBMS|51.8529|0.1373|2.443|2.449|0.9411
Perivale Wood|TQ159837|England|19|2005|2023|UKBMS|51.5403|-0.3302|1.344|-2.226|0.9307
Wood Lane Pirton|TL143312|England|15|2008|2023|UKBMS|51.9675|-0.3377|10.519|2.192|0.1433
Mardley Heath|TL248184|England|16|2006|2023|UKBMS|51.8503|-0.1895|-0.566|-2.773|0.9153
Templewood (new)|TL235143|England|16|2007|2022|UKBMS|51.8137|-0.2098|1.925|-1.880|0.9205
Bencroft Wood|TL335065|England|16|2008|2023|UKBMS|51.7413|-0.0679|0.292|-3.826|0.8749
Banstead Downs|TQ257615|England|38|1986|2023|UKBMS|51.3387|-0.1968|1.614|1.862|0.9496
Box Hill, Dukes|TQ185510|England|25|1994|2023|UKBMS|51.2459|-0.3036|4.982|3.999|0.8641
Box Hill, Viewpoint|TQ179510|England|30|1994|2023|UKBMS|51.2460|-0.3122|4.280|3.732|0.8886
Box Hill, Zig Zag|TQ177520|England|33|1990|2023|UKBMS|51.2550|-0.3148|1.285|2.220|0.9405
Brentmoor Heath|SU938611|England|29|1990|2023|UKBMS|51.3413|-0.6547|0.092|1.036|0.9263
Coulsdon Common|TQ324571|England|34|1990|2023|UKBMS|51.2976|-0.1023|-1.494|-0.840|0.7975
Denbies Hillside|TQ150500|England|36|1988|2023|UKBMS|51.2376|-0.3541|3.970|3.553|0.9192
Farthing Downs|TQ300576|England|33|1990|2023|UKBMS|51.3027|-0.1366|5.163|3.784|0.8391
Hackhurst Down|TQ093485|England|35|1988|2023|UKBMS|51.2252|-0.4361|2.986|2.870|0.9168
Headley Heath|TQ195533|England|32|1990|2023|UKBMS|51.2663|-0.2885|2.109|1.257|0.9544
Headley Warren|TQ191539|England|20|1998|2023|UKBMS|51.2718|-0.2941|1.153|0.095|0.8587
Hutchinson's Bank|TQ382615|England|27|1997|2023|UKBMS|51.3358|-0.0175|2.042|-0.463|0.9359
Juniper Hill|TQ221570|England|22|1997|2023|UKBMS|51.2990|-0.2500|1.185|-0.201|0.7952
Kenley Common|TQ333584|England|33|1990|2023|UKBMS|51.3091|-0.0889|0.767|2.519|0.2318
Mitcham Common B|TQ291675|England|20|1994|2023|UKBMS|51.3919|-0.1459|3.603|2.294|0.6859
Oaken Wood|SU991339|England|28|1995|2023|UKBMS|51.0959|-0.5862|-0.580|-2.667|0.9684
Park Downs|TQ267585|England|26|1998|2023|UKBMS|51.3115|-0.1835|1.823|1.361|0.9750
Riddlesdown|TQ337594|England|34|1990|2023|UKBMS|51.3180|-0.0828|0.451|0.169|0.9692
Nore Hill|TQ377573|England|24|2000|2023|UKBMS|51.2982|-0.0263|6.667|4.402|0.8620
Cole Kitchen|TQ084488|England|18|1999|2023|UKBMS|51.2281|-0.4489|0.810|-1.269|0.9050
Chapel Bank|TQ386605|England|16|1997|2023|UKBMS|51.3267|-0.0121|2.126|-1.881|0.9314
Wandsworth Common Woodland|TQ273735|England|11|1999|2023|UKBMS|51.4462|-0.1696|-1.031|-2.694|0.8656
London Wetland Centre|TQ227769|England|27|1996|2023|UKBMS|51.4778|-0.2346|-2.746|5.344|0.9038
Chobham Common|SU975632|England|22|2002|2023|UKBMS|51.3595|-0.6011|-0.407|2.964|0.7012
Happy Valley|TQ308568|England|24|2000|2023|UKBMS|51.2953|-0.1254|5.764|3.812|0.8510
Howell Hill|TQ238620|England|21|2002|2023|UKBMS|51.3436|-0.2239|5.907|3.281|0.9102
Swan Barn Farm|SU912327|England|22|2002|2023|UKBMS|51.0864|-0.6993|1.936|-2.644|0.9671
Ashtead Common B|TQ180593|England|21|2002|2023|UKBMS|51.3206|-0.3080|2.034|4.720|0.6202
Frensham Common (Little Pond)|SU854411|England|8|2005|2023|UKBMS|51.1628|-0.7801|-0.675|3.300|0.7065
Farnham Park|SU840480|England|18|2004|2023|UKBMS|51.2250|-0.7985|7.254|3.798|0.6559
Chobhan Common North-east|SU974657|England|19|2004|2023|UKBMS|51.3820|-0.6018|-0.844|3.219|0.8870
Denbies Landbarn B|TQ134499|England|22|2002|2023|UKBMS|51.2370|-0.3770|4.481|3.644|0.9445
FD New Hill|TQ305576|England|20|2003|2023|UKBMS|51.3026|-0.1294|3.807|3.555|0.9428
Richmond Park|TQ194740|England|21|2003|2023|UKBMS|51.4524|-0.2830|2.833|-1.677|0.8195
Pewley Down|TQ008489|England|19|2005|2023|UKBMS|51.2304|-0.5577|3.644|3.486|0.8276
Witley|SU927404|England|17|2005|2023|UKBMS|51.1554|-0.6759|0.710|-2.656|0.9533
Fairmile Common|TQ118617|England|18|2006|2023|UKBMS|51.3434|-0.3962|0.199|3.795|0.6855
Roundshaw Downs|TQ308627|England|17|2007|2023|UKBMS|51.3483|-0.1232|7.360|4.682|0.1577
Bealeswood Common|SU823409|England|16|2008|2023|UKBMS|51.1614|-0.8244|4.982|1.059|0.7186
Quarry Hangers Nature Reserve|TQ317537|England|16|2008|2023|UKBMS|51.2672|-0.1136|3.220|3.256|0.8543
Epsom Common|TQ188608|England|15|2009|2023|UKBMS|51.3339|-0.2961|-0.504|-3.048|0.9302
Nower Wood|TQ195548|England|14|2010|2023|UKBMS|51.2798|-0.2880|-1.256|-2.203|0.9552
Sydenham Hill Wood LNR|TQ344726|England|12|2010|2023|UKBMS|51.4365|-0.0678|0.716|-1.783|0.7852
Horton Country Park|TQ187620|England|12|2010|2023|UKBMS|51.3447|-0.2971|3.065|1.189|0.8511
Holmwood Common|TQ178459|England|14|2010|2023|UKBMS|51.2002|-0.3153|-0.537|-2.491|0.9508
Brockham Lime Kilns|TQ198510|England|11|2013|2023|UKBMS|51.2456|-0.2850|1.662|-1.211|0.9430
Thursley Common|SU906405|England|11|2013|2023|UKBMS|51.1566|-0.7059|-1.778|-1.881|0.9277
Blatchford Down|TQ106486|England|11|2013|2023|UKBMS|51.2259|-0.4175|3.089|3.071|0.9516
Lingfield Wildlife Area B|TQ387441|England|11|2013|2023|UKBMS|51.1793|-0.0171|3.755|1.478|0.5057
Hogsmill LNR, Ewell|TQ210636|England|10|2014|2023|UKBMS|51.3586|-0.2636|5.031|1.948|0.7764
Warren Farm, Ewell|TQ232629|England|10|2014|2023|UKBMS|51.3518|-0.2322|7.310|4.030|0.7188
Norbury Park grassland, Fetcham|TQ154539|England|10|2014|2023|UKBMS|51.2726|-0.3471|2.034|-0.024|0.9300
Norbury Park woodland, Fetcham|TQ151538|England|10|2014|2023|UKBMS|51.2717|-0.3514|0.376|-4.094|0.9295
Priest Hill, Ewell|TQ230613|England|10|2014|2023|UKBMS|51.3375|-0.2356|3.908|3.807|0.8175
Morden Hall Park|TQ261688|England|9|2014|2023|UKBMS|51.4042|-0.1885|-1.377|-0.651|0.8066
Dollypers Hill, Coulsdon/Kenley|TQ315585|England|10|2014|2023|UKBMS|51.3104|-0.1147|1.039|0.178|0.9465
Tice's Meadow, Badshot Lea|SU871487|England|8|2014|2023|UKBMS|51.2309|-0.7539|3.589|2.808|0.7463
Sheepleas (2015 route)|TQ087517|England|9|2015|2023|UKBMS|51.2541|-0.4438|1.668|-3.069|0.8783
Hill Park, Tatsfield (2015 route)|TQ422560|England|9|2015|2023|UKBMS|51.2854|0.0377|2.404|0.778|0.8981
Royal and Bagmoor Commons, Elstead|SU924423|England|9|2015|2023|UKBMS|51.1725|-0.6797|-1.422|-1.458|0.9271
Newlands Corner West|TQ039491|England|9|2015|2023|UKBMS|51.2316|-0.5133|3.996|3.731|0.8100
Newlands Corner East|TQ046490|England|9|2015|2023|UKBMS|51.2306|-0.5033|0.878|0.932|0.9583
Ashtead Common North|TQ175602|England|9|2015|2023|UKBMS|51.3288|-0.3149|-1.851|-1.557|0.8811
Tooting Common|TQ292723|England|9|2015|2023|UKBMS|51.4350|-0.1427|-0.040|-2.303|0.7853
West End Farm, Frensham|SU826424|England|9|2015|2023|UKBMS|51.1749|-0.8198|7.132|4.245|0.5458
Ryton Wood East|SP385724|England|29|1995|2023|UKBMS|52.3483|-1.4362|-1.222|-3.318|0.9151
Ryton Wood North|SP383728|England|33|1991|2023|UKBMS|52.3519|-1.4391|-1.257|-3.023|0.9123
Ryton Wood West|SP377724|England|26|1998|2023|UKBMS|52.3484|-1.4480|-1.521|-2.233|0.9294
Ryton Wood & Pool PH Walk|SP383726|England|33|1990|2022|UKBMS|52.3501|-1.4391|-1.870|-2.171|0.8177
Ryton Wood North PH walk|SP383729|England|31|1992|2022|UKBMS|52.3528|-1.4391|-1.108|-3.252|0.9480
Ryton Meadows|SP376726|England|34|1990|2023|UKBMS|52.3502|-1.4494|3.033|2.117|0.7769
Ryton Meadows (Species)|SP380728|England|19|2005|2023|UKBMS|52.3520|-1.4435|1.106|-0.402|0.9572
Ryton Wood (Purple Emperor)|SP382726|England|17|2005|2022|UKBMS|52.3501|-1.4406|-0.148|-3.951|0.9359
Leam Valley Reserve|SP336652|England|10|2013|2023|UKBMS|52.2839|-1.5089|2.685|2.767|0.8935
Harbury Spoilbank|SP385598|England|18|2006|2023|UKBMS|52.2351|-1.4377|0.221|3.858|0.8976
Badbury Rings (NT)|ST964030|England|32|1992|2023|UKBMS|50.8265|-2.0525|1.914|1.540|0.7538
Cerne Abbas Giant|ST668020|England|30|1994|2023|UKBMS|50.8166|-2.4726|6.655|4.805|0.5474
Clubmens Down (NT)|ST883187|England|33|1991|2023|UKBMS|50.9676|-2.1680|7.406|5.087|0.1839
Corfe, West Hill|SY954823|England|16|2007|2023|UKBMS|50.6404|-2.0664|7.160|4.482|0.8108
Duncliffe Wood (WT)|ST824222|England|38|1986|2023|UKBMS|50.9989|-2.2522|0.579|-3.292|0.9048
Fifehead Magdafen Wood (WT)|ST778217|England|38|1986|2023|UKBMS|50.9943|-2.3177|-1.561|-1.652|0.7071
Garston Wood (RSPB)|SU002191|England|32|1990|2023|UKBMS|50.9713|-1.9985|-0.823|-1.803|0.8863
Hethfelton Wood|SY857880|England|23|2000|2023|UKBMS|50.6915|-2.2038|-2.094|0.711|0.6566
Hod Hill (NT)|ST855106|England|38|1985|2023|UKBMS|50.8947|-2.2075|6.430|4.672|0.7033
Holton Lee|SY960917|England|7|1999|2023|UKBMS|50.7249|-2.0580|-0.587|0.476|0.8620
Jerry's Hole (DTNC)|ST874164|England|38|1985|2023|UKBMS|50.9469|-2.1807|9.550|1.742|0.5055
Kingcombe Redholm 'B' (DTNC)|SY549991|England|35|1989|2023|UKBMS|50.7897|-2.6412|3.593|3.849|0.8562
Kingcombe Stones 'C' (DTNC)|SY549980|England|35|1989|2023|UKBMS|50.7798|-2.6411|1.074|1.989|0.7902
Kinson Common|SZ069965|England|22|2000|2023|UKBMS|50.7680|-1.9035|2.096|4.794|0.4636
Lorton Meadows|SY674827|England|22|2000|2023|UKBMS|50.6431|-2.4624|1.874|-0.025|0.6849
Lulworth Lake|SY860835|England|24|1999|2022|UKBMS|50.6510|-2.1994|6.870|4.858|0.2163
Melbury Down & Wood|ST910195|England|28|1996|2023|UKBMS|50.9748|-2.1296|6.106|4.079|0.5423
Milldown (NDDC)|ST882074|England|27|1991|2023|UKBMS|50.8660|-2.1690|4.006|1.973|0.4453
Moors Valley|SU107057|England|32|1992|2023|UKBMS|50.8507|-1.8494|1.947|4.110|0.6094
Pamphill Moors (NT)|ST994006|England|31|1993|2023|UKBMS|50.8050|-2.0099|5.718|1.546|0.5892
Piddle's Wood (DTNC)|ST792126|England|34|1989|2023|UKBMS|50.9125|-2.2972|7.318|5.256|0.2296
Portland Tout (DCC)|SY684726|England|30|1992|2022|UKBMS|50.5523|-2.4474|2.066|2.832|0.9829
Powerstock Bridleway|SY540970|England|29|1991|2023|UKBMS|50.7707|-2.6537|-0.673|-0.173|0.8956
Powerstock North (DTNC)|SY543974|England|39|1985|2023|UKBMS|50.7744|-2.6495|2.042|1.319|0.8650
Powerstock Railway|SY536971|England|27|1994|2023|UKBMS|50.7716|-2.6594|-0.309|-1.832|0.9723
Sopley Common|SZ129971|England|26|1995|2023|UKBMS|50.7733|-1.8184|2.055|4.798|0.6517
Sovell Down (DTNC)|ST992107|England|39|1985|2023|UKBMS|50.8958|-2.0127|6.351|1.451|0.4014
Stour Valley|SZ087963|England|29|1994|2023|UKBMS|50.7662|-1.8780|0.220|-0.175|0.8767
Stubhampton Bottom (Private)|ST900157|England|39|1985|2023|UKBMS|50.9407|-2.1437|1.892|-2.856|0.8445
Townsend Quarry (DWT)|SZ024781|England|30|1994|2023|UKBMS|50.6026|-1.9674|5.070|3.577|0.9087
Upton Heath North|SY987950|England|25|1999|2023|UKBMS|50.7546|-2.0198|-0.952|2.680|0.9585
Upton Heath South|SY990942|England|25|1999|2023|UKBMS|50.7474|-2.0155|-0.818|2.004|0.9146
Winspit Valley|SY976770|England|21|2001|2023|UKBMS|50.5927|-2.0353|3.948|3.410|0.9168
Cashmoor New Route|ST986141|England|25|1999|2023|UKBMS|50.9264|-2.0213|5.697|3.301|0.8119
Lankham Bottom|ST610003|England|21|2003|2023|UKBMS|50.8009|-2.5548|6.400|3.951|0.7672
Wareham Walls|SY921872|England|23|1999|2023|UKBMS|50.6844|-2.1132|5.180|1.643|0.5933
Southfield Hog Cliff|SY628969|England|21|2003|2023|UKBMS|50.7705|-2.5289|6.483|4.252|0.7547
Langton Westwood|SY991794|England|19|2002|2022|UKBMS|50.6143|-2.0141|0.196|-1.415|0.7259
Mude Valley|SZ183931|England|21|2003|2023|UKBMS|50.7372|-1.7420|1.069|-0.088|0.9392
Lydlinch Common (New)|ST735135|England|27|1996|2023|UKBMS|50.9203|-2.3784|5.638|1.377|0.7806
Stonebarrow Hill|SY385933|England|19|2005|2023|UKBMS|50.7360|-2.8729|0.347|1.011|0.9201
Alners Gorse|ST736100|England|19|2005|2023|UKBMS|50.8889|-2.3767|5.855|2.017|0.3684
Corfe Common|SY955810|England|19|2005|2023|UKBMS|50.6287|-2.0650|2.975|2.169|0.7405
Stoborough Heath|SY924852|England|18|2006|2023|UKBMS|50.6664|-2.1089|-0.667|2.444|0.7944
Redhill Common LNR|SZ088955|England|16|2006|2023|UKBMS|50.7590|-1.8766|2.722|1.257|0.5856
Stanpit Marsh LNR|SZ168921|England|18|2006|2023|UKBMS|50.7283|-1.7633|4.778|4.253|0.6544
Grange Arch|SY915816|England|16|2007|2022|UKBMS|50.6340|-2.1215|4.130|3.845|0.8111
Ridgeway Hill|SY928819|England|17|2007|2023|UKBMS|50.6367|-2.1032|0.778|1.158|0.7050
Turbary Common|SZ059947|England|7|2017|2023|UKBMS|50.7519|-1.9177|5.611|1.241|0.8218
Knowle Hill(1)|SY941823|England|15|2008|2022|UKBMS|50.6404|-2.0848|6.991|3.796|0.6056
Knowle Hill 2|SY935823|England|16|2007|2022|UKBMS|50.6404|-2.0933|6.720|4.182|0.8605
Nine Barrow Down|SZ005809|England|17|2007|2023|UKBMS|50.6278|-1.9943|4.854|1.778|0.5680
Ailwood Down|SY994814|England|16|2007|2023|UKBMS|50.6323|-2.0098|4.343|3.361|0.9283
Binbarrow|SY494886|England|13|2010|2023|UKBMS|50.6948|-2.7178|0.556|4.741|0.6903
Chard Junction|ST345044|England|14|2010|2023|UKBMS|50.8354|-2.9315|0.725|-2.972|0.9608
Slop Bog|SU078017|England|17|2007|2023|UKBMS|50.8148|-1.8907|-0.865|2.865|0.9561
Ferry Road West|SZ025845|England|13|2011|2023|UKBMS|50.6602|-1.9660|0.393|2.961|0.9480
Black Hill|ST668005|England|13|2011|2023|UKBMS|50.8031|-2.4725|4.315|2.213|0.7033
Brotheridge Green|SO815412|England|21|1998|2023|UKBMS|52.0689|-2.2713|7.574|4.660|0.3819
Castlemorton Common|SO781394|England|24|1998|2023|UKBMS|52.0525|-2.3208|3.188|1.274|0.7035
Chaddesley Wood|SO912735|England|38|1984|2023|UKBMS|52.3595|-2.1306|2.309|-1.364|0.9509
Chase End Hill|SO759358|England|29|1992|2023|UKBMS|52.0201|-2.3526|1.480|0.537|0.7378
Coppet Hill|SO576180|England|28|1994|2023|UKBMS|51.8590|-2.6171|1.793|-0.695|0.8968
Crickley Hill|SO931163|England|25|1996|2023|UKBMS|51.8453|-2.1016|2.053|-1.934|0.8380
Ewyas Harold Common|SO387295|England|24|1999|2023|UKBMS|51.9606|-2.8935|-0.789|0.703|0.8995
Grafton Wood|SO975560|England|25|1998|2023|UKBMS|52.2022|-2.0380|9.158|1.326|0.8450
Haugh Wood South|SO590360|England|37|1987|2023|UKBMS|52.0209|-2.5989|-1.990|0.744|0.9001
Knapp & Papermill|SO748517|England|40|1984|2023|UKBMS|52.1630|-2.3698|5.624|1.783|0.7017
Lineover Wood|SO987189|England|33|1991|2023|UKBMS|51.8687|-2.0203|1.696|-1.894|0.4733
Miserden (Bull Banks)|SO948084|England|34|1988|2023|UKBMS|51.7742|-2.0768|-0.313|-0.748|0.8043
Monk Wood 1|SO803603|England|37|1986|2023|UKBMS|52.2405|-2.2899|-1.327|-2.550|0.8066
Prestbury Hill|SO992244|England|20|1992|2023|UKBMS|51.9181|-2.0130|2.939|3.498|0.5522
Rodborough Common|SO848027|England|23|1993|2023|UKBMS|51.7228|-2.2214|-1.750|-2.356|0.7184
Ryton Wood & Pool|SP379726|England|34|1990|2023|UKBMS|52.3502|-1.4450|1.868|-2.442|0.9605
Stinchcombe A|ST740983|England|21|1988|2023|UKBMS|51.6829|-2.3775|6.630|3.620|0.2113
Stinchcombe B|ST740984|England|22|1988|2023|UKBMS|51.6838|-2.3775|6.606|3.498|0.2631
Wetmoor|ST744876|England|19|1988|2023|UKBMS|51.5867|-2.3709|-1.068|-3.249|0.8627
Windmill Hill|SP070472|England|33|1982|2023|UKBMS|52.1231|-1.8992|1.262|4.076|0.5034
Wyre Forest West|SO735761|England|35|1989|2023|UKBMS|52.3823|-2.3908|-0.638|-3.529|0.7708
St Wulstans LNR|SO784414|England|22|2002|2023|UKBMS|52.0705|-2.3165|2.269|-0.253|0.9628
Bishops Heaps|SP393582|England|24|1999|2023|UKBMS|52.2206|-1.4261|0.365|4.009|0.8289
Hearsall Common 04|SP308786|England|18|2004|2023|UKBMS|52.4045|-1.5487|1.157|5.245|0.8954
Bentley Wood - Barnridge|SU242295|England|36|1988|2023|UKBMS|51.0643|-1.6560|-0.131|-4.092|0.7029
Bentley Wood - Eastern|SU258291|England|36|1988|2023|UKBMS|51.0607|-1.6332|1.992|-3.005|0.8925
Bentley Wood - North|SU250300|England|38|1986|2023|UKBMS|51.0688|-1.6446|-1.355|-1.965|0.8727
Bentley Wood - South|SU251283|England|37|1987|2023|UKBMS|51.0535|-1.6433|0.939|-2.746|0.9249
Biss Wood|ST877567|England|36|1987|2023|UKBMS|51.3093|-2.1778|-0.245|-1.734|0.9389
Blackmoor Copse (WWT)|SU235291|England|37|1983|2023|UKBMS|51.0608|-1.6660|-1.223|-3.238|0.7684
Boscombe Down O (WCC)|SU185408|England|24|1995|2023|UKBMS|51.1661|-1.7368|6.926|4.595|0.4894
Bratton Castle Earthworks (EH)|ST905514|England|44|1980|2023|UKBMS|51.2617|-2.1375|4.770|4.190|0.4921
Dean Hill (West) (NT)|SU226259|England|23|1996|2023|UKBMS|51.0320|-1.6791|3.129|2.632|0.9597
Green Lane Wood (WWT)|ST882576|England|33|1991|2023|UKBMS|51.3174|-2.1707|1.436|-2.228|0.9255
KAC towpath, Bradford-on-Avon|ST828597|England|43|1980|2023|UKBMS|51.3361|-2.2483|0.594|1.758|0.8402
Middle Street Meadow, Salisbury|SU134295|England|26|1994|2023|UKBMS|51.0647|-1.8102|1.123|0.765|0.6797
Porton Dn.2 (Tower Hill Wood)|SU238387|England|27|1995|2023|UKBMS|51.1471|-1.6611|1.538|-2.622|0.8971
Roundway Hill Covert (WWT)|SU003641|England|26|1981|2023|UKBMS|51.3760|-1.9971|-1.308|-0.858|0.8963
Vagg's Hill|ST807560|England|32|1982|2023|UKBMS|51.3028|-2.2782|8.747|1.470|0.5806
Webb's Wood (FC)|SU045857|England|21|1996|2023|UKBMS|51.5702|-1.9365|-0.365|-2.888|0.9198
West Yatton Down|ST853759|England|26|1996|2023|UKBMS|51.4819|-2.2131|1.380|2.214|0.4786
White Sheet Hill Quarry (NT)|ST799351|England|20|1999|2023|UKBMS|51.1148|-2.2885|2.242|1.300|0.7570
Bentley Wood Hawksgrove|SU237281|England|26|1998|2023|UKBMS|51.0518|-1.6633|-1.754|-1.836|0.8145
Morgan's Hill SSSI|SU027671|England|12|2004|2023|UKBMS|51.4029|-1.9626|4.440|3.973|0.5423
Wadswick Common|ST837676|England|12|2004|2023|UKBMS|51.4072|-2.2357|3.211|3.520|0.7909
Barbury Castle|SU149762|England|19|2005|2023|UKBMS|51.4846|-1.7868|4.243|3.809|0.5916
Figsbury Ring|SU188338|England|15|2006|2023|UKBMS|51.1032|-1.7329|4.078|3.623|0.8416
Red Lodge Wood|SU054887|England|10|2007|2023|UKBMS|51.5971|-1.9234|-0.872|-2.904|0.9257
Tucking Mill Tisbury|ST936290|England|16|2006|2023|UKBMS|51.0603|-2.0927|2.580|2.014|0.9326
Blakehill Farm|SU074915|England|14|2009|2023|UKBMS|51.6223|-1.8945|3.812|3.212|0.6942
Ravens Roost Wood|SU023881|England|12|2011|2023|UKBMS|51.5917|-1.9682|-1.070|-2.821|0.9022
Vernditch|SU035206|England|11|2013|2023|UKBMS|50.9848|-1.9515|-0.225|-2.164|0.9306
Fitzmaurice School Field, Bradford-on-Avon|ST828601|England|10|2014|2023|UKBMS|51.3397|-2.2483|6.254|2.398|0.4989
Hinton Parva Combe|SU227825|England|6|2015|2023|UKBMS|51.5409|-1.6741|6.356|2.715|0.3597
Stratton Wood|SU165891|England|9|2015|2023|UKBMS|51.6005|-1.7632|-0.477|-3.415|0.9358
Langley Wood|SU225203|England|9|2015|2023|UKBMS|50.9817|-1.6809|-1.704|-2.025|0.9168
Coombe Bissett SSSI|SU111248|England|9|2015|2023|UKBMS|51.0225|-1.8431|3.546|1.707|0.5572
Danks Down (2015 route)|ST842748|England|9|2015|2023|UKBMS|51.4719|-2.2289|1.511|-1.437|0.9497
Winterbourne Downs Loop 2013|SU223394|England|8|2015|2023|UKBMS|51.1534|-1.6825|3.263|3.527|0.7586
Winterbourne Downs Beaumont's|SU213403|England|7|2016|2023|UKBMS|51.1616|-1.6968|3.254|3.427|0.9527
Newton Tony, RSPB|SU224394|England|7|2017|2023|UKBMS|51.1534|-1.6811|3.068|3.420|0.8751
North Meadow, Bradford-on-Avon (1)|ST820605|England|7|2017|2023|UKBMS|51.3433|-2.2598|0.782|0.083|0.7293
SPTA Larkhill LACGEN2|SU133453|England|7|2017|2023|UKBMS|51.2068|-1.8110|0.476|4.101|0.8775
SPTA Larkhill, Horne Barracks|SU123445|England|7|2017|2023|UKBMS|51.1996|-1.8253|2.556|2.473|0.8693
Parsonage Down|SU037414|England|6|2018|2023|UKBMS|51.1718|-1.9485|4.585|2.741|0.7158
Avebury Waden Hill|SU107688|England|5|2018|2023|UKBMS|51.4181|-1.8475|6.224|4.525|0.4532
Normanton Down|SU117412|England|5|2018|2023|UKBMS|51.1699|-1.8340|6.765|4.719|0.5554
Cholderton|SU226421|England|5|2019|2023|UKBMS|51.1777|-1.6781|2.904|2.064|0.8000
Lime Kiln Down|SU144281|England|5|2019|2023|UKBMS|51.0521|-1.7959|2.973|2.707|0.8786
Hazel Hill Wood|SU219283|England|5|2019|2023|UKBMS|51.0536|-1.6889|-0.921|-3.082|0.8561
Calstone 1|SU041692|England|4|2019|2022|UKBMS|51.4218|-1.9424|4.850|3.765|0.8909
Calstone 2|SU046685|England|4|2019|2022|UKBMS|51.4155|-1.9352|3.506|3.404|0.9282
Cloatley Meadows|ST979912|England|4|2020|2023|UKBMS|51.6196|-2.0317|3.028|1.606|0.6633
Coombe Bissett Down|SU111256|England|2|2020|2023|UKBMS|51.0297|-1.8431|6.077|2.640|0.8000
Pewsey Downs West (Milk Hill)|SU098643|England|4|2020|2023|UKBMS|51.3777|-1.8606|5.954|4.299|0.5264
Pimlico Fields|SU218188|England|3|2021|2023|UKBMS|50.9682|-1.6909|6.713|3.969|0.7612
Cloven Hill|SU230178|England|3|2021|2023|UKBMS|50.9592|-1.6739|-0.749|3.196|0.3429
Dinton Park|SU005316|England|3|2021|2023|UKBMS|51.0837|-1.9942|6.466|3.996|0.8275
High Clear Down (WWT)|SU236764|England|2|2022|2023|UKBMS|51.4861|-1.6615|4.892|3.895|0.8687
Hazeland|ST975719|England|2|2022|2023|UKBMS|51.4461|-2.0374|-0.530|-2.190|0.8024
Bannerdown|ST791685|England|27|1996|2023|UKBMS|51.4151|-2.3019|0.565|-2.984|0.7944
Stoke Camp|ST492512|England|29|1995|2023|UKBMS|51.2577|-2.7294|4.651|3.918|0.4736
Cross Plain|ST415555|England|29|1993|2023|UKBMS|51.2956|-2.8404|4.681|2.555|0.8598
Buckland Wood|ST187178|England|27|1997|2023|UKBMS|50.9539|-3.1588|-1.338|-2.045|0.9380
Dolebury Warren|ST455589|England|5|2015|2023|UKBMS|51.3266|-2.7836|4.532|3.497|0.8212
Langford Heathfield|ST100235|England|33|1991|2023|UKBMS|51.0038|-3.2841|1.647|-2.035|0.8647
Mount Fancy Combined|ST248167|England|22|2002|2023|UKBMS|50.9448|-3.0718|2.074|-2.783|0.9226
Carymoor Environmental Centre|ST615308|England|22|2001|2023|UKBMS|51.0752|-2.5509|-1.137|-0.547|0.9246
Crook Peak|ST390551|England|22|2002|2023|UKBMS|51.2917|-2.8762|4.204|2.156|0.7133
Shapwick Heath|ST423412|England|11|2003|2023|UKBMS|51.1671|-2.8266|1.458|1.346|0.8036
Dundon Beacon|ST485324|England|21|2003|2023|UKBMS|51.0886|-2.7367|0.881|-2.231|0.8747
Redding Pit Quarry|ST535637|England|19|2005|2023|UKBMS|51.3704|-2.6694|2.627|-0.907|0.8840
Hucker's Bow, Sand Point|ST348665|England|18|2006|2023|UKBMS|51.3938|-2.9385|2.682|1.979|0.7298
Westbury Beacon|ST501507|England|17|2007|2023|UKBMS|51.2533|-2.7164|-0.205|2.766|0.9365
Walton Common|ST428738|England|17|2007|2023|UKBMS|51.4603|-2.8247|1.797|0.989|0.9126
Weston Moor Nature Reserve|ST440742|England|17|2007|2023|UKBMS|51.4640|-2.8075|0.546|-1.796|0.9260
Carymoor: Upper Dauntsey Field|ST618319|England|16|2007|2023|UKBMS|51.0851|-2.5468|0.122|5.979|0.3919
Brent Knoll|ST341510|England|16|2008|2023|UKBMS|51.2543|-2.9457|6.995|5.241|0.5556
Draycott Sleights (2008)|ST483516|England|16|2008|2023|UKBMS|51.2612|-2.7423|2.846|1.784|0.7450
Bossington|SS897482|England|16|2008|2023|UKBMS|51.2223|-3.5808|2.189|-2.892|0.9332
Wookey Hole Fields|ST534480|England|16|2008|2023|UKBMS|51.2293|-2.6688|3.965|0.699|0.9133
Kings Castle Wood|ST568456|England|14|2009|2022|UKBMS|51.2080|-2.6198|0.336|-1.294|0.8054
Lords Wood|ST633632|England|14|2009|2023|UKBMS|51.3667|-2.5286|-0.578|-2.742|0.7805
Clifton-Durdham Down|ST566743|England|14|2010|2023|UKBMS|51.4660|-2.6262|4.494|0.634|0.8872
Charfield Meadow|ST717936|England|10|2010|2023|UKBMS|51.6405|-2.4104|2.195|4.575|0.3541
Goblin Combe|ST476651|England|6|2010|2023|UKBMS|51.3825|-2.7543|2.385|-1.828|0.9092
Weston Big Wood|ST457752|England|15|2008|2023|UKBMS|51.4731|-2.7832|-0.693|-1.142|0.9146
The Gulley & Walcombe Slade, Avon Gorge|ST563746|England|14|2010|2023|UKBMS|51.4687|-2.6305|1.884|1.336|0.8989
Green Down|ST517288|England|10|2011|2023|UKBMS|51.0565|-2.6905|2.762|1.264|0.8674
Lynchcombe|ST516490|England|16|2008|2023|UKBMS|51.2381|-2.6947|0.902|2.378|0.5876
Loch Gruinart (AO48)|NR277677|Scotland|16|2006|2023|UKBMS|55.8255|-6.3495|1.414|0.801|0.7594
Falls of Clyde|NS882422|Scotland|20|2001|2023|UKBMS|55.6604|-3.7787|4.021|1.522|0.6823
The Lein|NJ332657|Scotland|20|1997|2023|UKBMS|57.6762|-3.1217|-0.885|2.666|0.7717
Crombie Country Park|NO520400|Scotland|20|2001|2023|UKBMS|56.5495|-2.7823|10.295|2.505|0.1416
Newhailes|NT328727|Scotland|17|2003|2023|UKBMS|55.9426|-3.0775|8.721|1.130|0.3738
Cathkin Braes (2)|NS614583|Scotland|16|2001|2023|UKBMS|55.7980|-4.2125|0.192|0.082|0.9169
Arienas Wood|NM672522|Scotland|24|1989|2023|UKBMS|56.6037|-5.7946|-0.593|-0.243|0.9558
Auchtermuchty Common|NO240129|Scotland|14|2003|2023|UKBMS|56.3024|-3.2298|8.742|0.280|0.4369
Commonhead Moss|NS699665|Scotland|19|1999|2023|UKBMS|55.8740|-4.0809|3.054|4.112|0.8797
RSPB Scotland Baron's Haugh reserve|NS750550|Scotland|16|2003|2023|UKBMS|55.7721|-3.9942|-2.320|4.463|0.8229
Dunnet butterfly transect|ND223698|Scotland|32|1986|2023|UKBMS|58.6092|-3.3390|-2.157|1.253|0.9186
Eglinton Park|NS330410|Scotland|16|2003|2023|UKBMS|55.6338|-4.6545|6.620|0.561|0.8058
Glencoe|NN118567|Scotland|19|2003|2023|UKBMS|56.6641|-5.0725|-0.046|0.499|0.6719
South Haugh|NS731554|Scotland|19|2005|2023|UKBMS|55.7752|-4.0246|-0.398|-2.164|0.7924
Holyrood Park - Hunters Bog|NT274734|Scotland|19|2005|2023|UKBMS|55.9481|-3.1641|-0.042|1.396|0.6824
Dunsapie Crag|NT282732|Scotland|22|2002|2023|UKBMS|55.9465|-3.1512|3.066|2.150|0.7641
Sanford Moor|NS723434|Scotland|17|2007|2023|UKBMS|55.6673|-4.0318|-1.134|2.364|0.8029
Balblair Wood|NH599942|Scotland|17|2007|2023|UKBMS|57.9151|-4.3665|-2.282|0.139|0.5822
Aberlady Bay|NT465815|Scotland|17|2007|2023|UKBMS|56.0234|-2.8599|0.055|1.340|0.9389
John Muir Country Park|NT650790|Scotland|13|2009|2023|UKBMS|56.0027|-2.5628|-0.047|2.172|0.8839
Yellowcraig|NT515856|Scotland|14|2009|2023|UKBMS|56.0608|-2.7804|0.440|3.033|0.5825
Levenhall|NT358735|Scotland|10|2013|2023|UKBMS|55.9502|-3.0296|1.405|3.834|0.8999
Gullane East|NT481834|Scotland|12|2009|2023|UKBMS|56.0407|-2.8346|1.260|-0.723|0.9312
SWT Gailes Marsh|NS323359|Scotland|8|2009|2023|UKBMS|55.5878|-4.6625|0.356|4.748|0.8815
Clune|NT170954|Scotland|10|2007|2023|UKBMS|56.1441|-3.3374|4.120|2.910|0.8195
Cocksburn Reservoir, Bridge of Allan|NS805985|Scotland|14|2009|2023|UKBMS|56.1641|-3.9259|-2.430|0.230|0.7865
Linlithgow Loch Transect 1 - Fiddlers Croft|NT008776|Scotland|11|2006|2022|UKBMS|55.9811|-3.5914|0.363|2.102|0.8471
Linlithgow Loch Transect 2 - North Side|NT002777|Scotland|12|2006|2023|UKBMS|55.9819|-3.6010|-2.321|4.643|0.9698
Cullaloe Local Nature Reserve|NT187875|Scotland|9|2009|2023|UKBMS|56.0734|-3.3076|0.244|0.186|0.9752
Cammo Estate|NT175747|Scotland|11|2009|2023|UKBMS|55.9582|-3.3230|1.002|-1.162|0.9622
Gullane West|NT468830|Scotland|8|2009|2023|UKBMS|56.0369|-2.8554|2.961|3.051|0.9369
Barns Ness|NT718771|Scotland|15|2009|2023|UKBMS|55.9860|-2.4536|2.758|2.777|0.9047
Hailes ROW|NT592774|Scotland|14|2009|2023|UKBMS|55.9878|-2.6555|1.154|0.348|0.8463
Loch Leven - Railway (8-10)|NO122010|Scotland|7|2008|2023|UKBMS|56.1935|-3.4165|6.174|0.229|0.8430
Jupiter Urban Wildlife Centre|NS918810|Scotland|13|2010|2023|UKBMS|56.0097|-3.7369|0.240|-0.905|0.9755
Alva Glen revised|NS885978|Scotland|13|2010|2023|UKBMS|56.1598|-3.7968|-0.894|0.868|0.8816
Bradburys (Huberts) Bank|SK151561|England|16|1994|2023|UKBMS|53.1019|-1.7759|3.677|2.089|0.5540
Dane-in-Shaw Pasture|SJ878626|England|24|2000|2023|UKBMS|53.1604|-2.1839|4.405|2.199|0.8295
Swettenham Meadows|SJ804675|England|18|2005|2023|UKBMS|53.2042|-2.2949|5.077|1.030|0.6920
Woolston Eyes|SJ652881|England|17|2006|2023|UKBMS|53.3886|-2.5247|-2.263|4.349|0.9670
Brereton Heath Country Park|SJ797651|England|14|2010|2023|UKBMS|53.1826|-2.3052|3.235|-1.256|0.8410
Teggs Nose|SJ947723|England|11|2013|2023|UKBMS|53.2477|-2.0809|0.358|1.656|0.8851
Danes Moss to Sutton Reservoir|SJ910706|England|9|2015|2023|UKBMS|53.2324|-2.1363|0.685|-2.715|0.9439
Tytherington - Marlborough Drive Woods|SJ918756|England|9|2015|2023|UKBMS|53.2773|-2.1244|2.945|0.329|0.8119
Cleaver Heath|SJ257826|England|6|2017|2023|UKBMS|53.3351|-3.1172|0.172|-1.432|0.8794
RSPB Burton Mere Wetlands|SJ314734|England|5|2017|2023|UKBMS|53.2532|-3.0297|0.405|2.565|0.8363
New Ferry Butterfly Park|SJ333850|England|7|2017|2023|UKBMS|53.3577|-3.0036|0.301|6.160|0.6183
Hatchmere|SJ551721|England|6|2017|2023|UKBMS|53.2440|-2.6743|-2.501|0.917|0.7821
Sankey Valley Park|SJ592894|England|7|2017|2023|UKBMS|53.3998|-2.6151|3.357|-1.229|0.9295
Leftwich Woods|SJ666717|England|7|2017|2023|UKBMS|53.2413|-2.5019|0.684|-1.308|0.8380
Ashton's Flash, Northwich|SJ666749|England|7|2017|2023|UKBMS|53.2700|-2.5023|1.270|1.541|0.8841
Cluse Hey (Lyme Park)|SJ958814|England|4|2018|2022|UKBMS|53.3295|-2.0645|-0.024|1.537|0.7978
Caldecott|SJ435522|England|6|2018|2023|UKBMS|53.0640|-2.8446|5.331|1.316|0.4542
Elmerhurst (Lyme Park)|SJ963837|England|5|2018|2023|UKBMS|53.3502|-2.0570|4.430|4.662|0.2250
Riverside Park Macclesfield|SJ913745|England|6|2018|2023|UKBMS|53.2674|-2.1319|0.792|-3.093|0.8386
Yew Tree Farm|SJ723876|England|4|2018|2023|UKBMS|53.3845|-2.4179|5.860|5.382|0.4580
Kelsall 1|SJ523681|England|5|2019|2023|UKBMS|53.2078|-2.7156|6.080|5.697|0.0592
Caldy Nature Park|SJ423649|England|5|2019|2023|UKBMS|53.1781|-2.8648|1.852|4.757|0.4496
Quarry Bank Revised|SJ834830|England|5|2019|2023|UKBMS|53.3436|-2.2508|1.427|3.605|0.8001
Tatton Park|SJ758819|England|5|2019|2023|UKBMS|53.3335|-2.3649|4.371|4.485|0.6052
Bickerton Hills 2|SJ495527|England|5|2019|2023|UKBMS|53.0691|-2.7551|0.084|-3.997|0.7976
Wallasey Sandhills|SJ276925|England|5|2019|2023|UKBMS|53.4243|-3.0910|1.152|3.741|0.7863
Whiteoak Wood (revised)|SJ732880|England|2|2019|2022|UKBMS|53.3882|-2.4044|3.028|-1.667|0.8942
Kerridge Hill|SJ944759|England|5|2019|2023|UKBMS|53.2800|-2.0854|2.349|2.301|0.5959
Dunham Massey Gardens|SJ736874|England|2|2022|2023|UKBMS|53.3828|-2.3984|-0.219|-1.520|0.5437
Crown Farm Sand Quarry|SJ572704|England|4|2020|2023|UKBMS|53.2289|-2.6426|-1.961|4.585|0.8632
Marshall's Arm Revision 2021|SJ649721|England|3|2021|2023|UKBMS|53.2448|-2.5274|-1.106|-1.862|0.9351
Marbury (Including Flashes and Big Wood)|SJ660758|England|3|2021|2023|UKBMS|53.2781|-2.5114|5.487|4.424|0.7638
Garden (Lyme Park)|SJ965823|England|3|2021|2023|UKBMS|53.3376|-2.0540|4.476|4.764|0.2987
Hatchmere (Beaver Enclosure)|SJ547723|England|3|2021|2023|UKBMS|53.2458|-2.6803|1.958|0.181|0.8914
Macclesfield Forest|SJ959710|England|3|2021|2023|UKBMS|53.2360|-2.0629|-0.670|-2.386|0.7301
Nantwich Lake and River Weaver (Revised)|SJ648515|England|3|2021|2023|UKBMS|53.0596|-2.5267|5.657|4.783|0.5186
Alderley Edge Stormy Point|SJ860770|England|2|2021|2022|UKBMS|53.2898|-2.2115|-0.485|-2.115|0.7769
Jacksons' Brickworks Local Nature Reserve|SJ947845|England|3|2021|2023|UKBMS|53.3574|-2.0811|-1.397|4.243|0.8436
Cross Lane|SJ289916|England|3|2021|2023|UKBMS|53.4164|-3.0712|0.053|-1.481|0.8368
Alderley Edge Mottram Quarry|SJ862776|England|2|2021|2022|UKBMS|53.2952|-2.2085|4.769|0.840|0.7166
Countess of Chester Country Park 2|SJ396687|England|2|2022|2023|UKBMS|53.2119|-2.9059|5.605|1.202|0.5281
St Michael's Eco Park|SJ499849|England|2|2022|2023|UKBMS|53.3586|-2.7542|1.612|-0.184|0.7824
Macclesfield Leisure Centre & Athletics Track|SJ891745|England|2|2022|2023|UKBMS|53.2674|-2.1649|0.626|4.123|0.0580
Bosley Cloud|SJ902635|England|2|2022|2023|UKBMS|53.1685|-2.1481|-1.558|0.267|0.6250
Breadsall Cutting|SK385397|England|42|1982|2023|UKBMS|52.9533|-1.4284|5.782|3.622|0.4346
West Hallam Ash Tip|SK439424|England|37|1987|2023|UKBMS|52.9772|-1.3477|-1.115|-1.333|0.9198
Carsington Water|SK248528|England|30|1994|2023|UKBMS|53.0719|-1.6313|5.598|1.631|0.6795
Aston Brickyard Plantation|SK413303|England|24|2000|2023|UKBMS|52.8686|-1.3879|-1.252|-1.505|0.9137
Derbyshire Dales Section 12|SK161661|England|23|2001|2023|UKBMS|53.1917|-1.7605|2.724|3.466|0.7051
Shiningford, Carsington Water|SK239517|England|16|2008|2023|UKBMS|53.0620|-1.6448|5.845|4.660|0.3869
Cinderhill, Shipley Country Park, Heanor|SK431452|England|16|2008|2023|UKBMS|53.0024|-1.3592|0.946|3.533|0.4338
Darley and Nutwood Wildlife Site, Derby|SK355388|England|15|2009|2023|UKBMS|52.9454|-1.4731|2.707|1.155|0.9707
Eyes Meadow, Duffield|SK348432|England|14|2010|2023|UKBMS|52.9850|-1.4831|2.403|1.521|0.9076
Brocks Hill Country Park, Leicester|SP619996|England|15|2009|2023|UKBMS|52.5907|-1.0877|5.341|1.604|0.7223
Crich Chase Meadows|SK352523|England|10|2012|2023|UKBMS|53.0668|-1.4761|0.249|-3.926|0.7667
Millers Dale Quarry|SK140731|England|12|2012|2023|UKBMS|53.2547|-1.7916|-0.046|-1.978|0.7573
Chee Dale NR|SK128735|England|12|2012|2023|UKBMS|53.2584|-1.8096|0.544|-2.030|0.9470
Woodside NR, Shipley|SK448436|England|12|2012|2023|UKBMS|52.9879|-1.3341|5.372|3.908|0.6883
Avenue Washlands NR, Wingerworth|SK398668|England|12|2012|2023|UKBMS|53.1968|-1.4057|2.013|0.862|0.9668
Beeston Sidings|SK545375|England|10|2014|2023|UKBMS|52.9321|-1.1906|6.723|3.297|0.5952
Potwell Dyke Grasslands, Southwell|SK702534|England|10|2014|2023|UKBMS|53.0732|-0.9537|2.687|0.402|0.7740
Hammersmith Meadows LNR, Ripley|SK398515|England|10|2014|2023|UKBMS|53.0593|-1.4076|2.205|-2.832|0.8696
Carr Wood LNR, Ripley|SK402511|England|10|2014|2023|UKBMS|53.0556|-1.4017|1.543|-3.058|0.8251
Drakelow NR North|SK226204|England|10|2013|2023|UKBMS|52.7807|-1.6664|-2.570|5.078|0.7244
Bingham Linear Park|SK715385|England|11|2013|2023|UKBMS|52.9391|-0.9375|3.087|1.210|0.7109
Poulter Country Park|SK525706|England|11|2013|2023|UKBMS|53.2299|-1.2150|5.550|1.307|0.8748
Creswell Crags|SK532741|England|11|2013|2023|UKBMS|53.2612|-1.2039|5.433|2.277|0.6135
Hollinhill & Markland Grips|SK507751|England|11|2013|2023|UKBMS|53.2705|-1.2412|8.878|0.575|0.1916
Whitwell Woods|SK524780|England|11|2013|2023|UKBMS|53.2964|-1.2153|-0.421|-3.914|0.7594
Radcliffe Wood|SK650381|England|11|2013|2023|UKBMS|52.9364|-1.0343|0.433|-1.503|0.9734
Greenfields, Buxworth|SK027822|England|11|2013|2023|UKBMS|53.3367|-1.9609|0.152|-1.473|0.9301
Jim Mart Nature Reserve|SK368648|England|11|2013|2023|UKBMS|53.1790|-1.4508|4.217|2.552|0.7410
Toton Washlands|SK485346|England|11|2013|2023|UKBMS|52.9067|-1.2803|1.272|5.525|0.6701
Ticknall Limeyards|SK359234|England|7|2013|2023|UKBMS|52.8070|-1.4689|6.126|4.029|0.6611
Findern Footpaths|SK314303|England|11|2013|2023|UKBMS|52.8693|-1.5350|3.251|0.189|0.7503
Calke Park|SK363229|England|6|2013|2023|UKBMS|52.8024|-1.4630|1.154|1.732|0.8886
Rosliston Forestry Centre|SK245177|England|11|2013|2023|UKBMS|52.7564|-1.6384|4.665|3.283|0.8860
Hartshorne Wood|SK330218|England|11|2013|2023|UKBMS|52.7928|-1.5121|0.387|-3.315|0.9114
Gresley Wood|SK296173|England|11|2013|2023|UKBMS|52.7525|-1.5629|1.838|0.135|0.9308
Markham North Tip|SK453729|England|11|2013|2023|UKBMS|53.2512|-1.3225|-1.143|-1.101|0.8413
Hartington Meadows|SK152611|England|11|2013|2023|UKBMS|53.1468|-1.7742|4.366|3.615|0.7263
Kedleston Park|SK313412|England|11|2013|2023|UKBMS|52.9673|-1.5354|-1.040|-1.049|0.9366
Clough Wood (Darley Bridge)|SK257617|England|10|2014|2023|UKBMS|53.1518|-1.6172|0.937|-1.242|0.9769
Belper Parks LNR|SK352472|England|10|2014|2023|UKBMS|53.0209|-1.4767|2.259|-1.420|0.7700
Wyver Lane, Belper|SK343493|England|10|2014|2023|UKBMS|53.0399|-1.4899|2.788|1.721|0.6080
Pleasley Pit LNR|SK498644|England|10|2014|2023|UKBMS|53.1744|-1.2564|2.670|2.647|0.8538
Allestree Park LNR|SK350405|England|10|2014|2023|UKBMS|52.9607|-1.4804|2.071|-1.660|0.8300
Doe Lea & Glapwell Pit|SK467671|England|10|2014|2023|UKBMS|53.1989|-1.3024|0.451|-1.660|0.9205
Blackwell Trail|SK430576|England|10|2014|2023|UKBMS|53.1139|-1.3590|6.538|1.114|0.2943
Alsop Moor|SK158571|England|10|2014|2023|UKBMS|53.1109|-1.7654|5.157|4.825|0.3488
Mickleover Meadows LNR|SK314357|England|8|2014|2023|UKBMS|52.9178|-1.5345|5.507|3.501|0.7408
Carr Vale NR|SK461702|England|10|2014|2023|UKBMS|53.2269|-1.3109|-1.394|-1.394|0.9677
Forbes Hole LNR, Long Eaton|SK495324|England|10|2014|2023|UKBMS|52.8868|-1.2658|0.893|5.812|0.4656
Hardwick Hall Gardens|SK462636|England|10|2014|2023|UKBMS|53.1675|-1.3104|1.846|4.880|0.7516
Northwood Carr|SK270648|England|10|2014|2023|UKBMS|53.1796|-1.5975|0.168|-3.985|0.6072
Seale Wood|SK301142|England|10|2014|2023|UKBMS|52.7246|-1.5558|6.729|3.037|0.6118
Pick Triangle Wood|SK308177|England|10|2014|2023|UKBMS|52.7560|-1.5451|0.265|-3.983|0.9046
Sence Valley Country Park|SK400112|England|10|2014|2023|UKBMS|52.6970|-1.4096|3.269|-1.197|0.9116
Hicks Lodge, Leicestershire|SK329156|England|10|2014|2023|UKBMS|52.7370|-1.5142|2.219|4.580|0.7569
Hardwick Hall|SK461633|England|8|2014|2023|UKBMS|53.1648|-1.3119|5.610|4.503|0.6062
Hardwick Park|SK453640|England|10|2014|2023|UKBMS|53.1712|-1.3238|0.761|-3.205|0.6342
Hoe Grange Quarry, Longcliffe|SK222561|England|9|2015|2023|UKBMS|53.1016|-1.6699|2.522|1.548|0.8915
Deep Dale NR, Sheldon|SK168701|England|9|2015|2023|UKBMS|53.2277|-1.7498|2.959|2.535|0.9795
National Stone Centre, Wirksworth|SK285554|England|9|2015|2023|UKBMS|53.0951|-1.5759|-0.497|-1.945|0.9497
Rose End Meadows NR|SK291566|England|9|2015|2023|UKBMS|53.1058|-1.5668|2.761|0.313|0.8524
Cromford Canal - North|SK305566|England|9|2015|2023|UKBMS|53.1057|-1.5459|2.779|-1.708|0.9433
Cromford Canal - Centre|SK324556|England|9|2015|2023|UKBMS|53.0966|-1.5176|2.236|-2.544|0.9527
Cromford Canal - South|SK339535|England|9|2015|2023|UKBMS|53.0777|-1.4954|4.434|0.394|0.7781
Swadlincote Woodlands|SK307195|England|9|2015|2023|UKBMS|52.7722|-1.5464|-0.704|-2.155|0.9422
Grin Low Wood, Buxton|SK052721|England|9|2015|2023|UKBMS|53.2459|-1.9235|0.726|-3.274|0.3931
Allestree Park Woodlands (North)|SK342408|England|9|2015|2023|UKBMS|52.9635|-1.4923|2.285|-2.727|0.9193
Netherfield Lagoons|SK635400|England|9|2015|2023|UKBMS|52.9536|-1.0563|0.788|-1.635|0.9621
Wollaton Hall Park|SK527393|England|9|2015|2023|UKBMS|52.9485|-1.2171|2.168|-0.635|0.9491
Cowpen Bewley 2 (Woodland Park)|NZ481253|England|26|1996|2023|UKBMS|54.6206|-1.2566|1.082|-3.463|0.6438
Sherburn Hill|NZ331417|England|7|1990|2022|UKBMS|54.7691|-1.4870|0.962|1.113|0.6885
Thrislington Plantation|NZ315327|England|24|1999|2023|UKBMS|54.6884|-1.5129|2.136|2.069|0.7751
The Whinnies|NZ352137|England|22|2001|2022|UKBMS|54.5174|-1.4578|2.165|-1.577|0.9330
Raisby Hill Grassland|NZ335354|England|21|2001|2023|UKBMS|54.7125|-1.4815|0.172|-1.735|0.7903
Tees Railway Walk|NZ001197|England|21|2003|2023|UKBMS|54.5725|-2.0000|4.963|5.017|0.2593
Stillington Forest Park|NZ375239|England|22|2002|2023|UKBMS|54.6089|-1.4209|1.352|1.317|0.9128
Tanfield Lea|NZ194543|England|19|2003|2022|UKBMS|54.8831|-1.6991|0.177|1.667|0.7473
Castle Eden Dene NNR - West end|NZ411389|England|20|2004|2023|UKBMS|54.7434|-1.3631|-1.915|-0.928|0.8677
Burn Hill|NZ067444|England|18|2004|2022|UKBMS|54.7944|-1.8973|3.748|4.584|0.6694
Newton Hall Junction|NZ283448|England|17|2005|2023|UKBMS|54.7973|-1.5613|1.410|-0.470|0.7983
Havannah LNR|NZ220718|England|18|2006|2023|UKBMS|55.0402|-1.6573|2.703|3.499|0.7967
Stargate Ponds and Bewes Hills|NZ164632|England|17|2006|2023|UKBMS|54.9632|-1.7454|-2.070|4.730|0.8982
Brass Castle - Waldridge North|NZ257496|England|16|2006|2023|UKBMS|54.8406|-1.6014|0.262|-1.704|0.8130
West Park Nature Reserve|NZ268166|England|16|2007|2022|UKBMS|54.5440|-1.5873|0.378|-1.254|0.6860
Cocklawburn Dunes|NU032480|England|16|2008|2023|UKBMS|55.7254|-1.9506|5.837|3.787|0.5760
Greenabella Marsh|NZ519266|England|5|2010|2023|UKBMS|54.6319|-1.1975|-0.163|1.388|0.9717
Wynyard Woodland Park - Pickard's Meadow|NZ400273|England|13|2010|2022|UKBMS|54.6392|-1.3818|-0.347|-2.248|0.9151
Sherburn Railway|NZ323417|England|11|2011|2022|UKBMS|54.7692|-1.4995|4.008|0.665|0.3867
Lane Head Quarry|NY987403|England|10|2013|2023|UKBMS|54.7576|-2.0217|-1.046|-1.345|0.7918
Bearpark Woods|NZ242433|England|9|2015|2023|UKBMS|54.7840|-1.6252|-2.592|1.193|0.8354
Black Plantation|NZ137449|England|9|2014|2023|UKBMS|54.7988|-1.7884|0.736|-3.078|0.9226
Gosforth Park Nature Reserve|NZ259700|England|10|2014|2023|UKBMS|55.0239|-1.5964|0.370|-3.434|0.8975
Murton Fields|NZ329707|England|8|2015|2022|UKBMS|55.0297|-1.4869|6.309|3.306|0.0540
Horsleyhope Burn|NZ060467|England|9|2015|2023|UKBMS|54.8151|-1.9082|-1.211|-0.506|0.3443
Hunting Hall Farm|NU028410|England|8|2016|2023|UKBMS|55.6625|-1.9571|1.749|1.519|0.8214
Hardwick Park|NZ341290|England|6|2017|2023|UKBMS|54.6549|-1.4730|4.289|4.349|0.6516
Doxford Farm Walk A|NU186232|England|6|2018|2023|UKBMS|55.5022|-1.7071|7.016|0.298|0.3416
Doxford Farm Walk B|NU190236|England|6|2018|2023|UKBMS|55.5058|-1.7007|10.014|2.096|0.5824
Tughall Mill|NU223275|England|3|2018|2022|UKBMS|55.5407|-1.6482|5.560|3.374|0.4132
East Park - Hardwick Park|NZ350295|England|5|2018|2023|UKBMS|54.6594|-1.4590|-0.057|3.601|0.7681
Phoenix Site, Billingham|NZ463218|England|4|2020|2023|UKBMS|54.5893|-1.2850|-0.446|-2.202|0.9406
Marsden Old Hall Quarry LNR|NZ396645|England|4|2020|2023|UKBMS|54.9735|-1.3829|3.189|2.813|0.8962
Embleton Quarry|NU231228|England|3|2021|2023|UKBMS|55.4984|-1.6359|0.164|2.670|0.6916
Castle Eden Dene NNR - Bellister Park|NZ427393|England|3|2021|2023|UKBMS|54.7469|-1.3382|0.505|4.696|0.8064
Weetslade Country Park 2|NZ253726|England|3|2021|2023|UKBMS|55.0473|-1.6056|3.608|3.379|0.8359
Cassop NNR|NZ325385|England|2|2021|2022|UKBMS|54.7404|-1.4967|2.981|3.498|0.7829
Denemouth NNR|NZ454405|England|2|2021|2022|UKBMS|54.7574|-1.2961|1.249|1.482|0.8855
Denemouth South Bank|NZ456406|England|2|2021|2022|UKBMS|54.7583|-1.2929|1.539|1.571|0.8199
Cwm Clydach|SN677036|Wales|10|2002|2023|UKBMS|51.7155|-3.9165|-0.985|-1.218|0.9197
Trawscoed|SH846326|Wales|23|2001|2023|UKBMS|52.8784|-3.7162|1.435|3.397|0.7597
Rushmoor garden to Landshipping Quay|SN018111|Wales|23|2001|2023|UKBMS|51.7634|-4.8736|3.957|2.388|0.4970
Somerton|SM931005|Wales|21|2002|2023|UKBMS|51.6651|-4.9932|5.602|4.518|0.1956
Morfa Dyffryn (Benar dunes)|SH574224|Wales|20|2004|2023|UKBMS|52.7803|-4.1156|3.245|4.069|0.9252
Rhydymwym Valley Nature Reserve|SJ208660|Wales|17|2005|2023|UKBMS|53.1852|-3.1867|0.917|-0.245|0.8922
Stackpole Warren, Stackpole NNR|SR982945|Wales|17|2007|2023|UKBMS|51.6131|-4.9161|0.167|1.277|0.9411
Cors Fochno|SN630910|Wales|21|2001|2023|UKBMS|52.4996|-4.0196|-1.121|2.884|0.8783
Marford Quarry|SJ357560|Wales|12|2012|2023|UKBMS|53.0973|-2.9617|1.373|2.998|0.8266
Mynydd Marian|SH891774|Wales|17|2005|2023|UKBMS|53.2819|-3.6648|1.702|1.617|0.8674
Brechfa Forest|SN503303|Wales|11|2013|2023|UKBMS|51.9510|-4.1797|-1.713|0.838|0.6856
Llanymynech SSSI|SJ267218|Wales|10|2013|2022|UKBMS|52.7888|-3.0884|2.993|0.230|0.5635
Silent Valley|SO188064|Wales|10|2014|2023|UKBMS|51.7504|-3.1777|-0.243|-0.534|0.8788
Roundton Hill|SO293949|Wales|9|2015|2023|UKBMS|52.5473|-3.0440|6.118|3.929|0.8433
Welshmoor|SS520927|Wales|9|2014|2023|UKBMS|51.6136|-4.1389|-0.667|1.806|0.9611
Lake Vyrnwy Quarry Transect|SJ020208|Wales|3|2015|2023|UKBMS|52.7759|-3.4542|0.058|-0.999|0.9599
Aberduna Nature Reserve|SJ199613|Wales|8|2015|2023|UKBMS|53.1428|-3.1990|-0.458|-1.968|0.6266
Shirenewton|ST485943|Wales|5|2015|2022|UKBMS|51.6451|-2.7457|2.217|3.409|0.6936
Magor Marsh Nature Reserve|ST425866|Wales|8|2015|2023|UKBMS|51.5753|-2.8311|0.567|-2.125|0.9726
Great Traston Meadows|ST343846|Wales|9|2015|2023|UKBMS|51.5564|-2.9491|2.592|-0.540|0.9577
Gwenffrwd Dinas|SN752458|Wales|4|2015|2022|UKBMS|52.0964|-3.8233|1.835|2.018|0.6503
WWT Llanelli Millennium Wetlands|SS535983|Wales|8|2016|2023|UKBMS|51.6643|-4.1196|2.471|-0.833|0.9501
Blackrock Quarry|SO219128|Wales|8|2016|2023|UKBMS|51.8084|-3.1342|0.431|-0.173|0.9636
Central Valley|SO172081|Wales|8|2016|2023|UKBMS|51.7654|-3.2012|1.567|2.095|0.9776
Borras Quarry|SJ362527|Wales|3|2016|2023|UKBMS|53.0677|-2.9536|0.895|5.526|0.3405
Sychpant|SN044352|Wales|8|2016|2023|UKBMS|51.9807|-4.8496|-0.837|0.802|0.6610
Gogarth|SH760831|Wales|3|2016|2023|UKBMS|53.3302|-3.8634|2.016|4.378|0.8947
Rhiwledyn|SH813821|Wales|8|2016|2023|UKBMS|53.3225|-3.7835|0.756|3.694|0.7193
Bryn Pydew|SH818798|Wales|8|2016|2023|UKBMS|53.3019|-3.7752|-0.863|-0.909|0.7525
Loggerheads Country Park|SJ198627|Wales|6|2017|2023|UKBMS|53.1554|-3.2008|-1.053|-2.017|0.8667
Marloes Mere|SM772079|Wales|6|2017|2023|UKBMS|51.7254|-5.2274|5.335|3.923|0.8807
Minsmere|TM469672|England|33|1988|2023|UKBMS|52.2475|1.6155|1.590|-1.401|0.9181
Elveden Center Parcs|TL800806|England|25|1996|2023|UKBMS|52.3938|0.6440|3.982|0.121|0.9118
Upper Abbey Farm|TM456648|England|19|2004|2022|UKBMS|52.2266|1.5948|7.031|0.225|0.1375
Wolves Wood|TM053440|England|20|2004|2023|UKBMS|52.0563|0.9931|0.638|-2.049|0.8863
Newsons Farm|TL933549|England|19|2005|2023|UKBMS|52.1585|0.8245|1.454|3.895|0.5605
Alton Water|TM148357|England|18|2006|2023|UKBMS|51.9782|1.1262|9.812|1.971|0.2473
Ramsey & Hintlesham Wood|TM067432|England|18|2006|2023|UKBMS|52.0486|1.0130|-0.755|-1.882|0.9493
Manor Farm, Coddenham|TM131543|England|19|2005|2023|UKBMS|52.1459|1.1131|6.150|2.542|0.7664
Blaxhall Common Silver-studded Blue|TM379567|England|16|2008|2023|UKBMS|52.1573|1.4766|0.195|2.672|0.8599
Newsons Farm extension|TL931550|England|29|1995|2023|UKBMS|52.1595|0.8216|0.692|-3.563|0.8602
Dunwich Forest 1|TM460722|England|14|2010|2023|UKBMS|52.2928|1.6060|-0.185|-4.064|0.8312
Nowton Country Park|TL867616|England|12|2010|2023|UKBMS|52.2210|0.7318|1.069|-1.066|0.8982
Black Heath|TM427749|England|14|2010|2023|UKBMS|52.3185|1.5597|1.048|4.051|0.6250
Knettishall Heath 1|TL951804|England|8|2014|2023|UKBMS|52.3869|0.8655|-1.533|0.181|0.8024
Purdis Heath|TM212425|England|10|2013|2023|UKBMS|52.0368|1.2237|0.111|0.378|0.9638
Sizewell Belts|TM461635|England|10|2013|2022|UKBMS|52.2147|1.6011|0.711|2.012|0.7716
Lackford Lakes|TL800706|England|8|2016|2023|UKBMS|52.3040|0.6386|1.559|2.795|0.8438
Church Farm (SWT)|TM423743|England|7|2017|2023|UKBMS|52.3133|1.5534|4.697|1.844|0.8563
Reydon Wood (SWT)|TM475789|England|7|2017|2023|UKBMS|52.3522|1.6329|1.676|-3.110|0.8969
Lark Path, Bury St Edmunds|TL861636|England|7|2017|2023|UKBMS|52.2391|0.7241|3.194|-0.028|0.7864
Little Ouse headwaters|TM020787|England|6|2018|2023|UKBMS|52.3691|0.9657|1.804|-0.101|0.9043
Lakenheath Fen (RSPB)|TL718862|England|5|2018|2023|UKBMS|52.4467|0.5265|1.704|1.346|0.7403
Blaxhall Common (SSB)(SWT2)|TM381561|England|5|2019|2023|UKBMS|52.1518|1.4791|-2.338|0.803|0.8372
Darsham Marshes (SWT)|TM421687|England|4|2020|2023|UKBMS|52.2631|1.5464|3.865|0.595|0.7707
Hen Reed Beds|TM470771|England|2|2022|2023|UKBMS|52.3363|1.6242|2.636|1.361|0.7563
Countryside Restoration Land, Barton|TL415550|England|25|1999|2023|UKBMS|52.1751|0.0679|8.790|1.695|0.4928
Westfield Farm (Countryside Restoration Trust)|TL378549|England|22|2002|2023|UKBMS|52.1752|0.0138|9.625|1.782|0.1373
Devil's Dyke, near Newmarket|TL612620|England|20|2003|2023|UKBMS|52.2326|0.3591|4.516|3.894|0.8249
Abbotts Hall Farm|TL963146|England|22|2002|2023|UKBMS|51.7956|0.8453|1.808|-0.421|0.7519
Hatfield Forest|TL535195|England|16|2008|2023|UKBMS|51.8530|0.2273|2.060|-2.119|0.9142
Cambourne|TL318597|England|18|2005|2023|UKBMS|52.2198|-0.0721|0.089|4.719|0.8237
Hardwick Wood|TL353572|England|18|2005|2023|UKBMS|52.1964|-0.0219|0.376|-2.682|0.9537
Hadleigh Great Wood and Dodd's Grove SSSI|TQ820876|England|16|2005|2023|UKBMS|51.5579|0.6241|0.059|-3.375|0.9280
Fleam Dyke|TL541549|England|17|2007|2023|UKBMS|52.1708|0.2519|9.501|1.829|0.3567
Abbotts Hall Farm 2|TL958144|England|18|2006|2023|UKBMS|51.7940|0.8379|1.468|2.810|0.7980
Roman Road|TL527520|England|17|2007|2023|UKBMS|52.1452|0.2302|3.229|1.246|0.7214
Hatfield Forest 5320|TL535200|England|16|2008|2023|UKBMS|51.8575|0.2276|1.641|-2.639|0.8674
Hatfield Forest TR5420|TL545205|England|9|2008|2023|UKBMS|51.8617|0.2423|0.599|-2.386|0.8876
Great Warley|TQ574910|England|15|2009|2023|UKBMS|51.5959|0.2710|6.310|3.032|0.5653
Orwell Clunch Pit|TL363506|England|14|2008|2023|UKBMS|52.1369|-0.0099|4.001|3.603|0.8137
Fairmead|TQ404959|England|14|2009|2023|UKBMS|51.6444|0.0277|-0.842|-0.912|0.9424
Fernhills|TQ392973|England|15|2009|2023|UKBMS|51.6573|0.0110|2.273|-0.295|0.9495
Woodford Golf Course|TQ399938|England|14|2009|2023|UKBMS|51.6256|0.0197|2.200|-2.348|0.8576
Lee Valley Waterworks|TQ361867|England|16|2008|2023|UKBMS|51.5628|-0.0379|3.412|2.145|0.8546
Wicken Fen Plantation|TL560710|England|14|2010|2023|UKBMS|52.3149|0.2871|0.930|1.017|0.9318
Benfleet Downs|TQ783857|England|14|2010|2023|UKBMS|51.5420|0.5698|1.489|-0.158|0.9552
Hockley Woods|TQ837917|England|12|2011|2022|UKBMS|51.5942|0.6507|-0.650|-2.349|0.9706
Cornmill Tree Park|TL380015|England|18|2005|2023|UKBMS|51.6953|-0.0047|1.229|-1.472|0.9434
Gunpowder Park|TQ385994|England|20|2004|2023|UKBMS|51.6763|0.0017|0.185|3.516|0.7486
Langdon Hillcrest|TQ663875|England|12|2011|2023|UKBMS|51.5619|0.3978|-0.277|-2.304|0.8213
Langdon Lake & Meadows|TQ662878|England|12|2011|2023|UKBMS|51.5646|0.3965|5.610|1.456|0.7884
Willow Park|TQ688872|England|13|2011|2023|UKBMS|51.5584|0.4336|0.041|-3.508|0.7911
Hatfield Forest 5318|TL534187|England|13|2011|2023|UKBMS|51.8458|0.2255|2.273|-0.020|0.8405
Woodwalton Marsh|TL212813|England|12|2012|2023|UKBMS|52.4163|-0.2194|2.439|1.855|0.6174
Belfairs Park Woodland|TQ829876|England|10|2013|2023|UKBMS|51.5576|0.6370|2.145|-1.755|0.8859
Lee Valley - Walthamstow Marshes|TQ352875|England|11|2013|2023|UKBMS|51.5702|-0.0506|1.964|0.390|0.8550
Hinchingbrooke Country Park|TL218716|England|10|2013|2023|UKBMS|52.3290|-0.2141|1.569|0.256|0.8199
Belfairs Park Golf Course|TQ832872|England|9|2014|2023|UKBMS|51.5539|0.6411|3.704|2.014|0.5404
Canvey Wick SSSI|TQ766833|England|6|2015|2023|UKBMS|51.5210|0.5441|1.758|-1.026|0.8834
Church Lane LNR|TL495046|England|9|2015|2023|UKBMS|51.7202|0.1629|3.179|2.357|0.8676
Pheasanthouse Farm EssexWT|TL786069|England|9|2015|2023|UKBMS|51.7324|0.5849|7.560|4.931|0.5483
Bobbingworth NR|TL536064|England|9|2015|2023|UKBMS|51.7353|0.2230|1.522|-0.483|0.8819
RSPB Fen Drayton Lakes|TL342699|England|7|2015|2023|UKBMS|52.3108|-0.0329|3.774|2.757|0.9654
Stebbing Green and adjacent meadow|TL683233|England|9|2015|2023|UKBMS|51.8829|0.4439|5.141|2.870|0.7076
Chafford Gorges Nature Park Grays Gorge|TQ605789|England|7|2016|2023|UKBMS|51.4863|0.3102|2.519|2.770|0.9269
LBCP - Woodland and Lakes|TQ581826|England|7|2016|2023|UKBMS|51.5202|0.2774|1.622|-1.114|0.9544
LBCP - East and North Field|TQ583827|England|7|2016|2023|UKBMS|51.5210|0.2803|-0.648|-2.873|0.9489
Phyllis Currie Reserve|TL721181|England|8|2016|2023|UKBMS|51.8350|0.4964|2.613|-2.068|0.7773
EWT Roding Valley Meadows|TQ434951|England|5|2017|2023|UKBMS|51.6364|0.0707|5.846|4.785|0.6414
Mousehold Heath|TG244103|England|20|2003|2023|UKBMS|52.6440|1.3155|-1.286|-2.561|0.7862
Blakeney Point|TF999461|England|14|2008|2023|UKBMS|52.9750|0.9758|4.951|3.186|0.9727
Winterton Dunes|TG491208|England|16|2008|2023|UKBMS|52.7274|1.6877|-0.850|3.241|0.8173
Strumpshaw Fen TG341065|TG340065|England|16|2008|2023|UKBMS|52.6058|1.4544|-0.447|1.383|0.8098
Swanton Novers Great Wood 1|TG015310|England|26|1992|2023|UKBMS|52.8388|0.9902|0.625|-3.779|0.8920
Marston Marshes|TG212055|England|15|2009|2023|UKBMS|52.6022|1.2651|5.830|3.578|0.6346
Dersingham Bog|TF675290|England|12|2012|2023|UKBMS|52.8325|0.4850|-1.135|2.518|0.9009
Scolt Head Island|TF800465|England|15|2009|2023|UKBMS|52.9856|0.6800|-2.205|5.407|0.9208
Tomas's pightle|TG358082|England|15|2009|2023|UKBMS|52.6203|1.4822|1.848|4.751|0.4286
Swanton Novers Great Wood 2|TG015315|England|21|1998|2023|UKBMS|52.8433|0.9905|-0.100|-4.185|0.6434
Swanton Novers Great Wood 3|TG006317|England|21|1998|2023|UKBMS|52.8454|0.9773|1.359|0.229|0.8838
Strumpshaw Fen Swallowtail|TG339070|England|14|2010|2023|UKBMS|52.6104|1.4533|2.978|-0.296|0.6270
Wheatfen Broad|TG326060|England|14|2010|2023|UKBMS|52.6020|1.4334|5.300|5.120|0.1293
Sutton Fen|TG370233|England|14|2010|2023|UKBMS|52.7553|1.5107|0.508|0.539|0.9579
Buxton Heath|TG175221|England|14|2010|2023|UKBMS|52.7527|1.2215|-0.660|3.163|0.7975
Pensthorpe|TF950287|England|8|2011|2023|UKBMS|52.8206|0.8925|-1.987|4.664|0.9005
Gaywood Valley, Kings Lynn|TF654216|England|9|2011|2022|UKBMS|52.7667|0.4501|-1.234|-1.896|0.9020
Mousehold Heath East|TG249102|England|12|2012|2023|UKBMS|52.6429|1.3228|5.508|1.147|0.6626
Ludham Marshes|TG409178|England|12|2012|2023|UKBMS|52.7042|1.5644|6.478|4.980|0.2385
Dersingham Village Railway Line|TF681320|England|12|2012|2023|UKBMS|52.8592|0.4954|0.110|-4.091|0.7015
Catfield Fen|TG366214|England|12|2012|2023|UKBMS|52.7384|1.5034|2.132|-0.495|0.8829
Barnham Cross Common|TL864811|England|11|2012|2023|UKBMS|52.3962|0.7382|5.438|2.303|0.5121
Sculthorpe 2|TF902299|England|10|2013|2023|UKBMS|52.8330|0.8220|-0.679|1.487|0.9829
Sculthorpe Moor 3|TF899301|England|10|2014|2023|UKBMS|52.8349|0.8177|0.013|-2.586|0.9432
Holt Country Park|TG082377|England|8|2015|2023|UKBMS|52.8964|1.0938|1.323|-3.176|0.9197
Courtyard Farm|TF722403|England|9|2015|2023|UKBMS|52.9325|0.5606|5.100|1.559|0.4737
How Hill New|TG370194|England|9|2015|2023|UKBMS|52.7203|1.5079|-0.571|1.568|0.7899
Blakeney Friary Hills|TG033441|England|9|2015|2023|UKBMS|52.9557|1.0251|3.546|1.512|0.4985
Felbrigg Hall|TG192395|England|8|2015|2023|UKBMS|52.9082|1.2583|1.962|-1.644|0.8379
Foxley Wood|TG055227|England|7|2016|2023|UKBMS|52.7628|1.0443|-1.027|-1.469|0.8976
Redgrave and Lopham Fen|TM053799|England|8|2016|2023|UKBMS|52.3786|1.0149|0.312|-1.039|0.9393
Reffley Wood|TF655219|England|8|2016|2023|UKBMS|52.7693|0.4517|-1.903|-1.360|0.7493
Burgh Doles/Common|TG440126|England|8|2016|2023|UKBMS|52.6562|1.6063|0.804|-1.182|0.9632
Foulden common|TL762999|England|8|2016|2023|UKBMS|52.5684|0.5984|2.706|3.523|0.9090
Lynford Water|TL824946|England|6|2017|2023|UKBMS|52.5187|0.6869|5.205|3.085|0.8593
East Ruston Common|TG345283|England|5|2017|2023|UKBMS|52.8012|1.4773|2.943|0.998|0.8738
Blickling Lakeside|TG175290|England|6|2018|2023|UKBMS|52.8146|1.2260|4.636|2.588|0.5664
Snettisham Coastal Park|TF651342|England|5|2018|2023|UKBMS|52.8799|0.4520|0.807|3.006|0.9631
Blickling Mausoleum|TG169291|England|5|2019|2023|UKBMS|52.8158|1.2172|-1.648|-2.001|0.4204
Oxburgh Hall 1|TF742012|England|4|2019|2023|UKBMS|52.5807|0.5696|4.313|2.618|0.6764
Oxburgh Hall 2|TF741007|England|4|2019|2023|UKBMS|52.5762|0.5679|-1.260|-2.093|0.9247
Cley Marshes|TG059441|England|5|2019|2023|UKBMS|52.9547|1.0637|-1.169|-0.140|0.8487
Abbey Farm|TF742272|England|5|2019|2023|UKBMS|52.8142|0.5834|8.706|0.412|0.1475
Bintree Wood North|TG003219|England|3|2020|2022|UKBMS|52.7576|0.9669|-2.720|1.144|0.6356
Marriott's Way|TG191112|England|3|2021|2023|UKBMS|52.6542|1.2379|8.124|1.937|0.2990
Broadland Country Park|TG179172|England|3|2021|2023|UKBMS|52.7086|1.2241|-0.759|-2.571|0.9118
Sheringham Park|TG139412|England|3|2021|2023|UKBMS|52.9256|1.1807|1.879|-1.725|0.5936
Cockleycley Wood|TF777051|England|2|2021|2022|UKBMS|52.6146|0.6233|-0.936|-1.359|0.8971
Wensum Way, Lenwade|TG086183|England|2|2021|2022|UKBMS|52.7221|1.0874|2.163|-1.304|0.9107
Buxton 2|TG170219|England|3|2021|2023|UKBMS|52.7511|1.2139|0.780|-2.748|0.4668
Cranwich 2|TL774942|England|3|2021|2023|UKBMS|52.5168|0.6130|5.303|3.169|0.6507
Oxburgh Hall 3|TF741002|England|3|2021|2023|UKBMS|52.5718|0.5676|1.899|1.977|0.9744
Stoke Holy Cross - Jubilee Meadow|TG238019|England|2|2022|2023|UKBMS|52.5689|1.3010|3.857|1.498|0.3826
Middle Harling New|TL983832|England|2|2022|2023|UKBMS|52.4108|0.9141|5.938|3.423|0.6399
Sun Lane Nature Reserve|SE155467|England|16|2003|2023|UKBMS|53.9162|-1.7655|-0.406|0.307|0.9266
Thorpe Marsh Nature Reserve|SE585095|England|22|2002|2023|UKBMS|53.5788|-1.1179|4.785|0.751|0.8005
Swarth Moor SSSI, Settle|SD807693|England|20|2003|2023|UKBMS|54.1192|-2.2968|0.090|1.271|0.9232
Threshfield, Long Ashes|SD977647|England|15|2004|2023|UKBMS|54.0782|-2.0366|-0.599|-0.388|0.9505
Priory Fields|TA053314|England|17|2007|2023|UKBMS|53.7683|-0.4039|-0.145|4.369|0.8325
Lea Green Bastow Wood|SD996652|England|20|2004|2023|UKBMS|54.0827|-2.0076|0.564|-1.462|0.9175
Ballowfield LNR|SD987899|England|14|2007|2023|UKBMS|54.3047|-2.0215|0.909|-2.112|0.8985
Scar Close NNR|SD750775|England|19|2004|2023|UKBMS|54.1926|-2.3846|-0.831|2.654|0.7685
Burniston-Cloughton|TA015932|England|5|2007|2022|UKBMS|54.3243|-0.4409|2.063|3.335|0.3063
Broad Heads Farm|SE903882|England|13|2008|2023|UKBMS|54.2815|-0.6145|1.510|1.732|0.5979
Hawnby Hill|SE539917|England|14|2009|2023|UKBMS|54.3180|-1.1729|-2.019|0.934|0.8066
Fen Bog|SE855981|England|10|2010|2023|UKBMS|54.3712|-0.6854|-0.838|2.379|0.9230
Burton Leonard Lime Quarry|SE324632|England|13|2010|2023|UKBMS|54.0637|-1.5065|1.009|-3.373|0.9321
Pexton Bank|SE854855|England|10|2010|2023|UKBMS|54.2581|-0.6906|0.059|-3.950|0.6821
Bishop Monkton railway Cutting|SE315663|England|13|2011|2023|UKBMS|54.0916|-1.5199|5.490|1.943|0.6003
Silpho Quarry|SE962920|England|12|2011|2023|UKBMS|54.3145|-0.5227|4.710|1.884|0.5746
Askham Bog|SE572482|England|9|2011|2023|UKBMS|53.9268|-1.1304|1.780|0.852|0.9514
Staveley East|SE370630|England|13|2011|2023|UKBMS|54.0616|-1.4362|10.177|2.134|0.4993
Staveley West|SE362628|England|13|2011|2023|UKBMS|54.0599|-1.4485|5.302|3.023|0.6156
Malham Tarn NNR|SD890672|England|8|2013|2023|UKBMS|54.1006|-2.1697|3.019|-1.226|0.9374
Low Ox Pasture, Kilnsey|SD970685|England|8|2014|2023|UKBMS|54.1124|-2.0474|-0.045|2.251|0.7547
Ingleborough High Brae|SD791738|England|9|2014|2023|UKBMS|54.1596|-2.3216|0.102|2.263|0.7407
Flatts Lane Eston Moor|NZ551168|England|9|2015|2023|UKBMS|54.5435|-1.1498|1.063|-3.235|0.7388
Ellerburn new|SE853849|England|9|2015|2023|UKBMS|54.2527|-0.6923|2.258|2.541|0.8834
Brae Pasture|SD791740|England|8|2015|2022|UKBMS|54.1614|-2.3216|0.666|2.222|0.4967
Grass Wood|SD986656|England|9|2015|2023|UKBMS|54.0863|-2.0229|-0.054|-0.796|0.8967
Leyburn Old Glebe|SE101897|England|8|2015|2023|UKBMS|54.3028|-1.8463|4.520|4.337|0.5516
Southerscales|SD743762|England|9|2015|2023|UKBMS|54.1809|-2.3953|0.094|2.229|0.3747
Barlow Common|SE630286|England|8|2016|2023|UKBMS|53.7500|-1.0461|1.465|-0.898|0.8941
Wheldrake Ings|SE701441|England|8|2016|2023|UKBMS|53.8884|-0.9349|4.558|4.335|0.8845
Kiplingcotes Chalk Pit|SE914434|England|6|2016|2023|UKBMS|53.8788|-0.6112|2.230|2.252|0.9024
Upper Dunsforth Carrs|SE442628|England|8|2016|2023|UKBMS|54.0593|-1.3262|0.503|-1.883|0.9547
Whitcliffe|NZ137024|England|8|2016|2023|UKBMS|54.4169|-1.7904|-0.162|2.355|0.8734
Wooldale|SE150087|England|8|2016|2023|UKBMS|53.5747|-1.7749|4.873|3.547|0.6657
Green Hammerton|SE470570|England|7|2017|2023|UKBMS|54.0069|-1.2844|5.559|3.627|0.5484
Widdop|SD965311|England|7|2017|2023|UKBMS|53.7762|-2.0546|3.719|4.523|0.6823
Hollin Hall|SD987295|England|7|2017|2023|UKBMS|53.7619|-2.0212|-0.771|0.726|0.8100
Roundhay-Shadwell|SE336396|England|7|2017|2023|UKBMS|53.8516|-1.4907|3.048|3.711|0.7896
Strensall Common and World's End|SE660603|England|7|2017|2023|UKBMS|54.0345|-0.9938|-0.557|1.786|0.9206
Calley Heath|SE751496|England|6|2018|2023|UKBMS|53.9371|-0.8575|0.571|3.954|0.6828
Three Hagges Woodmeadow|SE626396|England|5|2019|2023|UKBMS|53.8489|-1.0499|3.038|1.546|0.6883
Ripon City Wetlands|SE332688|England|5|2019|2023|UKBMS|54.1140|-1.4936|-2.366|4.534|0.9349
East Riddlesden Hall|SE082416|England|4|2019|2023|UKBMS|53.8705|-1.8768|2.166|0.434|0.9275
Langrickgate, East Cottingwith|SE719425|England|5|2019|2023|UKBMS|53.8737|-0.9079|2.060|0.466|0.7770
Sutherland Beck|SE772905|England|5|2019|2023|UKBMS|54.3043|-0.8151|1.730|-0.838|0.7660
Maze Park|NZ468191|England|5|2019|2023|UKBMS|54.5650|-1.2777|2.139|1.060|0.9715
Main Bay Heath|SE453276|England|5|2019|2023|UKBMS|53.7428|-1.3146|0.782|2.960|0.9759
Bishop Wood|SE554336|England|5|2019|2023|UKBMS|53.7958|-1.1604|-2.459|0.653|0.7089
Foxglove Covert|SE160973|England|3|2019|2023|UKBMS|54.3710|-1.7552|-1.701|-0.669|0.8482
Lin Dyke Link|SE443269|England|5|2019|2023|UKBMS|53.7366|-1.3299|2.683|-1.146|0.9720
Riverbank Trail|SE461275|England|4|2019|2023|UKBMS|53.7419|-1.3025|0.127|-3.006|0.9147
Bolton Percy Station|SE528417|England|5|2019|2023|UKBMS|53.8688|-1.1985|1.477|-0.740|0.9794
Forest of Flowers, Home Farm, Huby|SE543657|England|4|2020|2023|UKBMS|54.0844|-1.1714|2.244|2.585|0.9360
Brockadale|SE507174|England|3|2021|2023|UKBMS|53.6507|-1.2344|0.360|-3.766|0.8911
Rodley Nature Reserve|SE235363|England|3|2021|2023|UKBMS|53.8224|-1.6445|5.565|1.923|0.5172
Meanwood Park Trail|SE278378|England|3|2021|2023|UKBMS|53.8357|-1.5790|2.506|-2.333|0.7933
Sprotborough Flash|SE533012|England|3|2021|2023|UKBMS|53.5048|-1.1979|2.129|1.850|0.9694
Allerthorpe Common|SE760477|England|3|2021|2023|UKBMS|53.9199|-0.8443|-0.986|-0.401|0.6763
Fordon Chalk Bank SSSI|TA057751|England|3|2021|2023|UKBMS|54.1608|-0.3827|2.488|2.585|0.7741
Wharram Quarry|SE859653|England|3|2021|2023|UKBMS|54.0765|-0.6886|1.993|0.723|0.7394
Nosterfield Quarry|SE277808|England|2|2021|2023|UKBMS|54.2222|-1.5767|-2.298|4.433|0.9266
Ecos Park|D119035|Northern Ireland|12|2005|2023|UKBMS|54.8667|-6.2579|0.009|5.029|0.6745
Lagan Meadows|J336704|Northern Ireland|14|2005|2023|UKBMS|54.5643|-5.9353|1.742|-1.224|0.9308
Slievenacloy|J245712|Northern Ireland|17|2006|2023|UKBMS|54.5737|-6.0756|3.482|3.001|0.6835
Banagher Glen|C672045|Northern Ireland|17|2006|2023|UKBMS|54.8837|-6.9537|-0.224|-0.965|0.7764
Minnowburn|J325685|Northern Ireland|14|2006|2023|UKBMS|54.5475|-5.9532|0.582|-2.989|0.4988
Belvoir Park Forest|J335695|Northern Ireland|14|2007|2023|UKBMS|54.5562|-5.9373|1.478|0.364|0.7018
Crom Estate|H355239|Northern Ireland|14|2007|2023|UKBMS|54.1629|-7.4573|-1.864|4.526|0.9007
Craigavon Lakes|J052579|Northern Ireland|15|2009|2023|UKBMS|54.4587|-6.3786|0.285|2.699|0.9112
Portstewart Strand|C795362|Northern Ireland|14|2009|2023|UKBMS|55.1666|-6.7533|2.042|3.146|0.4072
Oxford Island (new)|J048614|Northern Ireland|15|2009|2023|UKBMS|54.4902|-6.3835|2.934|1.953|0.4530
Whitepark Bay|D014437|Northern Ireland|10|2010|2023|UKBMS|55.2299|-6.4071|2.235|1.764|0.4214
Shaw's Bridge (Lagan Valley Regional Park)|J326692|Northern Ireland|8|2010|2023|UKBMS|54.5537|-5.9513|4.107|4.478|0.4831
Garry Bog NR|C935302|Northern Ireland|13|2011|2023|UKBMS|55.1102|-6.5357|-1.011|3.012|0.8638
Magilligan Point NR|C661389|Northern Ireland|11|2011|2023|UKBMS|55.1928|-6.9629|1.618|3.132|0.8249
Breen Oakwood|D121336|Northern Ireland|18|2006|2023|UKBMS|55.1369|-6.2430|0.374|-2.502|0.5649
Killykeeghan & Crossmurrin Nature Reserve|H107341|Northern Ireland|12|2011|2023|UKBMS|54.2557|-7.8366|0.043|-0.415|0.7604
Giant's Causeway|C946443|Northern Ireland|13|2011|2023|UKBMS|55.2366|-6.5137|3.893|4.397|0.6409
Cave Hill|J322788|Northern Ireland|11|2013|2023|UKBMS|54.6400|-5.9532|1.707|-0.818|0.8850
Murlough (single-species)|J401341|Northern Ireland|10|2014|2023|UKBMS|54.2366|-5.8520|-0.355|2.103|0.9211
Portmore Lough|J105689|Northern Ireland|6|2016|2023|UKBMS|54.5563|-6.2928|3.276|2.466|0.5817
Portmore Lough (Brannigans)|J102678|Northern Ireland|5|2016|2023|UKBMS|54.5465|-6.2978|4.195|0.528|0.7302
Mount Stewart - National Trust ? 01 ? South Fields|J561694|Northern Ireland|6|2018|2023|UKBMS|54.5488|-5.5883|5.650|5.391|0.4290
Mount Stewart - National Trust - 02 - Ploughmans Hill|J550702|Northern Ireland|6|2018|2023|UKBMS|54.5564|-5.6049|5.180|3.820|0.5194
Castle Ward (Temple Water)|J573498|Northern Ireland|4|2018|2023|UKBMS|54.3726|-5.5802|5.688|3.472|0.3389
Belvoir Top|J342694|Northern Ireland|5|2019|2023|UKBMS|54.5551|-5.9265|0.523|-2.693|0.8253
Crawfordsburn Country Park|J465821|Northern Ireland|5|2019|2023|UKBMS|54.6657|-5.7302|-0.538|-1.345|0.8587
Bog Meadows|J315726|Northern Ireland|3|2019|2023|UKBMS|54.5846|-5.9668|0.525|0.113|0.7832
Springhill House, National Trust|H867828|Northern Ireland|5|2019|2023|UKBMS|54.6858|-6.6564|1.449|1.833|0.2052
Brackfield Wood|C504102|Northern Ireland|4|2019|2023|UKBMS|54.9369|-7.2144|0.206|-0.701|0.6565
Derrymore|J055279|Northern Ireland|3|2020|2022|UKBMS|54.1892|-6.3846|4.329|0.825|0.6498
O'Neills Farm margins|J154837|Northern Ireland|3|2021|2023|UKBMS|54.6881|-6.2113|1.230|3.306|0.2021
Mullenakill, Peatlands Park|H893611|Northern Ireland|3|2021|2023|UKBMS|54.4905|-6.6227|-1.062|2.846|0.7288
Burntollet Wood|C507108|Northern Ireland|2|2022|2023|UKBMS|54.9422|-7.2097|-0.537|-1.459|0.8244
Orlock Coastal Path|J564832|Northern Ireland|2|2022|2023|UKBMS|54.6726|-5.5763|7.091|-0.059|0.6162
Killeter Bog|H085821|Northern Ireland|2|2022|2023|UKBMS|54.6869|-7.8690|-1.196|2.515|0.7947
Ravensgate Hill|SO980186|England|19|2005|2023|UKBMS|51.8660|-2.0305|3.688|2.753|0.9521
West Malvern|SO765458|England|18|2006|2023|UKBMS|52.1100|-2.3446|-0.274|-2.447|0.9730
Coombe Hill, Wotton-u-Edge, code 3604|ST764941|England|18|2006|2023|UKBMS|51.6452|-2.3425|4.199|3.743|0.4312
Old Hills Revised|SO826488|England|14|2006|2023|UKBMS|52.1372|-2.2556|3.562|1.557|0.6537
Gorsty Knoll|SO588088|England|14|2007|2022|UKBMS|51.7763|-2.5986|-0.292|0.030|0.8061
Lord's Wood|SO552151|England|10|2006|2022|UKBMS|51.8327|-2.6515|0.282|-4.082|0.6168
Masts Reserve|SO993246|England|17|2007|2023|UKBMS|51.9199|-2.0116|0.746|2.430|0.9476
Haugh Woods North 2007|SO590370|England|17|2007|2023|UKBMS|52.0299|-2.5990|-2.172|0.790|0.6314
Merbach Common|SO306447|England|16|2008|2023|UKBMS|52.0963|-3.0145|-0.606|0.209|0.8561
Bury Ditches|SO334839|England|16|2007|2023|UKBMS|52.4490|-2.9814|1.942|1.426|0.9408
Prees Heath Common Reserve|SJ560370|England|15|2009|2023|UKBMS|52.9286|-2.6560|1.593|2.666|0.9066
Trench Wood2|SO926587|England|14|2009|2023|UKBMS|52.2265|-2.1098|-0.301|-3.215|0.9362
Tiddesley Wood|SO927453|England|13|2009|2022|UKBMS|52.1060|-2.1080|0.293|-3.125|0.9451
Wrens Nest National Nature Reserve|SO937914|England|18|2004|2023|UKBMS|52.5204|-2.0943|0.685|-1.639|0.6892
Melrose Farm Meadows|SO816410|England|15|2009|2023|UKBMS|52.0671|-2.2698|7.277|3.769|0.5369
Lower Woods South|ST742865|England|7|2015|2023|UKBMS|51.5768|-2.3737|-0.506|-1.917|0.9318
Strawberry Banks|SO910033|England|10|2014|2023|UKBMS|51.7283|-2.1317|2.831|3.416|0.9395
Clemcroft, Nr Hazler Hill|SO461924|England|19|2005|2023|UKBMS|52.5268|-2.7959|4.158|0.302|0.7412
Kilkenny|SP004186|England|12|2010|2023|UKBMS|51.8660|-1.9956|2.128|4.351|0.4815
Feckenham Wylde Moor|SP011606|England|14|2010|2023|UKBMS|52.2436|-1.9853|-1.109|-0.917|0.9370
Hill Court Farm|SO825345|England|14|2010|2023|UKBMS|52.0087|-2.2564|4.076|2.782|0.8117
North Hill Malvern (2010)|SO770470|England|14|2010|2023|UKBMS|52.1208|-2.3373|-0.160|-1.876|0.9457
Hurst Coppice|SO752795|England|8|2010|2023|UKBMS|52.4129|-2.3660|-1.112|-1.075|0.8419
Wilden Marsh|SO825730|England|12|2011|2023|UKBMS|52.3548|-2.2584|3.181|0.811|0.6549
Highgate Common|SO836895|England|4|2011|2022|UKBMS|52.5031|-2.2430|1.154|1.734|0.8516
Avon Meadows Community Wetland|SO950465|England|12|2011|2023|UKBMS|52.1168|-2.0744|0.978|5.607|0.6848
Hartlebury Common and Charlton|SO824707|England|11|2011|2022|UKBMS|52.3341|-2.2597|0.575|0.972|0.9018
Bathpool Park|SJ836527|England|13|2011|2023|UKBMS|53.0713|-2.2462|-1.756|-1.025|0.8480
Rowley Hills. Land to south of Bury Hill Park|SO975896|England|11|2011|2023|UKBMS|52.5043|-2.0383|0.895|5.854|0.7487
Pound Green Common|SO752787|England|13|2011|2023|UKBMS|52.4057|-2.3660|-1.624|-1.531|0.9456
Queenswood Country Park|SO505515|England|12|2012|2023|UKBMS|52.1595|-2.7250|-0.468|-2.796|0.4056
Lower Kites Wood|SO978564|England|11|2013|2023|UKBMS|52.2058|-2.0336|1.026|-1.790|0.8654
Hollybed Farm|SO778382|England|11|2013|2023|UKBMS|52.0417|-2.3251|4.312|2.439|0.4043
Coombeswood Wedge|SO975848|England|11|2013|2023|UKBMS|52.4611|-2.0382|-1.784|-1.237|0.8852
Woodgate Valley|SP008833|England|11|2013|2023|UKBMS|52.4477|-1.9897|5.447|1.220|0.7335
Besford Court|SO914452|England|10|2014|2023|UKBMS|52.1051|-2.1270|1.952|4.201|0.3255
Stiperstones|SJ367002|England|7|2016|2023|UKBMS|52.5959|-2.9359|-0.719|2.653|0.8984
Mottey Meadows NNR|SJ840134|England|7|2014|2023|UKBMS|52.7180|-2.2383|4.406|4.249|0.7315
Highgate Common (2014 route)|SO840900|England|7|2014|2023|UKBMS|52.5077|-2.2372|1.811|2.151|0.8077
Aqualate Mere|SJ782204|England|5|2014|2023|UKBMS|52.7807|-2.3246|0.175|-3.373|0.9523
Rough Bank|SO907087|England|9|2014|2023|UKBMS|51.7769|-2.1362|0.739|2.466|0.8199
Linear Park Cinderford|SO649134|England|9|2015|2023|UKBMS|51.8181|-2.5106|0.333|-3.415|0.6884
Blackhouse Wood|SO733521|England|8|2015|2023|UKBMS|52.1665|-2.3918|-0.051|-3.919|0.8810
Moseley Green|SO633091|England|9|2015|2023|UKBMS|51.7794|-2.5334|1.684|-0.736|0.5167
The Bog|SO357978|England|4|2015|2023|UKBMS|52.5742|-2.9502|-0.349|3.120|0.5031
Monkwood North|SO803608|England|8|2016|2023|UKBMS|52.2450|-2.2900|-0.930|-3.001|0.6665
Highnam Woods (new)|SO778192|England|8|2016|2023|UKBMS|51.8709|-2.3238|0.219|-3.558|0.7103
Droitwich Woods|SO882626|England|7|2016|2022|UKBMS|52.2614|-2.1743|1.609|0.290|0.9542
Malvern Pinnacle Hill|SO769419|England|7|2017|2023|UKBMS|52.0750|-2.3385|4.036|2.885|0.7618
Malvern Poolbrook Common|SO786442|England|7|2017|2023|UKBMS|52.0957|-2.3138|6.944|4.575|0.3679
Lower Smite Farm|SO890590|England|6|2017|2023|UKBMS|52.2291|-2.1625|2.677|-0.035|0.4729
Sandwell RSPB|SP034926|England|4|2017|2023|UKBMS|52.5313|-1.9513|2.360|2.086|0.9024
Walsall Old Golf Course|SP037984|England|5|2017|2022|UKBMS|52.5834|-1.9468|-0.533|-1.781|0.9697
Stowell Park Gardens|SP087130|England|5|2017|2022|UKBMS|51.8156|-1.8752|0.123|5.813|0.2329
Sutton Park - Streetly Heath|SP091984|England|7|2017|2023|UKBMS|52.5833|-1.8671|-1.116|-2.209|0.9616
Joy's Wood|SP091820|England|7|2017|2023|UKBMS|52.4359|-1.8676|1.661|0.670|0.9449
Trittiford|SP097803|England|7|2017|2023|UKBMS|52.4206|-1.8588|1.996|4.914|0.7002
Blackberry Way|SP099821|England|7|2017|2023|UKBMS|52.4368|-1.8558|3.220|1.156|0.3235
Sheepscombe Common|SO894106|England|5|2018|2022|UKBMS|51.7939|-2.1551|1.604|1.355|0.7526
Llynclys Common|SJ268234|England|6|2018|2023|UKBMS|52.8032|-3.0872|-0.374|-1.737|0.5655
Malvern Swinyard Hill|SO762388|England|6|2018|2023|UKBMS|52.0471|-2.3484|1.731|0.454|0.7415
Bodenham Lake|SO525513|England|6|2018|2023|UKBMS|52.1579|-2.6958|2.035|-0.577|0.9025
Ifton Meadows|SJ317374|England|5|2019|2023|UKBMS|52.9296|-3.0175|1.625|2.633|0.6008
Hartlebury Common|SO823708|England|5|2019|2023|UKBMS|52.3350|-2.2612|-0.700|0.409|0.8041
Shatterford Wood|SO802824|England|5|2019|2023|UKBMS|52.4392|-2.2927|-0.450|-0.263|0.9626
Sims Wood|SU408015|England|28|1995|2023|UKBMS|50.8116|-1.4223|-0.824|-2.980|0.8402
Portsdown (compartments 1-3)|SU628067|England|18|2005|2023|UKBMS|50.8564|-1.1092|0.853|5.690|0.5728
Testwood Lakes - Lakeside|SU351151|England|19|2004|2023|UKBMS|50.9343|-1.5019|1.257|0.710|0.7914
Testwood Lakes - North|SU343156|England|20|2004|2023|UKBMS|50.9388|-1.5132|7.164|3.937|0.4493
Magdalen Hill Down North|SU508292|England|19|2005|2023|UKBMS|51.0599|-1.2765|3.764|3.956|0.4750
Pilot Hill|SU398595|England|17|2007|2023|UKBMS|51.3332|-1.4301|1.795|1.481|0.7664
Bramshott Common|SU857335|England|17|2007|2023|UKBMS|51.0944|-0.7776|-1.074|0.018|0.9028
Hazleton Common (new)|SU703121|England|18|2006|2023|UKBMS|50.9041|-1.0016|0.653|-3.318|0.8593
St Catherine's Hill|SU482274|England|14|2007|2023|UKBMS|51.0439|-1.3138|3.477|3.361|0.9033
Dibden Bottom (north)|SU393071|England|17|2007|2023|UKBMS|50.8621|-1.4430|-0.295|2.684|0.9245
Southampton Old Cemetery|SU414136|England|18|2006|2023|UKBMS|50.9204|-1.4124|-0.943|-1.295|0.9286
The HOLT-Soakfield Row and Broadwalk|SU709123|England|16|2008|2023|UKBMS|50.9058|-0.9930|5.670|3.153|0.5832
Danebury Hill Fort Hampshire|SU325377|England|16|2008|2023|UKBMS|51.1377|-1.5369|3.105|1.952|0.9745
Hocombe Mead 2|SU430227|England|16|2008|2023|UKBMS|51.0021|-1.3886|2.328|-2.635|0.9657
Ashford Hill Woods & Meadows|SU564616|England|16|2008|2023|UKBMS|51.3507|-1.1915|1.166|-2.084|0.7915
Sparsholt (Ower Wood & Grassland)|SU419321|England|15|2008|2023|UKBMS|51.0867|-1.4032|0.936|-2.678|0.8914
The Commons Roydon|SU315005|England|18|2005|2023|UKBMS|50.8032|-1.5544|3.290|2.217|0.9667
Spearywell Mottisfont|SU309270|England|14|2010|2023|UKBMS|51.0415|-1.5606|0.262|4.319|0.5625
Down Grange Meadow, Kempshott|SU607497|England|14|2010|2023|UKBMS|51.2433|-1.1318|4.008|3.679|0.7130
Janesmoor Plain|SU247133|England|8|2010|2023|UKBMS|50.9186|-1.6500|0.044|3.056|0.9531
Priors Hill Copse|SU468092|England|13|2011|2023|UKBMS|50.8804|-1.3361|-0.800|-2.970|0.9091
Kings Copse|SU426017|England|13|2011|2023|UKBMS|50.8133|-1.3967|1.062|-2.598|0.8862
Great Copse|SU320282|England|11|2011|2023|UKBMS|51.0523|-1.5448|7.132|3.730|0.8437
Shipton Bellinger (West)|SU218456|England|12|2012|2023|UKBMS|51.2092|-1.6893|1.648|1.880|0.9557
BEAULIEU HEATH NORTH|SU350018|England|12|2012|2023|UKBMS|50.8147|-1.5046|-0.279|3.146|0.9551
Hawkhill|SU351019|England|12|2012|2023|UKBMS|50.8156|-1.5031|-1.568|0.618|0.8903
Pondhead|SU307073|England|12|2012|2023|UKBMS|50.8644|-1.5651|1.808|-2.451|0.9655
Standing Hat|SU315036|England|12|2012|2023|UKBMS|50.8311|-1.5541|1.404|3.632|0.9276
Warren Farm|SZ419972|England|12|2012|2023|UKBMS|50.7729|-1.4072|0.298|3.709|0.9003
Barton Common|SZ247932|England|11|2013|2023|UKBMS|50.7379|-1.6513|1.852|4.049|0.6598
Godshill|SU177161|England|11|2013|2023|UKBMS|50.9441|-1.7494|-0.905|-1.411|0.9334
Perrywood Ivy|SU320034|England|11|2013|2023|UKBMS|50.8293|-1.5470|-0.841|0.230|0.8933
Magdalen Hill Down (Old Allotments)|SU497293|England|11|2013|2023|UKBMS|51.0609|-1.2922|6.533|3.912|0.8710
Anton Lakes Local Nature Reserve|SU360469|England|11|2013|2023|UKBMS|51.2202|-1.4859|0.833|-1.918|0.9152
Old Down, Basingstoke|SU597488|England|11|2013|2023|UKBMS|51.2353|-1.1463|3.735|3.585|0.9642
Ladies Walk Down|SU371447|England|11|2013|2023|UKBMS|51.2003|-1.4704|2.291|1.357|0.9466
Rooksbury Mill Local Nature Reserve|SU355445|England|11|2013|2023|UKBMS|51.1986|-1.4933|-1.738|-0.991|0.9009
Coulters Dean|SU747191|England|7|2013|2023|UKBMS|50.9665|-0.9376|4.649|1.550|0.2793
Tadburn Meadows Local Nature Reserve|SU369215|England|11|2013|2023|UKBMS|50.9917|-1.4756|-1.746|-0.931|0.8489
Zionshill Copse Local Nature Reserve|SU419204|England|11|2013|2023|UKBMS|50.9815|-1.4045|-1.817|-1.440|0.9503
Spearywell North|SU313281|England|10|2013|2023|UKBMS|51.0514|-1.5548|0.095|-4.207|0.7564
Normandy Marsh|SZ331944|England|10|2014|2023|UKBMS|50.7483|-1.5322|7.410|4.006|0.8575
Foxbury|SU296167|England|9|2014|2023|UKBMS|50.9490|-1.5800|2.760|3.405|0.8699
Speltham Down|SU647149|England|9|2014|2023|UKBMS|50.9299|-1.0807|3.929|0.752|0.7909
Broadley Inclosure|SZ252993|England|10|2014|2023|UKBMS|50.7927|-1.6438|1.643|-1.425|0.8898
Hook Heath|SU645079|England|10|2014|2023|UKBMS|50.8670|-1.0848|-0.194|-3.333|0.7435
Wendleholme (new)|SU491075|England|10|2014|2023|UKBMS|50.8649|-1.3037|1.679|-3.209|0.9297
Rockford Common|SU173089|England|10|2014|2023|UKBMS|50.8793|-1.7555|1.923|-1.578|0.8891
Broxhead Common|SU803373|England|10|2014|2023|UKBMS|51.1294|-0.8538|-0.495|3.295|0.8983
RSPB Hazeley Heath North|SU748586|England|8|2015|2023|UKBMS|51.3216|-0.9280|-0.782|-0.747|0.9104
RSPB Hazeley Heath South|SU757579|England|8|2015|2023|UKBMS|51.3152|-0.9152|-0.681|-0.117|0.9226
Breamore|SU144200|England|9|2015|2023|UKBMS|50.9792|-1.7963|10.179|2.391|0.4794
Portsdown SSSI East 7 - 10|SU657063|England|9|2015|2023|UKBMS|50.8525|-1.0680|1.337|-0.499|0.7539
Holmsley|SU225004|England|9|2015|2023|UKBMS|50.8027|-1.6821|-0.752|-2.505|0.9273
Ridge Copse|SU347181|England|9|2015|2023|UKBMS|50.9613|-1.5073|2.016|-2.889|0.9428
Hasley|SU195119|England|9|2015|2023|UKBMS|50.9062|-1.7240|-0.468|0.283|0.6163
Hollybank Woods Transect 1|SU745081|England|9|2015|2023|UKBMS|50.8676|-0.9427|1.061|-2.081|0.9562
Pondhead Wood|SU308070|England|9|2015|2023|UKBMS|50.8617|-1.5637|2.106|-2.141|0.9379
Tidpit Common|SU067180|England|9|2015|2023|UKBMS|50.9614|-1.9060|6.405|4.761|0.3081
Fields Heath|SU451023|England|9|2015|2023|UKBMS|50.8185|-1.3612|3.236|2.595|0.8569
Mockbeggar|SU158088|England|8|2016|2023|UKBMS|50.8785|-1.7768|-1.921|4.647|0.9416
Magdalen Hill Down (Tree & Shrub East)|SU510293|England|8|2016|2023|UKBMS|51.0608|-1.2736|1.560|0.688|0.9828
Pitt Down|SU417293|England|8|2016|2023|UKBMS|51.0615|-1.4063|2.488|1.925|0.9715
Bubbenhall Meadow|SP373717|England|16|2008|2023|UKBMS|52.3421|-1.4539|-2.199|4.831|0.8626
Bubbenhall Wood|SP369717|England|16|2008|2023|UKBMS|52.3421|-1.4598|2.335|-2.663|0.9428
HARBURY SPOILBANK NORTH|SP385602|England|16|2008|2023|UKBMS|52.2387|-1.4376|1.949|-2.267|0.9416
Ryton Meadows Bund (Species)|SP376727|England|16|2008|2023|UKBMS|52.3511|-1.4494|2.107|4.150|0.9325
Wappenbury Wood|SP379710|England|16|2008|2023|UKBMS|52.3358|-1.4452|0.023|-3.226|0.7832
Deans Green|SP132682|England|14|2010|2023|UKBMS|52.3118|-1.8078|5.647|1.523|0.8571
Draycote Water|SP466693|England|13|2011|2023|UKBMS|52.3198|-1.3178|0.909|-2.768|0.9434
Ufton Fields NR (2011 route)|SP378615|England|13|2011|2023|UKBMS|52.2504|-1.4477|5.938|2.829|0.7015
Ryton Pools Country Park|SP374725|England|13|2011|2023|UKBMS|52.3493|-1.4524|3.854|3.170|0.9713
Brandon Marsh|SP385755|England|11|2012|2023|UKBMS|52.3762|-1.4359|1.921|-2.739|0.9809
Brandon Wood|SP394766|England|12|2012|2023|UKBMS|52.3860|-1.4225|-1.934|-1.055|0.9586
Coombe Abbey Country Park Meadows|SP401796|England|12|2012|2023|UKBMS|52.4129|-1.4119|-0.276|-2.788|0.8509
Coombe Abbey Country Park Poolside|SP392789|England|12|2012|2023|UKBMS|52.4067|-1.4252|-0.625|-2.254|0.7798
Coombe Abbey Country Park Woodland|SP395799|England|12|2012|2023|UKBMS|52.4157|-1.4207|-1.580|-0.403|0.8124
Drayote Water Treatment|SP453703|England|12|2012|2023|UKBMS|52.3289|-1.3367|0.490|1.709|0.8855
Hampton Wood|SP254600|England|13|2011|2023|UKBMS|52.2376|-1.6295|-0.006|-1.609|0.8141
Long Itchington (SUSTRANS)|SP408646|England|12|2012|2023|UKBMS|52.2780|-1.4034|8.942|1.437|0.4700
Southam Old Quarry|SP420642|England|12|2012|2023|UKBMS|52.2744|-1.3859|3.593|0.499|0.6149
RSPB Middleton Lakes 1|SP193982|England|11|2012|2023|UKBMS|52.5813|-1.7166|-0.055|4.760|0.8077
RSPB Middleton Lakes 2|SP202989|England|11|2012|2023|UKBMS|52.5875|-1.7033|-1.437|-0.643|0.9452
Weston and Waverley Woods (2013 route)|SP353700|England|11|2013|2023|UKBMS|52.3270|-1.4835|-0.819|-3.140|0.9272
Fenny Compton Tunnels|SP438522|England|11|2013|2023|UKBMS|52.1663|-1.3610|1.152|0.255|0.9567
Swift Valley Country Park|SP505775|England|11|2013|2023|UKBMS|52.3932|-1.2593|-0.068|-0.840|0.9619
Tasker's Meadow|SP438651|England|10|2014|2023|UKBMS|52.2823|-1.3594|3.531|-0.828|0.8992
Binswood Allotments|SP307668|England|10|2014|2023|UKBMS|52.2985|-1.5512|1.313|5.441|0.3547
Old Nun Wood|SP382709|England|9|2015|2023|UKBMS|52.3349|-1.4408|-1.160|-2.108|0.9283
Ashlawn Cutting|SP516731|England|8|2016|2023|UKBMS|52.3535|-1.2438|3.959|3.050|0.9574
Charlecote Place's & Hill Park|SP260566|England|7|2016|2023|UKBMS|52.2070|-1.6209|6.472|3.690|0.7412
Southam Bypass North|SP421626|England|8|2016|2023|UKBMS|52.2600|-1.3846|9.485|1.329|0.1717
Charlecote Gardens|SP259563|England|7|2016|2023|UKBMS|52.2043|-1.6224|6.180|2.842|0.4430
Charlecote West Park|SP259562|England|7|2016|2023|UKBMS|52.2034|-1.6224|2.337|0.975|0.4927
Fenny Compton Tunnels Copse|SP434524|England|8|2016|2023|UKBMS|52.1682|-1.3669|0.700|2.549|0.8905
Weston & Waverley (Purple Emperor)|SP354702|England|7|2016|2023|UKBMS|52.3288|-1.4820|2.041|-1.957|0.8901
Sun Rising Natural Burial Ground|SP350459|England|7|2017|2023|UKBMS|52.1103|-1.4903|5.158|4.041|0.5204
Wolvey Meadows|SP423879|England|5|2017|2022|UKBMS|52.4874|-1.3785|6.336|2.364|0.7952
Stockton Cutting (New)|SP439649|England|7|2017|2023|UKBMS|52.2805|-1.3579|1.393|1.449|0.8146
Malpass|SP487759|England|7|2017|2023|UKBMS|52.3790|-1.2860|1.056|-0.480|0.9885
Ettington Cutting North|SP264491|England|6|2018|2023|UKBMS|52.1396|-1.6157|2.562|2.405|0.7629
Packwood House|SP174722|England|6|2018|2023|UKBMS|52.3476|-1.7460|4.734|1.965|0.6689
Ettington Cutting South|SP264486|England|6|2018|2023|UKBMS|52.1351|-1.6157|6.294|3.817|0.3707
HoEF Noleham A|SP144484|England|6|2018|2023|UKBMS|52.1337|-1.7910|1.702|3.757|0.6167
HoEF Noleham B|SP144490|England|6|2018|2023|UKBMS|52.1391|-1.7910|4.846|3.858|0.7535
HoEF Noleham C|SP142491|England|6|2018|2023|UKBMS|52.1400|-1.7939|0.982|-3.010|0.9007
Southam Bypass South|SP418611|England|6|2018|2023|UKBMS|52.2465|-1.3892|0.246|5.706|0.8468
Napton Church Meadow|SP462613|England|6|2018|2023|UKBMS|52.2479|-1.3247|4.052|1.991|0.7573
Napton Church|SP463612|England|6|2018|2023|UKBMS|52.2470|-1.3233|6.464|3.685|0.7219
HoEF Alne Wood|SP107614|England|5|2019|2023|UKBMS|52.2507|-1.8447|-0.454|-2.916|0.9519
HoEF Alne Park|SP105612|England|5|2019|2023|UKBMS|52.2489|-1.8476|3.284|2.681|0.8499
HoEF Alne Plantations|SP103612|England|5|2019|2023|UKBMS|52.2489|-1.8506|1.594|0.464|0.9691
HoEF Coughton Park|SP064608|England|5|2019|2023|UKBMS|52.2453|-1.9077|0.547|-1.794|0.9859
Newton Cutting|SP531787|England|5|2019|2023|UKBMS|52.4037|-1.2209|5.049|1.160|0.8532
Newton Cutting South|SP529785|England|5|2019|2023|UKBMS|52.4020|-1.2239|-0.814|-2.357|0.7222
HoEF College Wood|SP082636|England|4|2020|2023|UKBMS|52.2705|-1.8813|5.967|5.012|0.2947
HoEF Morgrove Coppice|SP098627|England|4|2020|2023|UKBMS|52.2624|-1.8578|1.310|-2.323|0.9561
HoEF Spernal Park|SP101626|England|4|2020|2023|UKBMS|52.2615|-1.8534|1.682|-1.183|0.9540
HoEF Spernal Plantations|SP098629|England|4|2020|2023|UKBMS|52.2642|-1.8578|-1.714|0.289|0.8977
HoEF Netherstead Options Field|SP105642|England|4|2020|2023|UKBMS|52.2759|-1.8475|3.023|1.812|0.8942
HoEF Bannam's Wood|SP112639|England|4|2020|2023|UKBMS|52.2731|-1.8373|-0.354|-2.002|0.9027
Luddington Nature Reserve|SP160528|England|3|2021|2023|UKBMS|52.1732|-1.7675|7.060|0.236|0.0310
Compton Verney Old Town Meadow onwards|SP313528|England|2|2022|2023|UKBMS|52.1726|-1.5437|2.962|-1.240|0.9382
HOEF Gorcott Hill Grassland|SP089678|England|2|2022|2023|UKBMS|52.3082|-1.8709|1.525|4.153|0.8271
HoEF Oak Wood|SP098696|England|2|2022|2023|UKBMS|52.3244|-1.8576|1.371|0.931|0.9035
Ladywalk NR|SP213917|England|2|2022|2023|UKBMS|52.5228|-1.6875|0.197|-1.775|0.9571
Ryton Pools Country Park: Offsetting Meadow 1|SP369723|England|2|2022|2023|UKBMS|52.3475|-1.4597|6.975|3.590|0.8210
HoEF Newnham|SP155596|England|2|2022|2023|UKBMS|52.2344|-1.7745|3.896|2.985|0.8999
HoEF Gorcott Hill Woodland|SP091679|England|2|2022|2023|UKBMS|52.3091|-1.8679|-0.611|-3.347|0.9659
HoEF Colletts Farm|SP126503|England|2|2022|2023|UKBMS|52.1508|-1.8173|4.086|2.574|0.5307
Waterford Heath South|TL317149|England|16|2008|2023|UKBMS|51.8172|-0.0907|1.061|-1.598|0.9286
Heartwood Forest|TL163109|England|14|2010|2023|UKBMS|51.7847|-0.3154|1.621|-2.369|0.8983
Tring Park (9 sections)|SP927100|England|10|2011|2023|UKBMS|51.7810|-0.6576|1.217|-1.490|0.9355
Lake Farm Country Park|TQ090804|England|11|2011|2022|UKBMS|51.5120|-0.4307|5.975|2.994|0.8477
Harpenden Common|TL137134|England|11|2011|2023|UKBMS|51.8077|-0.3522|6.573|3.325|0.8620
Stocker's Lake 2012|TQ045935|England|12|2012|2023|UKBMS|51.6306|-0.4916|0.407|2.887|0.8542
Roughdown Common (Lower)|TL048055|England|12|2012|2023|UKBMS|51.7384|-0.4837|1.237|-0.325|0.9447
Gravel Hill|TL216170|England|11|2013|2023|UKBMS|51.8384|-0.2365|7.921|1.726|0.2894
St James's Park / Green Park|TQ295798|England|10|2013|2023|UKBMS|51.5023|-0.1356|-1.534|4.318|0.8677
Danemead Nature Reserve|TL346079|England|11|2013|2023|UKBMS|51.7536|-0.0514|0.085|-2.517|0.9119
Tottenham Wildmarsh West|TQ351905|England|6|2014|2023|UKBMS|51.5972|-0.0509|0.931|5.113|0.7952
Halsey Field|TL042088|England|9|2015|2023|UKBMS|51.7682|-0.4914|7.045|5.088|0.1528
Heartwood Forest - Transect 2|TL171123|England|9|2015|2023|UKBMS|51.7971|-0.3033|6.801|3.852|0.7523
Panshanger - Lady Hughes Wood|TL300125|England|6|2015|2023|UKBMS|51.7960|-0.1163|7.236|3.727|0.7114
Panshanger - Rifle Butts|TL299122|England|6|2015|2023|UKBMS|51.7934|-0.1178|4.595|3.201|0.6021
Panshanger - Chisel Shelf|TL294121|England|5|2015|2023|UKBMS|51.7926|-0.1251|1.944|-3.040|0.6702
Pinn Meadow|TQ094880|England|2|2015|2023|UKBMS|51.5803|-0.4225|0.862|3.637|0.5471
Totteridge Fields|TQ222940|England|7|2016|2023|UKBMS|51.6315|-0.2358|0.876|-1.786|0.9358
Hedgeswood Common to Hoo Wood|TL031131|England|8|2016|2023|UKBMS|51.8070|-0.5060|6.577|1.443|0.2185
Broxbourne west ride|TL325070|England|8|2016|2023|UKBMS|51.7460|-0.0822|0.208|-2.856|0.9473
Aldbury Nowers N1|SP949138|England|8|2016|2023|UKBMS|51.8148|-0.6247|3.443|0.462|0.8027
Bencroft Field|TL330062|England|8|2016|2023|UKBMS|51.7387|-0.0752|0.583|-2.762|0.8991
London Zoo Car Park|TQ283836|England|7|2016|2023|UKBMS|51.5367|-0.1515|0.723|1.010|0.8576
Knebworth Woods|TL227227|England|7|2017|2023|UKBMS|51.8894|-0.2185|-0.668|-2.711|0.7826
Osterley Park|TQ145780|England|6|2018|2023|UKBMS|51.4894|-0.3522|0.672|4.971|0.7145
Chorleywood Common 2019|TQ029958|England|5|2019|2023|UKBMS|51.6516|-0.5140|6.297|3.366|0.9046
Alexandra Park|TQ302903|England|5|2019|2023|UKBMS|51.5965|-0.1217|0.709|3.103|0.3343
Norton Common LGC|TL218333|England|3|2020|2022|UKBMS|51.9848|-0.2278|0.495|-0.378|0.8975
Greenwood Park|TL139051|England|3|2021|2023|UKBMS|51.7330|-0.3521|7.429|3.952|0.6474
London Zoo amended 2021|TQ281834|England|3|2021|2023|UKBMS|51.5350|-0.1545|3.565|-0.308|0.8548
Greater Stanmore Country Park|TQ171932|England|3|2021|2023|UKBMS|51.6254|-0.3097|2.616|1.139|0.9109
Highgate Cemetery West|TQ284870|England|3|2021|2023|UKBMS|51.5673|-0.1488|-1.559|-1.404|0.7676
Highgate Cemetery East|TQ286869|England|3|2021|2023|UKBMS|51.5663|-0.1460|-1.284|-0.677|0.5624
Golders Hill Park|TQ256868|England|2|2021|2022|UKBMS|51.5661|-0.1893|2.899|2.694|0.5222
Hampstead Heath Highgate Ponds|TQ275867|England|2|2021|2023|UKBMS|51.5648|-0.1619|4.189|2.309|0.6420
Mount Vernon Cancer Centre|TQ077917|England|2|2021|2022|UKBMS|51.6138|-0.4459|1.731|-1.122|0.9336
Chadwell Bank|TL349136|England|2|2022|2023|UKBMS|51.8048|-0.0448|2.056|4.592|0.6345
Panshanger - Great Oak|TL288130|England|2|2022|2023|UKBMS|51.8008|-0.1335|7.234|3.837|0.6929
Westbrook Hay Fields|TL030058|England|2|2022|2023|UKBMS|51.7414|-0.5096|5.282|3.524|0.5431
Bovingdon Brickworks|TL007029|England|2|2022|2023|UKBMS|51.7158|-0.5438|1.974|1.536|0.9089
Gladstone Park|TQ223857|England|2|2022|2023|UKBMS|51.5569|-0.2373|6.379|3.311|0.6303
Panshanger- Cole Green|TL280122|England|2|2022|2023|UKBMS|51.7938|-0.1454|2.969|0.324|0.8004
Wormwood Scrubs|TQ223817|England|2|2022|2023|UKBMS|51.5210|-0.2386|7.298|4.853|0.2991
Panshanger- Brocket Hill|TL283127|England|2|2022|2023|UKBMS|51.7982|-0.1408|-0.924|-1.984|0.6375
Bunchley's Pond|TL226065|England|2|2022|2023|UKBMS|51.7438|-0.2257|0.991|0.907|0.8895
Kempton Nature Reserve|TQ117709|England|2|2022|2023|UKBMS|51.4261|-0.3948|-1.827|4.516|0.4056
Castle Semple Country Park|NS367600|Scotland|14|2010|2023|UKBMS|55.8056|-4.6071|0.265|-0.511|0.9673
Glasdrum Mountain Ringlet|NM996463|Scotland|16|2002|2022|UKBMS|56.5658|-5.2632|-0.967|2.304|0.7432
Greenock Cut|NS247720|Scotland|14|2010|2023|UKBMS|55.9091|-4.8061|1.871|1.906|0.8066
Castlehill|ND194684|Scotland|13|2010|2023|UKBMS|58.5961|-3.3884|0.022|-4.194|0.7181
Haddington Clerkington|NT508732|Scotland|11|2011|2023|UKBMS|55.9493|-2.7894|0.151|0.834|0.8029
Hurlethill|NS513614|Scotland|13|2011|2023|UKBMS|55.8229|-4.3751|0.301|0.522|0.8792
Robroyston Park LNR|NS629683|Scotland|11|2011|2022|UKBMS|55.8883|-4.1936|1.270|1.756|0.8404
Lochgoin Reservoir|NS535472|Scotland|7|2011|2023|UKBMS|55.6961|-4.3324|-1.119|2.330|0.7102
Archerfield|NT517841|Scotland|11|2012|2023|UKBMS|56.0473|-2.7770|1.587|5.091|0.4992
Hopetoun House Transect one|NT088790|Scotland|9|2012|2023|UKBMS|55.9953|-3.4637|6.281|4.841|0.1700
Langlands Moss LNR|NS634514|Scotland|11|2013|2023|UKBMS|55.7367|-4.1772|0.056|0.672|0.8091
Ballinlaggan|NH948245|Scotland|11|2013|2023|UKBMS|57.2989|-3.7475|-1.072|2.005|0.8537
Hogganfield Park LNR|NS645671|Scotland|10|2013|2023|UKBMS|55.8779|-4.1675|1.700|1.842|0.9507
Rogart Quarry|NC742015|Scotland|11|2013|2023|UKBMS|57.9849|-4.1292|-0.825|0.895|0.7570
Ardochrig Hill|NS637469|Scotland|11|2013|2023|UKBMS|55.6963|-4.1701|-0.245|0.773|0.6936
Beinn Eighe|NH025620|Scotland|8|2013|2023|UKBMS|57.6046|-5.3073|-0.842|2.117|0.7367
Cambus O' May|NO400982|Scotland|8|2013|2023|UKBMS|57.0709|-2.9912|-0.650|1.607|0.7564
Mersehead RSPB|NX930556|Scotland|9|2014|2023|UKBMS|54.8837|-3.6694|7.307|0.431|0.3926
Cardowan Moss LNR|NS654672|Scotland|7|2014|2022|UKBMS|55.8791|-4.1531|0.375|0.468|0.9119
Ullapool|NH125944|Scotland|7|2014|2023|UKBMS|57.8995|-5.1655|1.357|2.869|0.6527
Preston Mill|NT594778|Scotland|7|2014|2022|UKBMS|55.9914|-2.6524|2.863|0.926|0.5872
Cambus Village Pools|NS853935|Scotland|10|2014|2023|UKBMS|56.1204|-3.8465|-2.433|5.418|0.9099
Kinneil|NS963812|Scotland|10|2014|2023|UKBMS|56.0125|-3.6649|2.029|2.401|0.9689
Cathkin Marsh|NS621574|Scotland|9|2015|2023|UKBMS|55.7902|-4.2009|0.462|0.798|0.8327
Coulter's Wood|NS606574|Scotland|9|2015|2023|UKBMS|55.7897|-4.2248|0.387|-1.269|0.8597
Kingshill LNR|NS856567|Scotland|8|2016|2023|UKBMS|55.7900|-3.8260|-0.367|1.755|0.6563
Lower Killeyan to Giol|NR280435|Scotland|8|2016|2023|UKBMS|55.6088|-6.3206|-0.116|2.243|0.6830
Blacklaw Wood|NS923484|Scotland|8|2016|2023|UKBMS|55.7170|-3.7160|0.173|-0.560|0.6972
Longcarse|NS865924|Scotland|8|2016|2023|UKBMS|56.1108|-3.8267|0.472|-1.133|0.8943
Polldubh|NN158684|Scotland|6|2016|2023|UKBMS|56.7707|-5.0158|-0.686|0.691|0.5927
South River Nevis|NN145684|Scotland|6|2016|2023|UKBMS|56.7701|-5.0370|-0.666|0.480|0.9199
Plean Country Park|NS829866|Scotland|7|2017|2023|UKBMS|56.0579|-3.8820|0.501|-1.180|0.9611
Ken Dee Marshes|NX693691|Scotland|5|2018|2023|UKBMS|54.9993|-4.0448|-0.219|-0.576|0.8959
Sustrans NCN77 Dunkeld and Birnam|NO030418|Scotland|5|2017|2022|UKBMS|56.5581|-3.5797|0.093|3.991|0.9572
Loch Leven - Vane (2012 route)|NT159989|Scotland|6|2018|2023|UKBMS|56.1753|-3.3562|2.123|2.149|0.4837
Dundee Law|NO391313|Scotland|5|2018|2022|UKBMS|56.4699|-2.9901|-1.253|-0.111|0.9758
Glen Rosa|NR985384|Scotland|2|2018|2022|UKBMS|55.5974|-5.1997|-0.889|0.934|0.6085
Dighty Burn|NO447326|Scotland|6|2018|2023|UKBMS|56.4822|-2.8995|0.467|6.025|0.8495
Sustrans NCN77 Section 2|NO112256|Scotland|6|2018|2023|UKBMS|56.4142|-3.4409|4.911|2.506|0.3497
Greenhead Moss LNR|NS810548|Scotland|6|2018|2023|UKBMS|55.7718|-3.8985|0.211|-0.623|0.9584
Bracketts Coppice II (DWT)|ST515066|England|10|2014|2023|UKBMS|50.8569|-2.6904|4.419|3.048|0.5943
Avon Heath North 2014|SU125032|England|10|2014|2023|UKBMS|50.8282|-1.8239|-0.923|2.881|0.9453
Ryewater Nursery|ST665105|England|9|2015|2023|UKBMS|50.8930|-2.4777|1.792|0.649|0.9344
Higher Hyde Heath (DWT) II|SY855903|England|8|2016|2023|UKBMS|50.7121|-2.2067|-0.605|2.539|0.9461
Hambledon Hill|ST843126|England|6|2018|2023|UKBMS|50.9126|-2.2247|7.003|5.178|0.3087
Weymouth Relief Road|SY672856|England|6|2018|2023|UKBMS|50.6691|-2.4655|9.942|2.429|0.3743
RSPB Arne Coombe Heath|SY971872|England|4|2018|2023|UKBMS|50.6844|-2.0424|-1.007|3.163|0.9099
Hogchester|SY352945|England|2|2019|2022|UKBMS|50.7465|-2.9198|5.765|1.720|0.8167
RSPB Chafey’s Weymouth|SY669801|England|5|2019|2023|UKBMS|50.6197|-2.4692|1.905|0.112|0.9048
Wyke Regis|SY651778|England|3|2021|2023|UKBMS|50.5989|-2.4945|6.563|3.185|0.6005
Bishops Court North|ST934030|England|2|2022|2023|UKBMS|50.8265|-2.0951|4.002|3.120|0.9462
Bishops Court South|ST938028|England|2|2022|2023|UKBMS|50.8247|-2.0894|3.048|2.069|0.7796
Wild Woodbury South|SY860935|England|2|2022|2023|UKBMS|50.7409|-2.1998|6.813|3.337|0.4609
Wild Woodbury|SY852941|England|2|2022|2023|UKBMS|50.7463|-2.2111|7.351|4.547|0.6676
Hooke Farm|ST532006|England|2|2022|2023|UKBMS|50.8031|-2.6655|6.671|5.065|0.3276
Hicks|SZ103966|England|2|2022|2023|UKBMS|50.7689|-1.8553|7.412|5.127|0.7502
Leigh Woods|ST561733|England|6|2011|2023|UKBMS|51.4570|-2.6332|1.204|-0.844|0.8667
Collard Hill|ST487340|England|10|2011|2023|UKBMS|51.1030|-2.7341|5.819|1.791|0.7709
Shute Shelve Hill|ST423549|England|13|2011|2023|UKBMS|51.2903|-2.8288|6.409|3.615|0.7730
Ash Priors Common (2013)|ST152289|England|11|2013|2023|UKBMS|51.0532|-3.2112|-1.118|-0.334|0.8839
Netherclay|ST197250|England|10|2013|2022|UKBMS|51.0187|-3.1462|6.104|2.229|0.4235
Wych Lodge Valley|ST251199|England|11|2013|2023|UKBMS|50.9736|-3.0682|1.017|-2.333|0.9670
Shapwick Heath East|ST426406|England|11|2013|2023|UKBMS|51.1618|-2.8222|0.616|-1.674|0.9387
Shapwick Heath Canada Farm|ST417406|England|11|2013|2023|UKBMS|51.1617|-2.8351|0.120|-0.987|0.9742
Cheddar Wood 2013|ST448556|England|11|2013|2023|UKBMS|51.2968|-2.7931|0.171|-2.255|0.9657
Lower Chelmsine|ST192185|England|10|2014|2023|UKBMS|50.9602|-3.1519|3.214|0.419|0.7756
Bennett's Patch and White's Paddock|ST551752|England|9|2015|2023|UKBMS|51.4740|-2.6479|1.579|4.273|0.9033
Priddy Mineries|ST546510|England|9|2015|2023|UKBMS|51.2563|-2.6520|0.068|-1.037|0.9751
Knyfton's Firs|ST500501|England|9|2015|2023|UKBMS|51.2479|-2.7177|-0.176|-3.209|0.7734
Meads Eco Park|ST292362|England|6|2016|2022|UKBMS|51.1207|-3.0130|2.815|3.635|0.8687
Lusty Hill Farm|ST681341|England|4|2016|2023|UKBMS|51.1053|-2.4570|1.392|-0.050|0.7075
Narroways and Ashley Hill Allotments|ST599751|England|7|2017|2023|UKBMS|51.4734|-2.5787|0.351|4.146|0.6208
Packhorse Meadow|ST751614|England|7|2017|2023|UKBMS|51.3511|-2.3589|1.632|-1.790|0.7403
Ubley Warren 2018|ST505555|England|6|2018|2023|UKBMS|51.2965|-2.7113|2.553|2.653|0.9258
Fyne Court 2|ST222320|England|6|2018|2023|UKBMS|51.0820|-3.1121|0.189|-2.155|0.7284
Cadbury Camp|ST454724|England|6|2018|2023|UKBMS|51.4479|-2.7871|6.454|4.142|0.8687
Cothelstone Hill|ST191326|England|6|2018|2023|UKBMS|51.0870|-3.1564|4.464|3.766|0.6180
Tyntesfield Truckle Wood/Abrahams|ST499716|England|5|2018|2023|UKBMS|51.4412|-2.7222|2.258|-2.081|0.7959
Bathwick Fields|ST760644|England|4|2019|2023|UKBMS|51.3781|-2.3462|6.107|2.683|0.6564
Smallcombe Vale|ST763639|England|4|2019|2023|UKBMS|51.3737|-2.3419|5.463|4.187|0.2867
Rainbow Wood Fields|ST764633|England|4|2019|2023|UKBMS|51.3683|-2.3404|3.779|1.768|0.3992
Sham Castle Down|ST764652|England|5|2019|2023|UKBMS|51.3853|-2.3405|3.601|1.302|0.7745
Thurlbear Quarrylands 2019|ST272209|England|5|2019|2023|UKBMS|50.9829|-3.0385|0.784|-2.135|0.9564
Kingswood Warren|ST747359|England|4|2019|2022|UKBMS|51.1218|-2.3629|-2.402|0.375|0.5824
Hinkley 2015|ST210456|England|3|2020|2022|UKBMS|51.2041|-3.1322|3.135|0.246|0.9380
Fairview|ST470529|England|4|2020|2023|UKBMS|51.2728|-2.7611|1.644|3.703|0.6558
Westhay Moor (The Mire)|ST454439|England|3|2021|2023|UKBMS|51.1917|-2.7827|-0.094|1.337|0.9675
Westhay Moor (Viridor Transect)|ST456440|England|3|2021|2023|UKBMS|51.1926|-2.7799|-1.721|4.452|0.8373
RSPB Ham Wall 2020+|ST452399|England|3|2021|2023|UKBMS|51.1557|-2.7850|-0.027|-0.520|0.8806
Jubilee Stone & Badgers Wood|ST499677|England|3|2021|2023|UKBMS|51.4061|-2.7217|1.772|-1.804|0.8992
Gordano Valley|ST439733|England|3|2021|2023|UKBMS|51.4559|-2.8088|0.844|-2.959|0.9769
Hengrove Mounds|ST590685|England|3|2021|2023|UKBMS|51.4140|-2.5909|2.859|1.852|0.9722
SWT Catcott Reserve|ST403412|England|2|2022|2023|UKBMS|51.1669|-2.8552|4.233|0.473|0.7874
Aller Wood & Turn Hill (2022 route)|ST413315|England|2|2022|2023|UKBMS|51.0798|-2.8393|1.475|-2.059|0.9252
Northern Slopes|ST592704|England|2|2022|2023|UKBMS|51.4311|-2.5883|-0.241|-1.478|0.9198
East Harptree Woods|ST557543|England|1|2022|2022|UKBMS|51.2861|-2.6366|-0.119|-0.810|0.9487
Grow Wilder|ST626770|England|1|2022|2022|UKBMS|51.4907|-2.5401|1.432|3.169|0.7441
Hellenge Hill|ST344571|England|2|2022|2023|UKBMS|51.3092|-2.9425|2.602|1.083|0.9356
Burrington Ham|ST487582|England|1|2022|2022|UKBMS|51.3206|-2.7375|1.366|-1.886|0.9680
Chiddingfold Forest East|SU985344|England|9|2015|2023|UKBMS|51.1005|-0.5946|6.672|4.286|0.5238
Chiddingfold Forest West|SU982337|England|9|2015|2023|UKBMS|51.0942|-0.5991|0.781|-1.421|0.8221
Foxley Wood, Purley|TQ315604|England|9|2015|2023|UKBMS|51.3275|-0.1140|2.127|4.197|0.6040
West Hanger, Shere Woodlands|TQ066490|England|9|2015|2023|UKBMS|51.2302|-0.4746|0.758|0.202|0.7979
Runnymede, Egham (2015 route)|TQ005718|England|9|2015|2023|UKBMS|51.4363|-0.5556|2.848|1.775|0.6693
Wimbledon Common SW and Fishponds Wood|TQ219712|England|9|2015|2023|UKBMS|51.4267|-0.2480|-1.322|-2.043|0.9573
Shortfield Common, Frensham|SU841422|England|9|2015|2023|UKBMS|51.1729|-0.7984|6.874|3.598|0.5257
Wimbledon Common (2015 route)|TQ231725|England|9|2015|2023|UKBMS|51.4381|-0.2303|3.842|0.064|0.6279
RHS Wisley - Main Garden|TQ062581|England|4|2015|2023|UKBMS|51.3121|-0.4777|1.822|0.513|0.6238
Chiddingfold Forest South|SU981323|England|9|2015|2023|UKBMS|51.0816|-0.6009|-1.763|0.756|0.8673
Brentmoor Heath Cuckoo Hill|SU933610|England|9|2015|2023|UKBMS|51.3404|-0.6619|-2.452|1.050|0.2184
Tolworth Court Farm|TQ198649|England|9|2015|2023|UKBMS|51.3705|-0.2803|5.279|3.369|0.9338
Chobham Grazing South|SU974645|England|5|2015|2023|UKBMS|51.3712|-0.6021|-0.784|3.244|0.8951
Merrow Downs|TQ026498|England|8|2016|2023|UKBMS|51.2382|-0.5317|2.603|2.273|0.9255
Chipstead Downs and Fames Rough|TQ268573|England|8|2016|2023|UKBMS|51.3007|-0.1825|-0.567|-2.177|0.9581
Horton Country Park North|TQ194630|England|8|2016|2023|UKBMS|51.3535|-0.2867|0.497|-0.842|0.8398
The Mount, Guildford|SU976487|England|8|2016|2023|UKBMS|51.2292|-0.6036|1.632|3.072|0.7411
Barnes Common|TQ222759|England|7|2016|2023|UKBMS|51.4689|-0.2421|0.702|-0.776|0.7394
Nonsuch Park, Cheam|TQ231637|England|8|2016|2023|UKBMS|51.3590|-0.2334|5.408|1.198|0.7010
Leith Hill Place|TQ130421|England|8|2016|2023|UKBMS|51.1670|-0.3852|6.131|4.342|0.1722
Reigate Heath|TQ235501|England|7|2016|2023|UKBMS|51.2367|-0.2323|2.565|-0.801|0.7036
Spynes Mere|TQ306524|England|8|2016|2023|UKBMS|51.2558|-0.1299|-2.611|5.302|0.3054
Selsdon Wood|TQ362615|England|8|2016|2023|UKBMS|51.3363|-0.0462|0.884|-3.243|0.8989
Water Colours/Moors|TQ291514|England|8|2016|2023|UKBMS|51.2472|-0.1517|5.159|3.663|0.4935
Dawney's Hill Common and Brookwood Cemetery|SU947565|England|8|2016|2023|UKBMS|51.2998|-0.6430|-2.358|0.885|0.5302
Featherbed Lane GC|TQ377620|England|2|2016|2023|UKBMS|51.3404|-0.0245|4.237|2.078|0.7910
RSPB Farnham Heath - East|SU861438|England|6|2016|2023|UKBMS|51.1870|-0.7694|-0.849|3.214|0.6796
Oxted Downs, Gangers Hill (2017 route)|TQ376541|England|7|2017|2023|UKBMS|51.2694|-0.0289|1.741|1.451|0.9384
Hurst Meadows, East Molesey|TQ144689|England|6|2017|2023|UKBMS|51.4076|-0.3566|3.394|0.909|0.5605
Clandon Wood Natural Burial Ground|TQ048512|England|6|2017|2023|UKBMS|51.2504|-0.4998|3.913|3.259|0.8088
Oaken Wood West|SU989338|England|7|2017|2023|UKBMS|51.0950|-0.5891|1.842|-0.660|0.7908
Barossa and Poors Allotment|SU886632|England|7|2017|2023|UKBMS|51.3610|-0.7288|-2.020|0.734|0.9332
Polesden Lacey East|TQ142519|England|7|2017|2023|UKBMS|51.2548|-0.3649|5.583|3.878|0.9704
Langley Vale Wood A|TQ212564|England|6|2018|2023|UKBMS|51.2938|-0.2631|6.488|1.102|0.3528
Stave Hill Ecology Park, Rotherhithe|TQ361798|England|6|2018|2023|UKBMS|51.5008|-0.0406|5.177|1.785|0.7481
Gatwick Airport, North West Zone|TQ256407|England|4|2018|2022|UKBMS|51.1518|-0.2056|1.952|-1.911|0.8820
Denbies Hillside Secretaries, Dorking|TQ151501|England|6|2018|2023|UKBMS|51.2385|-0.3526|2.413|2.350|0.9489
Hatchlands Park|TQ067519|England|4|2018|2023|UKBMS|51.2563|-0.4723|6.028|3.216|0.5919
One Tree Hill and Brenchley Gardens|TQ354743|England|6|2018|2023|UKBMS|51.4515|-0.0528|0.950|-1.740|0.9417
Oxted Downs, Whistlers Steep (2018 route)|TQ386543|England|6|2018|2023|UKBMS|51.2710|-0.0145|1.992|1.880|0.9642
Streatham Common|TQ309708|England|6|2018|2023|UKBMS|51.4211|-0.1188|2.104|4.534|0.4802
Lloyd Park, Croydon|TQ340649|England|5|2018|2022|UKBMS|51.3674|-0.0765|2.846|0.017|0.7020
Gatwick Airport, Land East of the Railway|TQ293403|England|5|2018|2023|UKBMS|51.1474|-0.1528|1.463|3.910|0.5014
Whitmoor Common|SU986535|England|5|2018|2023|UKBMS|51.2721|-0.5879|-0.703|2.810|0.9355
Ham Lands South|TQ166719|England|6|2018|2023|UKBMS|51.4341|-0.3240|0.755|-1.174|0.9879
Hankley Common North|SU887415|England|6|2018|2023|UKBMS|51.1659|-0.7328|0.104|3.050|0.3849
Elstead Common|SU905420|England|6|2018|2023|UKBMS|51.1701|-0.7069|-0.676|3.271|0.7575
Coulsdon Common Merlewood Far|TQ326574|England|6|2018|2023|UKBMS|51.3003|-0.0994|5.963|4.256|0.7431
Bookham Common|TQ124565|England|5|2019|2023|UKBMS|51.2965|-0.3893|0.494|-2.944|0.9204
Hooley Meadows|TQ287569|England|5|2019|2023|UKBMS|51.2967|-0.1554|1.053|0.550|0.9261
Brockwell Park, Herne Hill|TQ316738|England|5|2019|2023|UKBMS|51.4479|-0.1076|3.687|2.278|0.2508
Earlswood Common (2019 route)|TQ270486|England|4|2019|2023|UKBMS|51.2225|-0.1828|2.304|-1.811|0.8201
Frensham Great Pond|SU845406|England|5|2019|2023|UKBMS|51.1584|-0.7931|0.332|-2.248|0.9259
Mare Hill Common|SU936401|England|5|2019|2023|UKBMS|51.1525|-0.6631|-0.369|2.718|0.8287
Belair Park|TQ327733|England|5|2019|2023|UKBMS|51.4432|-0.0920|7.022|3.686|0.3013
Burgess Park North, Walworth|TQ330777|England|5|2019|2023|UKBMS|51.4826|-0.0860|0.473|5.587|0.8680
Burgess Park South, Walworth|TQ332776|England|5|2019|2023|UKBMS|51.4817|-0.0832|2.637|2.133|0.6520
Hogsmill Nature Trail, Malden Manor|TQ207663|England|4|2020|2023|UKBMS|51.3829|-0.2669|1.026|5.333|0.3437
Cannon Hill Common, Raynes Park|TQ238683|England|4|2020|2023|UKBMS|51.4002|-0.2217|2.621|-1.973|0.8451
Polesden Lacey Stony Rock|TQ124503|England|4|2020|2023|UKBMS|51.2408|-0.3912|0.615|2.089|0.8989
Dungeon Hill, Woodmansterne|TQ271592|England|4|2020|2023|UKBMS|51.3177|-0.1776|0.906|-0.474|0.7922
Dulwich Park|TQ334737|England|4|2020|2023|UKBMS|51.4466|-0.0818|1.574|5.316|0.2748
West Norwood Cemetery|TQ323721|England|2|2020|2023|UKBMS|51.4325|-0.0982|1.857|-2.592|0.8730
Barnes Common, The Orchard|TQ222756|England|4|2020|2023|UKBMS|51.4662|-0.2422|-1.329|-0.522|0.7831
Leg O'Mutton Reservoir, Barnes|TQ217773|England|4|2020|2023|UKBMS|51.4816|-0.2488|0.638|-1.912|0.9060
Sidney Wood and Park Copse|TQ024344|England|3|2021|2023|UKBMS|51.0998|-0.5389|-2.646|1.053|0.6202
Ham Lands North|TQ164727|England|3|2021|2023|UKBMS|51.4413|-0.3266|0.724|-2.550|0.9194
Polesden Lacey West (2021 route)|TQ132519|England|3|2021|2023|UKBMS|51.2550|-0.3792|6.049|3.569|0.9325
Sanderstead to Whyteleafe Countryside Area|TQ339598|England|3|2021|2023|UKBMS|51.3216|-0.0798|6.666|3.930|0.7336
Millstock|TQ287577|England|1|2022|2022|UKBMS|51.3039|-0.1552|6.266|2.467|0.5506
Runnymede North|SU997726|England|2|2022|2023|UKBMS|51.4436|-0.5668|6.733|4.752|0.7436
Wandsworth Common Grassland|TQ270743|England|2|2022|2023|UKBMS|51.4534|-0.1736|0.881|4.136|0.3536
Croham Hurst|TQ337632|England|2|2022|2023|UKBMS|51.3522|-0.0814|0.992|-2.066|0.8337
Molesey Reservoirs|TQ122687|England|2|2022|2023|UKBMS|51.4062|-0.3883|-2.765|5.508|0.1054
Runnymede Riverside|SU999727|England|2|2022|2023|UKBMS|51.4445|-0.5639|6.821|3.739|0.4725
Thundry Meadows Nature Reserve, Elstead|SU895440|England|2|2022|2023|UKBMS|51.1882|-0.7207|0.359|-0.712|0.7648
Unstead Wetland Nature Reserve, Godalming|SU995456|England|2|2022|2023|UKBMS|51.2010|-0.5772|2.517|0.918|0.8058
Wingate Hill (2020 route)|TQ265523|England|2|2022|2023|UKBMS|51.2558|-0.1886|1.346|0.231|0.9051
Bushy Bank|SU583915|England|8|2015|2023|UKBMS|51.6193|-1.1593|9.052|0.860|0.0839
Yoesden 2016 route|SU788981|England|8|2016|2023|UKBMS|51.6762|-0.8618|6.712|3.873|0.7669
Fobney Island|SU702710|England|7|2017|2023|UKBMS|51.4337|-0.9915|2.466|1.115|0.8581
Cock Marsh|SU882867|England|6|2017|2023|UKBMS|51.5723|-0.7287|-0.327|-1.880|0.7884
Incombe Hole|SP959157|England|5|2018|2023|UKBMS|51.8317|-0.6097|1.879|2.012|0.9755
Lids Down|SU547849|England|6|2018|2023|UKBMS|51.5603|-1.2123|3.796|2.883|0.8971
Thrupp Lake|SU519975|England|6|2018|2023|UKBMS|51.6739|-1.2509|-2.138|4.619|0.7778
Buckingham Railway Walk|SP692334|England|6|2018|2023|UKBMS|51.9947|-0.9935|-0.089|4.605|0.5314
Stoke Common|SU986853|England|6|2018|2023|UKBMS|51.5580|-0.5791|-0.694|3.084|0.8212
Abbey Fishponds LNR|SU512979|England|6|2018|2023|UKBMS|51.6775|-1.2609|0.398|5.139|0.7618
West Wycombe Hill|SU827950|England|4|2019|2023|UKBMS|51.6477|-0.8061|0.669|1.395|0.4672
Sallow Copse|SP971135|England|4|2019|2023|UKBMS|51.8117|-0.5929|1.858|-1.896|0.9513
Bradfield, Mirams Copse|SU579728|England|4|2020|2023|UKBMS|51.4512|-1.1682|-1.030|-2.638|0.7816
Warwick Spinney|SU610920|England|4|2020|2023|UKBMS|51.6235|-1.1202|3.733|2.117|0.7308
Holly Copse|SU596701|England|4|2020|2023|UKBMS|51.4268|-1.1441|2.673|2.903|0.8691
Owlpit Copse, Bradfield|SU587732|England|3|2021|2023|UKBMS|51.4547|-1.1566|1.971|1.423|0.8727
Oxfordshire Golf Club|SP683043|England|3|2021|2023|UKBMS|51.7333|-1.0124|6.277|3.781|0.7577
Kings Barn Rogues|SU815867|England|2|2022|2023|UKBMS|51.5733|-0.8254|4.143|3.754|0.9819
Aston Upthorpe Downs extension|SU545835|England|2|2022|2023|UKBMS|51.5478|-1.2154|3.207|3.190|0.9297
Floodplain Forest|SP806420|England|2|2022|2023|UKBMS|52.0705|-0.8255|2.057|-0.496|0.9355
Linford Lakes Nature Reserve|SP838430|England|2|2022|2023|UKBMS|52.0790|-0.7786|-2.763|5.286|0.1839
Whiteleaf Cross Nature Reserve|SP821040|England|2|2022|2023|UKBMS|51.7287|-0.8127|0.653|0.460|0.9112
Howe Park Wood (new)|SP833343|England|2|2022|2023|UKBMS|52.0009|-0.7880|0.077|-2.773|0.8933
Elfield Nature Park|SP853364|England|2|2022|2023|UKBMS|52.0195|-0.7584|-0.227|4.393|0.7981
Stonepit Field|SP844421|England|2|2022|2023|UKBMS|52.0708|-0.7701|3.143|0.590|0.9682
Magna Park|SP918389|England|2|2022|2023|UKBMS|52.0409|-0.6630|-2.442|4.798|0.8337
Tattenhoe Valley|SP827330|England|2|2022|2023|UKBMS|51.9893|-0.7971|3.064|0.136|0.4493
Wollaton LNR|SK529402|England|9|2015|2023|UKBMS|52.9566|-1.2140|1.366|-2.966|0.8811
Ollerton Pit Wood|SK670673|England|7|2015|2023|UKBMS|53.1986|-0.9985|1.833|-2.366|0.9710
Bardon Hill Quarry 2|SK460131|England|9|2015|2023|UKBMS|52.7136|-1.3205|-0.717|0.850|0.9572
Donisthorpe Woodland Park|SK315140|England|9|2015|2023|UKBMS|52.7227|-1.5351|0.093|5.092|0.4753
Great Glen|SP655975|England|9|2015|2023|UKBMS|52.5714|-1.0350|0.200|5.528|0.7381
Croft Hill Nature Trail|SP513970|England|8|2016|2023|UKBMS|52.5684|-1.2446|1.240|5.287|0.5402
Sarah's Wood|SK313157|England|8|2016|2023|UKBMS|52.7380|-1.5379|0.516|-3.429|0.9000
Elton Guide Campsite|SK765401|England|8|2016|2023|UKBMS|52.9528|-0.8628|0.984|2.230|0.7748
Skylarks NR|SK623386|England|6|2016|2023|UKBMS|52.9412|-1.0744|-2.360|4.578|0.8285
Toyota UK Burnaston Pond|SK288302|England|8|2016|2023|UKBMS|52.8685|-1.5736|0.707|-0.920|0.9388
Toyota UK Burnaston Meadow|SK289312|England|8|2016|2023|UKBMS|52.8775|-1.5720|5.930|3.358|0.5052
Toyota UK Burnaston Grid 1 to Buildings|SK288307|England|8|2016|2023|UKBMS|52.8730|-1.5736|0.400|5.967|0.7515
Toyota UK Burnaston Grid 2 to Buildings|SK294307|England|8|2016|2023|UKBMS|52.8730|-1.5647|0.776|5.826|0.2288
Coton Park LNR|SK270180|England|8|2016|2023|UKBMS|52.7589|-1.6014|4.902|1.850|0.9501
Lightwood, Buxton|SK054751|England|8|2016|2023|UKBMS|53.2729|-1.9205|0.467|0.151|0.8751
Hilton Gravel Pits NR|SK247314|England|8|2016|2023|UKBMS|52.8795|-1.6344|-0.618|-1.318|0.9952
Gnathole Farm, Glossop|SK035926|England|8|2016|2023|UKBMS|53.4302|-1.9488|-0.252|4.274|0.8265
Hardwick Park - Section 11|SK456639|England|8|2016|2023|UKBMS|53.1703|-1.3193|1.087|1.134|0.8610
Carr Vale 2|SK462695|England|8|2016|2023|UKBMS|53.2206|-1.3095|-1.915|-1.281|0.9535
Lawrence Field and Padley|SK256801|England|7|2016|2023|UKBMS|53.3172|-1.6172|0.960|2.482|0.8042
Cotgrave Woods|SK646323|England|7|2017|2023|UKBMS|52.8843|-1.0414|0.412|-1.602|0.9243
Sandy Banks LNR Bestwood|SK567451|England|7|2017|2023|UKBMS|53.0002|-1.1566|1.435|5.084|0.3711
University Park Campus Nottingham|SK539380|England|5|2017|2023|UKBMS|52.9367|-1.1995|0.539|-0.085|0.9521
Brook Park Shirebrook|SK536667|England|6|2017|2023|UKBMS|53.1947|-1.1992|-2.830|1.157|0.7184
Broomfield College|SK385401|England|7|2017|2023|UKBMS|52.9569|-1.4284|1.534|4.448|0.9014
Denby Footpaths 2|SK393465|England|7|2017|2023|UKBMS|53.0144|-1.4157|5.644|4.626|0.5066
Markham Vale North Seymour|SK450738|England|7|2017|2023|UKBMS|53.2593|-1.3269|0.314|5.735|0.2196
Bottom Moor Wood Matlock Moor|SK322626|England|7|2017|2023|UKBMS|53.1596|-1.5199|-1.757|0.637|0.9439
Clowne Linear Park and Railway Line|SK498754|England|7|2017|2023|UKBMS|53.2733|-1.2547|-0.055|-1.070|0.9099
Holmebrook Valley Park|SK355730|England|7|2017|2023|UKBMS|53.2528|-1.4694|4.937|2.455|0.4655
Poolsbrook Country Park North|SK440741|England|7|2017|2023|UKBMS|53.2621|-1.3418|-0.550|-2.641|0.9853
Poolsbrook Country Park South|SK435733|England|7|2017|2023|UKBMS|53.2549|-1.3494|1.197|0.051|0.9752
Clover Close Meadows Elvaston|SK407323|England|7|2017|2023|UKBMS|52.8866|-1.3966|2.540|0.409|0.5308
Manor Farm LNR Long Eaton|SK499341|England|7|2017|2023|UKBMS|52.9020|-1.2596|0.325|5.456|0.5712
Willesley Wood|SK333142|England|6|2017|2023|UKBMS|52.7244|-1.5084|-0.475|1.479|0.9733
Freckland Wood|SK524527|England|6|2018|2023|UKBMS|53.0690|-1.2194|1.042|3.310|0.9105
Newstead & Annesley CP 2|SK521530|England|6|2018|2023|UKBMS|53.0717|-1.2238|1.031|5.690|0.7631
School Lane, Colston Bassett|SK693327|England|6|2018|2023|UKBMS|52.8873|-0.9715|7.786|1.191|0.3297
Bevercotes Pit Wood|SK696734|England|6|2018|2023|UKBMS|53.2531|-0.9583|-2.303|0.886|0.7818
Dene Quarry & Gang Mine NR|SK280550|England|6|2018|2023|UKBMS|53.0915|-1.5834|0.672|3.294|0.6429
Markham South Pit - Linear Route|SK450715|England|6|2018|2023|UKBMS|53.2386|-1.3272|2.122|4.579|0.9210
Markham South Pit - Perimeter Route|SK450710|England|6|2018|2023|UKBMS|53.2341|-1.3273|10.323|2.628|0.4221
Bamford 2|SK200820|England|6|2018|2023|UKBMS|53.3345|-1.7011|4.028|4.674|0.5321
Derby Canal Little Eaton|SK363406|England|6|2018|2023|UKBMS|52.9615|-1.4610|2.501|-1.364|0.9609
The Forge Ironville|SK441512|England|6|2018|2023|UKBMS|53.0562|-1.3435|1.109|-1.821|0.9803
Brown's Hay, Sandhills|SK506109|England|6|2018|2023|UKBMS|52.6934|-1.2528|3.906|2.623|0.9808
Charnwood Lodge|SK468157|England|6|2018|2023|UKBMS|52.7369|-1.3083|-1.968|-1.132|0.9623
Cover Cloud, Sandhills|SK497103|England|6|2018|2023|UKBMS|52.6881|-1.2662|-1.119|-3.305|0.9713
Fosse Meadows (2018)|SP489910|England|6|2018|2023|UKBMS|52.5147|-1.2808|5.854|4.298|0.6079
Quarry Lane Nature Reserve|SK534601|England|4|2019|2022|UKBMS|53.1354|-1.2033|0.018|3.474|0.8745
Ashbourne Town|SK175465|England|5|2019|2023|UKBMS|53.0155|-1.7406|0.472|3.859|0.7010
Norbriggs Flash|SK444754|England|5|2019|2023|UKBMS|53.2737|-1.3357|5.395|4.415|0.8069
Cunningdale|SK076732|England|5|2019|2023|UKBMS|53.2558|-1.8875|2.903|3.363|0.9084
Eastern Moors - Curbar|SK255755|England|4|2019|2023|UKBMS|53.2759|-1.6191|-0.802|-0.698|0.9037
Charnwood Lodge Timberwood Hill|SK471148|England|5|2019|2023|UKBMS|52.7288|-1.3040|4.384|3.129|0.9202
QEII Diamond Jubilee Wood|SK385123|England|5|2019|2023|UKBMS|52.7070|-1.4316|1.995|0.736|0.9752
Mapleton|SK165482|England|4|2019|2022|UKBMS|53.0308|-1.7554|3.666|1.909|0.5522
Stoney Wood Wirksworth|SK284543|England|5|2019|2023|UKBMS|53.0852|-1.5774|1.805|1.139|0.6186
Tansley Dale|SK171747|England|5|2019|2023|UKBMS|53.2690|-1.7451|3.339|2.230|0.9046
BASF Factory Alfreton|SK415545|England|4|2019|2023|UKBMS|53.0861|-1.3818|0.476|-2.660|0.9577
Wilwell Farm Cutting|SK567350|England|4|2020|2023|UKBMS|52.9094|-1.1583|0.322|-1.054|0.9909
Radcliffe On Trent (clifftop riverside and field margin)|SK651406|England|4|2020|2023|UKBMS|52.9588|-1.0323|-1.743|-0.691|0.9705
The Hook, Lady Bay|SK592385|England|4|2020|2023|UKBMS|52.9406|-1.1205|3.287|0.512|0.6819
Hucknall Ranges|SK532505|England|4|2020|2023|UKBMS|53.0491|-1.2078|2.470|-0.010|0.8575
Lubrizol Estate Hazelwood|SK320455|England|4|2020|2023|UKBMS|53.0059|-1.5246|2.108|4.514|0.6062
Studland Common|SZ276922|England|8|2016|2023|UKBMS|50.7288|-1.6103|6.417|3.960|0.8255
Frohawk|SU318048|England|8|2016|2023|UKBMS|50.8419|-1.5497|-0.448|0.488|0.8974
Janesmoor|SU252135|England|8|2016|2023|UKBMS|50.9204|-1.6429|2.847|-1.373|0.9120
RSPB Hazeley Heath East|SU745590|England|7|2016|2023|UKBMS|51.3252|-0.9322|-0.707|0.357|0.8735
RSPB Hazeley Heath West|SU750581|England|7|2016|2023|UKBMS|51.3171|-0.9252|-1.691|-1.826|0.8647
Acres Down|SU268093|England|8|2016|2023|UKBMS|50.8826|-1.6204|0.212|2.657|0.7988
Selborne Common|SU736331|England|7|2017|2023|UKBMS|51.0925|-0.9504|0.243|-2.602|0.8749
Briddlesford Woods Nature Reserve 1|SZ549905|England|7|2017|2023|UKBMS|50.7115|-1.2238|0.416|-3.595|0.8007
Blashford Lakes South|SU150077|England|7|2017|2023|UKBMS|50.8686|-1.7882|-2.863|5.490|0.1323
Kemphill Moor Copse|SZ569896|England|7|2017|2023|UKBMS|50.7033|-1.1956|0.915|-2.607|0.8844
Blashford Lakes North|SU155084|England|7|2017|2023|UKBMS|50.8749|-1.7811|2.987|-0.804|0.8411
Morn Hill (Mound & Percy Hobbs Meadows)|SU518292|England|7|2017|2023|UKBMS|51.0598|-1.2622|1.249|0.680|0.8883
Gilbert White's House Garden and Meadow|SU740334|England|7|2017|2023|UKBMS|51.0951|-0.9446|3.729|2.939|0.8864
Blackwater New Forest|SU264047|England|7|2017|2023|UKBMS|50.8412|-1.6264|-2.036|-0.024|0.2979
Harewood Common|SU393452|England|7|2017|2023|UKBMS|51.2047|-1.4388|6.216|4.167|0.6638
Vales Moor|SU189040|England|7|2017|2023|UKBMS|50.8352|-1.7330|1.636|2.315|0.5770
Abbotswood|SU363225|England|7|2017|2023|UKBMS|51.0008|-1.4841|-1.123|-0.997|0.9433
Westend Copse|SU458145|England|6|2017|2023|UKBMS|50.9281|-1.3497|0.249|-2.859|0.8864
Basing Wood|SU645555|England|6|2018|2023|UKBMS|51.2950|-1.0763|0.178|-0.653|0.9666
Roe North|SU197094|England|6|2018|2023|UKBMS|50.8838|-1.7213|-1.182|0.081|0.8486
Roe South|SU202086|England|6|2018|2023|UKBMS|50.8765|-1.7143|0.726|-3.342|0.8980
Great Linford|SU182077|England|6|2018|2023|UKBMS|50.8685|-1.7427|3.306|-1.253|0.6871
Romsey Allotment Holders Association Allotments|SU360210|England|6|2018|2023|UKBMS|50.9873|-1.4885|-0.071|4.429|0.7590
Staunton Country Park (woods)|SU721092|England|5|2018|2022|UKBMS|50.8778|-0.9766|3.482|1.345|0.7235
Staunton Country Park (meadow & lake)|SU717090|England|5|2018|2022|UKBMS|50.8761|-0.9823|3.964|1.632|0.8017
Little Linford|SU185072|England|6|2018|2023|UKBMS|50.8640|-1.7385|0.394|-3.774|0.8678
Yew Hill (Hill Top)|SU453264|England|5|2018|2022|UKBMS|51.0352|-1.3553|4.485|4.017|0.7970
Hightown Common|SU179054|England|6|2018|2023|UKBMS|50.8478|-1.7471|-0.309|0.498|0.9679
Furzey Gardens|SU273113|England|4|2019|2023|UKBMS|50.9005|-1.6132|2.077|-0.994|0.9060
Ballard Water Meadow|SZ240955|England|5|2019|2023|UKBMS|50.7586|-1.6611|1.734|4.643|0.6039
West Wood (Burrow Copse)|SU423296|England|5|2019|2023|UKBMS|51.0642|-1.3977|0.181|-2.464|0.8990
Ox Drove Meadow|SU396469|England|5|2019|2023|UKBMS|51.2199|-1.4344|1.971|1.188|0.9645
Black Down|SU352069|England|5|2019|2023|UKBMS|50.8605|-1.5012|-0.945|3.074|0.9677
Broomy Plain|SU222114|England|5|2019|2023|UKBMS|50.9017|-1.6857|-0.843|3.112|0.9816
Claypits Bottom|SU227162|England|5|2019|2023|UKBMS|50.9448|-1.6783|-0.510|0.619|0.7353
Dur Hill|SU192013|England|5|2019|2023|UKBMS|50.8109|-1.7289|0.134|3.785|0.8947
Micheldever Wood|SU531369|England|5|2019|2023|UKBMS|51.1289|-1.2426|-0.786|-1.042|0.9112
Brockishill|SU300118|England|4|2020|2023|UKBMS|50.9049|-1.5747|-0.964|-1.810|0.9485
Martin Down Kitts Grave Extension|SU032206|England|4|2020|2023|UKBMS|50.9848|-1.9558|-0.438|-1.286|0.9118
Yateley Common South Central|SU826589|England|4|2020|2023|UKBMS|51.3232|-0.8160|-0.810|3.213|0.9160
Yateley Common East|SU835595|England|4|2020|2023|UKBMS|51.3285|-0.8029|-0.112|1.239|0.9482
Yateley Common West|SU814589|England|4|2020|2023|UKBMS|51.3234|-0.8332|-0.531|-0.048|0.9547
Bouldnor Forest 2|SZ379901|England|4|2020|2023|UKBMS|50.7093|-1.4646|-0.560|-0.719|0.5942
Hyden Hill|SU688196|England|3|2021|2023|UKBMS|50.9717|-1.0215|9.998|1.225|0.1780
Shawford Down|SU470249|England|3|2021|2023|UKBMS|51.0216|-1.3313|3.113|3.545|0.9510
Deacon Hill|SU494276|England|3|2021|2023|UKBMS|51.0456|-1.2967|2.760|2.291|0.9294
Whitchurch (Mill-trail)|SU472478|England|3|2021|2023|UKBMS|51.2274|-1.3254|2.504|-0.711|0.8227
Shepherd's Chine|SZ445799|England|3|2021|2023|UKBMS|50.6171|-1.3724|-2.573|5.643|0.1355
Grange Chine|SZ420817|England|3|2021|2023|UKBMS|50.6335|-1.4075|-2.498|5.616|0.6938
Hillier Gardens 2|SU379238|England|2|2022|2023|UKBMS|51.0123|-1.4611|4.728|3.333|0.7128
Keeping Marsh 22|SU398011|England|2|2022|2023|UKBMS|50.8081|-1.4365|2.703|-1.781|0.7486
Poulner Lakes|SU156068|England|2|2022|2023|UKBMS|50.8605|-1.7797|2.004|-0.896|0.9746
Brading Down LNR 2|SZ600867|England|2|2022|2023|UKBMS|50.6769|-1.1522|3.043|0.844|0.7535
Hillier Gardens 1|SU374239|England|2|2022|2023|UKBMS|51.0133|-1.4682|-1.435|0.314|0.6995
Twyford Waterworks|SU492248|England|2|2022|2023|UKBMS|51.0205|-1.2999|3.640|3.619|0.8659
RSPB Hazeley Bottom|SU746585|England|2|2022|2023|UKBMS|51.3207|-0.9309|5.849|2.444|0.5968
Bere Copse|SU604148|England|2|2022|2023|UKBMS|50.9295|-1.1419|-0.721|-2.543|0.9012
Bury Hill|SU345432|England|2|2022|2023|UKBMS|51.1870|-1.5077|3.752|2.486|0.7711
Skirrid|SO327167|Wales|6|2017|2023|UKBMS|51.8448|-2.9783|-0.533|-3.349|0.9314
Fenns, Whixall NNR transect C|SJ482371|Wales|6|2018|2023|UKBMS|52.9288|-2.7720|-0.694|1.936|0.7867
Bryn Euryn, Rhos-on-Sea|SH829800|Wales|6|2018|2023|UKBMS|53.3040|-3.7587|-0.466|-2.820|0.9574
Merthyr Mawr NNR 2|SS860770|Wales|6|2018|2023|UKBMS|51.4804|-3.6430|1.323|1.434|0.9781
New Range Transect (South Stack)|SH214799|Wales|4|2018|2023|UKBMS|53.2859|-4.6807|-0.851|3.160|0.9840
Rhyd-y-Fen, Migneint|SH832397|Wales|5|2018|2023|UKBMS|52.9419|-3.7396|-1.129|2.145|0.8199
Skrinkle - Manorbier|SS080975|Wales|4|2020|2023|UKBMS|51.6434|-4.7763|2.408|2.182|0.8751
Freshwater East|SS016979|Wales|4|2020|2023|UKBMS|51.6448|-4.8689|1.288|1.162|0.9710
Cwm Ivy Tor (2021 route)|SS436941|Wales|3|2021|2023|UKBMS|51.6239|-4.2608|1.742|1.793|0.8712
Bishopston Valley|SS568877|Wales|3|2021|2023|UKBMS|51.5699|-4.0676|-0.059|-1.548|0.9152
Pwll Du - Brandy Cove|SS581872|Wales|3|2021|2023|UKBMS|51.5658|-4.0487|-2.136|5.475|0.9828
Coed Bell|SJ088830|Wales|3|2021|2023|UKBMS|53.3360|-3.3711|2.080|-1.368|0.6416
Tir Cethyn Farm|SS556952|Wales|3|2021|2023|UKBMS|51.6370|-4.0880|4.438|2.136|0.8423
Lavernock National Nature Reserve|ST180679|Wales|3|2021|2023|UKBMS|51.4042|-3.1802|1.016|0.042|0.9230
Lydstep Point|SS088975|Wales|2|2022|2023|UKBMS|51.6437|-4.7648|1.590|5.313|0.8689
Centre for Alternative Technology Wales|SH755044|Wales|1|2022|2022|UKBMS|52.6230|-3.8406|-1.632|-0.549|0.6523
Giltar Point|SS120985|Wales|2|2022|2023|UKBMS|51.6538|-4.7191|2.801|2.103|0.8100
Llandough Allotments, Corbett Road|ST166725|Wales|2|2022|2023|UKBMS|51.4453|-3.2014|1.422|-1.917|0.9685
RSPB Old Hall Marshes, Essex|TL960123|England|6|2017|2023|UKBMS|51.7750|0.8396|3.667|0.806|0.5842
Coton Countryside Reserve North (CPPF)|TL413583|England|7|2017|2023|UKBMS|52.2048|0.0663|6.495|1.615|0.7514
Hyde Hall|TQ782997|England|4|2018|2023|UKBMS|51.6678|0.5755|5.172|1.999|0.7929
Pound Wood EWT|TQ820888|England|6|2018|2023|UKBMS|51.5687|0.6247|0.061|-2.376|0.9419
Ferry Medows B 2019|TL142972|England|5|2019|2023|UKBMS|52.5607|-0.3168|3.339|-1.130|0.8812
EWT Hanningfield Reserve|TQ726972|England|5|2019|2023|UKBMS|51.6471|0.4933|0.429|-3.699|0.7833
Ferry Medows A 2019|TL148975|England|5|2019|2023|UKBMS|52.5632|-0.3078|7.303|3.617|0.6477
Ferry Meadows E|TL152977|England|4|2020|2023|UKBMS|52.5649|-0.3019|-0.530|-2.433|0.9395
Spaldwick Village|TL127723|England|4|2020|2023|UKBMS|52.3372|-0.3473|6.769|3.114|0.6872
Little Baddow Heath|TL788063|England|4|2020|2023|UKBMS|51.7269|0.5875|-1.376|-1.764|0.9003
Ferry Meadows C|TL149974|England|4|2020|2023|UKBMS|52.5623|-0.3064|-0.654|-0.398|0.6462
Ferry Meadows D|TL139981|England|4|2020|2023|UKBMS|52.5688|-0.3209|2.857|2.074|0.7047
Cambridge University Botanic Garden|TL454571|England|3|2021|2023|UKBMS|52.1930|0.1258|3.015|2.622|0.4727
Warley Place NR|TQ583908|England|3|2021|2023|UKBMS|51.5938|0.2839|3.427|2.192|0.5672
RSPB Wallasea Island Marsh Flats Trail|TQ9594|England|3|2021|2023|UKBMS|51.6111|0.8149|4.030|2.972|0.9722
Great Holland Pits EWT|TM203190|England|3|2021|2023|UKBMS|51.8262|1.1955|3.234|1.495|0.2633
Chafford Gorges Nature park Wouldham Cliffs|TQ601793|England|3|2021|2023|UKBMS|51.4900|0.3047|0.667|5.531|0.8316
Fingringhoe Wick 2|TM050193|England|3|2021|2023|UKBMS|51.8347|0.9740|0.963|4.291|0.7416
Trumpington Meadows nature reserve (south)|TL434536|England|2|2022|2023|UKBMS|52.1621|0.0951|7.646|4.824|0.6746
Hainault Forest|TQ476926|England|1|2022|2022|UKBMS|51.6129|0.1303|2.196|4.939|0.4394
Swadywell Pit|TF118034|England|2|2022|2023|UKBMS|52.6169|-0.3501|3.369|2.863|0.9254
Etton Maxey|TF138077|England|1|2022|2022|UKBMS|52.6551|-0.3191|-0.751|1.681|0.9419
Garden on Meadgate Avenue|TL718058|England|1|2022|2022|UKBMS|51.7246|0.4860|0.502|4.802|0.2517
Abbess Roding|TL571112|England|1|2022|2022|UKBMS|51.7774|0.2758|3.079|0.082|0.6237
Meadgate Park & Meadow|TL726058|England|1|2022|2022|UKBMS|51.7244|0.4976|1.629|4.998|0.3427
Park Wood, Chrishall|TL451390|England|1|2022|2022|UKBMS|52.0304|0.1137|3.076|0.333|0.4820
Baddow Meads - River Chelmer|TL723062|England|1|2022|2022|UKBMS|51.7280|0.4934|7.482|4.427|0.5225
Magog Downs|TL490530|England|2|2022|2023|UKBMS|52.1552|0.1766|4.424|3.454|0.9262
Cely Woods|TQ560833|England|1|2022|2022|UKBMS|51.5271|0.2474|3.338|0.436|0.7428
Lee Valley - Norman's Pond|TL378033|England|1|2022|2022|UKBMS|51.7115|-0.0069|3.184|1.853|0.8880
West Wood|TL622332|England|2|2022|2023|UKBMS|51.9736|0.3600|-0.385|-2.407|0.9508
Cheriton Hill, East|TR203381|England|5|2018|2022|UKBMS|51.0999|1.1452|4.591|3.878|0.9533
Old Park Hill Nature Reserve|TR296436|England|5|2018|2023|UKBMS|51.1456|1.2813|1.408|-1.294|0.8385
Bockhill Farm and Kingsdown Leas|TR377474|England|4|2018|2022|UKBMS|51.1764|1.3994|0.530|1.933|0.6234
Darland Banks C|TQ786658|England|6|2018|2023|UKBMS|51.3632|0.5641|2.932|0.534|0.8067
One Tree Hill (Greenwich Park)|TQ390775|England|5|2019|2023|UKBMS|51.4794|0.0003|1.575|2.175|0.8959
Broadham Woods, Scotney Castle|TQ690357|England|5|2019|2023|UKBMS|51.0957|0.4121|5.879|2.390|0.6688
South Foreland Valley and Lighthouse Down|TR363438|England|5|2019|2023|UKBMS|51.1447|1.3770|2.013|1.652|0.9826
Parkland 2019, Scotney Castle|TQ686352|England|5|2019|2023|UKBMS|51.0913|0.4062|3.334|0.608|0.4697
Shorne Woods Country Park|TQ683699|England|4|2019|2023|UKBMS|51.4032|0.4182|1.067|2.054|0.9372
Lullingstone Country Park|TQ526638|England|5|2019|2023|UKBMS|51.3528|0.1901|0.838|4.605|0.7571
Trosley Country Park|TQ632610|England|5|2019|2023|UKBMS|51.3247|0.3409|0.339|-0.542|0.4154
Crofton Woods|TQ441664|England|5|2019|2023|UKBMS|51.3784|0.0691|-0.642|-3.051|0.8981
Devonshire Road Nature Reserve|TQ355736|England|3|2019|2022|UKBMS|51.4452|-0.0516|0.995|5.416|0.4196
Crofton Heath, Clay & Sparrow Woods & Kyd Brook|TQ442667|England|3|2021|2023|UKBMS|51.3810|0.0707|1.880|-3.088|0.9364
Dover Castle|TR326418|England|3|2021|2023|UKBMS|51.1282|1.3229|5.054|1.576|0.6975
Crockhamhill Common|TQ441517|England|3|2021|2023|UKBMS|51.2463|0.0632|-0.826|-3.055|0.9651
Fackenden Down 2021|TQ529604|England|3|2021|2023|UKBMS|51.3222|0.1929|3.827|3.513|0.9369
Hosey Common|TQ453530|England|3|2021|2023|UKBMS|51.2577|0.0809|-1.538|-2.966|0.7960
Thornden Wood East|TR150638|England|3|2021|2023|UKBMS|51.3326|1.0850|1.215|-3.191|0.8582
Thornden Wood West|TR142637|England|3|2021|2023|UKBMS|51.3320|1.0734|-2.633|0.906|0.8114
Nemo Down|TR292417|England|3|2021|2023|UKBMS|51.1287|1.2743|2.910|2.733|0.9852
Riverside Country Park|TQ809682|England|2|2021|2022|UKBMS|51.3840|0.5983|1.121|-0.852|0.9446
Park Gate Down|TR168459|England|2|2021|2022|UKBMS|51.1712|1.0999|2.061|1.215|0.8778
Maceys Meadow|TQ675580|England|3|2021|2023|UKBMS|51.2965|0.4011|1.670|1.309|0.7028
Henley Down|TQ667665|England|3|2021|2023|UKBMS|51.3731|0.3936|3.883|3.459|0.9145
Brockley and Ladywell Cemetery|TQ368749|England|2|2022|2023|UKBMS|51.4566|-0.0324|-0.075|-1.922|0.8329
Hoblingwell Wood|TQ459692|England|2|2022|2023|UKBMS|51.4031|0.0961|5.057|0.977|0.7355
Braeburn Park Transect 1 Woodland & Scrub|TQ508739|England|2|2022|2023|UKBMS|51.4440|0.1685|-1.345|-0.672|0.8590
Braeburn Park Transect 2 Grassland & Scrub|TQ511738|England|2|2022|2023|UKBMS|51.4430|0.1728|0.656|5.974|0.0666
Hayes Common|TQ411647|England|2|2022|2023|UKBMS|51.3638|0.0254|-0.128|-1.392|0.9526
Chelsfield Green|TQ473641|England|2|2022|2023|UKBMS|51.3569|0.1141|7.502|3.868|0.4044
Eltham Park|TQ438753|England|2|2022|2023|UKBMS|51.4584|0.0684|3.143|0.372|0.8998
Prestson Hill|TQ529624|England|2|2022|2023|UKBMS|51.3401|0.1938|0.742|2.204|0.7594
Sevenoaks Common|TQ529525|England|1|2022|2022|UKBMS|51.2512|0.1895|-0.600|-3.832|0.8377
Farley Common|TQ437540|England|1|2022|2022|UKBMS|51.2670|0.0584|-1.505|-0.619|0.7131
Jumping Downs|TR193486|England|1|2022|2022|UKBMS|51.1945|1.1373|2.837|0.993|0.9074
Lancing Ring|TQ181062|England|6|2018|2023|UKBMS|50.8433|-0.3239|2.136|0.618|0.8555
Slindon Park Woods|SU954075|England|5|2018|2023|UKBMS|50.8592|-0.6459|0.345|-3.451|0.9040
The Ghyll LNR, Crowborough|TQ532306|England|6|2018|2023|UKBMS|51.0543|0.1845|0.059|-3.562|0.7594
Lane End Common|TQ402223|England|6|2018|2023|UKBMS|50.9830|-0.0041|1.760|-2.311|0.8493
Northwood|SU956110|England|6|2018|2023|UKBMS|50.8906|-0.6422|1.984|-0.084|0.9319
Pound Common|TQ378207|England|6|2018|2023|UKBMS|50.9692|-0.0388|2.327|2.884|0.9704
Bateman's 01|TQ667239|England|5|2019|2023|UKBMS|50.9904|0.3739|5.923|2.573|0.6718
Chanctonbury Ring|TQ140121|England|5|2019|2023|UKBMS|50.8971|-0.3803|-0.536|-1.571|0.7472
Jointer Copse|TQ327144|England|3|2020|2023|UKBMS|50.9138|-0.1137|0.042|-3.172|0.9148
Footpaths near Billingshurst|TQ095248|England|4|2020|2023|UKBMS|51.0122|-0.4405|5.984|4.466|0.2165
Verdley Wood|SU902260|England|4|2020|2023|UKBMS|51.0263|-0.7152|-2.016|-1.120|0.8615
Owlbeech Wood Horsham|TQ202317|England|3|2021|2023|UKBMS|51.0721|-0.2857|-0.228|-3.197|0.8920
The Liz Williams Butterfly Haven|TQ309072|England|3|2021|2023|UKBMS|50.8495|-0.1419|-1.371|-0.330|0.8728
Knowlands Wood|TQ417171|England|2|2021|2022|UKBMS|50.9359|0.0153|-1.369|-3.150|0.8690
Crowborough Country Park|TQ529299|England|3|2021|2023|UKBMS|51.0481|0.1799|1.602|-1.702|0.9461
Coldean Woods, Brighton|TQ335085|England|3|2021|2023|UKBMS|50.8606|-0.1045|-0.146|3.961|0.8678
Graffham Down - Dimmer & Parish|SU913163|England|3|2021|2023|UKBMS|50.9389|-0.7020|2.127|-2.518|0.9282
Graffham Down - Bowleys Field (2021 NEW ROUTE)|SU918163|England|3|2021|2023|UKBMS|50.9388|-0.6948|-1.316|-0.336|0.7107
Walshes Park|TQ523284|England|2|2022|2023|UKBMS|51.0348|0.1707|6.152|4.295|0.6001
Kincorth Hill LNR|NJ939027|Scotland|6|2018|2023|UKBMS|57.1152|-2.1024|-1.880|1.396|0.3687
Kernsary path|NG873810|Scotland|2|2018|2023|UKBMS|57.7681|-5.5779|-1.107|2.242|0.9157
Muirshiel Country Park Transect 1|NS311632|Scotland|5|2018|2023|UKBMS|55.8324|-4.6983|-0.095|0.255|0.9280
Muirshiel Country Park Transect 2|NS311631|Scotland|5|2018|2023|UKBMS|55.8315|-4.6983|-0.051|0.745|0.8030
Sustrans NCN77 Section 3|NO100266|Scotland|6|2016|2022|UKBMS|56.4230|-3.4606|1.048|-2.469|0.8676
Castlemilk Park|NS607593|Scotland|6|2018|2023|UKBMS|55.8068|-4.2242|-0.123|-1.189|0.9232
Linn Park Original Meadow|NS581592|Scotland|6|2018|2023|UKBMS|55.8052|-4.2656|2.442|-1.632|0.8694
Holyrood Park: Grayling transect|NT275733|Scotland|6|2018|2023|UKBMS|55.9472|-3.1624|0.231|1.281|0.9548
Sustrans East Haven|NO590362|Scotland|6|2018|2023|UKBMS|56.5160|-2.6679|0.614|4.857|0.3985
Holmhills Wood Community Park|NS638597|Scotland|5|2019|2023|UKBMS|55.8113|-4.1749|0.664|0.350|0.8224
Donmouth LNR|NJ952092|Scotland|5|2019|2023|UKBMS|57.1736|-2.0810|0.697|3.828|0.7601
Fallin Bing|NS839911|Scotland|5|2019|2023|UKBMS|56.0985|-3.8679|0.193|-0.388|0.9758
Little France Park|NT300704|Scotland|3|2019|2023|UKBMS|55.9216|-3.1217|2.416|2.588|0.9373
Calton Hill Grayling Transect|NT262741|Scotland|4|2019|2023|UKBMS|55.9542|-3.1835|1.536|4.461|0.7691
Fochabers amended|NJ341589|Scotland|4|2020|2023|UKBMS|57.6152|-3.1047|3.325|-1.200|0.5068
Gordon Castle Walled Garden amended|NJ348591|Scotland|4|2020|2023|UKBMS|57.6171|-3.0931|0.760|3.888|0.0489
Howietoun Fish Ponds|NS784884|Scotland|4|2020|2023|UKBMS|56.0729|-3.9551|1.728|2.342|0.9845
Monikie Park|NO502383|Scotland|4|2020|2023|UKBMS|56.5341|-2.8113|1.189|-1.216|0.9623
Water of Leith|NT219703|Scotland|4|2020|2023|UKBMS|55.9194|-3.2512|1.264|-1.337|0.9356
Carron Woodlands|NJ217409|Scotland|4|2020|2023|UKBMS|57.4516|-3.3064|-2.280|0.132|0.4563
Havoc Meadow|NS381753|Scotland|4|2020|2023|UKBMS|55.9434|-4.5939|-0.570|-0.613|0.9420
Redlees Quarry|NS681598|Scotland|4|2020|2023|UKBMS|55.8134|-4.1064|0.053|-0.765|0.9365
Cambusmore B|NN644058|Scotland|4|2020|2023|UKBMS|56.2254|-4.1887|5.923|0.304|0.1449
Haughhead|NT106475|Scotland|4|2020|2023|UKBMS|55.7127|-3.4245|-0.185|1.904|0.5085
Stonehill - Monument|NN810014|Scotland|3|2020|2022|UKBMS|56.1903|-3.9191|4.468|5.084|0.3868
Sheriff Muir|NN833028|Scotland|3|2020|2022|UKBMS|56.2034|-3.8827|-0.218|2.159|0.4297
S. Muir. Mon - Inn.|NN821019|Scotland|3|2020|2022|UKBMS|56.1951|-3.9016|-0.676|2.113|0.4740
Abbotsford House|NT507343|Scotland|3|2020|2022|UKBMS|55.5998|-2.7840|3.502|2.232|0.7268
Jenny's Well LNR|NS499627|Scotland|3|2021|2023|UKBMS|55.8341|-4.3982|0.213|4.930|0.5130
Cannerton Brickworks (dis), Banknock|NS784796|Scotland|3|2021|2023|UKBMS|55.9939|-3.9511|0.533|0.793|0.9089
Gourdon Coastal Walk|NO823706|Scotland|3|2021|2023|UKBMS|56.8265|-2.2916|0.597|3.944|0.5195
Sustrans - Croftamie|NS477862|Scotland|3|2021|2023|UKBMS|56.0444|-4.4466|1.621|3.722|0.7860
Menstrie|NS850973|Scotland|3|2021|2023|UKBMS|56.1545|-3.8529|3.434|2.618|0.7989
Old Mine Nature Park|NS71456017|Scotland|3|2021|2023|UKBMS|55.8176|-4.0532|0.003|0.910|0.8374
Ruaig|NM070470|Scotland|3|2021|2023|UKBMS|56.5234|-6.7661|-1.838|5.261|0.9853
The Saltings LNR|NS465726|Scotland|3|2021|2023|UKBMS|55.9219|-4.4580|0.597|5.850|0.5650
Ardersier Common II|NH777559|Scotland|3|2021|2023|UKBMS|57.5765|-4.0467|0.721|5.079|0.7491
Pitroddie Den|NO210251|Scotland|3|2021|2023|UKBMS|56.4115|-3.2819|4.277|1.428|0.8430
House of Dun|NO668599|Scotland|3|2021|2023|UKBMS|56.7296|-2.5442|0.040|-2.389|0.8106
Leith Hall|NJ540296|Scotland|3|2021|2023|UKBMS|57.3546|-2.7661|-0.496|1.890|0.4455
Drum Castle Estate|NJ796005|Scotland|3|2021|2023|UKBMS|57.0950|-2.3383|0.093|3.946|0.1699
Straiton Pond LNR|NT282667|Scotland|3|2021|2023|UKBMS|55.8881|-3.1495|2.463|-1.164|0.9063
Girdle Burn|NT028322|Scotland|3|2021|2023|UKBMS|55.5737|-3.5432|-0.981|0.782|0.6037
Saughton Park|NT221719|Scotland|2|2021|2022|UKBMS|55.9338|-3.2485|2.024|3.821|0.6243
Oldhall Ponds|NS337363|Scotland|3|2021|2023|UKBMS|55.5918|-4.6405|1.150|-2.452|0.8045
Talich Wildlife Reserve|NH850786|Scotland|2|2021|2022|UKBMS|57.7822|-3.9356|-0.114|-0.556|0.9097
Rewilding Denmarkfield - House Field|NO094280|Scotland|3|2021|2023|UKBMS|56.4355|-3.4709|2.164|2.613|0.8957
Rewilding Denmarkfield - West Field|NO094283|Scotland|3|2021|2023|UKBMS|56.4382|-3.4710|0.951|2.546|0.7305
Rewilding Denmarkfield - East Field|NO099285|Scotland|3|2021|2023|UKBMS|56.4400|-3.4629|1.421|2.819|0.4694
Kingsbarns|NO602124|Scotland|2|2022|2023|UKBMS|56.3023|-2.6448|1.915|2.941|0.9269
Hamiltonhill Claypits LNR|NS583675|Scotland|2|2022|2023|UKBMS|55.8797|-4.2667|0.220|0.440|0.9627
Corstorphine Hill|NT203737|Scotland|2|2022|2023|UKBMS|55.9497|-3.2778|0.661|-0.946|0.9633
Ravenscraig-Pathhead|NT291925|Scotland|2|2022|2023|UKBMS|56.1200|-3.1419|-0.034|3.109|0.7569
Lower Meadow Valleyfield (new 2022)|NT004862|Scotland|2|2022|2023|UKBMS|56.0582|-3.6010|0.535|-0.934|0.9816
Easter Anguston|NJ824017|Scotland|2|2022|2023|UKBMS|57.1059|-2.2922|0.520|3.601|0.4844
Newport-on-Tay|NO414268|Scotland|2|2022|2023|UKBMS|56.4297|-2.9517|3.236|2.662|0.9456
Holyrood Park - South|NT270728|Scotland|2|2022|2023|UKBMS|55.9427|-3.1703|0.577|4.192|0.5150
Grandhome Moss|NJ914123|Scotland|2|2022|2023|UKBMS|57.2014|-2.1440|8.543|0.257|0.5576
Pow Burn|NS345276|Scotland|2|2022|2023|UKBMS|55.5140|-4.6226|0.310|-0.192|0.9726
Kingsbarns Station|NO579115|Scotland|2|2022|2023|UKBMS|56.2941|-2.6818|6.899|0.182|0.6801
Maud Railway Path|NJ925478|Scotland|1|2022|2022|UKBMS|57.5203|-2.1269|-0.613|-0.192|0.7924
Longniddry No 4|NT441777|Scotland|2|2022|2023|UKBMS|55.9890|-2.8976|1.562|2.679|0.9534
Ruchill Park|NS580680|Scotland|2|2022|2023|UKBMS|55.8841|-4.2718|1.325|1.668|0.7681
Wester Kirk Craig|NS916977|Scotland|2|2022|2023|UKBMS|56.1596|-3.7469|0.487|0.802|0.8943
Levenhall Links|NT348738|Scotland|2|2022|2023|UKBMS|55.9528|-3.0457|0.855|3.567|0.9302
Rex Park - Lyne Burn|NT102868|Scotland|1|2022|2022|UKBMS|56.0656|-3.4439|4.449|4.196|0.6513
Clyde Walkway Wishaw|NS779525|Scotland|1|2022|2022|UKBMS|55.7504|-3.9469|-1.740|4.470|0.8485
Lily Loch|NH533495|Scotland|2|2022|2023|UKBMS|57.5118|-4.4505|-0.133|4.274|0.4000
Merrington Green|SJ467209|England|5|2019|2023|UKBMS|52.7830|-2.7917|1.582|-1.712|0.7998
Stanmore Country Park|SO740928|England|5|2019|2023|UKBMS|52.5324|-2.3847|-0.020|-3.326|0.9071
Lyth Hill|SJ471067|England|4|2019|2023|UKBMS|52.6554|-2.7835|1.210|-0.732|0.8674
Croft Castle|SO443663|England|4|2019|2023|UKBMS|52.2920|-2.8181|1.670|-0.640|0.7727
Blakeridge Wood|SO303863|England|4|2019|2022|UKBMS|52.4702|-3.0275|3.217|-1.027|0.5771
Colemere|SJ433332|England|2|2019|2023|UKBMS|52.8932|-2.8442|-2.835|5.364|0.1530
South Hyde Farm|SO738441|England|4|2019|2022|UKBMS|52.0946|-2.3839|6.905|5.023|0.4781
Wyre Forest West - Edwards Way|SO744763|England|4|2020|2023|UKBMS|52.3841|-2.3775|-1.348|0.123|0.9314
Bettisfield Moss NNR Transect A|SJ481351|England|4|2020|2023|UKBMS|52.9108|-2.7732|-1.139|2.068|0.8966
HoEF Sheriff's Lench|SP021485|England|4|2020|2023|UKBMS|52.1348|-1.9707|0.526|4.424|0.6063
SWT Wolseley Bridge visitor centre|SK024202|England|4|2020|2023|UKBMS|52.7794|-1.9659|4.114|1.323|0.8799
Quabbs Head|SO744454|England|4|2020|2023|UKBMS|52.1063|-2.3752|4.537|2.957|0.7312
Grafton Wood Regeneration|SO972560|England|4|2020|2023|UKBMS|52.2022|-2.0424|-0.501|-1.882|0.9723
The Cliffe|SJ394209|England|3|2021|2023|UKBMS|52.7823|-2.8999|0.472|0.624|0.6680
Awnells Farm|SO659316|England|3|2021|2023|UKBMS|51.9818|-2.4979|6.278|3.771|0.4674
Turnastone Court Farm|SO351365|England|3|2021|2023|UKBMS|52.0231|-2.9472|5.823|2.407|0.8805
Bromlow Callow SJ30F|SJ326010|England|3|2021|2023|UKBMS|52.6026|-2.9966|0.275|2.538|0.5894
Tean Valley Meadow Nature Trust|SK068364|England|2|2022|2023|UKBMS|52.9250|-1.9003|1.400|-0.859|0.9364
Green Farm|SO799610|England|2|2022|2023|UKBMS|52.2468|-2.2958|5.846|1.838|0.1151
Clee Liberty Common|SO573848|England|1|2022|2022|UKBMS|52.4595|-2.6299|3.532|4.110|0.7219
Princes Wood|SK205212|England|2|2022|2023|UKBMS|52.7880|-1.6975|1.862|0.657|0.9643
Venusbank SJ30K Shropshire|SJ350007|England|2|2022|2023|UKBMS|52.6002|-2.9611|5.973|4.358|0.2039
Sustainability Hub|SJ822452|England|1|2022|2022|UKBMS|53.0038|-2.2667|1.961|-2.293|0.8191
Development Area|SJ824451|England|1|2022|2022|UKBMS|53.0029|-2.2637|0.377|5.953|0.8338
Z Block/Plantation Park|SJ822449|England|1|2022|2022|UKBMS|53.0011|-2.2667|1.168|1.631|0.5920
Horwood|SJ822451|England|1|2022|2022|UKBMS|53.0029|-2.2667|1.753|-1.759|0.7983
Walsall: College Farm Extension|SP041998|England|2|2022|2023|UKBMS|52.5960|-1.9409|1.560|3.895|0.8133
WWT Slimbridge|SO727059|England|5|2019|2023|UKBMS|51.7511|-2.3969|7.128|4.754|0.6220
Westonbirt Restored Downs|ST846898|England|4|2019|2023|UKBMS|51.6068|-2.2238|1.484|0.873|0.7193
Westonbirt Silk Wood|ST839896|England|3|2019|2023|UKBMS|51.6050|-2.2339|0.942|-0.730|0.7559
Painswick Beacon North|SO867117|England|4|2019|2023|UKBMS|51.8038|-2.1943|0.600|-2.144|0.8938
Painswick Beacon South|SO867114|England|4|2019|2023|UKBMS|51.8011|-2.1943|4.835|2.018|0.6729
Nagshead Meadows|SO607086|England|3|2021|2023|UKBMS|51.7747|-2.5710|2.267|-1.329|0.9411
Westonbirt Silk Wood (New)|ST840896|England|2|2022|2023|UKBMS|51.6050|-2.2324|1.791|1.107|0.9337
Oak Grange Estate|SP159439|England|1|2022|2022|UKBMS|52.0932|-1.7693|1.716|5.057|0.3221
Scrata Wood Monsal Dale|SK182731|England|4|2020|2023|UKBMS|53.2546|-1.7287|5.189|3.621|0.7968
Calver Quarry|SK232748|England|4|2020|2023|UKBMS|53.2697|-1.6536|1.309|-1.815|0.8118
Craft Wood Wessington|SK365553|England|4|2020|2023|UKBMS|53.0937|-1.4564|-2.106|0.287|0.9316
Croft Orchard Overseal|SK296153|England|4|2020|2023|UKBMS|52.7345|-1.5631|5.196|1.441|0.4315
Horseshoe Quarry Eyam|SK208760|England|4|2020|2023|UKBMS|53.2806|-1.6895|1.358|0.530|0.8661
Ferneydale Harpur Hill|SK067712|England|4|2020|2023|UKBMS|53.2378|-1.9011|4.298|3.099|0.6013
Linton Heath - Paradise Wood|SK271162|England|4|2020|2023|UKBMS|52.7428|-1.6000|-0.295|-2.763|0.9700
Linton Heath - Foxley Wood|SK278168|England|4|2020|2023|UKBMS|52.7481|-1.5896|0.577|-3.756|0.9482
Southwell Trail|SK699550|England|3|2021|2023|UKBMS|53.0876|-0.9578|3.889|1.320|0.7885
Stanton on the Wolds|SK626306|England|3|2021|2023|UKBMS|52.8692|-1.0715|5.345|1.069|0.7288
Sconce and Devon Park|SK790530|England|3|2021|2023|UKBMS|53.0684|-0.8224|3.157|0.200|0.5897
Moor Pond Woods|SK548506|England|3|2021|2023|UKBMS|53.0499|-1.1840|2.044|-2.454|0.9571
Weleda Fields Shipley|SK443448|England|3|2021|2023|UKBMS|52.9987|-1.3414|2.443|-2.537|0.9404
Coachlands Meadows Willington|SK305283|England|3|2021|2023|UKBMS|52.8513|-1.5485|9.525|2.067|0.0503
Coombs Dale|SK224745|England|2|2021|2022|UKBMS|53.2670|-1.6656|-0.780|-1.854|0.5081
Haddon Hall Estate|SK235665|England|3|2021|2023|UKBMS|53.1951|-1.6497|0.045|-3.064|0.9293
Longstone Edge|SK195725|England|3|2021|2023|UKBMS|53.2492|-1.7092|5.791|4.620|0.4981
Midway Sand Holes|SK300207|England|3|2021|2023|UKBMS|52.7831|-1.5567|0.795|5.659|0.5086
Ripley Greenway|SK403495|England|3|2021|2023|UKBMS|53.0413|-1.4004|1.920|-0.552|0.9152
Ryder Point Hopton|SK252547|England|3|2021|2023|UKBMS|53.0889|-1.6252|5.164|5.010|0.6474
Staunton Harold Reservoir|SK375244|England|3|2021|2023|UKBMS|52.8158|-1.4450|9.659|1.825|0.1341
Thornhill Carrs NR|SK195845|England|3|2021|2023|UKBMS|53.3570|-1.7085|-0.223|-2.095|0.8688
Waterswallows, Dove Holes|SK084749|England|3|2021|2023|UKBMS|53.2710|-1.8755|0.602|5.824|0.1013
Willington Gravel Pits|SK285275|England|2|2021|2022|UKBMS|52.8443|-1.5783|-2.440|5.014|0.8828
Avenue Country Park Wingerworth|SK386682|England|3|2021|2023|UKBMS|53.2095|-1.4235|2.199|2.308|0.9092
Hogshaw Buxton|SK065745|England|3|2021|2023|UKBMS|53.2675|-1.9040|-0.967|-1.656|0.9325
Goseley Cutting Woodville|SK325198|England|3|2021|2023|UKBMS|52.7748|-1.5197|4.415|2.215|0.2620
Salter Wood Denby|SK387482|England|3|2021|2023|UKBMS|53.0297|-1.4244|-0.414|-3.262|0.9895
Tideswell Dale|SK154743|England|3|2021|2023|UKBMS|53.2655|-1.7706|2.272|-1.751|0.8825
Kinoulton Gorse|SK662309|England|2|2022|2023|UKBMS|52.8715|-1.0179|2.738|-0.044|0.8245
Rose End Meadows Extension|SK289566|England|2|2022|2023|UKBMS|53.1058|-1.5698|5.438|1.758|0.7985
Vicar Water Beards Meadow|SK591625|England|1|2022|2022|UKBMS|53.1564|-1.1176|3.674|2.624|0.9317
Lubrizol Estate Hazelwood - Ponds|SK3245|England|2|2022|2023|UKBMS|53.0014|-1.5246|0.055|3.906|0.5282
Rowsley Peak Village|SK2566|England|2|2022|2023|UKBMS|53.1905|-1.6273|3.680|0.810|0.8247
Sunart Fields Whaley Bridge|SK0280|England|2|2022|2023|UKBMS|53.3169|-1.9714|4.658|5.020|0.6829
New Lount NR|SK399185|England|3|2021|2023|UKBMS|52.7626|-1.4101|-1.718|-1.183|0.9699
Sence Valley Centenary Woodland|SK402115|England|3|2021|2023|UKBMS|52.6997|-1.4066|-2.603|0.933|0.8717
Twycross Zoo Nature Reserve|SK324060|England|2|2022|2023|UKBMS|52.6508|-1.5225|1.381|0.869|0.7011
Bagworth Heath|SK458067|England|3|2021|2023|UKBMS|52.6561|-1.3244|2.396|-1.610|0.9579
Bradgate Park - Newtown Linford|SK522099|England|2|2022|2023|UKBMS|52.6843|-1.2293|3.962|2.289|0.8214
Bradgate Park - Old John|SK524115|England|2|2022|2023|UKBMS|52.6986|-1.2260|3.888|0.662|0.3241
Burbage Common|SP447953|England|2|2022|2023|UKBMS|52.5537|-1.3422|1.551|5.195|0.5731
Donington le Heath Woodlands|SK423125|England|2|2022|2023|UKBMS|52.7085|-1.3754|-1.435|-2.590|0.9187
Ingles Hill Woodland|SK343179|England|3|2021|2023|UKBMS|52.7576|-1.4932|10.330|2.402|0.2855
Loughborough Uni Holywell|SK510184|England|2|2022|2023|UKBMS|52.7608|-1.2457|1.813|-2.738|0.9869
Potteric Carr new|SE590003|England|3|2021|2023|UKBMS|53.4961|-1.1121|0.889|-2.647|0.9870
Gauber|SD771779|England|3|2021|2023|UKBMS|54.1963|-2.3525|-0.031|2.337|0.2267
Crook Sike|SD780759|England|3|2021|2023|UKBMS|54.1784|-2.3386|3.303|4.115|0.7023
Fountains Abbey & Studley Royal|SE274684|England|2|2021|2022|UKBMS|54.1108|-1.5824|5.731|3.717|0.7072
Burton Riggs|TA031832|England|2|2021|2023|UKBMS|54.2341|-0.4197|-0.338|0.210|0.8398
Roach Hills, Shuttocks wood & surroundings|SE418313|England|2|2022|2023|UKBMS|53.7764|-1.3672|4.155|0.791|0.3698
Townclose Hills|SE407303|England|2|2022|2023|UKBMS|53.7675|-1.3840|0.759|-1.931|0.9863
Wenthillside|SE478182|England|2|2022|2023|UKBMS|53.6581|-1.2782|2.419|1.160|0.9473
Hipperley Beck|SE924939|England|2|2022|2023|UKBMS|54.3323|-0.5805|0.560|-0.761|0.7629
East Park Animal Education Centre|TA123313|England|2|2022|2023|UKBMS|53.7660|-0.2978|0.848|5.238|0.4660
Hell Wath|SE300701|England|2|2022|2023|UKBMS|54.1259|-1.5425|1.136|-3.367|0.9356
Canklow|SK428913|England|2|2022|2023|UKBMS|53.4168|-1.3575|4.220|1.559|0.8883
Duck Street Quarry|SE112638|England|2|2022|2023|UKBMS|54.0700|-1.8303|2.866|3.867|0.2289
North Selby Mine|SE650441|England|2|2022|2023|UKBMS|53.8890|-1.0125|0.892|4.901|0.7941
Allerton Ings|SE430271|England|2|2022|2023|UKBMS|53.7385|-1.3496|2.672|1.929|0.9653
Thorne Moors Transect A|SE734159|England|1|2022|2022|UKBMS|53.6345|-0.8914|-0.970|1.955|0.9431
Thorne Moors Transect D|SE734160|England|1|2022|2022|UKBMS|53.6354|-0.8914|-0.726|1.899|0.9816
Thorne Moors Transect B|SE734154|England|2|2022|2023|UKBMS|53.6300|-0.8915|-1.011|1.958|0.9923
HoEF Upper Binton|SP147540|England|2|2022|2023|UKBMS|52.1841|-1.7864|2.440|4.396|0.6146
HoEF Alne Skippers|SP103610|England|2|2022|2023|UKBMS|52.2471|-1.8506|1.135|0.673|0.9883
HoEF The Moors Binton|SP146539|England|2|2022|2023|UKBMS|52.1832|-1.7879|3.569|1.069|0.3741
HoEF Lower Binton|SP158533|England|2|2022|2023|UKBMS|52.1777|-1.7704|6.905|0.315|0.1160
HoEF Honeybourne South|SP130445|England|2|2022|2023|UKBMS|52.0987|-1.8116|3.605|2.937|0.8502
HoEF Honeybourne North|SP140452|England|2|2022|2023|UKBMS|52.1050|-1.7970|-0.530|-3.204|0.9303
HoEF Bearley|SP182600|England|2|2022|2023|UKBMS|52.2379|-1.7349|4.708|3.179|0.7867
Wolverton Langley Road|SP205628|England|2|2022|2023|UKBMS|52.2630|-1.7011|7.556|0.490|0.0824
HoEF Netherstead Plantations v2|SP108641|England|2|2022|2023|UKBMS|52.2749|-1.8431|4.524|3.110|0.9198
Combe Wood Farm|SY147881|England|2|2022|2023|UKBMS|50.6863|-3.2088|4.696|1.260|0.7517
Scobbiscombe part 1|SX624469|England|2|2022|2023|UKBMS|50.3060|-3.9336|9.386|0.873|0.1035
Warton Crag LNR (lower)|SD495725|England|2|2022|2023|UKBMS|54.1458|-2.7746|1.080|2.891|0.9299
Hull Brook Valley|SD985080|England|2|2022|2023|UKBMS|53.5686|-2.0241|1.474|2.604|0.3063
Hardknott Forest, Grassguards|SD216984|England|2|2022|2023|UKBMS|54.3750|-3.2084|-0.640|2.089|0.7038
Hardknott Forest, Great Wood|SD232992|England|2|2022|2023|UKBMS|54.3825|-3.1840|-1.647|-1.020|0.1454
Peel Park and The Coppice LNR|SD775290|England|2|2022|2023|UKBMS|53.7569|-2.3427|-1.267|-1.371|0.3849
Township Allotment|SD442888|England|2|2022|2023|UKBMS|54.2918|-2.8588|0.564|3.026|0.9328
|TL0547|England|13|2009|2023|WCBS|52.1114|-0.4681|7.132|3.565|0.0715
|TL1058|England|14|2009|2023|WCBS|52.2093|-0.3916|8.483|0.354|0.0848
|NY1945|England|12|2009|2023|WCBS|54.7933|-3.2613|5.264|5.451|0.1272
|SD3086|England|12|2009|2022|WCBS|54.2648|-3.0762|1.993|0.964|0.4645
|SU8082|England|13|2009|2023|WCBS|51.5313|-0.8481|9.590|2.041|0.1382
|SY7999|England|9|2009|2022|WCBS|50.7902|-2.2993|7.546|5.027|0.3549
|NZ0953|England|4|2009|2023|WCBS|54.8717|-1.8613|9.751|1.743|0.3407
|SU3737|England|16|2007|2023|WCBS|51.1311|-1.4726|4.938|2.858|0.3805
|SO7713|England|17|2007|2023|WCBS|51.8152|-2.3351|6.937|5.002|0.2211
|SP0728|England|15|2009|2023|WCBS|51.9505|-1.8996|4.194|2.210|0.2498
|SJ7694|England|15|2009|2023|WCBS|53.4422|-2.3628|2.291|0.769|0.8868
|ST8216|England|13|2009|2022|WCBS|50.9432|-2.2576|6.380|4.477|0.5000
|SY7892|England|14|2009|2023|WCBS|50.7272|-2.3131|7.071|0.102|0.0035
|TM1490|England|15|2007|2023|WCBS|52.4660|1.1489|2.233|3.377|0.2600
|SU7959|England|13|2009|2023|WCBS|51.3246|-0.8676|-0.841|3.101|0.9451
|SU8230|England|10|2009|2023|WCBS|51.0635|-0.8312|-2.812|5.380|0.9265
|SK8699|England|7|2009|2023|WCBS|53.4807|-0.7056|1.432|-2.083|0.9885
|TF7413|England|17|2007|2023|WCBS|52.6867|0.5729|3.534|1.022|0.7041
|TG0305|England|3|2009|2023|WCBS|52.6048|0.9964|-1.149|-1.303|0.7937
|TQ3269|England|11|2009|2023|WCBS|51.4047|-0.1037|0.623|6.002|0.2490
|ST4858|England|5|2008|2023|WCBS|51.3187|-2.7476|1.827|-0.914|0.8999
|TL8381|England|9|2009|2023|WCBS|52.3964|0.6882|7.018|0.439|0.3421
|TM0969|England|7|2009|2023|WCBS|52.2794|1.0624|1.393|4.382|0.2638
|TM3388|England|11|2009|2023|WCBS|52.4403|1.4267|7.404|4.746|0.4673
|TQ0148|England|13|2009|2023|WCBS|51.2223|-0.5551|-0.202|-3.234|0.8558
|TQ0647|England|16|2007|2023|WCBS|51.2124|-0.4838|2.586|-1.084|0.9116
|SK5451|England|14|2009|2022|WCBS|53.0535|-1.1958|10.340|1.201|0.0627
|SU7689|England|9|2009|2023|WCBS|51.5947|-0.9042|-1.059|-1.908|0.8694
|NO1737|Scotland|13|2009|2023|WCBS|56.5177|-3.3505|4.423|4.276|0.7851
|SD4717|England|14|2007|2023|WCBS|53.6468|-2.8032|1.557|1.906|0.3508
|NC2234|Scotland|17|2007|2023|WCBS|58.2586|-5.0355|0.295|2.681|0.7181
|SU1374|England|15|2009|2023|WCBS|51.4648|-1.8143|4.529|3.517|0.7796
|SK5488|England|3|2009|2023|WCBS|53.3861|-1.1896|8.099|1.842|0.4753
|NH4817|Scotland|5|2007|2023|WCBS|57.2184|-4.5188|-1.142|2.333|0.7586
|ST2331|England|3|2007|2023|WCBS|51.0731|-3.1004|7.358|4.793|0.2833
|TF7228|England|5|2007|2023|WCBS|52.8221|0.5512|7.218|5.122|0.2586
|NO6184|Scotland|11|2011|2022|WCBS|56.9456|-2.6427|-1.079|2.202|0.8812
|H9560|Northern Ireland|14|2010|2023|WCBS|54.4796|-6.5352|5.466|3.880|0.2161
|J2263|Northern Ireland|13|2010|2022|WCBS|54.5007|-6.1176|0.544|3.648|0.3229
|SE5579|England|9|2010|2022|WCBS|54.2038|-1.1583|4.872|3.555|0.6715
|SJ9094|England|7|2010|2022|WCBS|53.4427|-2.1520|1.897|4.834|0.6651
|SP7354|England|13|2010|2023|WCBS|52.1794|-0.9338|6.433|3.794|0.4493
|SU9814|England|12|2010|2022|WCBS|50.9172|-0.6072|6.168|4.178|0.4407
|SY8289|England|13|2010|2023|WCBS|50.7004|-2.2562|-0.491|1.578|0.9051
|TL0037|England|3|2010|2023|WCBS|52.0224|-0.5440|7.496|-0.148|0.0143
|ST7722|England|13|2011|2023|WCBS|50.9969|-2.3291|6.517|5.626|0.1485
|TL2222|England|12|2011|2023|WCBS|51.8832|-0.2289|8.558|0.336|0.0526
|TQ5309|England|13|2011|2023|WCBS|50.8603|0.1726|6.082|5.077|0.1119
|ST9326|England|8|2011|2023|WCBS|51.0333|-2.1012|10.286|2.109|0.0916
|SK4229|England|13|2011|2023|WCBS|52.8569|-1.3777|8.986|0.767|0.4063
|SK1932|England|13|2011|2023|WCBS|52.8851|-1.7191|7.130|4.670|0.4426
|ST7870|England|12|2011|2023|WCBS|51.4286|-2.3178|4.663|1.592|0.6932
|SP1130|England|9|2012|2022|WCBS|51.9684|-1.8413|6.871|0.005|0.0114
|NO5115|Scotland|6|2011|2023|WCBS|56.3248|-2.7939|6.657|0.265|0.2164
|TF0710|England|9|2011|2023|WCBS|52.6771|-0.4188|0.075|-2.298|0.6154
|SO9008|England|12|2012|2023|WCBS|51.7706|-2.1463|10.368|2.297|0.1191
|SP0008|England|12|2012|2023|WCBS|51.7707|-2.0014|9.297|1.604|0.2695
|SJ6884|England|14|2009|2023|WCBS|53.3519|-2.4822|10.022|1.491|0.1403
|SJ8456|England|8|2009|2022|WCBS|53.1010|-2.2404|9.469|1.737|0.2558
|SW4426|England|13|2009|2022|WCBS|50.0789|-5.5796|-0.635|-0.828|0.9342
|TL8715|England|17|2007|2023|WCBS|51.8024|0.7108|7.541|1.634|0.4024
|SS8185|Wales|13|2009|2023|WCBS|51.5513|-3.7177|0.734|-1.007|0.8222
|SO8013|England|15|2009|2023|WCBS|51.8153|-2.2915|0.151|5.951|0.3152
|SP2221|England|14|2009|2023|WCBS|51.8871|-1.6818|4.120|1.847|0.6466
|SY0181|England|8|2009|2022|WCBS|50.6203|-3.4008|1.519|4.948|0.5756
|TG4210|England|16|2007|2023|WCBS|52.6337|1.5749|5.977|3.001|0.7300
|TG4710|England|15|2009|2023|WCBS|52.6315|1.6486|4.521|2.249|0.3256
|TL4717|England|15|2009|2023|WCBS|51.8323|0.1320|7.493|5.348|0.2654
|TQ1593|England|14|2009|2023|WCBS|51.6241|-0.3401|0.346|4.899|0.5791
|TQ9648|England|5|2009|2023|WCBS|51.1976|0.8039|5.583|3.262|0.8859
|TR0622|England|15|2009|2023|WCBS|50.9606|0.9321|4.981|0.910|0.8916
|TR1939|England|4|2009|2022|WCBS|51.1084|1.1272|7.021|1.755|0.2585
|SD5313|England|12|2009|2023|WCBS|53.6114|-2.7119|6.566|1.891|0.3788
|SD5505|England|14|2009|2023|WCBS|53.5397|-2.6805|5.061|3.558|0.3630
|SD7716|England|14|2009|2022|WCBS|53.6400|-2.3494|3.235|-1.303|0.9847
|TF9040|England|13|2007|2023|WCBS|52.9238|0.8250|8.941|0.433|0.0368
|TG1034|England|13|2009|2022|WCBS|52.8625|1.1182|7.356|-0.297|0.1361
|TQ0527|England|15|2009|2023|WCBS|51.0328|-0.5040|7.742|0.513|0.1435
|ST5375|England|2|2009|2023|WCBS|51.4720|-2.6781|6.586|5.245|0.6122
|TL8482|England|11|2009|2023|WCBS|52.4051|0.7035|-2.590|1.072|0.5896
|SU9038|England|11|2009|2023|WCBS|51.1342|-0.7151|7.360|3.563|0.3437
|SU9761|England|15|2007|2023|WCBS|51.3398|-0.6088|-1.034|-2.047|0.9274
|TQ0944|England|14|2009|2023|WCBS|51.1848|-0.4418|-2.154|0.840|0.8392
|TM2393|England|16|2008|2023|WCBS|52.4893|1.2832|3.674|2.421|0.2498
|SP4854|England|15|2009|2023|WCBS|52.1822|-1.2994|5.944|4.717|0.5330
|SP6872|England|13|2009|2023|WCBS|52.3419|-1.0033|9.294|2.061|0.3570
|SM9225|Wales|14|2009|2023|WCBS|51.8847|-5.0237|5.575|5.159|0.3940
|ST8946|England|13|2009|2023|WCBS|51.2131|-2.1589|0.634|5.327|0.6284
|SU0869|England|7|2009|2023|WCBS|51.4200|-1.8863|5.861|4.562|0.4963
|SU0944|England|10|2009|2023|WCBS|51.1952|-1.8726|10.618|1.713|0.0189
|SK4982|England|12|2009|2023|WCBS|53.3327|-1.2657|0.372|-1.732|0.9864
|SK2442|England|14|2009|2023|WCBS|52.9748|-1.6440|4.233|2.339|0.3417
|SK3778|England|14|2009|2023|WCBS|53.2977|-1.4463|2.539|0.099|0.8829
|ST6877|England|6|2007|2023|WCBS|51.4910|-2.4623|2.694|1.039|0.9226
|TQ4326|England|9|2008|2022|WCBS|51.0156|0.0373|3.265|0.827|0.4821
|SD5641|England|7|2010|2022|WCBS|53.8633|-2.6705|5.465|5.637|0.3191
|SU1689|England|13|2010|2023|WCBS|51.5996|-1.7704|3.634|2.126|0.6921
|SU2882|England|10|2010|2023|WCBS|51.5362|-1.5977|5.159|4.229|0.9562
|TL0597|England|14|2010|2023|WCBS|52.5607|-0.4525|6.701|3.938|0.7344
|SP9588|England|2|2012|2022|WCBS|52.4817|-0.6026|3.362|0.392|0.8431
|NT3257|Scotland|6|2012|2022|WCBS|55.8015|-3.0863|0.631|-1.017|0.9476
|SD7234|England|6|2010|2022|WCBS|53.8015|-2.4266|4.233|4.946|0.2677
|SD6736|England|7|2011|2022|WCBS|53.8192|-2.5027|4.910|5.412|0.3886
|NR2943|Scotland|13|2011|2023|WCBS|55.6049|-6.3043|-0.732|2.151|0.7994
|ST7415|England|5|2012|2023|WCBS|50.9339|-2.3714|0.647|4.753|0.3027
|SD5983|England|12|2012|2023|WCBS|54.2410|-2.6306|1.987|2.324|0.8139
|SO1219|Wales|11|2012|2022|WCBS|51.8626|-3.2793|3.251|1.463|0.8651
|NO7770|Scotland|12|2011|2023|WCBS|56.8209|-2.3784|8.031|1.889|0.1692
|J2097|Northern Ireland|14|2009|2023|WCBS|54.8065|-6.1345|3.605|0.998|0.7665
|NY0935|England|8|2009|2023|WCBS|54.7018|-3.4136|4.907|4.811|0.2097
|NY1641|England|11|2009|2023|WCBS|54.7569|-3.3068|4.693|5.304|0.2525
|SU7170|England|15|2009|2023|WCBS|51.4246|-0.9802|2.106|4.442|0.8136
|SU2003|England|14|2009|2022|WCBS|50.8262|-1.7174|-0.388|0.971|0.9588
|SU4662|England|15|2009|2023|WCBS|51.3552|-1.3408|6.001|2.550|0.7412
|TQ6682|England|14|2009|2023|WCBS|51.5125|0.3908|8.867|0.277|0.0854
|SD9704|England|8|2009|2022|WCBS|53.5326|-2.0467|4.060|4.588|0.6449
|SO6206|England|12|2009|2023|WCBS|51.7514|-2.5519|1.379|3.716|0.3807
|SO7518|England|15|2009|2023|WCBS|51.8600|-2.3644|3.505|2.171|0.4014
|SO8815|England|15|2009|2023|WCBS|51.8335|-2.1756|10.253|1.868|0.0505
|ST8690|England|15|2009|2023|WCBS|51.6087|-2.2036|7.561|5.189|0.4138
|SU0096|England|14|2009|2023|WCBS|51.6628|-2.0014|6.790|5.407|0.2218
|TQ3993|England|14|2007|2022|WCBS|51.6187|0.0064|1.765|5.050|0.6662
|SJ8191|England|14|2009|2023|WCBS|53.4155|-2.2873|0.502|5.426|0.5308
|ST6014|England|15|2009|2023|WCBS|50.9241|-2.5705|5.895|0.321|0.1255
|ST8105|England|12|2009|2023|WCBS|50.8442|-2.2712|5.299|4.113|0.2674
|ST9601|England|13|2009|2023|WCBS|50.8085|-2.0581|5.532|2.794|0.4106
|ST9911|England|15|2009|2023|WCBS|50.8985|-2.0156|10.072|2.537|0.3040
|SU0510|England|15|2009|2023|WCBS|50.8895|-1.9303|-2.549|0.449|0.8203
|SY5499|England|15|2009|2023|WCBS|50.7887|-2.6539|7.023|5.325|0.4856
|SU7218|England|16|2007|2022|WCBS|50.9569|-0.9763|-2.480|0.265|0.2520
|TL1302|England|13|2009|2023|WCBS|51.7054|-0.3661|0.743|5.409|0.1966
|TL2831|England|14|2009|2023|WCBS|51.9628|-0.1384|9.115|0.489|0.0565
|TL3128|England|15|2009|2023|WCBS|51.9351|-0.0959|10.446|1.474|0.0450
|TQ5460|England|17|2007|2023|WCBS|51.3183|0.2085|1.959|-2.192|0.7904
|TQ7961|England|17|2007|2023|WCBS|51.3199|0.5674|-1.443|-2.772|0.6425
|TF7429|England|11|2009|2022|WCBS|52.8304|0.5814|3.656|0.514|0.6899
|TF9432|England|14|2009|2022|WCBS|52.8505|0.8796|9.686|2.032|0.3002
|TG0717|England|16|2007|2023|WCBS|52.7111|1.0629|6.350|1.621|0.3837
|ST2042|England|7|2009|2023|WCBS|51.1716|-3.1457|6.948|0.127|0.0279
|TQ2657|England|11|2009|2023|WCBS|51.2982|-0.1941|0.838|-3.544|0.8610
|SU9628|England|15|2009|2023|WCBS|51.0433|-0.6320|3.463|1.199|0.8084
|SK0719|England|15|2009|2023|WCBS|52.7686|-1.8977|6.519|5.760|0.2336
|TL9047|England|12|2009|2023|WCBS|52.0887|0.7719|7.067|0.021|0.0924
|TM0553|England|11|2009|2023|WCBS|52.1372|0.9941|10.068|1.473|0.0158
|TM3549|England|14|2009|2023|WCBS|52.0894|1.4290|-2.750|1.066|0.6834
|SU8748|England|13|2009|2023|WCBS|51.2246|-0.7555|1.355|-1.645|0.9504
|TM1599|England|11|2007|2023|WCBS|52.5464|1.1694|-0.685|-3.287|0.8696
|SK6276|England|15|2009|2023|WCBS|53.2774|-1.0717|2.391|-2.444|0.9610
|SP2302|England|14|2009|2023|WCBS|51.7163|-1.6685|-0.742|-3.323|0.9032
|SU4795|England|15|2006|2023|WCBS|51.6518|-1.3220|10.250|1.212|0.0360
|NO2444|Scotland|15|2009|2023|WCBS|56.5817|-3.2388|4.717|4.884|0.7304
|SP2638|England|10|2009|2022|WCBS|52.0398|-1.6224|1.905|0.699|0.8588
|SU2282|England|8|2009|2023|WCBS|51.5365|-1.6842|6.924|0.162|0.0209
|SK2444|England|14|2009|2023|WCBS|52.9928|-1.6439|3.344|1.007|0.5721
|SP2556|England|8|2009|2023|WCBS|52.2017|-1.6356|1.417|3.413|0.6345
|NT7568|Scotland|14|2010|2023|WCBS|55.9045|-2.4014|6.886|0.236|0.1417
|SE1028|England|13|2010|2023|WCBS|53.7483|-1.8498|2.152|2.060|0.9070
|SO7624|England|12|2010|2022|WCBS|51.9140|-2.3503|4.161|2.139|0.4313
|TQ3008|England|11|2012|2023|WCBS|50.8569|-0.1544|0.680|5.530|0.4375
|TM1797|England|13|2010|2023|WCBS|52.5276|1.1976|6.983|0.208|0.2869
|TM1827|England|10|2010|2023|WCBS|51.8989|1.1673|7.050|0.516|0.0977
|NT5675|Scotland|8|2011|2023|WCBS|55.9660|-2.7064|6.287|1.495|0.5918
|TQ6524|England|7|2012|2022|WCBS|50.9918|0.3497|0.456|-1.713|0.8511
|TL2722|England|13|2011|2023|WCBS|51.8821|-0.1563|3.493|1.075|0.3634
|TQ0960|England|12|2011|2023|WCBS|51.3287|-0.4369|-1.977|-0.944|0.8246
|SP1719|England|13|2011|2023|WCBS|51.8693|-1.7545|6.503|4.948|0.1565
|NT5376|Scotland|10|2011|2023|WCBS|55.9747|-2.7547|8.701|0.515|0.2662
|SO9519|England|13|2011|2023|WCBS|51.8696|-2.0740|1.332|-0.101|0.8819
|TF8532|England|13|2011|2023|WCBS|52.8537|0.7461|7.445|4.661|0.5532
|TL0532|England|9|2012|2023|WCBS|51.9766|-0.4727|3.611|1.287|0.1967
|SU3235|England|8|2012|2022|WCBS|51.1134|-1.5442|9.100|0.886|0.0898
|ST6805|England|12|2012|2023|WCBS|50.8436|-2.4559|3.848|1.781|0.2054
|TL1152|England|15|2009|2023|WCBS|52.1551|-0.3789|0.450|4.002|0.7967
|NY7412|England|9|2009|2023|WCBS|54.5026|-2.4030|4.800|4.878|0.4968
|TL3085|England|11|2009|2023|WCBS|52.4475|-0.0886|7.888|0.807|0.1840
|TL5456|England|12|2009|2023|WCBS|52.1808|0.2510|7.840|0.884|0.5334
|SJ8662|England|13|2009|2023|WCBS|53.1549|-2.2108|4.173|0.104|0.9048
|SW5032|England|15|2009|2023|WCBS|50.1353|-5.4998|6.480|3.263|0.4825
|NZ0825|England|2|2009|2023|WCBS|54.6201|-1.8776|0.589|0.039|0.8968
|SM8518|Wales|15|2009|2023|WCBS|51.8192|-5.1209|-2.763|5.609|0.0464
|TL8536|England|14|2009|2023|WCBS|51.9916|0.6931|6.360|3.381|0.6285
|TQ3668|England|7|2009|2022|WCBS|51.3947|-0.0466|1.181|5.586|0.5592
|SK2672|England|14|2009|2023|WCBS|53.2444|-1.6118|-0.767|-2.642|0.8702
|ST6702|England|15|2009|2023|WCBS|50.8166|-2.4698|2.445|2.060|0.9308
|ST8906|England|10|2009|2022|WCBS|50.8534|-2.1576|7.579|4.859|0.4975
|TL2804|England|7|2009|2023|WCBS|51.7201|-0.1484|2.387|-2.422|0.8956
|TQ5164|England|10|2009|2023|WCBS|51.3550|0.1672|-0.021|-2.533|0.7716
|TQ7371|England|12|2009|2023|WCBS|51.4116|0.4862|7.177|0.350|0.3350
|TQ9048|England|10|2009|2022|WCBS|51.1996|0.7182|6.101|4.823|0.5321
|SK5814|England|13|2009|2023|WCBS|52.7206|-1.1427|0.210|4.968|0.3201
|TF5016|England|13|2007|2023|WCBS|52.7209|0.2195|10.397|2.157|0.1292
|TQ3566|England|11|2009|2022|WCBS|51.3770|-0.0617|0.745|5.913|0.2108
|ST6537|England|14|2009|2023|WCBS|51.1312|-2.5016|7.339|5.430|0.0789
|TL6545|England|12|2009|2023|WCBS|52.0788|0.4064|8.891|0.337|0.0464
|TL7163|England|14|2009|2023|WCBS|52.2386|0.5029|8.793|0.463|0.1214
|TL9354|England|3|2009|2023|WCBS|52.1505|0.8196|10.455|1.547|0.0457
|SU9647|England|10|2009|2023|WCBS|51.2141|-0.6269|1.056|5.164|0.5096
|SU2871|England|6|2009|2023|WCBS|51.4373|-1.5986|6.062|4.085|0.8835
|SO8877|England|14|2009|2023|WCBS|52.3909|-2.1778|7.075|0.624|0.6978
|SE8726|England|11|2009|2022|WCBS|53.7232|-0.6830|10.096|1.038|0.1113
|SJ8182|England|6|2007|2022|WCBS|53.3346|-2.2868|4.368|2.340|0.1592
|ST5444|England|3|2007|2022|WCBS|51.1934|-2.6597|2.796|0.654|0.7776
|J2678|Northern Ireland|13|2010|2022|WCBS|54.6344|-6.0495|4.697|5.318|0.1003
|SD9908|England|7|2010|2022|WCBS|53.5686|-2.0166|4.732|4.718|0.3972
|SK2073|England|2|2010|2023|WCBS|53.2536|-1.7017|1.395|2.195|0.9657
|ST6808|England|13|2010|2023|WCBS|50.8706|-2.4561|3.119|0.917|0.5065
|TL1745|England|10|2010|2023|WCBS|52.0910|-0.2937|6.763|0.777|0.4976
|SX8760|England|10|2010|2023|WCBS|50.4289|-3.5923|1.416|4.624|0.3449
|TF2105|England|13|2010|2022|WCBS|52.6293|-0.2137|9.829|1.446|0.2050
|TQ1302|England|14|2010|2023|WCBS|50.8065|-0.3976|1.342|5.091|0.3986
|SU3300|England|11|2012|2022|WCBS|50.7986|-1.5331|7.339|4.031|0.7809
|SU9622|England|11|2012|2022|WCBS|50.9894|-0.6336|0.306|4.618|0.5121
|NH6853|Scotland|12|2012|2023|WCBS|57.5478|-4.2072|-2.793|5.471|0.9551
|NS5852|Scotland|13|2011|2023|WCBS|55.7405|-4.2634|4.848|5.414|0.1289
|NJ5726|Scotland|12|2012|2023|WCBS|57.3225|-2.7157|8.737|0.211|0.1682
|J3864|Northern Ireland|13|2011|2023|WCBS|54.5056|-5.8703|4.322|3.149|0.2075
|TF7222|England|13|2011|2023|WCBS|52.7682|0.5480|5.554|1.645|0.4350
|NY9971|England|12|2012|2023|WCBS|55.0335|-2.0172|7.502|1.135|0.1340
|SU2569|England|8|2012|2022|WCBS|51.4195|-1.6419|-1.362|-0.509|0.8909
|NY1255|England|11|2009|2023|WCBS|54.8820|-3.3732|4.846|5.320|0.2615
|SD4083|England|17|2007|2023|WCBS|54.2392|-2.9221|1.360|1.985|0.8980
|SD6793|England|7|2009|2023|WCBS|54.3315|-2.5090|0.342|5.480|0.8069
|SJ7656|England|14|2009|2023|WCBS|53.1007|-2.3599|6.228|5.839|0.1265
|SJ2441|Wales|8|2009|2023|WCBS|52.9610|-3.1329|1.944|1.813|0.8591
|SU4132|England|13|2009|2023|WCBS|51.0859|-1.4160|9.087|0.348|0.1567
|ST8796|England|17|2007|2023|WCBS|51.6626|-2.1893|10.166|2.366|0.1624
|SK1978|England|12|2009|2023|WCBS|53.2986|-1.7164|0.556|-0.588|0.9532
|SK3248|England|14|2009|2023|WCBS|53.0283|-1.5243|5.434|2.129|0.5769
|ST5406|England|11|2009|2022|WCBS|50.8517|-2.6548|6.345|4.778|0.6031
|ST6511|England|13|2009|2023|WCBS|50.8974|-2.4991|6.759|5.583|0.1307
|ST8518|England|12|2006|2022|WCBS|50.9612|-2.2150|6.598|5.714|0.1257
|SU0210|England|12|2009|2023|WCBS|50.8895|-1.9729|10.364|2.188|0.1078
|SY7388|England|14|2009|2023|WCBS|50.6910|-2.3836|10.217|2.613|0.1007
|TG3033|England|10|2007|2023|WCBS|52.8454|1.4140|0.906|1.899|0.4678
|TG4717|England|17|2007|2023|WCBS|52.6943|1.6539|2.027|-2.908|0.9386
|SU6420|England|14|2009|2023|WCBS|50.9759|-1.0898|7.328|5.290|0.1944
|SU6630|England|13|2007|2023|WCBS|51.0655|-1.0595|6.743|1.887|0.3466
|TL3618|England|15|2009|2023|WCBS|51.8440|-0.0272|6.240|3.168|0.8196
|TL2684|England|14|2009|2023|WCBS|52.4395|-0.1478|8.904|2.358|0.1425
|TF7238|England|15|2007|2023|WCBS|52.9119|0.5564|7.313|-0.374|0.1428
|TF8313|England|7|2009|2023|WCBS|52.6838|0.7059|8.991|0.312|0.0727
|TF9124|England|13|2009|2022|WCBS|52.7798|0.8305|1.730|0.434|0.8186
|SO3676|England|11|2007|2023|WCBS|52.3783|-2.9416|6.780|5.163|0.5552
|ST1340|England|16|2007|2023|WCBS|51.1526|-3.2453|0.197|1.813|0.5224
|SU9620|England|15|2009|2023|WCBS|50.9714|-0.6341|7.243|0.174|0.0305
|ST7555|England|15|2007|2023|WCBS|51.2936|-2.3599|5.357|4.417|0.5462
|ST7944|England|2|2009|2023|WCBS|51.1948|-2.3019|-0.069|-1.716|0.8173
|ST7954|England|17|2007|2023|WCBS|51.2847|-2.3025|4.129|1.352|0.5424
|SK0708|England|14|2009|2023|WCBS|52.6697|-1.8979|7.723|0.607|0.6555
|TM5075|England|15|2009|2023|WCBS|52.3161|1.6666|1.036|4.699|0.6934
|NO1957|Scotland|14|2009|2023|WCBS|56.6977|-3.3243|-0.991|2.362|0.7879
|NT3549|Scotland|15|2009|2023|WCBS|55.7300|-3.0366|0.356|1.760|0.5522
|TQ4726|England|15|2009|2023|WCBS|51.0146|0.0942|-1.505|-3.024|0.8387
|SP3552|England|3|2009|2022|WCBS|52.1652|-1.4897|8.991|0.487|0.0479
|ST9790|England|7|2009|2023|WCBS|51.6088|-2.0447|5.841|2.483|0.3532
|SD9767|England|4|2009|2023|WCBS|54.0989|-2.0474|3.679|4.575|0.3259
|SE0430|England|15|2009|2023|WCBS|53.7663|-1.9408|-0.632|1.834|0.8102
|SE3593|England|11|2009|2023|WCBS|54.3314|-1.4633|6.947|0.059|0.0321
|TR1847|England|10|2009|2023|WCBS|51.1806|1.1177|10.594|1.623|0.0924
|SK2517|England|12|2009|2023|WCBS|52.7500|-1.6311|3.642|1.894|0.2773
|SN0514|Wales|14|2007|2022|WCBS|51.7906|-4.8289|0.544|-1.302|0.7957
|TQ6248|England|2|2007|2022|WCBS|51.2082|0.3178|7.189|0.379|0.2613
|SU8890|England|2|2006|2023|WCBS|51.6020|-0.7308|6.681|0.857|0.1628
|D2204|Northern Ireland|10|2011|2023|WCBS|54.8688|-6.1005|4.680|5.316|0.1311
|SD3511|England|7|2010|2023|WCBS|53.5915|-2.9835|7.296|0.214|0.3068
|SD4391|England|14|2010|2023|WCBS|54.3114|-2.8776|1.077|2.318|0.5910
|SP7474|England|13|2010|2023|WCBS|52.3591|-0.9148|7.842|0.874|0.3065
|SP7870|England|7|2010|2022|WCBS|52.3226|-0.8570|6.132|1.881|0.6591
|SO7322|England|14|2010|2023|WCBS|51.8959|-2.3938|9.757|1.726|0.2626
|SO9524|England|14|2010|2023|WCBS|51.9145|-2.0741|1.914|5.006|0.3686
|SY8780|England|14|2010|2023|WCBS|50.6196|-2.1851|4.935|2.704|0.6859
|TQ3045|England|13|2010|2023|WCBS|51.1894|-0.1411|5.028|0.805|0.3987
|TQ5204|England|11|2010|2022|WCBS|50.8156|0.1563|9.058|0.857|0.1626
|NY0287|Scotland|12|2012|2023|WCBS|55.1676|-3.5400|-2.428|4.852|0.7115
|ST7202|England|12|2011|2023|WCBS|50.8169|-2.3988|3.839|0.352|0.6359
|SH4659|Wales|12|2012|2023|WCBS|53.1059|-4.3019|5.369|1.858|0.7052
|TQ5301|England|13|2011|2023|WCBS|50.7884|0.1692|10.531|1.531|0.0933
|NT1930|Scotland|7|2011|2022|WCBS|55.5569|-3.2857|-2.215|0.081|0.5279
|SO6212|England|11|2012|2023|WCBS|51.8053|-2.5525|-1.911|-0.896|0.4321
|SD5058|England|7|2012|2023|WCBS|54.0156|-2.7645|2.752|1.480|0.7070
|SO9514|England|12|2012|2023|WCBS|51.8246|-2.0740|5.087|4.264|0.0981
|TF7611|England|3|2012|2022|WCBS|52.6681|0.6014|8.792|0.328|0.3126
|NS5651|Scotland|12|2011|2022|WCBS|55.7309|-4.2947|-0.488|3.795|0.5412
|TF6841|England|7|2011|2023|WCBS|52.9401|0.4986|8.705|0.241|0.2839
|SU8583|England|12|2012|2023|WCBS|51.5395|-0.7758|6.290|1.758|0.2564
|SU0101|England|10|2012|2022|WCBS|50.8086|-1.9872|6.912|0.625|0.1581
|SJ4162|England|6|2012|2022|WCBS|53.1519|-2.8837|2.412|-2.556|0.7198
|SU0308|England|12|2011|2023|WCBS|50.8715|-1.9587|10.426|1.408|0.0382
|TL1724|England|2|2012|2023|WCBS|51.9023|-0.3008|5.746|3.374|0.5652
|NJ9961|Scotland|8|2009|2022|WCBS|57.6389|-2.0184|8.881|0.325|0.4490
|NK0457|Scotland|9|2009|2022|WCBS|57.6030|-1.9347|-0.628|-1.255|0.8461
|SP9026|England|15|2009|2023|WCBS|51.9253|-0.6926|2.124|3.082|0.9440
|NY1847|England|11|2009|2023|WCBS|54.8111|-3.2774|5.200|5.518|0.0817
|ST6070|England|13|2007|2023|WCBS|51.4276|-2.5767|1.195|5.406|0.3911
|TL2486|England|11|2009|2023|WCBS|52.4579|-0.1765|7.782|0.918|0.5074
|SY9594|England|15|2009|2023|WCBS|50.7456|-2.0722|7.061|5.502|0.3610
|SZ0497|England|13|2009|2023|WCBS|50.7726|-1.9446|6.449|3.229|0.8213
|TL4903|England|10|2009|2023|WCBS|51.7060|0.1550|2.865|3.138|0.9329
|SU5127|England|15|2007|2023|WCBS|51.0401|-1.2740|7.108|4.851|0.3845
|SU6207|England|14|2009|2023|WCBS|50.8592|-1.1205|8.978|0.453|0.1574
|TL8339|England|13|2009|2023|WCBS|52.0192|0.6656|3.945|0.891|0.2803
|SD9904|England|13|2009|2023|WCBS|53.5327|-2.0166|1.560|1.433|0.7964
|TQ5390|England|15|2009|2023|WCBS|51.5881|0.2071|1.443|5.144|0.1451
|SD6608|England|9|2009|2023|WCBS|53.5675|-2.5148|3.499|4.036|0.1757
|SX7779|England|15|2009|2023|WCBS|50.5977|-3.7393|-1.014|2.600|0.8840
|SY4690|England|13|2009|2022|WCBS|50.7071|-2.7661|-2.738|5.643|0.0644
|SY7385|England|13|2009|2023|WCBS|50.6640|-2.3834|6.045|5.474|0.3163
|TG2215|England|16|2007|2023|WCBS|52.6872|1.2832|6.933|3.463|0.3965
|TG4124|England|13|2007|2023|WCBS|52.7598|1.5704|7.215|-0.369|0.5807
|TQ1492|England|13|2009|2023|WCBS|51.6153|-0.3549|7.314|3.869|0.7308
|TQ5568|England|12|2009|2022|WCBS|51.3899|0.2263|7.709|0.595|0.6388
|TQ1662|England|14|2009|2023|WCBS|51.3453|-0.3359|-1.780|-2.309|0.7999
|ST4355|England|8|2007|2022|WCBS|51.2913|-2.8188|2.514|1.077|0.8814
|TL6381|England|14|2009|2023|WCBS|52.4027|0.3946|7.285|-0.201|0.5506
|TL7866|England|11|2009|2022|WCBS|52.2634|0.6069|7.324|-0.397|0.1645
|TM3450|England|15|2009|2023|WCBS|52.0988|1.4151|-2.724|1.077|0.5143
|TM3762|England|7|2009|2023|WCBS|52.2052|1.4672|1.289|-1.914|0.8859
|TM2087|England|10|2007|2023|WCBS|52.4367|1.2351|10.546|2.091|0.2730
|SP7754|England|13|2009|2023|WCBS|52.1789|-0.8753|9.983|1.018|0.0299
|SP3523|England|12|2009|2022|WCBS|51.9044|-1.4927|7.619|0.649|0.1082
|SU6289|England|13|2009|2023|WCBS|51.5964|-1.1063|3.543|-0.125|0.6965
|SM8010|Wales|13|2009|2023|WCBS|51.7454|-5.1883|0.410|-2.133|0.8926
|SM9234|Wales|14|2009|2023|WCBS|51.9655|-5.0292|5.732|5.666|0.0561
|SO2054|Wales|16|2007|2022|WCBS|52.1784|-3.1714|-0.890|0.801|0.4735
|SU0030|England|5|2009|2023|WCBS|51.0693|-2.0014|-0.950|-1.578|0.9483
|SK3828|England|13|2009|2023|WCBS|52.8482|-1.4372|7.963|0.350|0.2971
|TL0280|England|13|2009|2023|WCBS|52.4085|-0.5020|5.001|1.472|0.8618
|NH8646|Scotland|6|2007|2023|WCBS|57.4898|-3.9034|-2.838|5.407|0.4216
|SP1521|England|11|2007|2023|WCBS|51.8874|-1.7835|9.984|2.391|0.0951
|TG0307|England|4|2007|2022|WCBS|52.6228|0.9976|5.890|2.533|0.7866
|SP5310|England|2|2006|2023|WCBS|51.7862|-1.2330|9.301|0.748|0.0839
|SU6473|England|2|2006|2023|WCBS|51.4524|-1.0803|1.816|-2.991|0.9267
|J4577|Northern Ireland|8|2010|2023|WCBS|54.6204|-5.7560|0.378|-0.963|0.9763
|TG1008|England|4|2007|2022|WCBS|52.6291|1.1015|9.615|2.084|0.3219
|TM1683|England|4|2007|2023|WCBS|52.4024|1.1738|-1.391|-1.525|0.8875
|NT0923|Scotland|8|2010|2023|WCBS|55.4923|-3.4418|-0.498|1.958|0.7287
|SD9711|England|10|2010|2023|WCBS|53.5956|-2.0468|3.459|4.225|0.7437
|SJ9520|England|14|2010|2023|WCBS|52.7776|-2.0756|9.612|2.154|0.4287
|SK0799|England|11|2010|2023|WCBS|53.4877|-1.8960|-0.751|0.939|0.7890
|SK4964|England|10|2010|2023|WCBS|53.1709|-1.2684|9.518|1.406|0.4197
|SP7657|England|10|2010|2023|WCBS|52.2060|-0.8893|0.825|5.667|0.1871
|ST8719|England|14|2010|2023|WCBS|50.9703|-2.1865|6.372|5.850|0.0406
|SO5302|England|14|2010|2023|WCBS|51.7147|-2.6817|1.036|1.432|0.9238
|SP4952|England|13|2010|2023|WCBS|52.1641|-1.2851|6.060|4.845|0.2898
|TL2050|England|14|2010|2023|WCBS|52.1353|-0.2481|6.256|2.166|0.6854
|SY4694|England|12|2012|2023|WCBS|50.7431|-2.7667|5.110|1.499|0.4165
|TQ1330|England|10|2012|2023|WCBS|51.0582|-0.3890|2.159|-2.306|0.9058
|SD7715|England|12|2011|2022|WCBS|53.6310|-2.3493|4.506|4.941|0.4244
|TG3502|England|13|2011|2023|WCBS|52.5650|1.4660|7.260|-0.416|0.1075
|SH7150|Wales|7|2012|2023|WCBS|53.0317|-3.9251|-2.388|0.182|0.3903
|SH5263|Wales|10|2012|2023|WCBS|53.1435|-4.2142|4.962|0.890|0.8747
|NT4164|Scotland|12|2012|2023|WCBS|55.8655|-2.9443|7.858|1.598|0.5529
|SU0605|England|9|2012|2023|WCBS|50.8445|-1.9161|2.193|-1.541|0.8338
|ST5301|England|11|2012|2023|WCBS|50.8066|-2.6684|6.904|5.256|0.3377
|TQ6313|England|8|2011|2023|WCBS|50.8935|0.3163|2.899|1.508|0.3141
|SE7063|England|12|2012|2023|WCBS|54.0582|-0.9321|10.271|1.841|0.2412
|SP9335|England|8|2012|2023|WCBS|52.0057|-0.6466|0.601|2.694|0.4622
|SU2770|England|7|2012|2022|WCBS|51.4284|-1.6130|10.058|1.171|0.0448
|NN0785|Scotland|10|2009|2023|WCBS|56.9160|-5.1721|-0.723|1.910|0.7229
|NY3351|England|15|2009|2023|WCBS|54.8493|-3.0450|5.250|5.568|0.1106
|NY4736|England|8|2009|2023|WCBS|54.7162|-2.8242|4.596|5.318|0.1748
|NY8113|England|10|2009|2023|WCBS|54.5119|-2.2950|4.639|5.209|0.1668
|SP8816|England|8|2007|2023|WCBS|51.8357|-0.7242|6.599|3.857|0.5668
|SJ3773|England|11|2009|2022|WCBS|53.2503|-2.9457|6.014|5.290|0.3026
|SJ9268|England|13|2009|2022|WCBS|53.2090|-2.1212|0.865|5.480|0.4476
|SH8064|Wales|5|2009|2023|WCBS|53.1596|-3.7962|4.855|4.514|0.3350
|SU4628|England|13|2009|2023|WCBS|51.0495|-1.3451|2.148|4.425|0.7051
|SU4837|England|14|2009|2023|WCBS|51.1303|-1.3154|9.180|0.845|0.2436
|NO4228|Scotland|13|2009|2023|WCBS|56.4406|-2.9423|-2.724|5.459|0.8697
|SK3150|England|13|2009|2023|WCBS|53.0464|-1.5390|6.412|5.725|0.1698
|SY0994|England|6|2009|2022|WCBS|50.7385|-3.2910|8.823|1.709|0.4997
|ST3701|England|9|2009|2023|WCBS|50.8051|-2.8954|2.072|-1.853|0.7791
|SY5089|England|11|2009|2023|WCBS|50.6985|-2.7093|7.769|1.364|0.4367
|TG1139|England|17|2007|2023|WCBS|52.9070|1.1362|0.224|-1.900|0.5424
|SU6633|England|12|2009|2022|WCBS|51.0925|-1.0589|-1.003|-0.799|0.9262
|TQ9840|England|15|2009|2023|WCBS|51.1251|0.8281|10.614|1.702|0.1276
|TQ2688|England|13|2009|2023|WCBS|51.5768|-0.1831|0.920|0.470|0.8005
|TQ2782|England|12|2009|2023|WCBS|51.5226|-0.1708|0.420|6.109|0.4737
|NT2764|Scotland|6|2009|2023|WCBS|55.8636|-3.1679|4.512|5.318|0.1433
|SU8204|England|12|2009|2023|WCBS|50.8297|-0.8370|1.986|-1.464|0.8023
|ST7650|England|3|2007|2022|WCBS|51.2487|-2.3452|5.801|1.461|0.7574
|TL8271|England|9|2009|2023|WCBS|52.3069|0.6681|5.542|2.238|0.9215
|SP5160|England|15|2009|2023|WCBS|52.2358|-1.2546|2.663|2.114|0.8870
|SM9737|Wales|8|2009|2022|WCBS|51.9942|-4.9583|0.165|-1.811|0.7716
|TQ1520|England|6|2008|2022|WCBS|50.9679|-0.3636|5.652|4.180|0.4402
|TQ1819|England|15|2007|2023|WCBS|50.9584|-0.3212|6.285|4.283|0.8358
|TQ6608|England|11|2009|2023|WCBS|50.8477|0.3567|6.251|4.375|0.3480
|SP1267|England|13|2009|2023|WCBS|52.3010|-1.8254|3.245|0.402|0.7378
|ST5274|England|12|2007|2023|WCBS|51.4629|-2.6923|6.115|3.427|0.5586
|SJ4448|England|11|2013|2023|WCBS|53.0263|-2.8364|6.278|5.380|0.1756
|TM1091|England|5|2007|2023|WCBS|52.4765|1.0908|10.065|1.012|0.1075
|SJ7891|England|14|2010|2023|WCBS|53.4153|-2.3325|0.886|5.884|0.5116
|ST6695|England|14|2010|2023|WCBS|51.6528|-2.4929|2.947|0.643|0.8415
|ST7637|England|12|2010|2023|WCBS|51.1318|-2.3444|6.492|1.946|0.1804
|SO8933|England|14|2010|2023|WCBS|51.9953|-2.1616|6.238|3.023|0.3968
|SX4068|England|8|2010|2023|WCBS|50.4899|-4.2569|1.316|-0.369|0.7649
|TF9434|England|11|2010|2022|WCBS|52.8685|0.8808|7.373|-0.296|0.1690
|TQ5317|England|14|2010|2023|WCBS|50.9322|0.1759|3.290|2.076|0.3095
|TQ2759|England|14|2010|2023|WCBS|51.3159|-0.1791|1.938|2.095|0.8829
|ST9709|England|12|2012|2023|WCBS|50.8805|-2.0440|-0.549|-3.595|0.5222
|NT2856|Scotland|12|2012|2023|WCBS|55.7919|-3.1498|4.820|5.215|0.3309
|SO9714|England|12|2012|2023|WCBS|51.8246|-2.0449|2.006|2.406|0.7219
|SD6168|England|12|2011|2023|WCBS|54.1064|-2.5980|4.592|1.222|0.4043
|SU5921|England|8|2012|2023|WCBS|50.9854|-1.1608|-0.960|4.010|0.8252
|ST3104|England|11|2012|2023|WCBS|50.8314|-2.9811|4.773|2.778|0.3654
|SZ0196|England|10|2012|2023|WCBS|50.7636|-1.9872|0.556|4.074|0.4407
|SU4771|England|8|2012|2023|WCBS|51.4361|-1.3252|7.406|4.720|0.3903
|SU0301|England|10|2012|2023|WCBS|50.8085|-1.9588|-1.142|-0.739|0.8099
|NJ9736|Scotland|14|2009|2023|WCBS|57.4144|-2.0516|3.247|3.978|0.6799
|ST6266|England|17|2007|2023|WCBS|51.3918|-2.5475|-1.103|-1.011|0.9310
|SD2883|England|11|2009|2023|WCBS|54.2376|-3.1062|3.036|0.556|0.4525
|SD4896|England|9|2009|2023|WCBS|54.3569|-2.8016|1.196|0.639|0.7917
|SE0602|England|5|2009|2023|WCBS|53.5146|-1.9110|0.211|1.590|0.8637
|SU3476|England|13|2009|2023|WCBS|51.4819|-1.5118|-1.830|-0.932|0.9687
|SP8314|England|4|2009|2023|WCBS|51.8185|-0.7973|0.892|5.799|0.6703
|SU9596|England|12|2009|2023|WCBS|51.6548|-0.6281|2.309|1.426|0.8531
|SJ7488|England|14|2009|2023|WCBS|53.3882|-2.3924|4.043|1.904|0.3601
|NZ2024|England|14|2009|2022|WCBS|54.6108|-1.6919|10.262|1.837|0.6292
|NT6565|Scotland|4|2009|2023|WCBS|55.8769|-2.5610|-0.618|2.435|0.8569
|SU2200|England|13|2009|2022|WCBS|50.7991|-1.6892|-1.373|0.189|0.8905
|SU3939|England|17|2007|2023|WCBS|51.1489|-1.4438|10.035|1.625|0.2159
|SP1039|England|15|2009|2023|WCBS|52.0493|-1.8556|0.744|5.265|0.2751
|ST7316|England|15|2009|2023|WCBS|50.9428|-2.3857|5.710|2.054|0.5475
|ST7705|England|14|2009|2023|WCBS|50.8441|-2.3280|6.770|5.027|0.4284
|ST9707|England|12|2009|2022|WCBS|50.8625|-2.0440|10.206|2.571|0.2483
|ST9910|England|15|2009|2023|WCBS|50.8895|-2.0156|10.385|2.413|0.2998
|SU0600|England|10|2009|2022|WCBS|50.7995|-1.9162|0.356|4.019|0.9194
|TL3207|England|7|2009|2023|WCBS|51.7462|-0.0894|0.852|2.410|0.5956
|TL3212|England|15|2009|2023|WCBS|51.7911|-0.0875|4.940|1.372|0.5955
|TR1651|England|15|2009|2023|WCBS|51.2173|1.0916|-0.347|-2.925|0.8654
|TR2839|England|7|2009|2022|WCBS|51.1049|1.2555|1.615|4.493|0.5445
|TF6926|England|17|2007|2023|WCBS|52.8051|0.5057|5.909|3.606|0.5423
|ST1914|England|12|2007|2023|WCBS|50.9198|-3.1537|4.758|1.474|0.4900
|ST3547|England|8|2009|2023|WCBS|51.2185|-2.9321|1.740|3.043|0.4556
|SU9402|England|16|2008|2023|WCBS|50.8099|-0.6672|4.398|1.070|0.2655
|ST4872|England|6|2009|2023|WCBS|51.4446|-2.7496|2.219|4.495|0.8223
|ST4944|England|6|2009|2023|WCBS|51.1929|-2.7312|5.749|4.982|0.2024
|ST6945|England|3|2007|2022|WCBS|51.2034|-2.4451|-0.367|-1.928|0.8034
|ST7542|England|3|2007|2022|WCBS|51.1767|-2.3590|3.360|2.243|0.3748
|ST7653|England|14|2007|2022|WCBS|51.2756|-2.3454|7.275|5.482|0.2290
|SK0500|England|14|2009|2023|WCBS|52.5978|-1.9276|0.759|3.750|0.6261
|TL7262|England|13|2009|2023|WCBS|52.2293|0.5170|7.244|-0.338|0.1614
|TL7781|England|14|2009|2023|WCBS|52.3984|0.6002|5.041|3.120|0.7916
|SP2798|England|15|2009|2023|WCBS|52.5791|-1.6030|1.717|5.207|0.6935
|J4864|Northern Ireland|9|2010|2022|WCBS|54.5028|-5.7161|0.671|3.238|0.4654
|SD9613|England|7|2010|2022|WCBS|53.6135|-2.0619|-0.455|2.152|0.7208
|SK2936|England|10|2010|2023|WCBS|52.9206|-1.5701|6.474|3.765|0.7319
|TL6142|England|14|2010|2023|WCBS|52.0530|0.3467|9.674|1.779|0.3876
|TL7910|England|12|2012|2023|WCBS|51.7601|0.5923|7.341|-0.290|0.1417
|TQ5425|England|12|2012|2023|WCBS|51.0038|0.1935|0.738|1.478|0.4595
|TQ7214|England|3|2011|2022|WCBS|50.8999|0.4447|0.245|-4.150|0.8309
|NT0035|Scotland|10|2011|2023|WCBS|55.5983|-3.5886|4.665|5.203|0.0923
|H5347|Northern Ireland|6|2011|2023|WCBS|54.3689|-7.1853|-0.586|-0.090|0.6174
|NR7150|Scotland|13|2011|2023|WCBS|55.6893|-5.6449|0.860|2.756|0.6913
|TF9313|England|12|2011|2023|WCBS|52.6803|0.8536|2.140|1.970|0.9260
|ST9235|England|8|2012|2023|WCBS|51.1142|-2.1157|9.141|0.683|0.1302
|C9742|Northern Ireland|11|2013|2023|WCBS|55.2155|-6.4768|4.774|5.392|0.1156
|ND0665|Scotland|7|2012|2023|WCBS|58.5628|-3.6175|1.819|2.045|0.6657
|NS8996|Scotland|11|2013|2023|WCBS|56.1437|-3.7880|4.770|5.283|0.2861
|NT2466|Scotland|10|2013|2023|WCBS|55.8811|-3.2164|2.964|3.925|0.8805
|NX3656|Scotland|2|2009|2023|WCBS|54.8718|-4.5574|3.854|4.594|0.3964
|NY7906|England|9|2013|2023|WCBS|54.4490|-2.3254|-0.333|2.277|0.5954
|NZ2159|England|10|2013|2023|WCBS|54.9253|-1.6739|1.030|4.913|0.5383
|SD9842|England|9|2013|2023|WCBS|53.8742|-2.0319|-0.279|2.176|0.7290
|SH7205|Wales|11|2013|2023|WCBS|52.6276|-3.8925|-2.544|0.359|0.4267
|SJ2077|Wales|6|2013|2023|WCBS|53.2839|-3.2014|0.763|5.426|0.2695
|SJ6921|England|8|2013|2022|WCBS|52.7857|-2.4611|7.242|-0.427|0.8901
|SN6831|Wales|11|2013|2023|WCBS|51.9618|-3.9226|-0.061|4.408|0.8521
|SO6575|England|10|2013|2023|WCBS|52.3719|-2.5155|1.657|0.724|0.5032
|SO7125|England|9|2013|2023|WCBS|51.9228|-2.4231|7.265|4.665|0.1752
|SO8224|England|9|2013|2023|WCBS|51.9142|-2.2631|6.165|3.520|0.3913
|SO8819|England|11|2013|2023|WCBS|51.8694|-2.1757|0.172|-1.529|0.9288
|SP0815|England|11|2013|2023|WCBS|51.8336|-1.8853|8.908|0.397|0.1098
|SP1331|England|8|2013|2023|WCBS|51.9773|-1.8121|0.786|-3.445|0.6779
|SP5415|England|11|2013|2023|WCBS|51.8310|-1.2178|6.908|5.038|0.1222
|SP6254|England|8|2013|2023|WCBS|52.1808|-1.0947|6.869|4.875|0.2376
|SP8778|England|11|2013|2023|WCBS|52.3931|-0.7229|2.029|4.395|0.6906
|ST3514|England|10|2013|2023|WCBS|50.9218|-2.9261|-1.827|-2.517|0.8162
|ST4894|Wales|8|2013|2023|WCBS|51.6424|-2.7529|4.110|2.425|0.5819
|ST6310|England|8|2013|2023|WCBS|50.8883|-2.5274|4.758|2.675|0.3693
|ST6617|England|6|2013|2023|WCBS|50.9514|-2.4854|0.711|-0.103|0.7359
|ST7933|England|7|2013|2023|WCBS|51.0959|-2.3013|9.601|1.351|0.4338
|ST8312|England|11|2013|2023|WCBS|50.9072|-2.2432|4.500|2.124|0.5260
|SU0737|England|8|2013|2023|WCBS|51.1322|-1.9013|4.305|1.965|0.3772
|SU2206|England|10|2013|2023|WCBS|50.8531|-1.6888|-1.129|-2.294|0.9590
|SU2370|England|4|2013|2022|WCBS|51.4285|-1.6706|3.375|2.143|0.9315
|SU6086|England|9|2013|2023|WCBS|51.5697|-1.1357|0.053|4.596|0.3150
|SU7249|England|11|2013|2023|WCBS|51.2356|-0.9701|9.289|1.692|0.1467
|SY9796|England|6|2013|2023|WCBS|50.7636|-2.0439|5.647|1.213|0.8651
|TA0749|England|10|2013|2023|WCBS|53.9261|-0.3720|9.003|0.512|0.6260
|TF7041|England|7|2013|2023|WCBS|52.9395|0.5283|9.663|2.210|0.1548
|TG3201|England|11|2013|2023|WCBS|52.5573|1.4211|10.402|1.731|0.3624
|TL1719|England|8|2013|2023|WCBS|51.8573|-0.3025|7.813|1.165|0.1063
|TL1844|England|7|2013|2023|WCBS|52.0818|-0.2794|4.256|3.162|0.8360
|TL3911|England|9|2013|2023|WCBS|51.7804|0.0135|-2.777|5.277|0.7642
|TL5373|England|10|2013|2023|WCBS|52.3338|0.2441|7.746|0.662|0.6518
|TM0683|England|10|2013|2023|WCBS|52.4062|1.0270|7.800|0.914|0.1385
|TM2481|England|11|2013|2023|WCBS|52.3812|1.2899|0.945|-2.917|0.6509
|TQ3319|England|9|2013|2022|WCBS|50.9551|-0.1078|0.190|6.079|0.0736
|TQ4905|England|9|2013|2023|WCBS|50.8254|0.1142|9.202|0.928|0.0230
|SU9816|England|7|2014|2023|WCBS|50.9351|-0.6067|4.283|1.774|0.7839
|SO7416|England|9|2014|2023|WCBS|51.8420|-2.3788|6.823|4.590|0.1688
|NY4303|England|7|2014|2023|WCBS|54.4192|-2.8799|-0.397|2.350|0.5840
|SO9109|England|10|2014|2023|WCBS|51.7796|-2.1319|5.831|4.057|0.5997
|SK4215|England|9|2014|2022|WCBS|52.7310|-1.3795|-0.585|3.962|0.9250
|SY5589|England|10|2014|2023|WCBS|50.6989|-2.6385|7.160|5.226|0.4394
|TG2502|England|3|2014|2023|WCBS|52.5693|1.3187|8.330|1.712|0.1424
|TQ2480|England|4|2015|2023|WCBS|51.5053|-0.2148|2.743|2.595|0.8022
|TL1055|England|7|2014|2023|WCBS|52.1823|-0.3926|4.440|1.004|0.1460
|TF5904|England|9|2014|2023|WCBS|52.6105|0.3468|8.108|1.916|0.0739
|SU9651|England|9|2014|2022|WCBS|51.2501|-0.6259|2.483|4.429|0.6871
|TQ4352|England|10|2014|2023|WCBS|51.2492|0.0476|-1.955|-1.123|0.8586
|SO7126|England|9|2014|2022|WCBS|51.9317|-2.4232|4.978|0.857|0.7318
|TM3495|England|9|2014|2023|WCBS|52.5027|1.4463|4.752|1.523|0.1234
|SK2659|England|8|2014|2023|WCBS|53.1275|-1.6129|4.104|2.747|0.7583
|SO8708|England|7|2014|2023|WCBS|51.7705|-2.1898|1.020|2.454|0.8844
|TL9859|England|9|2014|2023|WCBS|52.1937|0.8955|1.208|3.757|0.3601
|NN2578|Scotland|8|2014|2022|WCBS|56.8603|-4.8720|-0.153|2.033|0.2741
|SE0298|England|6|2014|2022|WCBS|54.3775|-1.9707|-0.838|2.329|0.9164
|NY4709|England|5|2014|2023|WCBS|54.4736|-2.8194|-0.244|2.244|0.4885
|ST7703|England|8|2014|2023|WCBS|50.8261|-2.3279|8.904|1.323|0.3809
|NY4702|England|9|2014|2023|WCBS|54.4107|-2.8181|0.372|2.430|0.4495
|SX3073|England|9|2014|2023|WCBS|50.5320|-4.4001|3.521|2.158|0.6516
|SP8359|England|6|2014|2023|WCBS|52.2230|-0.7864|10.349|1.278|0.0108
|TM3568|England|7|2014|2023|WCBS|52.2599|1.4421|10.126|1.793|0.1771
|TQ3279|England|10|2014|2023|WCBS|51.4945|-0.0999|0.155|6.235|0.8389
|SU7334|England|8|2014|2023|WCBS|51.1007|-0.9588|9.674|2.111|0.2375
|TM3150|England|9|2014|2023|WCBS|52.1001|1.3714|1.601|4.816|0.3907
|SU7108|England|10|2014|2023|WCBS|50.8672|-0.9924|1.750|5.294|0.4542
|SP7572|England|7|2014|2023|WCBS|52.3410|-0.9006|9.318|1.958|0.0536
|SD6278|England|9|2014|2023|WCBS|54.1963|-2.5839|4.687|5.369|0.1242
|TL3071|England|2|2014|2022|WCBS|52.3217|-0.0940|0.778|-3.113|0.5977
|SY8982|England|10|2014|2023|WCBS|50.6376|-2.1569|0.380|-1.121|0.9248
|SZ2892|England|7|2014|2023|WCBS|50.7270|-1.6047|2.626|-1.905|0.7355
|TM0048|England|10|2014|2023|WCBS|52.0942|0.9182|3.428|0.729|0.4728
|TL8566|England|9|2014|2022|WCBS|52.2610|0.7094|2.118|3.513|0.2511
|ST6418|England|6|2015|2023|WCBS|50.9603|-2.5140|6.490|3.489|0.7218
|TF0036|England|3|2015|2023|WCBS|52.9121|-0.5144|7.866|0.416|0.0289
|TL0704|England|7|2015|2022|WCBS|51.7245|-0.4523|1.555|4.679|0.8567
|TF0586|England|3|2015|2023|WCBS|53.3605|-0.4237|9.034|1.800|0.3300
|SE6655|England|3|2015|2022|WCBS|53.9868|-0.9949|2.487|-1.346|0.8765
|TM0378|England|2|2015|2023|WCBS|52.3624|0.9800|10.423|1.453|0.0394
|SU6307|England|9|2015|2023|WCBS|50.8591|-1.1063|5.199|2.733|0.5893
|TQ3559|England|8|2015|2023|WCBS|51.3141|-0.0643|5.997|0.344|0.0916
|TA0095|England|9|2015|2023|WCBS|54.3408|-0.4633|10.418|1.556|0.0599
|SE8683|England|9|2015|2023|WCBS|54.2355|-0.6821|0.348|5.900|0.3456
|SD8322|England|5|2015|2023|WCBS|53.6942|-2.2589|1.104|-3.290|0.9593
|TF5918|England|7|2015|2022|WCBS|52.7363|0.3536|5.973|0.319|0.1336
|TQ2654|England|9|2015|2023|WCBS|51.2712|-0.1952|1.311|4.862|0.2706
|TM2975|England|6|2015|2022|WCBS|52.3253|1.3591|9.085|0.348|0.0900
|TL2333|England|4|2015|2022|WCBS|51.9819|-0.2104|-0.005|6.079|0.7720
|TQ1354|England|9|2015|2023|WCBS|51.2740|-0.3814|2.501|2.463|0.9864
|SE7862|England|6|2015|2022|WCBS|54.0481|-0.8102|6.030|5.771|0.1027
|TR1357|England|5|2015|2023|WCBS|51.2723|1.0523|6.233|2.774|0.5261
|NY5970|England|8|2015|2023|WCBS|55.0228|-2.6428|-0.910|2.112|0.6725
|TL1232|England|6|2015|2023|WCBS|51.9752|-0.3709|5.055|3.419|0.7843
|SP7843|England|9|2015|2023|WCBS|52.0799|-0.8632|4.393|1.055|0.0709
|TQ8577|England|6|2015|2023|WCBS|51.4617|0.6617|4.632|3.046|0.9485
|TM2147|England|8|2015|2022|WCBS|52.0772|1.2237|10.257|1.248|0.1961
|TQ4752|England|9|2015|2023|WCBS|51.2482|0.1048|-1.523|-0.606|0.5328
|TQ1144|England|9|2015|2023|WCBS|51.1845|-0.4132|1.276|0.363|0.7241
|SY6598|England|6|2015|2022|WCBS|50.7805|-2.4978|9.002|0.663|0.5267
|NU2404|England|6|2015|2023|WCBS|55.3295|-1.6233|8.290|1.967|0.2774
|SU7765|England|2|2013|2023|WCBS|51.3788|-0.8950|0.171|6.003|0.5803
|SX6671|England|9|2015|2023|WCBS|50.5234|-3.8917|-0.582|0.812|0.9074
|TG1908|England|8|2015|2022|WCBS|52.6256|1.2343|7.253|3.584|0.4859
|TL8843|England|8|2015|2023|WCBS|52.0535|0.7405|6.939|0.576|0.4625
|SZ0690|England|9|2015|2023|WCBS|50.7096|-1.9164|1.496|5.014|0.4850
|ST7912|England|8|2015|2023|WCBS|50.9071|-2.3000|7.281|5.134|0.3155
|TR2856|England|9|2015|2023|WCBS|51.2575|1.2663|6.916|3.506|0.6770
|ST7306|England|9|2015|2023|WCBS|50.8529|-2.3849|7.105|0.111|0.0170
|NY8063|England|9|2015|2023|WCBS|54.9612|-2.3139|0.389|-2.765|0.8578
|ST8975|England|9|2013|2023|WCBS|51.4739|-2.1598|7.198|5.357|0.0407
|TL3515|England|9|2015|2023|WCBS|51.8173|-0.0429|0.791|5.572|0.1649
|SP7447|England|8|2016|2023|WCBS|52.1164|-0.9207|7.114|4.470|0.2942
|SU9377|England|3|2016|2023|WCBS|51.4843|-0.6621|-1.450|-0.501|0.6354
|NY8583|England|6|2016|2023|WCBS|55.1411|-2.2368|3.156|4.167|0.5892
|TQ6013|England|7|2016|2023|WCBS|50.8943|0.2737|4.197|0.864|0.1600
|SU9267|England|8|2016|2023|WCBS|51.3946|-0.6790|0.266|5.107|0.5098
|NY0516|England|8|2016|2023|WCBS|54.5303|-3.4695|4.532|5.179|0.2177
|SJ2980|England|6|2016|2022|WCBS|53.3122|-3.0671|5.037|1.414|0.7786
|TL5357|England|7|2016|2023|WCBS|52.1900|0.2368|7.944|1.146|0.1426
|TF8039|England|8|2016|2023|WCBS|52.9183|0.6758|5.587|2.561|0.8290
|SJ7351|England|7|2016|2023|WCBS|53.0556|-2.4043|1.905|-0.327|0.8764
|SY7799|England|8|2016|2023|WCBS|50.7901|-2.3277|10.066|2.425|0.3544
|TQ1247|England|8|2016|2023|WCBS|51.2112|-0.3980|2.848|0.158|0.5278
|SU5386|England|4|2016|2022|WCBS|51.5704|-1.2367|0.776|5.509|0.3829
|TQ8636|England|8|2016|2023|WCBS|51.0931|0.6548|5.659|4.337|0.1121
|SP4119|England|7|2016|2023|WCBS|51.8681|-1.4059|5.065|4.107|0.7884
|TL8862|England|8|2016|2023|WCBS|52.2241|0.7510|7.281|-0.329|0.1933
|SU9027|England|8|2016|2023|WCBS|51.0353|-0.7178|1.359|-0.724|0.9047
|ST8617|England|7|2016|2023|WCBS|50.9523|-2.2007|0.379|-1.374|0.6094
|SU8876|England|8|2016|2023|WCBS|51.4761|-0.7343|0.720|5.261|0.4720
|ST1576|Wales|4|2016|2023|WCBS|51.4765|-3.2253|7.192|4.721|0.5698
|SX4552|England|8|2016|2023|WCBS|50.3475|-4.1799|7.536|4.634|0.9393
|TQ6004|England|7|2016|2023|WCBS|50.8135|0.2698|-2.412|4.490|0.8843
|SU9150|England|5|2016|2023|WCBS|51.2419|-0.6977|7.321|4.518|0.7967
|SU9277|England|2|2016|2023|WCBS|51.4845|-0.6764|7.755|0.785|0.3196
|NY7539|England|8|2016|2023|WCBS|54.7453|-2.3899|-0.217|2.081|0.7597
|TQ0557|England|8|2016|2023|WCBS|51.3024|-0.4952|7.401|4.322|0.4227
|TQ2562|England|8|2016|2023|WCBS|51.3433|-0.2067|0.318|6.052|0.4110
|TQ2059|England|8|2016|2023|WCBS|51.3175|-0.2795|0.730|0.011|0.7147
|SP5336|England|6|2016|2022|WCBS|52.0199|-1.2291|0.337|4.631|0.4244
|SU8736|England|8|2016|2023|WCBS|51.1167|-0.7584|1.140|-2.066|0.9696
|SP1227|England|6|2017|2023|WCBS|51.9414|-1.8268|2.661|0.293|0.7906
|SP9431|England|7|2017|2023|WCBS|51.9695|-0.6331|5.700|4.112|0.6987
|SD3719|England|4|2017|2022|WCBS|53.6637|-2.9549|1.275|5.428|0.1464
|SU7644|England|5|2017|2023|WCBS|51.1902|-0.9139|9.606|1.729|0.1167
|SS4933|England|5|2017|2023|WCBS|51.0764|-4.1569|-1.930|5.535|0.9173
|SP6261|England|4|2017|2022|WCBS|52.2437|-1.0934|10.338|2.292|0.3434
|SS5327|England|5|2017|2022|WCBS|51.0235|-4.0974|6.736|3.775|0.8155
|SU6677|England|4|2017|2022|WCBS|51.4881|-1.0508|3.649|1.389|0.1456
|TQ0992|England|6|2017|2022|WCBS|51.6163|-0.4271|1.324|4.498|0.6259
|SP1533|England|4|2017|2023|WCBS|51.9952|-1.7829|6.145|2.105|0.7209
|ST7099|England|5|2017|2023|WCBS|51.6889|-2.4354|6.906|0.149|0.0114
|SS5329|England|5|2017|2022|WCBS|51.0415|-4.0982|0.006|4.358|0.7308
|SY7794|England|7|2017|2023|WCBS|50.7451|-2.3274|7.065|0.378|0.0672
|TQ2312|England|7|2017|2023|WCBS|50.8944|-0.2524|2.176|2.463|0.8465
|SP0102|England|6|2017|2023|WCBS|51.7167|-1.9869|5.797|4.370|0.3039
|TQ2042|England|7|2017|2023|WCBS|51.1647|-0.2852|4.534|2.561|0.3427
|SZ2598|England|7|2017|2023|WCBS|50.7810|-1.6468|4.981|2.321|0.8239
|J4773|Northern Ireland|4|2017|2023|WCBS|54.5839|-5.7270|-0.098|4.247|0.8318
|TL0098|England|7|2017|2023|WCBS|52.5706|-0.5259|6.541|3.618|0.7749
|NZ9900|England|6|2017|2023|WCBS|54.3859|-0.4771|5.862|5.659|0.2395
|TQ0892|England|6|2017|2022|WCBS|51.6165|-0.4415|0.740|5.765|0.3254
|TL1548|England|7|2017|2023|WCBS|52.1184|-0.3218|10.526|1.250|0.1619
|TL8778|England|3|2017|2022|WCBS|52.3681|0.7453|0.886|4.853|0.3280
|ST8288|England|7|2017|2023|WCBS|51.5906|-2.2612|3.634|2.835|0.5065
|NS8279|Scotland|7|2017|2023|WCBS|55.9894|-3.8931|0.434|5.411|0.8650
|TL2647|England|7|2017|2023|WCBS|52.1070|-0.1616|6.990|5.108|0.1116
|SE6089|England|7|2017|2023|WCBS|54.2931|-1.0797|9.647|1.272|0.3000
|TQ1127|England|7|2017|2023|WCBS|51.0317|-0.4184|5.225|2.203|0.8985
|TL7040|England|7|2017|2023|WCBS|52.0324|0.4768|9.838|0.887|0.0370
|H2528|Northern Ireland|6|2017|2022|WCBS|54.2004|-7.6177|-0.923|2.270|0.3607
|TQ9155|England|7|2017|2023|WCBS|51.2622|0.7362|9.037|0.449|0.0665
|SD9113|England|6|2017|2022|WCBS|53.6135|-2.1375|0.369|5.151|0.5598
|TM5195|England|7|2017|2023|WCBS|52.4951|1.6962|5.263|1.757|0.4316
|TL7882|England|6|2017|2023|WCBS|52.4070|0.6154|-2.426|1.164|0.7685
|SY6184|England|5|2017|2023|WCBS|50.6544|-2.5531|1.436|5.521|0.5867
|NT7970|Scotland|7|2017|2023|WCBS|55.9226|-2.3376|7.934|0.724|0.5279
|TQ4009|England|7|2017|2023|WCBS|50.8636|-0.0120|5.222|3.570|0.5729
|SU9853|England|7|2017|2023|WCBS|51.2677|-0.5967|0.509|-2.812|0.8087
|ST6267|England|3|2017|2023|WCBS|51.4007|-2.5476|5.545|3.782|0.5054
|SY8781|England|7|2017|2023|WCBS|50.6286|-2.1852|6.477|3.958|0.8884
|SH9978|Wales|4|2017|2023|WCBS|53.2893|-3.5166|6.144|2.869|0.3976
|SP8254|England|5|2017|2023|WCBS|52.1782|-0.8022|6.974|5.070|0.6267
|TL8183|England|5|2017|2022|WCBS|52.4150|0.6600|-2.640|1.079|0.6677
|TL9475|England|6|2017|2023|WCBS|52.3388|0.8462|7.147|-0.116|0.0769
|ST4601|England|5|2017|2023|WCBS|50.8060|-2.7677|7.482|4.786|0.7526
|SS7946|England|7|2017|2023|WCBS|51.2004|-3.7333|-0.876|0.903|0.5045
|SP1905|England|7|2017|2023|WCBS|51.7434|-1.7262|-1.050|-2.240|0.7856
|TM0058|England|5|2017|2023|WCBS|52.1840|0.9241|7.281|4.938|0.0619
|TQ7859|England|7|2017|2023|WCBS|51.3023|0.5521|5.129|1.152|0.7614
|SO5403|England|6|2017|2022|WCBS|51.7238|-2.6674|6.072|3.819|0.3869
|SP8657|England|7|2017|2023|WCBS|52.2045|-0.7430|3.880|0.576|0.5896
|SD7514|England|7|2017|2023|WCBS|53.6219|-2.3794|4.315|4.631|0.5889
|SU7405|England|6|2017|2023|WCBS|50.8398|-0.9504|-2.362|5.348|0.3120
|SZ0592|England|6|2017|2023|WCBS|50.7276|-1.9305|1.514|5.310|0.5137
|TM0057|England|5|2017|2023|WCBS|52.1750|0.9235|1.366|0.788|0.8710
|TQ3030|England|7|2017|2023|WCBS|51.0546|-0.1465|2.279|-2.248|0.8680
|NO0248|Scotland|4|2017|2023|WCBS|56.6136|-3.5984|-0.979|0.821|0.7944
|SU5245|England|7|2017|2023|WCBS|51.2019|-1.2571|3.264|1.972|0.8674
|SU4613|England|5|2017|2022|WCBS|50.9146|-1.3470|2.017|4.322|0.7202
|NY0838|England|6|2018|2023|WCBS|54.7285|-3.4301|8.795|0.417|0.1188
|NY4830|England|4|2018|2023|WCBS|54.6624|-2.8076|4.753|5.410|0.1273
|NY4934|England|6|2018|2023|WCBS|54.6984|-2.7928|4.795|5.463|0.4011
|NY8479|England|5|2018|2023|WCBS|55.1051|-2.2523|3.847|4.702|0.4598
|NY9085|England|6|2018|2023|WCBS|55.1592|-2.1585|4.411|5.164|0.2359
|NY9582|England|6|2018|2023|WCBS|55.1323|-2.0800|-1.313|1.500|0.4121
|SD6577|England|3|2018|2023|WCBS|54.1876|-2.5378|4.461|4.907|0.6316
|SJ5824|England|6|2018|2023|WCBS|52.8119|-2.6246|7.180|0.611|0.2211
|SK8540|England|6|2018|2023|WCBS|52.9507|-0.7363|10.600|2.040|0.2049
|SN4236|Wales|4|2018|2022|WCBS|51.9999|-4.3030|4.208|2.838|0.3541
|SO3936|England|6|2018|2023|WCBS|52.0191|-2.8903|2.825|0.688|0.8481
|SO4453|England|3|2018|2022|WCBS|52.1724|-2.8203|7.193|-0.013|0.3157
|SO9011|England|6|2018|2023|WCBS|51.7976|-2.1464|1.638|-2.574|0.8873
|SP0057|England|4|2018|2023|WCBS|52.2112|-2.0014|7.298|0.583|0.6123
|SP9780|England|4|2018|2023|WCBS|52.4094|-0.5754|5.704|2.216|0.4504
|ST5777|England|6|2018|2023|WCBS|51.4903|-2.6207|0.536|5.524|0.4916
|ST7894|England|5|2018|2022|WCBS|51.6444|-2.3193|1.020|1.468|0.8667
|ST8196|England|6|2018|2023|WCBS|51.6625|-2.2761|9.118|0.576|0.1185
|ST8399|England|5|2018|2023|WCBS|51.6895|-2.2473|2.662|0.972|0.8049
|ST9421|England|5|2018|2022|WCBS|50.9884|-2.0869|6.891|5.212|0.2400
|ST9466|England|4|2018|2023|WCBS|51.3930|-2.0876|6.709|5.026|0.3791
|ST9794|England|6|2018|2023|WCBS|51.6448|-2.0448|5.491|1.982|0.2771
|SU0143|England|6|2018|2023|WCBS|51.1862|-1.9871|10.412|1.667|0.1383
|SU0662|England|3|2018|2023|WCBS|51.3570|-1.9152|3.616|1.187|0.5641
|SU1142|England|6|2018|2023|WCBS|51.1771|-1.8440|5.736|4.016|0.8904
|SU1314|England|6|2018|2023|WCBS|50.9253|-1.8164|1.406|1.164|0.5739
|SU2419|England|6|2018|2023|WCBS|50.9699|-1.6596|3.053|0.455|0.4427
|SU9621|England|6|2018|2023|WCBS|50.9804|-0.6338|5.409|1.942|0.5786
|SX4155|England|6|2018|2023|WCBS|50.3734|-4.2373|8.712|1.570|0.1618
|SY6482|England|6|2018|2023|WCBS|50.6366|-2.5104|3.511|1.783|0.4035
|SY6591|England|4|2018|2023|WCBS|50.7176|-2.4971|10.250|2.617|0.4545
|SY7683|England|6|2018|2023|WCBS|50.6462|-2.3408|6.288|2.723|0.6653
|SY7884|England|6|2018|2023|WCBS|50.6553|-2.3126|10.299|2.704|0.1140
|SZ0797|England|5|2018|2023|WCBS|50.7725|-1.9021|7.203|3.825|0.8541
|TF1504|England|6|2018|2023|WCBS|52.6216|-0.3026|1.227|4.027|0.9318
|TL4159|England|3|2018|2023|WCBS|52.2112|0.0622|0.217|5.313|0.6170
|TL8161|England|6|2018|2023|WCBS|52.2175|0.6481|5.907|2.779|0.5161
|TM1732|England|6|2018|2023|WCBS|51.9442|1.1559|10.579|1.665|0.2272
|TM2160|England|6|2018|2023|WCBS|52.1939|1.2321|6.065|1.353|0.5701
|TQ2355|England|6|2018|2023|WCBS|51.2809|-0.2378|-0.874|-2.633|0.9554
|TQ3516|England|2|2018|2022|WCBS|50.9277|-0.0804|5.877|4.068|0.5472
|NN0866|Scotland|4|2019|2022|WCBS|56.7460|-5.1414|-0.782|1.164|0.5936
|NT9910|England|5|2019|2023|WCBS|55.3840|-2.0173|10.391|1.535|0.1873
|NY8288|England|5|2019|2023|WCBS|55.1860|-2.2842|-0.417|2.027|0.7637
|NY8974|England|5|2019|2023|WCBS|55.0604|-2.1737|5.122|1.893|0.3483
|NZ0393|England|5|2019|2023|WCBS|55.2312|-1.9544|3.665|4.443|0.6305
|NZ1822|England|5|2019|2023|WCBS|54.5929|-1.7229|10.053|1.750|0.1290
|SD4090|England|5|2019|2023|WCBS|54.3021|-2.9235|1.244|-1.249|0.9537
|SD4093|England|5|2019|2023|WCBS|54.3290|-2.9241|-0.003|1.714|0.7419
|SD5981|England|5|2019|2023|WCBS|54.2231|-2.6303|4.512|4.932|0.4617
|SD9602|England|2|2019|2022|WCBS|53.5147|-2.0618|5.367|4.629|0.3625
|SH2578|Wales|5|2019|2023|WCBS|53.2700|-4.6257|-2.496|5.487|0.9096
|SJ2764|Wales|4|2019|2023|WCBS|53.1681|-3.0934|0.533|5.727|0.5064
|SJ3384|England|3|2019|2022|WCBS|53.3486|-3.0079|-0.074|4.705|0.7057
|SJ3711|England|5|2019|2023|WCBS|52.6930|-2.9336|4.887|5.081|0.9489
|SK0104|England|3|2019|2023|WCBS|52.6338|-1.9867|2.998|3.570|0.8838
|SK1307|England|3|2019|2023|WCBS|52.6606|-1.8092|6.141|5.775|0.1082
|SK7947|England|4|2019|2023|WCBS|53.0145|-0.8239|10.265|1.134|0.2534
|SO5683|England|5|2019|2023|WCBS|52.4432|-2.6488|4.277|1.454|0.5163
|SO5685|England|5|2019|2023|WCBS|52.4612|-2.6490|6.334|4.710|0.4272
|SP5808|England|5|2019|2023|WCBS|51.7677|-1.1609|10.509|1.300|0.0402
|SP9490|England|2|2019|2022|WCBS|52.4998|-0.6167|9.265|2.064|0.7522
|ST5041|England|5|2019|2023|WCBS|51.1660|-2.7165|5.102|4.829|0.4689
|ST8003|England|5|2019|2023|WCBS|50.8262|-2.2853|6.693|5.114|0.4246
|ST9446|England|4|2019|2022|WCBS|51.2132|-2.0873|3.901|3.695|0.8475
|SU0329|England|5|2019|2023|WCBS|51.0603|-1.9586|7.485|5.363|0.5057
|SU0844|England|5|2019|2023|WCBS|51.1952|-1.8869|8.344|0.433|0.0904
|SU1267|England|5|2019|2023|WCBS|51.4019|-1.8289|7.603|0.489|0.3627
|SU4532|England|5|2019|2023|WCBS|51.0856|-1.3589|4.683|1.674|0.6079
|SU4845|England|5|2019|2023|WCBS|51.2022|-1.3144|10.429|1.730|0.1672
|SU6501|England|5|2019|2023|WCBS|50.8049|-1.0789|1.631|-2.088|0.6557
|SU7980|England|5|2019|2023|WCBS|51.5134|-0.8630|10.618|1.618|0.0887
|SU9353|England|5|2019|2023|WCBS|51.2686|-0.6683|-0.458|2.670|0.9648
|SU9863|England|5|2019|2023|WCBS|51.3576|-0.5939|0.723|-1.987|0.9129
|SU9961|England|5|2019|2023|WCBS|51.3395|-0.5801|0.752|1.889|0.7029
|SY6685|England|3|2019|2023|WCBS|50.6637|-2.4824|7.512|5.176|0.1402
|SY7386|England|5|2019|2023|WCBS|50.6730|-2.3835|7.079|0.097|0.1244
|SY8485|England|5|2019|2023|WCBS|50.6644|-2.2277|7.072|5.531|0.1956
|SZ1094|England|3|2019|2023|WCBS|50.7455|-1.8596|0.705|5.278|0.7030
|SZ1597|England|5|2019|2023|WCBS|50.7724|-1.7886|4.289|4.054|0.6053
|SZ3697|England|5|2019|2023|WCBS|50.7715|-1.4908|9.690|1.215|0.2439
|SZ8693|England|4|2019|2022|WCBS|50.7303|-0.7828|1.128|4.699|0.5186
|TL4422|England|5|2019|2023|WCBS|51.8780|0.0905|10.553|1.765|0.0930
|TL7673|England|5|2019|2023|WCBS|52.3269|0.5813|3.941|2.360|0.8451
|TQ3079|England|5|2019|2023|WCBS|51.4950|-0.1287|0.116|5.708|0.1713
|TQ3771|England|5|2019|2023|WCBS|51.4215|-0.0310|4.843|5.281|0.2813
|TQ4427|England|5|2019|2023|WCBS|51.0243|0.0519|0.190|-3.365|0.9573
|TQ4773|England|5|2019|2023|WCBS|51.4369|0.1135|6.358|3.146|0.6390
|TQ6024|England|4|2019|2023|WCBS|50.9932|0.2785|2.243|0.359|0.6389
|TQ7660|England|5|2019|2023|WCBS|51.3119|0.5239|7.208|0.045|0.2900
|SP0547|England|3|2020|2022|WCBS|52.1213|-1.9284|6.290|3.359|0.1078
|SU8633|England|4|2020|2023|WCBS|51.0899|-0.7734|-1.874|-2.350|0.9131
|TQ9070|England|4|2020|2023|WCBS|51.3972|0.7299|-2.205|5.418|0.9794
|TM4663|England|4|2020|2023|WCBS|52.2103|1.5993|5.083|3.209|0.9815
|SP0347|England|3|2020|2022|WCBS|52.1213|-1.9576|1.907|-0.721|0.9104
|SO6923|England|4|2020|2023|WCBS|51.9047|-2.4520|6.374|3.765|0.8104
|TG4100|England|2|2020|2023|WCBS|52.5445|1.5529|5.612|4.926|0.0584
|SK2577|England|3|2020|2023|WCBS|53.2894|-1.6264|-0.811|-0.752|0.8965
|NS8784|Scotland|4|2020|2023|WCBS|56.0355|-3.8151|0.513|-1.908|0.9563
|SP7832|England|3|2020|2023|WCBS|51.9810|-0.8657|9.675|0.805|0.0428
|SP0746|England|3|2020|2022|WCBS|52.1123|-1.8992|0.038|4.504|0.3874
|SZ5682|England|4|2020|2023|WCBS|50.6350|-1.2095|10.336|1.725|0.2638
|TQ4836|England|4|2020|2023|WCBS|51.1042|0.1126|0.405|4.831|0.5649
|SO9334|England|3|2020|2022|WCBS|52.0044|-2.1034|10.113|1.019|0.0084
|SU5722|England|4|2020|2023|WCBS|50.9946|-1.1892|10.047|2.458|0.5688
|SU6636|England|4|2020|2023|WCBS|51.1195|-1.0584|3.356|1.876|0.4866
|SU6504|England|4|2020|2023|WCBS|50.8319|-1.0784|0.884|4.976|0.8838
|TF9336|England|4|2020|2023|WCBS|52.8868|0.8672|6.667|4.858|0.6290
|NS6206|Scotland|3|2020|2022|WCBS|55.3286|-4.1768|-0.435|2.146|0.7135
|SY6983|England|4|2020|2023|WCBS|50.6459|-2.4398|1.519|5.109|0.6404
|SP0042|England|3|2020|2022|WCBS|52.0764|-2.0014|10.344|1.314|0.0533
|TL1426|England|2|2020|2023|WCBS|51.9209|-0.3437|7.667|1.847|0.5148
|TL8966|England|3|2020|2023|WCBS|52.2597|0.7679|1.995|3.427|0.5118
|ST9599|England|3|2020|2023|WCBS|51.6897|-2.0737|8.008|1.920|0.1285
|TL7750|England|3|2020|2023|WCBS|52.1200|0.5839|9.812|1.493|0.2224
|ST5408|England|4|2020|2023|WCBS|50.8697|-2.6551|0.615|5.533|0.9051
|NK0138|Scotland|3|2020|2023|WCBS|57.4323|-1.9850|4.643|1.316|0.3681
|SU7947|England|3|2020|2023|WCBS|51.2167|-0.8703|10.333|2.359|0.2398
|SP0243|England|3|2020|2022|WCBS|52.0853|-1.9722|3.759|2.855|0.4411
|TQ5502|England|4|2020|2023|WCBS|50.7968|0.1980|7.429|4.427|0.5119
|ST9915|England|4|2020|2023|WCBS|50.9344|-2.0156|8.267|0.615|0.1153
|SU4724|England|4|2020|2023|WCBS|51.0135|-1.3314|1.549|3.588|0.6068
|SP0750|England|3|2020|2022|WCBS|52.1482|-1.8991|7.264|5.202|0.3758
|SP0043|England|3|2020|2022|WCBS|52.0854|-2.0014|6.412|3.566|0.7326
|TG0926|England|2|2020|2022|WCBS|52.7911|1.0982|6.409|1.405|0.4577
|NZ1198|England|4|2020|2023|WCBS|55.2760|-1.8284|4.350|5.025|0.2716
|TL4654|England|4|2020|2023|WCBS|52.1650|0.1332|5.819|3.932|0.4092
|TM1233|England|4|2020|2023|WCBS|51.9551|1.0839|-2.327|5.508|0.9035
|C5313|Northern Ireland|3|2021|2023|WCBS|54.9617|-7.1734|-0.644|1.930|0.5815
|C6120|Northern Ireland|3|2021|2023|WCBS|55.0237|-7.0470|-0.081|4.575|0.7312
|J5137|Northern Ireland|3|2021|2023|WCBS|54.2596|-5.6835|5.537|5.583|0.4491
|NN8405|Scotland|3|2021|2023|WCBS|56.2234|-3.8724|-0.907|2.048|0.7654
|NT3871|Scotland|3|2021|2023|WCBS|55.9281|-2.9938|9.839|2.261|0.4422
|NU0310|England|3|2021|2023|WCBS|55.3840|-1.9542|3.337|2.178|0.5793
|SD5821|England|3|2021|2023|WCBS|53.6838|-2.6374|0.275|4.752|0.3971
|SE3437|England|3|2021|2023|WCBS|53.8282|-1.4849|0.229|5.654|0.4941
|SE6786|England|3|2021|2023|WCBS|54.2653|-0.9728|10.164|2.413|0.3099
|SJ6158|England|3|2021|2023|WCBS|53.1177|-2.5842|6.204|5.813|0.2140
|SK1569|England|2|2021|2023|WCBS|53.2178|-1.7768|4.623|4.499|0.7877
|SK1570|England|2|2021|2023|WCBS|53.2268|-1.7768|4.903|2.202|0.6149
|SK2072|England|2|2021|2023|WCBS|53.2446|-1.7018|5.941|5.760|0.0712
|SK2382|England|2|2021|2023|WCBS|53.3344|-1.6561|2.865|0.482|0.3855
|SM8223|Wales|3|2021|2023|WCBS|51.8629|-5.1675|-2.725|5.648|0.4460
|SM9634|Wales|3|2021|2023|WCBS|51.9669|-4.9710|5.876|5.642|0.1268
|SN6592|Wales|3|2021|2023|WCBS|52.5091|-3.9906|4.295|2.499|0.7404
|SO5908|England|2|2021|2022|WCBS|51.7692|-2.5956|5.244|4.234|0.1481
|SO8608|England|3|2021|2023|WCBS|51.7705|-2.2043|4.215|2.555|0.6303
|SO8904|England|3|2021|2023|WCBS|51.7346|-2.1607|0.418|5.076|0.3063
|SO9104|England|2|2021|2022|WCBS|51.7346|-2.1317|6.401|4.196|0.1964
|SP0426|England|2|2021|2023|WCBS|51.9325|-1.9432|10.389|1.600|0.0299
|SP6514|England|3|2021|2023|WCBS|51.8209|-1.0584|5.676|3.898|0.6837
|SP6564|England|2|2021|2022|WCBS|52.2703|-1.0489|9.883|1.162|0.1785
|SP6662|England|2|2021|2022|WCBS|52.2522|-1.0346|0.632|5.986|0.6245
|SP7212|England|3|2021|2023|WCBS|51.8020|-0.9572|10.561|1.350|0.1752
|SP7598|England|2|2021|2022|WCBS|52.5747|-0.8947|7.795|0.919|0.0425
|SP8175|England|3|2021|2023|WCBS|52.3671|-0.8118|10.424|1.113|0.0950
|SP8330|England|3|2021|2023|WCBS|51.9623|-0.7934|9.002|1.125|0.1425
|SP8581|England|3|2021|2023|WCBS|52.4204|-0.7515|5.844|3.066|0.7465
|ST3110|England|3|2021|2023|WCBS|50.8854|-2.9823|2.688|-1.992|0.6785
|ST4365|England|3|2021|2023|WCBS|51.3812|-2.8204|-0.007|4.155|0.8357
|ST4592|Wales|3|2021|2023|WCBS|51.6241|-2.7959|6.619|4.806|0.5339
|ST4861|England|3|2021|2023|WCBS|51.3457|-2.7480|9.233|1.055|0.2459
|SU0694|England|3|2021|2023|WCBS|51.6448|-1.9147|2.504|0.872|0.8602
|SU1833|England|3|2021|2023|WCBS|51.0960|-1.7443|3.070|-0.205|0.8908
|SU2021|England|3|2021|2023|WCBS|50.9881|-1.7164|0.642|-1.161|0.7407
|SU4682|England|3|2021|2023|WCBS|51.5350|-1.3382|10.662|1.542|0.1107
|SU4856|England|3|2021|2023|WCBS|51.3011|-1.3129|6.515|4.138|0.8960
|SU5752|England|3|2021|2023|WCBS|51.2643|-1.1844|2.812|-0.105|0.7255
|SU6813|England|3|2021|2023|WCBS|50.9125|-1.0341|4.212|3.032|0.9695
|SU9351|England|3|2021|2023|WCBS|51.2506|-0.6688|7.023|3.485|0.3100
|SY3597|England|2|2021|2022|WCBS|50.7689|-2.9231|6.894|4.887|0.5865
|SY5791|England|2|2021|2022|WCBS|50.7170|-2.6105|7.383|4.474|0.7929
|SY6774|England|3|2021|2023|WCBS|50.5648|-2.4673|-2.674|5.669|0.1257
|SY6872|England|2|2021|2022|WCBS|50.5469|-2.4530|-2.608|5.544|0.7816
|SY7695|England|3|2021|2023|WCBS|50.7541|-2.3416|1.159|4.495|0.8356
|TL0515|England|2|2021|2022|WCBS|51.8238|-0.4779|9.049|0.450|0.0877
|TL1408|England|2|2021|2023|WCBS|51.7591|-0.3497|0.467|4.832|0.4211
|TL2634|England|3|2021|2023|WCBS|51.9902|-0.1664|3.273|3.002|0.8309
|TL3433|England|3|2021|2023|WCBS|51.9793|-0.0504|6.094|4.490|0.3543
|TL3921|England|3|2021|2023|WCBS|51.8703|0.0175|4.490|2.572|0.0655
|TL4123|England|3|2021|2023|WCBS|51.8877|0.0474|6.955|5.226|0.0512
|TL6149|England|2|2021|2022|WCBS|52.1159|0.3500|10.290|2.513|0.3104
|TL9479|England|3|2021|2023|WCBS|52.3747|0.8485|7.242|0.093|0.0350
|TQ0918|England|2|2021|2023|WCBS|50.9511|-0.4496|7.332|4.767|0.5678
|TQ3755|England|3|2021|2023|WCBS|51.2777|-0.0372|0.713|0.775|0.8751
|TQ4710|England|2|2021|2022|WCBS|50.8708|0.0878|6.108|3.971|0.7233
|TQ4800|England|3|2021|2023|WCBS|50.7807|0.0980|1.126|5.224|0.4876
|TQ4933|England|2|2021|2022|WCBS|51.0770|0.1256|0.459|-3.872|0.9145
|TV5299|England|3|2021|2023|WCBS|50.7707|0.1542|0.321|2.863|0.9611
|SP8006|England|1|2022|2022|WCBS|51.7470|-0.8426|10.428|1.217|0.1278
|NU2417|England|2|2022|2023|WCBS|55.4463|-1.6222|4.246|2.353|0.6986
|SP9615|England|2|2022|2023|WCBS|51.8254|-0.6084|10.475|1.876|0.1263
|TL4623|England|1|2022|2022|WCBS|51.8864|0.1200|9.742|1.788|0.0271
|SP6839|England|2|2022|2023|WCBS|52.0452|-1.0099|10.295|1.444|0.0564
|TL8164|England|2|2022|2023|WCBS|52.2444|0.6497|7.320|-0.382|0.0680
|SK1269|England|1|2022|2022|WCBS|53.2179|-1.8217|5.604|5.151|0.1345
|NR3444|Scotland|2|2022|2023|WCBS|55.6166|-6.2261|-0.029|2.278|0.9124
|SO9515|England|1|2022|2022|WCBS|51.8336|-2.0740|-1.982|-0.063|0.0909
|TQ3656|England|2|2022|2023|WCBS|51.2869|-0.0511|7.454|5.484|0.2063
|ST5379|England|2|2022|2023|WCBS|51.5080|-2.6786|5.879|3.145|0.8367
|SU0724|England|2|2022|2023|WCBS|51.0153|-1.9016|9.141|0.855|0.3732
|NY2518|England|1|2022|2022|WCBS|54.5517|-3.1611|-0.361|-1.685|0.7447
|SP9951|England|2|2022|2023|WCBS|52.1484|-0.5545|10.059|2.246|0.4415
|TF0630|England|1|2022|2022|WCBS|52.8571|-0.4271|8.991|1.569|0.2444
|TL8421|England|1|2022|2022|WCBS|51.8572|0.6705|7.447|0.404|0.0781
|SH3589|Wales|2|2022|2023|WCBS|53.3720|-4.4816|3.853|2.493|0.9305
|SP7805|England|1|2022|2022|WCBS|51.7383|-0.8718|10.242|1.126|0.0590
|NY2320|England|1|2022|2022|WCBS|54.5693|-3.1925|4.011|4.375|0.1926
|SU8718|England|1|2022|2022|WCBS|50.9549|-0.7627|2.275|1.154|0.6999
|SU8481|England|2|2022|2023|WCBS|51.5217|-0.7907|5.562|4.055|0.8783
|SK1268|England|1|2022|2022|WCBS|53.2089|-1.8218|5.268|2.137|0.6636
|SP2301|England|1|2022|2022|WCBS|51.7073|-1.6685|8.959|1.637|0.2497
|SN9293|Wales|2|2022|2023|WCBS|52.5241|-3.5933|3.557|4.278|0.1191
|SE2759|England|2|2022|2023|WCBS|54.0263|-1.5893|1.928|0.442|0.8341
|SP5662|England|2|2022|2023|WCBS|52.2533|-1.1811|1.206|5.365|0.3969
|SE4597|England|2|2022|2023|WCBS|54.3665|-1.3089|2.243|-2.452|0.9198
|SE3897|England|2|2022|2023|WCBS|54.3671|-1.4166|3.923|2.416|0.4737
|TM1944|England|2|2022|2023|WCBS|52.0511|1.1926|0.598|5.349|0.1879
|ST2693|Wales|1|2022|2022|WCBS|51.6309|-3.0705|-1.001|-0.570|0.9626
|SE1008|England|2|2022|2023|WCBS|53.5685|-1.8505|3.473|4.436|0.0694
|ST6490|England|2|2022|2023|WCBS|51.6077|-2.5212|1.334|5.259|0.3291
|ST6055|England|1|2022|2022|WCBS|51.2927|-2.5750|4.284|2.294|0.5650
|TQ0543|England|2|2022|2023|WCBS|51.1766|-0.4993|-0.533|-3.199|0.9189
|SD9592|England|1|2022|2022|WCBS|54.3236|-2.0784|1.379|2.087|0.0810
|SE1398|England|1|2022|2022|WCBS|54.3773|-1.8014|-0.486|2.258|0.9130
|SU7408|England|2|2022|2023|WCBS|50.8668|-0.9498|-1.999|-1.311|0.8157
|ST7051|England|1|2022|2022|WCBS|51.2574|-2.4313|8.029|1.884|0.0884
|SU0864|England|2|2022|2023|WCBS|51.3750|-1.8865|5.041|4.000|0.9805
|NO0201|Scotland|1|2022|2022|WCBS|56.1915|-3.5808|0.388|2.328|0.6848
|TL8865|England|2|2022|2023|WCBS|52.2511|0.7527|-0.023|5.117|0.2468
|NT2686|Scotland|1|2022|2022|WCBS|56.0611|-3.1900|-2.754|5.575|0.4917
|J4277|Northern Ireland|2|2022|2023|WCBS|54.6212|-5.8024|2.681|2.138|0.8475
|SJ9591|England|1|2022|2022|WCBS|53.4158|-2.0767|6.069|3.379|0.2086
|SU3846|England|2|2022|2023|WCBS|51.2119|-1.4574|1.051|4.209|0.4497
|SD4589|England|1|2022|2022|WCBS|54.2936|-2.8465|4.820|5.395|0.0903
|SS8109|England|2|2022|2023|WCBS|50.8682|-3.6925|4.172|1.190|0.2319
|TG3036|England|2|2022|2023|WCBS|52.8723|1.4161|8.846|0.314|0.1874
|TQ7224|England|2|2022|2023|WCBS|50.9897|0.4494|3.491|1.327|0.1596
|TQ5231|England|2|2022|2023|WCBS|51.0582|0.1676|0.576|1.170|0.7098
|NZ1705|England|2|2022|2023|WCBS|54.4401|-1.7394|2.928|1.600|0.6215
|TL6415|England|2|2022|2023|WCBS|51.8096|0.3775|3.312|1.784|0.2252
|TQ2198|England|2|2022|2023|WCBS|51.6678|-0.2518|0.374|3.898|0.7732
|SE3798|England|2|2022|2023|WCBS|54.3762|-1.4319|6.159|5.864|0.2909
