name|grid|country|nyrs|first|last|type|lat|lon|x|y
Woodwalton Farm|TL214817|England|48|1976|2023|UKBMS|52.4198|-0.2163|7.978|1.773
Holkham|TF873453|England|46|1976|2023|UKBMS|52.9723|0.7879|-2.795|1.143
Monks Wood|TL198801|England|51|1973|2023|UKBMS|52.4058|-0.2404|-0.804|-1.665
Yarner Wood|SX782787|England|47|1976|2023|UKBMS|50.5953|-3.7222|-0.069|-3.070
Old Winchester Hill|SU645208|England|48|1976|2023|UKBMS|50.9830|-1.0825|3.523|3.591
Oxwich|SS511877|Wales|46|1976|2023|UKBMS|51.5685|-4.1498|1.042|1.267
Leigh Marshes|TQ827851|England|43|1976|2023|UKBMS|51.5352|0.6329|5.490|3.191
Gomm Valley|SU896921|England|46|1977|2023|UKBMS|51.6206|-0.7072|4.421|1.205
Foxholes|SP251204|England|47|1976|2022|UKBMS|51.8816|-1.6368|0.126|-3.370
Swanage|SZ020811|England|46|1976|2023|UKBMS|50.6296|-1.9731|3.312|-0.955
Buttlers Hanging|SU817961|England|25|1976|2023|UKBMS|51.6578|-0.8203|9.969|1.124
Studland Heath|SZ025850|England|48|1976|2023|UKBMS|50.6647|-1.9660|-0.899|2.484
Castor Hanglands|TF118018|England|49|1974|2023|UKBMS|52.6025|-0.3506|2.344|-1.004
Dyfi|SN609937|Wales|45|1976|2023|UKBMS|52.5234|-4.0517|0.291|5.859
Chippenham Fen|TL646694|England|47|1976|2023|UKBMS|52.2981|0.4124|0.746|-1.476
Rostherne Mere|SJ743841|England|32|1976|2023|UKBMS|53.3532|-2.3876|-2.810|5.442
Holme Fen|TL202892|England|47|1974|2023|UKBMS|52.4875|-0.2312|-0.876|-2.471
Aston Rowant (N)|SU725970|England|47|1976|2023|UKBMS|51.6671|-0.9531|3.748|3.596
Aston Rowant (S)|SU723964|England|48|1976|2023|UKBMS|51.6617|-0.9561|1.491|-1.739
Waterperry Wood|SP608097|England|43|1976|2022|UKBMS|51.7827|-1.1200|1.312|-0.281
Wye & Crundale Down|TR077450|England|43|1976|2023|UKBMS|51.1665|0.9694|-0.031|-1.422
Potton Wood|TL252501|England|45|1974|2023|UKBMS|52.1350|-0.1722|-0.695|-2.254
Bure Marshes|TG336164|England|48|1976|2023|UKBMS|52.6949|1.4555|0.109|-1.013
Upper Teesdale|NY882283|England|44|1976|2023|UKBMS|54.6497|-2.1844|1.272|-0.491
Saltfleetby|TF472915|England|45|1977|2023|UKBMS|53.3998|0.2125|-0.900|1.690
Ben Lawers|NN614392|Scotland|43|1977|2023|UKBMS|56.5243|-4.2547|-0.235|2.211
Radipole Lake|SY672799|England|34|1977|2023|UKBMS|50.6179|-2.4650|1.874|-0.282
Gibralter Point|TF556580|England|47|1974|2023|UKBMS|53.0965|0.3224|6.384|3.012
Hampstead Heath|TQ270863|England|44|1977|2023|UKBMS|51.5613|-0.1693|0.336|-3.543
Loch Garten|NH971165|Scotland|42|1977|2023|UKBMS|57.2276|-3.7060|-1.208|2.492
Nagshead|SO601090|England|40|1977|2023|UKBMS|51.7782|-2.5797|-2.623|0.906
Insh Marshes|NH814018|Scotland|45|1977|2023|UKBMS|57.0919|-3.9589|2.824|3.867
Northward Hill|TQ785765|England|40|1977|2023|UKBMS|51.4593|0.5680|0.886|-1.197
Woodwalton Fen|TL231840|England|43|1978|2023|UKBMS|52.4401|-0.1905|-1.139|-2.453
Castle Hill|TQ371068|England|45|1978|2023|UKBMS|50.8445|-0.0540|7.504|0.361
Gait Barrows|SD478772|England|46|1978|2023|UKBMS|54.1879|-2.8014|-1.494|-0.751
South Stack Cliffs|SH210818|Wales|7|1979|2023|UKBMS|53.3028|-4.6877|1.019|3.106
South Stack Ranges|SH216803|Wales|24|1979|2023|UKBMS|53.2896|-4.6779|1.385|2.487
Pewsey Down|SU116636|England|43|1979|2023|UKBMS|51.3713|-1.8347|4.785|3.940
Ampfield Wood|SU411237|England|45|1979|2023|UKBMS|51.0112|-1.4155|-2.430|0.791
Derbyshire Dales|SK180659|England|45|1979|2023|UKBMS|53.1899|-1.7321|1.451|0.442
Alresford|SU575335|England|45|1979|2023|UKBMS|51.0979|-1.1802|10.522|1.334
West Dean Wood|SU846155|England|41|1979|2022|UKBMS|50.9328|-0.7975|-0.120|-1.826
Murlough|J410350|Northern Ireland|45|1979|2023|UKBMS|54.2445|-5.8378|1.267|2.632
Martin Down|SU056183|England|45|1979|2023|UKBMS|50.9641|-1.9216|3.195|3.138
Wyre Forest|SO755766|England|45|1979|2023|UKBMS|52.3869|-2.3614|-0.611|-2.010
Coombes Valley|SK006529|England|26|1979|2023|UKBMS|53.0733|-1.9925|-0.712|-3.412
Lullington Heath|TQ545017|England|44|1979|2023|UKBMS|50.7943|0.1908|0.523|1.603
Pickett Wood|ST876544|England|43|1981|2023|UKBMS|51.2886|-2.1792|-0.243|-3.356
Barnack Hills & Holes|TF076045|England|40|1981|2023|UKBMS|52.6276|-0.4117|2.892|3.100
RSPB Blean Woods|TR112601|England|42|1982|2023|UKBMS|51.3008|1.0283|0.527|-3.611
St Osyth|TM117176|England|40|1983|2023|UKBMS|51.8169|1.0701|4.250|3.122
Luckett Wood|SX391726|England|43|1980|2023|UKBMS|50.5310|-4.2716|0.516|-1.007
Stour Wood|TM191313|England|40|1983|2023|UKBMS|51.9370|1.1859|-0.531|-3.388
Oakley Woods|SP615114|England|35|1985|2023|UKBMS|51.7979|-1.1096|-0.291|2.824
Taynish|NR731843|Scotland|35|1985|2023|UKBMS|55.9978|-5.6403|0.761|-0.760
Whitecross Green Wood|SP602144|England|37|1986|2022|UKBMS|51.8250|-1.1279|1.833|-2.039
Ham Street Wood|TR006342|England|28|1986|2023|UKBMS|51.0721|0.8620|-0.236|-3.440
Folkestone Escarpment|TR217381|England|35|1987|2023|UKBMS|51.0993|1.1651|5.001|3.343
Smardale Gill|NY725066|England|29|1989|2023|UKBMS|54.4540|-2.4257|1.354|-1.117
Mottistone Down|SZ416845|England|34|1989|2023|UKBMS|50.6587|-1.4128|6.652|3.443
Church Place|SU342099|England|33|1989|2023|UKBMS|50.8876|-1.5152|0.731|-3.170
Pitts Wood|SU200149|England|13|1989|2023|UKBMS|50.9332|-1.7168|1.002|-0.795
Tadnoll|SY791875|England|35|1989|2023|UKBMS|50.6868|-2.2972|7.043|3.453
Bovey Valley|SX783797|England|34|1989|2023|UKBMS|50.6043|-3.7211|0.421|-2.214
East Blean Woods|TR193643|England|29|1989|2023|UKBMS|51.3355|1.1469|-1.193|-2.660
Somerford Common|SU028864|England|30|1989|2023|UKBMS|51.5765|-1.9610|-1.180|-1.780
Blean Woods|TR114608|England|32|1991|2023|UKBMS|51.3070|1.0316|0.053|-3.945
Loch Fleet|NH814964|Scotland|27|1993|2023|UKBMS|57.9411|-4.0050|-1.167|2.359
St Cyrus (new)|NO749640|Scotland|37|1983|2023|UKBMS|56.7669|-2.4122|2.274|3.230
Brodick Country Park|NS019382|Scotland|26|1995|2023|UKBMS|55.5970|-5.1457|4.055|0.979
Shabbington Wood (new)|SP611102|England|28|1995|2023|UKBMS|51.7871|-1.1156|1.458|-2.696
Denge Wood|TR106513|England|28|1993|2023|UKBMS|51.2220|1.0145|0.831|1.891
Fontmell Down (new)|ST885180|England|44|1980|2023|UKBMS|50.9613|-2.1651|1.947|1.040
Mabie Forest|NX927703|Scotland|24|1995|2023|UKBMS|55.0156|-3.6796|0.290|-0.745
Bishop Middleham Quarry|NZ332327|England|24|1997|2022|UKBMS|54.6883|-1.4865|1.229|3.345
Blackford Hill|NT254703|Scotland|19|1999|2023|UKBMS|55.9200|-3.1952|1.344|-1.245
Sands of Forvie (new)|NK010260|Scotland|25|1999|2023|UKBMS|57.3245|-1.9850|1.194|2.844
Great Orme|SH764827|Wales|24|1999|2023|UKBMS|53.3267|-3.8573|0.928|3.039
Grange Farm (North) A|TL330627|England|23|2000|2023|UKBMS|52.2464|-0.0533|6.641|1.828
Grange Farm (South)|TL332623|England|23|2000|2023|UKBMS|52.2428|-0.0506|6.893|0.345
St. Abb's Head|NT913687|Scotland|24|1999|2023|UKBMS|55.9113|-2.1407|-1.721|4.457
Lochaber|NX922699|Scotland|12|2000|2023|UKBMS|55.0119|-3.6873|-1.890|0.011
Cheriton Hill|TR200381|England|24|1992|2023|UKBMS|51.1000|1.1409|6.153|3.857
Grange Farm (North) B|TL331620|England|23|2000|2023|UKBMS|52.2401|-0.0521|10.584|1.794
Glasdrum|NN000450|Scotland|19|2002|2022|UKBMS|56.5543|-5.2557|-2.667|5.454
Cavenham Heath|TL754725|England|20|2003|2023|UKBMS|52.3226|0.5722|5.261|3.122
Wootton Coppice|SZ247995|England|18|2004|2023|UKBMS|50.7945|-1.6509|0.577|1.266
Tentsmuir Point North Revised|NO499276|Scotland|19|2005|2023|UKBMS|56.4379|-2.8141|-2.549|1.159
Morton Lochs|NO463268|Scotland|19|2004|2023|UKBMS|56.4303|-2.8723|2.518|-2.059
Tentsmuir Point South Revised|NO500270|Scotland|18|2006|2023|UKBMS|56.4325|-2.8124|-1.997|1.177
Porton Down|SU247367|England|28|1994|2023|UKBMS|51.1291|-1.6484|3.159|3.446
Moor House|NY751332|England|31|1993|2023|UKBMS|54.6932|-2.3878|-0.678|2.430
Wytham|SP464096|England|31|1993|2023|UKBMS|51.7831|-1.3288|6.740|1.015
North Wyke|SX660985|England|30|1993|2023|UKBMS|50.7706|-3.9017|-0.048|5.804
Alice Holt|SU801399|England|30|1994|2023|UKBMS|51.1528|-0.8561|-1.016|-2.679
Stockbridge Down|SU382348|England|38|1983|2023|UKBMS|51.1112|-1.4557|3.730|3.615
Ashford Hangers 1|SU742268|England|24|1987|2023|UKBMS|51.0358|-0.9431|-1.536|-0.779
Badminston Common|SU460020|England|25|1993|2023|UKBMS|50.8157|-1.3484|-0.379|2.950
Beacon Hill|SU603227|England|43|1980|2023|UKBMS|51.0005|-1.1420|3.279|2.794
Bentley Station Meadow|SU794430|England|31|1993|2023|UKBMS|51.1807|-0.8654|-1.095|-1.977
Bonchurch Down|SZ5733678652|England|31|1993|2023|UKBMS|50.6048|-1.1911|0.092|5.444
Claylands|SU547181|England|28|1996|2023|UKBMS|50.9597|-1.2225|1.792|0.811
Farlington Marshes Route A|SU688047|England|26|1993|2023|UKBMS|50.8377|-1.0243|6.552|4.257
Lower Test Marshes|SU364149|England|33|1991|2023|UKBMS|50.9324|-1.4834|5.260|4.142
Magdalen Hill Down|SU503292|England|34|1990|2023|UKBMS|51.0599|-1.2836|2.509|2.085
Magdalen Hill Down extension|SU515292|England|28|1996|2023|UKBMS|51.0598|-1.2665|6.590|4.072
Martin Down Kitts Grave|SU034203|England|39|1985|2023|UKBMS|50.9821|-1.9529|1.023|-2.594
Martin Down North|SU045190|England|42|1982|2023|UKBMS|50.9704|-1.9373|3.967|3.786
Noar Hill|SU741320|England|41|1983|2023|UKBMS|51.0825|-0.9435|1.820|1.356
Pamber Forest|SU615610|England|40|1984|2023|UKBMS|51.3448|-1.1184|1.388|-1.786
Swanwick NR|SU507099|England|27|1994|2023|UKBMS|50.8864|-1.2806|0.862|-2.473
Lower Test - Testwood Park House|SU358145|England|32|1992|2023|UKBMS|50.9288|-1.4920|7.478|4.550
Coombe Bottom & St Boniface Down (Ventnor)|SZ558779|England|35|1989|2023|UKBMS|50.5982|-1.2130|1.693|5.045
Newton - Walters Copse|SZ432905|England|28|1996|2023|UKBMS|50.7125|-1.3895|-0.786|-2.140
West Down (Chilbolton)|SU385392|England|34|1988|2023|UKBMS|51.1508|-1.4509|1.725|-1.996
Winnall Moors|SU488305|England|30|1987|2023|UKBMS|51.0718|-1.3049|2.409|2.326
Yew Hill|SU454265|England|34|1990|2023|UKBMS|51.0361|-1.3539|3.578|3.758
Botley Wood 1|SU545100|England|29|1995|2023|UKBMS|50.8869|-1.2266|0.361|-2.709
Catherington Down|SU692144|England|29|1995|2023|UKBMS|50.9249|-1.0168|2.636|1.406
Crabtree|SU663519|England|25|1999|2023|UKBMS|51.2624|-1.0512|1.017|-3.213
Crab Wood|SU438295|England|26|1986|2023|UKBMS|51.0632|-1.3763|0.314|-2.568
Firestone Copse|SZ555908|England|33|1988|2023|UKBMS|50.7142|-1.2153|-1.494|-1.991
The Gillies|SU572059|England|31|1993|2023|UKBMS|50.8498|-1.1888|0.324|0.366
Leckford-A|SU368366|England|25|1988|2023|UKBMS|51.1275|-1.4755|5.882|3.465
Leckford-J|SU382357|England|30|1989|2023|UKBMS|51.1193|-1.4556|9.959|2.410
Pignal Inclosure|SU315040|England|26|1998|2023|UKBMS|50.8347|-1.5541|-1.934|0.947
Wick Wood|SU759357|England|28|1995|2023|UKBMS|51.1156|-0.9170|-1.711|-2.641
Farlington Marshes Route B|SU688052|England|23|1993|2022|UKBMS|50.8422|-1.0242|3.713|0.112
Farlington Marshes Route C|SU679045|England|24|1993|2023|UKBMS|50.8361|-1.0371|-1.202|-0.656
Bartley Heath New 1|SU726534|England|28|1996|2023|UKBMS|51.2751|-0.9606|2.374|-2.126
Roydon Woods - Southern Fields|SZ317996|England|23|2000|2023|UKBMS|50.7951|-1.5516|0.592|1.097
The Dongas|SU490276|England|14|1997|2023|UKBMS|51.0457|-1.3024|2.434|1.494
Hamble Common|SU482061|England|22|2001|2022|UKBMS|50.8524|-1.3166|-0.856|-1.169
Peartree Green|SU438118|England|8|2003|2023|UKBMS|50.9040|-1.3785|5.513|1.296
Broughton Down 2|SU290330|England|18|2004|2023|UKBMS|51.0956|-1.5873|-1.108|4.036
Dell Piece West|SU701126|England|16|2002|2023|UKBMS|50.9086|-1.0043|2.182|1.189
Windmill Hill, Chalton|SU712147|England|19|2003|2023|UKBMS|50.9274|-0.9883|6.933|4.146
Parsonage Field|SU694144|England|19|2003|2023|UKBMS|50.9249|-1.0140|0.674|1.164
Heald Brow NT|SD468739|England|27|1996|2023|UKBMS|54.1581|-2.8162|1.062|0.564
Heathwaite NT|SD448768|England|31|1993|2023|UKBMS|54.1840|-2.8473|0.201|-0.050
Jack Scout NT|SD459736|England|29|1994|2023|UKBMS|54.1554|-2.8299|-2.267|5.229
Latterbarrow CWT|SD440828|England|26|1996|2023|UKBMS|54.2378|-2.8607|0.696|-0.077
Warton Crag RSPB|SD488731|England|33|1990|2023|UKBMS|54.1512|-2.7854|0.061|-1.848
Whitbarrow - Howe Ridding pNNR|SD435880|England|27|1996|2022|UKBMS|54.2845|-2.8694|-0.243|-0.547
Whitbarrow NNR - Wakebarrow|SD450870|England|23|1996|2023|UKBMS|54.2757|-2.8461|0.168|-0.806
Whitbarrow NNR - Hervey CWT|SD441862|England|25|1995|2023|UKBMS|54.2684|-2.8598|0.079|-0.583
Arnside Knott NT|SD453776|England|31|1991|2023|UKBMS|54.1912|-2.8398|-0.430|1.012
Barkbooth Lot (CWT)|SD417907|England|23|1993|2023|UKBMS|54.3086|-2.8975|-0.827|0.381
Brigsteer Park Wood (NT)|SD486880|England|26|1992|2023|UKBMS|54.2850|-2.7910|-0.300|-1.580
Dick Fell|SD473797|England|24|1996|2023|UKBMS|54.2103|-2.8095|1.595|0.842
Eaves Wood NT|SD465763|England|32|1991|2023|UKBMS|54.1797|-2.8212|-1.566|0.417
Flash Bank Wood NT|SD489880|England|25|1992|2023|UKBMS|54.2851|-2.7864|1.327|1.172
Waitby Greenriggs|NY760083|England|16|1998|2023|UKBMS|54.4695|-2.3718|3.318|3.895
Field of Dreams|SD473750|England|22|2002|2023|UKBMS|54.1681|-2.8087|-0.424|-0.330
Holme Park Fell|SD539792|England|21|2002|2022|UKBMS|54.2065|-2.7083|1.735|-0.493
Yealand Hall Allotment|SD490764|England|22|2002|2023|UKBMS|54.1808|-2.7829|0.621|0.067
Coldwell Parrock|SD480778|England|22|2002|2023|UKBMS|54.1933|-2.7985|1.646|0.295
Lancelot Clark Storth|SD546772|England|26|1995|2023|UKBMS|54.1885|-2.6972|0.761|-1.107
Gait Barrows NNR (Warden's)|SD483774|England|31|1993|2023|UKBMS|54.1897|-2.7938|-0.014|0.507
Teddy Heights|SD475792|England|21|1998|2023|UKBMS|54.2058|-2.8064|0.059|-1.474
Burton Fell|SD545778|England|20|2002|2023|UKBMS|54.1939|-2.6989|-0.116|-0.274
Dobshall Wood|SD450780|England|17|2006|2023|UKBMS|54.1948|-2.8445|0.008|3.882
Witherslack Hall Woods|SD435868|England|14|2007|2023|UKBMS|54.2737|-2.8691|0.692|-1.549
Trowbarrow Quarry - New (2010)|SD480758|England|14|2010|2023|UKBMS|54.1753|-2.7981|0.495|0.226
Middlebarrow Wood|SD464769|England|14|2010|2023|UKBMS|54.1851|-2.8228|-0.657|-1.826
Warton Crag LWT2|SD491731|England|8|2011|2023|UKBMS|54.1512|-2.7808|-0.882|0.492
Ainsdale Sand Dunes NNR|SD288106|England|11|2013|2023|UKBMS|53.5871|-3.0770|0.188|-0.228
Myers Allotment Two|SD474750|England|11|2013|2023|UKBMS|54.1681|-2.8072|-0.756|-1.333
Hartsop Dodd|NY413115|England|10|2013|2023|UKBMS|54.4954|-2.9078|-0.221|2.332
Smardale Gill Extension|NY734081|England|10|2014|2023|UKBMS|54.4676|-2.4119|4.242|1.212
Halecat|SD431833|England|10|2014|2023|UKBMS|54.2422|-2.8746|0.636|-1.187
Heysham Nature Reserve|SD406600|England|7|2015|2023|UKBMS|54.0325|-2.9084|0.348|-0.574
Crosby Coastguard Station|SD298008|England|7|2017|2023|UKBMS|53.4992|-3.0597|-0.194|5.963
Brockholes NR|SD587307|England|6|2017|2023|UKBMS|53.7710|-2.6281|-2.109|4.658
Dove Stone East|SE019037|England|4|2017|2022|UKBMS|53.5300|-1.9728|3.035|3.370
Dove Stone West|SE019047|England|4|2017|2022|UKBMS|53.5389|-1.9728|0.141|-0.257
St Annes LNR|SD310306|England|6|2018|2023|UKBMS|53.7672|-3.0483|0.556|4.308
Coldwell Meadows|SD348478|England|2|2019|2022|UKBMS|53.9222|-2.9943|6.781|-0.051
Ainsdale NNR specific species|SD302112|England|5|2019|2023|UKBMS|53.5927|-3.0560|1.324|-0.656
Cabin Hill / Ravenmeols|SD283054|England|3|2021|2023|UKBMS|53.5403|-3.0834|1.808|1.878
Duddon Mosses National Nature Reserve|SD223851|England|3|2021|2023|UKBMS|54.2556|-3.1942|-0.675|1.877
Heathwaite Moss|SD242876|England|3|2021|2023|UKBMS|54.2784|-3.1657|-0.982|2.619
Warton Crag LNR (Upper)|SD493727|England|2|2022|2023|UKBMS|54.1476|-2.7777|0.339|-1.247
Dunstable Downs|TL007201|England|20|1993|2023|UKBMS|51.8704|-0.5388|2.281|1.192
Hill Rise|TL046510|England|18|1994|2023|UKBMS|52.1474|-0.4727|0.690|5.436
Priory Country Park|TL075493|England|26|1993|2023|UKBMS|52.1316|-0.4309|6.082|2.216
Sharpenhoe Clappers|TL066297|England|32|1989|2023|UKBMS|51.9556|-0.4502|2.391|-2.121
Whipsnade Downs|TL000185|England|28|1987|2023|UKBMS|51.8561|-0.5494|3.933|0.948
Old Warden Tunnel|TL112447|England|18|2006|2023|UKBMS|52.0895|-0.3784|10.638|1.675
Bedford Old Cemetery|TL050512|England|7|2006|2022|UKBMS|52.1491|-0.4668|4.782|0.935
Knocking hoe|TL131307|England|9|2013|2023|UKBMS|51.9633|-0.3553|4.298|3.847
Ring Haw|TL053973|England|10|2014|2023|UKBMS|52.5634|-0.4480|0.981|2.243
Mowsbury Hillfort|TL065532|England|10|2014|2023|UKBMS|52.1668|-0.4443|4.091|3.425
Whitestones Twywell Hills & Dales|SP939775|England|7|2016|2023|UKBMS|52.3875|-0.6217|1.436|0.804
Bucknell Woods|SP658448|England|8|2016|2023|UKBMS|52.0976|-1.0409|2.127|-2.684
Wellingborough|SP903674|England|5|2017|2022|UKBMS|52.2973|-0.6773|1.492|5.429
Nene Wetlands Nature Reserve|SP939679|England|5|2018|2023|UKBMS|52.3012|-0.6244|-0.104|5.836
Salcey Forest North|SP809520|England|3|2020|2022|UKBMS|52.1604|-0.8188|-2.001|0.722
Salcey Forest South|SP805505|England|3|2020|2022|UKBMS|52.1469|-0.8250|0.975|-2.420
Stanwick Lakes|SP967714|England|2|2022|2023|UKBMS|52.3322|-0.5823|-2.836|5.439
Fermyn Woods Country Park|SP954850|England|2|2022|2023|UKBMS|52.4546|-0.5975|1.330|0.402
Old Sulehay including Stonepit Quarry|TL057979|England|2|2022|2023|UKBMS|52.5687|-0.4419|1.192|0.595
RSPB The Lodge|TL191484|England|2|2022|2023|UKBMS|52.1211|-0.2618|-0.084|2.721
Weldon Woodland Park|SP922891|England|2|2022|2023|UKBMS|52.4920|-0.6435|4.647|3.896
Grendon & Doddershall Woods|SP700210|England|29|1995|2023|UKBMS|51.8832|-0.9844|-0.165|-2.763
College Lake|SP935139|England|23|2001|2023|UKBMS|51.8159|-0.6450|1.133|-1.339
Aston Clinton Ragpits|SP888108|England|28|1996|2023|UKBMS|51.7888|-0.7140|0.245|-0.117
Finemere Wood|SP722216|England|29|1994|2022|UKBMS|51.8883|-0.9523|0.270|-1.170
Coombe Hill|SP846065|England|29|1994|2023|UKBMS|51.7508|-0.7759|4.992|4.094
Bowdown (Baynes/Bomb Site)|SU508650|England|37|1986|2023|UKBMS|51.3818|-1.2714|-0.310|-1.523
Aston Upthorpe Downs|SU545837|England|31|1993|2023|UKBMS|51.5496|-1.2154|-0.400|-0.057
M40 Compensation Area|SP629102|England|33|1991|2023|UKBMS|51.7869|-1.0895|1.612|1.941
Burnham Beeches (New walk)|SU949848|England|30|1992|2023|UKBMS|51.5541|-0.6326|1.414|-2.471
Crong|SP904088|England|22|2001|2023|UKBMS|51.7706|-0.6913|1.733|0.864
Moor Copse Nature Reserve|SU637741|England|22|2001|2022|UKBMS|51.4623|-1.0845|1.848|-1.072
Lardon Chase|SU587809|England|27|1997|2023|UKBMS|51.5240|-1.1553|3.642|3.552
Dancersend|SP900095|England|23|2001|2023|UKBMS|51.7769|-0.6969|1.813|1.167
Carrinton's New Farm|SU884900|England|21|2003|2023|UKBMS|51.6019|-0.7250|8.975|0.278
Brush Hill, Princes Risborough|SP821034|England|18|2004|2023|UKBMS|51.7233|-0.8128|2.625|-0.241
College Lake New 2003|SP929147|England|23|2001|2023|UKBMS|51.8232|-0.6535|2.888|3.009
Hosehill LNR|SU649697|England|15|2005|2023|UKBMS|51.4226|-1.0680|-2.743|5.317
Ardley Quarry|SP536273|England|21|2003|2023|UKBMS|51.9416|-1.2217|1.238|-1.609
Hartslock|SU618795|England|21|2003|2023|UKBMS|51.5111|-1.1109|9.806|1.997
Severn Barrows|SU329828|England|21|2003|2023|UKBMS|51.5431|-1.5270|3.144|3.503
Decoy Heath|SU615635|England|22|2002|2023|UKBMS|51.3672|-1.1180|0.417|5.576
Hurley|SU812821|England|22|2002|2023|UKBMS|51.5320|-0.8308|6.941|4.342
Wildmoor Heath|SU843630|England|25|1998|2023|UKBMS|51.3598|-0.7906|2.446|-1.270
Brill Common|SP653143|England|18|2003|2023|UKBMS|51.8235|-1.0539|0.349|3.765
Prestwood Nature|SU866991|England|18|2006|2023|UKBMS|51.6840|-0.7488|1.593|0.719
Holtspur Bottom Reserve|SU917904|England|17|2007|2023|UKBMS|51.6050|-0.6773|4.023|3.593
Homefield Wood|SU812867|England|17|2007|2023|UKBMS|51.5733|-0.8297|-2.423|0.908
Oakley Hill|SU758995|England|19|2005|2023|UKBMS|51.6891|-0.9049|2.185|1.464
Warburg 1 (central)|SU719880|England|26|1998|2023|UKBMS|51.5863|-0.9636|1.123|0.979
Watts Bank|SU329772|England|18|2006|2023|UKBMS|51.4928|-1.5275|9.119|0.773
Hartslock Extension|SU620793|England|15|2008|2022|UKBMS|51.5092|-1.1080|3.669|3.315
Moor Copse Extension|SU638737|England|15|2008|2022|UKBMS|51.4587|-1.0831|3.526|1.521
Rushbeds Wood|SP672154|England|16|2007|2022|UKBMS|51.8332|-1.0262|-1.004|-2.356
Sydlings Copse|SP553094|England|16|2008|2023|UKBMS|51.7805|-1.1998|-0.467|-3.412
Greenham Common 2|SU495648|England|14|2008|2023|UKBMS|51.3801|-1.2901|0.719|4.386
Sands Bank|SU833933|England|13|2006|2023|UKBMS|51.6324|-0.7979|0.046|5.902
Ewelme Watercress Beds LNR|SU640917|England|15|2009|2023|UKBMS|51.6205|-1.0770|5.128|0.892
Dancers End Extension|SP896096|England|20|2004|2023|UKBMS|51.7779|-0.7027|4.207|3.550
Little Linford Wood|SP831453|England|15|2009|2023|UKBMS|52.0998|-0.7882|-0.656|-2.173
Hook Norton|SP360322|England|15|2009|2023|UKBMS|51.9871|-1.4772|0.552|-3.006
Glyme Valley|SP334260|England|15|2009|2023|UKBMS|51.9315|-1.5156|1.336|-0.104
Paizes Wood|SU586638|England|13|2010|2023|UKBMS|51.3702|-1.1596|-0.731|-1.497
Chilswell Valley|SP502038|England|13|2009|2023|UKBMS|51.7307|-1.2745|7.319|1.595
Maidenhead Thicket|SU851811|England|7|2012|2022|UKBMS|51.5224|-0.7748|0.085|-3.262
Wallingford Castle Meadows|SU610898|England|9|2013|2023|UKBMS|51.6037|-1.1206|4.873|1.253
Crowmarsh Riverside Meadows|SU611892|England|11|2013|2023|UKBMS|51.5983|-1.1193|7.288|4.742
Mowbray Fields|SU522887|England|8|2013|2023|UKBMS|51.5947|-1.2478|4.054|2.993
Cliveden|SU912853|England|7|2014|2023|UKBMS|51.5592|-0.6858|0.341|-1.625
Bacombe Hill|SP861072|England|10|2014|2023|UKBMS|51.7569|-0.7540|2.313|1.479
Grangelands|SP828048|England|10|2014|2023|UKBMS|51.7358|-0.8024|1.557|1.225
Swains wood|SU738921|England|4|2014|2023|UKBMS|51.6229|-0.9353|0.787|0.001
The Rifle Range|SP829052|England|10|2014|2023|UKBMS|51.7394|-0.8008|1.999|1.425
Cissbury Ring|TQ140080|England|29|1995|2023|UKBMS|50.8603|-0.3816|1.660|0.081
Deep Dean|TQ540025|England|23|1998|2023|UKBMS|50.8016|0.1841|4.269|3.735
Levin Down|SU885137|England|34|1990|2023|UKBMS|50.9160|-0.7424|-0.887|-0.899
Harting Down|SU796182|England|29|1989|2022|UKBMS|50.9577|-0.8680|0.877|-1.120
Bevendean A|TQ338068|England|25|1997|2023|UKBMS|50.8453|-0.1009|6.167|4.169
Bevendean B|TQ335065|England|24|1998|2023|UKBMS|50.8426|-0.1052|0.233|4.817
Bevendean C|TQ343066|England|23|1997|2022|UKBMS|50.8433|-0.0938|0.962|-2.123
Malling Down|TQ428107|England|40|1984|2023|UKBMS|50.8782|0.0284|2.036|-1.161
Loder Valley 1 (Ardingley Reservoir 1)|TQ342305|England|33|1991|2023|UKBMS|51.0582|-0.0865|0.288|5.985
Loder Valley 2 (Ardingley Reservoir 2)|TQ335302|England|23|2001|2023|UKBMS|51.0556|-0.0965|-1.043|-2.030
Arlington Reservoir|TQ534074|England|23|2001|2023|UKBMS|50.8458|0.1776|-2.743|5.446
Beacon Hill, Sussex|TQ364028|England|22|2001|2023|UKBMS|50.8087|-0.0654|3.652|3.635
Ashpark Wood|SU995317|England|21|2003|2023|UKBMS|51.0760|-0.5811|-0.931|-2.958
Kingspark Wood|SU985306|England|21|2003|2023|UKBMS|51.0663|-0.5956|-2.448|0.949
Crowlink|TV545974|England|20|2003|2022|UKBMS|50.7556|0.1890|6.335|4.296
Burton & Chingford Ponds LNR|SU973174|England|17|2004|2023|UKBMS|50.9478|-0.6163|-2.690|5.359
Smugglers|TQ473295|England|13|2004|2023|UKBMS|51.0460|0.0999|-0.120|0.831
Black Cap|TQ378125|England|17|2005|2023|UKBMS|50.8955|-0.0419|0.894|-0.260
Anchor Bottom|TQ202094|England|16|2004|2023|UKBMS|50.8716|-0.2931|9.130|0.859
Fore Wood|TQ752131|England|35|1987|2023|UKBMS|50.8908|0.4897|1.812|-2.712
Broadwater Warren 1|TQ556370|England|16|2008|2023|UKBMS|51.1112|0.2215|-0.886|-0.356
Broadwater Warren 2|TQ553368|England|16|2008|2023|UKBMS|51.1095|0.2171|-0.254|0.113
Graffham Down Long Meadow|SU919162|England|15|2009|2023|UKBMS|50.9379|-0.6934|0.006|-4.015
Graffham Down Scotts Corner|SU922162|England|14|2009|2022|UKBMS|50.9379|-0.6892|2.183|-2.435
Moulescombe Wildpark LNR|TQ329081|England|9|2008|2023|UKBMS|50.8572|-0.1132|2.305|-0.326
Minepits - Hartley Green Copse|SU872284|England|17|2007|2023|UKBMS|51.0483|-0.7574|-2.165|0.675
Bignor Hill, Slindon Estate (NT)|SU972128|England|13|2010|2023|UKBMS|50.9065|-0.6189|2.602|1.575
Chapel Common|SU820285|England|14|2010|2023|UKBMS|51.0500|-0.8315|0.552|0.572
Tilletts Lane Fields, Warnham|TQ153339|England|14|2010|2023|UKBMS|51.0928|-0.3549|0.067|-2.363
Lodge Copse|SU973167|England|11|2010|2023|UKBMS|50.9415|-0.6165|1.348|3.188
West Kingston Reserve|TQ079016|England|13|2010|2023|UKBMS|50.8039|-0.4701|2.039|4.921
Hollingdean|TQ321072|England|13|2011|2023|UKBMS|50.8492|-0.1248|6.398|3.393
Mill Hill|TQ211072|England|13|2011|2023|UKBMS|50.8517|-0.2810|1.310|0.393
Blackjack Wood, Slindon Estste|SU969119|England|13|2011|2023|UKBMS|50.8985|-0.6234|0.566|-1.706
Markstakes Common|TQ398180|England|11|2012|2022|UKBMS|50.9445|-0.0114|0.346|-3.521
Fairmile Bottom LNR|SU988094|England|10|2014|2023|UKBMS|50.8757|-0.5971|1.411|1.135
Iping & Stedham Commons|SU852219|England|10|2014|2023|UKBMS|50.9902|-0.7874|1.596|-0.439
Pulborough Brooks RSPB|TQ059167|England|8|2015|2023|UKBMS|50.9400|-0.4941|4.368|0.663
Graffham Down - Paterson|SU915162|England|9|2015|2023|UKBMS|50.9380|-0.6991|0.326|-3.949
Nymans|TQ270296|England|6|2016|2022|UKBMS|51.0517|-0.1895|-1.391|-0.973
Rowland Wood & Park Corner Heath 2018|TQ515147|England|6|2018|2023|UKBMS|50.9119|0.1536|1.620|-2.808
Hothfield Common|TQ968458|England|20|1990|2023|UKBMS|51.1776|0.8142|2.236|2.566
Burnt Oak Wood|TQ991348|England|38|1984|2023|UKBMS|51.0780|0.8410|-0.431|-3.372
Colepit Lane, Torry Hill|TQ907565|England|19|1992|2023|UKBMS|51.2757|0.7327|0.352|-4.115
Mintching Wood, Torry Hill|TQ916586|England|19|1992|2023|UKBMS|51.2943|0.7467|0.314|-4.228
Warren Bank, Torry Hill|TQ918567|England|19|1992|2023|UKBMS|51.2772|0.7486|2.722|2.872
Wrinsted, Torry Hill|TQ897553|England|19|1992|2023|UKBMS|51.2653|0.7177|8.892|1.696
Orlestone Forest|TQ985353|England|29|1992|2023|UKBMS|51.0827|0.8327|-1.283|-1.796
Tudeley Woods - The Plants|TQ626444|England|37|1987|2023|UKBMS|51.1757|0.3247|6.512|4.338
Tudeley Woods - Brakey Bank|TQ615435|England|37|1987|2023|UKBMS|51.1679|0.3086|2.240|-2.677
Larkey Valley Wood|TR125555|England|22|1995|2022|UKBMS|51.2590|1.0442|-1.385|-3.049
Jubilee Country Park|TQ437679|England|18|2004|2023|UKBMS|51.3919|0.0640|-1.227|-2.945
Scadbury Park|TQ455700|England|16|2004|2023|UKBMS|51.4104|0.0907|-0.989|-2.570
Downe Bank|TQ438609|England|14|2005|2023|UKBMS|51.3290|0.0626|-0.013|-1.921
Cole Wood - Broad Oak/Blean|TR155620|England|16|2006|2023|UKBMS|51.3163|1.0911|10.384|2.293
West Blean Wood West|TR157636|England|11|2010|2023|UKBMS|51.3306|1.0949|0.546|4.154
West Blean Wood East|TR166635|England|11|2011|2023|UKBMS|51.3293|1.1077|-0.167|-1.926
Hothfield Common Extension|TQ964458|England|9|2014|2023|UKBMS|51.1777|0.8085|3.695|3.222
West Wickham Common|TQ398652|England|15|2001|2023|UKBMS|51.3687|0.0069|0.351|-2.054
Reculver Country Park|TR214689|England|11|2012|2023|UKBMS|51.3760|1.1799|7.089|4.443
Sandwich Bay Estate|TR361573|England|11|2013|2023|UKBMS|51.2659|1.3830|1.445|4.261
Telegraph Farm|TR307513|England|9|2014|2023|UKBMS|51.2143|1.3019|10.622|1.933
Darland Banks A|TQ791655|England|10|2014|2023|UKBMS|51.3603|0.5711|1.177|0.280
Darland Banks B|TQ781661|England|10|2014|2023|UKBMS|51.3660|0.5570|1.286|0.703
Bedgebury Pinetum|TQ719335|England|5|2014|2023|UKBMS|51.0751|0.4524|2.087|0.027
Covert Wood|TR183481|England|9|2015|2023|UKBMS|51.1904|1.1227|0.202|-3.880
Kemsing Down|TQ555593|England|9|2015|2023|UKBMS|51.3116|0.2297|2.477|-0.883
Lydden Hill|TR254461|England|9|2015|2023|UKBMS|51.1697|1.2229|3.177|0.943
Montefiore Wood & Dumpton (2015 route)|TR392662|England|9|2015|2023|UKBMS|51.3445|1.4333|0.306|5.655
Tarn Park|TQ427733|England|8|2015|2023|UKBMS|51.4407|0.0518|3.284|-0.357
Tudeley Woods - Pembury Heath|TQ616422|England|9|2015|2023|UKBMS|51.1562|0.3094|0.058|-3.936
Wouldham|TQ725633|England|8|2015|2023|UKBMS|51.3426|0.4753|-0.393|-2.038
The Larches|TQ789588|England|8|2015|2023|UKBMS|51.3002|0.5649|4.605|1.422
Peters Pit|TQ717626|England|7|2016|2023|UKBMS|51.3366|0.4635|1.473|0.763
Conningbrook Lakes Country Park|TR031433|England|7|2016|2023|UKBMS|51.1529|0.9028|3.272|1.340
Luton Rec, Medway|TQ778663|England|8|2016|2023|UKBMS|51.3679|0.5528|1.366|3.981
Gravesend Marling Cross|TQ656705|England|8|2016|2023|UKBMS|51.4093|0.3797|0.684|5.839
St Margaret's Bay (new)|TR373451|England|7|2017|2023|UKBMS|51.1559|1.3921|1.047|2.862
Langdon Cliffs|TR341424|England|6|2017|2022|UKBMS|51.1330|1.3447|2.621|2.979
Orlestone Forest, Packing Wood|TR004352|England|6|2017|2022|UKBMS|51.0811|0.8597|-1.333|-1.192
Bredhurst Woods and Strawberry Banks|TQ800617|England|5|2017|2023|UKBMS|51.3259|0.5821|-1.340|-2.603
Manor Park, West Malling|TQ680573|England|6|2017|2023|UKBMS|51.2901|0.4080|-1.516|4.351
Garthorne Road Nature Reserve|TQ357736|England|5|2017|2022|UKBMS|51.4451|-0.0487|2.429|-2.405
Snakeholme Pit|TF115716|England|36|1988|2023|UKBMS|53.2297|-0.3311|7.292|0.289
Twyford Glades|SK954225|England|23|2000|2023|UKBMS|52.7916|-0.5867|0.045|-2.637
Twyford Sanctuary|SK942233|England|24|1999|2023|UKBMS|52.7990|-0.6043|0.299|-0.573
Whisby Nature Park|SK911670|England|8|2009|2023|UKBMS|53.1923|-0.6379|2.966|0.066
Quarry Cottage|TF045204|England|7|2016|2022|UKBMS|52.7711|-0.4525|2.267|-0.703
Londonthorpe Eastern Meadow|SK946381|England|3|2018|2022|UKBMS|52.9320|-0.5940|0.203|-4.074
Londonthorpe Western Meadow|SK942380|England|3|2018|2022|UKBMS|52.9312|-0.6000|4.042|3.843
Belton House - River Witham|SK926383|England|3|2018|2022|UKBMS|52.9341|-0.6237|5.244|1.280
Kettlethorpe|SK846750|England|5|2019|2023|UKBMS|53.2653|-0.7331|1.116|0.015
Heath's Meadows|TF484639|England|4|2020|2023|UKBMS|53.1516|0.2177|5.779|3.926
Londonthorpe Alma Park|SK942370|England|1|2022|2022|UKBMS|52.9222|-0.6003|2.390|-0.964
Ashing Lane Nature Reserve|TF043790|England|2|2022|2023|UKBMS|53.2977|-0.4365|0.462|-3.200
Thorne Moors Transect F|SE748151|England|2|2022|2023|UKBMS|53.6271|-0.8704|-0.919|1.856
Piddledown Common|SX729899|England|22|1997|2023|UKBMS|50.6948|-3.8009|-0.549|-0.345
Aish Tor|SX705711|England|29|1993|2023|UKBMS|50.5253|-3.8283|-0.887|0.613
Little Breach|ST114154|England|26|1997|2023|UKBMS|50.9312|-3.2621|4.154|3.969
Ashclyst Forest|SX997991|England|14|2002|2023|UKBMS|50.7828|-3.4241|-1.063|-3.109
West Down (Dartmoor)|SX483702|England|19|2001|2022|UKBMS|50.5119|-4.1409|-0.927|0.811
Kerswell Down|SX872676|England|21|2003|2023|UKBMS|50.4973|-3.5918|0.910|2.583
Yarner Wood extension|SX787789|England|13|2009|2023|UKBMS|50.5972|-3.7152|-0.035|1.937
Clennon Hill|SX880594|England|14|2008|2023|UKBMS|50.4237|-3.5780|3.786|2.223
Primley wood and meadow|SX878602|England|13|2008|2023|UKBMS|50.4309|-3.5811|2.384|-1.815
Saltram Park|SX522549|England|13|2011|2023|UKBMS|50.3754|-4.0799|-1.129|-0.184
Upcott Farm|SS823130|England|13|2011|2023|UKBMS|50.9044|-3.6753|5.028|3.205
Bowden Hill, Ashburton|SX753698|England|12|2011|2022|UKBMS|50.5147|-3.7602|3.477|0.739
Berry Head Transect 3|SX939562|England|12|2011|2023|UKBMS|50.3961|-3.4941|2.782|0.601
Waterleat extension|SX751723|England|10|2012|2023|UKBMS|50.5371|-3.7639|3.200|1.043
Northam Burrows|SS439309|England|6|2013|2022|UKBMS|51.0562|-4.2287|0.192|5.977
Meeth Quarry|SS536084|England|8|2014|2022|UKBMS|50.8565|-4.0814|3.281|0.494
Andrew's Wood|SX704516|England|9|2014|2023|UKBMS|50.3500|-3.8230|-1.857|-2.373
Andrew's Wood 3|SX711516|England|8|2015|2023|UKBMS|50.3502|-3.8131|-0.450|-3.361
Park Farm Kingsbridge|SX734427|England|9|2015|2023|UKBMS|50.2707|-3.7778|4.330|1.427
Ashclyst Merry Downs|SY000999|England|8|2016|2023|UKBMS|50.7900|-3.4201|1.057|-1.826
Ashclyst Snaffel Park|SY006996|England|8|2016|2023|UKBMS|50.7874|-3.4115|1.661|-1.613
Ashclyst Caddihoe|SY010999|England|8|2016|2023|UKBMS|50.7902|-3.4059|-1.797|-2.648
Ashclyst Deadlands|SX995999|England|8|2016|2023|UKBMS|50.7899|-3.4272|0.763|-1.620
Ashclyst White Down|ST005011|England|7|2016|2023|UKBMS|50.8009|-3.4133|1.303|-2.455
Knapp Copse Local Nature Reserve|SY154956|England|6|2017|2023|UKBMS|50.7538|-3.2007|6.009|2.621
Bradley Manor|SX849707|England|5|2017|2022|UKBMS|50.5247|-3.6251|-0.369|-0.842
East Soar|SX729366|England|5|2017|2023|UKBMS|50.2157|-3.7828|3.791|3.001
Waterleat 2006|SX753724|England|16|2006|2023|UKBMS|50.5380|-3.7611|6.968|4.065
Rickham|SX738378|England|5|2017|2022|UKBMS|50.2267|-3.7706|-0.019|4.494
Saltram Gardens|SX519556|England|6|2018|2023|UKBMS|50.3816|-4.0844|4.452|0.975
Ashclyst Caddihoe Extension|ST009000|England|5|2019|2023|UKBMS|50.7911|-3.4073|2.514|-1.873
Lincombe & Dunscombe|SY160881|England|4|2019|2023|UKBMS|50.6865|-3.1904|4.656|2.671
Killerton Garden|SS972001|England|4|2019|2023|UKBMS|50.7913|-3.4598|4.309|1.752
Lundy Island - Upper East Side|SS139440|England|5|2019|2023|UKBMS|51.1649|-4.6631|2.857|1.769
Dumpdon Hill Fort|ST174042|England|3|2021|2023|UKBMS|50.8314|-3.1743|-0.117|-1.628
Godborough Castle|SS438274|England|3|2021|2023|UKBMS|51.0247|-4.2286|7.358|4.852
Home Marsh Farm|SS495328|England|3|2021|2023|UKBMS|51.0747|-4.1497|6.356|4.773
Scobbiscombe|SX621468|England|3|2021|2023|UKBMS|50.3050|-3.9378|7.479|0.836
Ashclyst Forest Cottage|SY0009499100|England|3|2021|2023|UKBMS|50.7828|-3.4185|2.170|-1.054
Ausewell Wood|SX737721|England|2|2022|2023|UKBMS|50.5350|-3.7835|2.378|-1.403
Gwithian Common (Green)|SW587413|England|27|1997|2023|UKBMS|50.2224|-5.3842|1.596|1.295
Greenscombe Wood - Ridge|SX393725|England|43|1981|2023|UKBMS|50.5301|-4.2687|1.015|0.078
Lundy Bay|SW958798|England|22|2000|2023|UKBMS|50.5821|-4.8858|2.385|1.420
Butterfly Lane (Trewartha, St Ives)|SW518378|England|23|2001|2023|UKBMS|50.1881|-5.4784|7.308|5.492
Upton Towans 2010|SW579396|England|14|2010|2023|UKBMS|50.2068|-5.3943|0.142|5.002
Roskestal West Cliff, Porthgwarra|SW364224|England|12|2010|2023|UKBMS|50.0432|-5.6831|0.383|1.343
Ruan Lanihorne|SW894419|England|12|2012|2023|UKBMS|50.2395|-4.9548|1.633|1.224
Godolphin Warren|SW599321|England|12|2012|2023|UKBMS|50.1403|-5.3616|6.321|1.830
Cotehele|SX423682|England|10|2012|2023|UKBMS|50.4923|-4.2246|0.562|-2.468
Looe Island|SX257514|England|10|2013|2023|UKBMS|50.3367|-4.4506|2.469|1.118
Erisey Barton, Lizard NNR|SW710180|England|10|2013|2023|UKBMS|50.0180|-5.1981|7.251|5.511
Treluggan Cliffs|SW890378|England|11|2013|2023|UKBMS|50.2025|-4.9581|0.682|1.011
Little Treleaver|SW761181|England|9|2014|2023|UKBMS|50.0209|-5.1270|4.756|2.983
Valency Valley|SX103913|England|9|2014|2023|UKBMS|50.6903|-4.6871|2.417|-2.101
Kilkhampton Common|SS246117|England|9|2014|2023|UKBMS|50.8781|-4.4946|0.392|-2.295
Lower Lewdon|SS256095|England|9|2015|2023|UKBMS|50.8586|-4.4793|0.213|-2.180
Pentire|SW938800|England|9|2015|2023|UKBMS|50.5832|-4.9141|7.343|1.043
Dodman Point|SX001398|England|8|2016|2023|UKBMS|50.2243|-4.8038|7.229|4.382
Tidna Valley|SS203147|England|8|2016|2023|UKBMS|50.9037|-4.5571|0.772|-3.624
The Meadow, Tehidy Country Park|SW637433|England|6|2016|2022|UKBMS|50.2423|-5.3155|5.790|5.561
Treveal|SW471403|England|7|2016|2023|UKBMS|50.2085|-5.5458|7.084|4.805
Mexico Towans|SW562385|England|6|2016|2023|UKBMS|50.1962|-5.4174|0.472|5.155
Foage Farm|SW465375|England|6|2016|2023|UKBMS|50.1832|-5.5523|5.814|3.330
Trencrom Hill|SW518362|England|7|2016|2023|UKBMS|50.1737|-5.4774|3.279|1.870
Stithians|SW709366|England|7|2016|2023|UKBMS|50.1850|-5.2106|2.500|2.029
Trythall School|SW452342|England|6|2018|2023|UKBMS|50.1530|-5.5683|3.760|2.112
Trecarne-Delabole|SX064839|England|6|2018|2023|UKBMS|50.6226|-4.7384|4.119|2.488
Kynance and Caerthillian|SW688131|England|5|2018|2023|UKBMS|49.9732|-5.2258|4.293|2.750
Chapel Porth|SW697495|England|3|2018|2023|UKBMS|50.3004|-5.2352|-2.243|5.540
Marazion Marsh|SW512312|England|5|2019|2023|UKBMS|50.1286|-5.4825|3.304|0.309
Lower Portmellon Valley|SX009438|England|5|2019|2023|UKBMS|50.2605|-4.7947|5.732|2.525
Upper Portmellon Valley|SX003433|England|5|2019|2023|UKBMS|50.2558|-4.8029|2.584|1.321
Rosewall Hill|SW488393|England|2|2019|2023|UKBMS|50.2003|-5.5214|0.135|1.917
Boswednack Mire|SW439380|England|2|2019|2023|UKBMS|50.1865|-5.5890|0.134|0.962
Cape Cornwall - new route|SW352318|England|3|2019|2023|UKBMS|50.1271|-5.7063|6.594|4.438
Lamledra|SX013412|England|4|2020|2023|UKBMS|50.2373|-4.7877|3.431|0.555
Wilsey Woods|SX189881|England|4|2020|2023|UKBMS|50.6643|-4.5639|-2.545|0.426
Trencrom Hill - hillsides|SW517362|England|3|2020|2023|UKBMS|50.1737|-5.4788|0.457|1.076
Messack|SW840364|England|3|2021|2023|UKBMS|50.1881|-5.0273|0.425|-3.370
Godrevy Warren Red River Ascent|SW588421|England|2|2021|2022|UKBMS|50.2296|-5.3833|6.097|3.940
Coosebean, Comprigney Hill|SW813454|England|1|2022|2022|UKBMS|50.2680|-5.0702|2.317|-1.887
Treveddoe|SX152694|England|2|2022|2023|UKBMS|50.4952|-4.6069|5.876|4.772
Portreath New Walk and Cliffs|SW661455|England|2|2022|2023|UKBMS|50.2631|-5.2832|5.529|1.141
Dolcoath Mine and Brea Valley|SW661404|England|2|2022|2023|UKBMS|50.2173|-5.2801|2.911|1.056
Bakesdown Farm|SS247006|England|1|2022|2022|UKBMS|50.7784|-4.4879|5.679|2.597
St Gothians|SW583417|England|2|2022|2023|UKBMS|50.2258|-5.3900|4.447|3.260
Godolphin Woods and Riverside|SW602322|England|2|2022|2023|UKBMS|50.1413|-5.3575|-1.152|-1.166
Nanspean|SW656240|England|2|2022|2023|UKBMS|50.0698|-5.2770|4.450|2.317
Marshalls Heath|TL161149|England|31|1990|2023|UKBMS|51.8207|-0.3169|-1.365|-1.554
Aldbury Nowers|SP952129|England|30|1992|2023|UKBMS|51.8066|-0.6206|1.825|0.640
Beane Hill|TQ199873|England|36|1988|2023|UKBMS|51.5718|-0.2713|0.996|-1.126
Danesbury Park|TL230170|England|27|1996|2022|UKBMS|51.8381|-0.2161|4.673|3.575
Millhoppers|SP900148|England|23|1998|2023|UKBMS|51.8246|-0.6955|5.443|1.626
Patmore Heath|TL442257|England|28|1996|2023|UKBMS|51.9112|0.0950|-1.344|-2.166
Therfield Heath, Lancaster Hill (5)|TL353404|England|22|2001|2023|UKBMS|52.0455|-0.0285|0.915|5.033
Fryent Country Park|TQ195876|England|38|1986|2023|UKBMS|51.5746|-0.2770|-0.723|-2.746
Therfield heath, Rifle Range|TL348401|England|24|1999|2023|UKBMS|52.0429|-0.0359|3.486|3.774
Therfield Heath, Top of Rifle Range (2)|TL349398|England|22|2001|2023|UKBMS|52.0402|-0.0346|2.092|2.248
Therfield Heath, Church Hill (3)|TL333396|England|24|1999|2023|UKBMS|52.0388|-0.0580|3.412|3.066
Therfield Heath, Base of Church Hill (4)|TL333395|England|22|2001|2023|UKBMS|52.0379|-0.0580|2.148|-0.842
Gutteridge Wood|TQ091843|England|27|1990|2023|UKBMS|51.5471|-0.4280|0.996|-1.516
Knebworth|TL221208|England|22|1996|2023|UKBMS|51.8724|-0.2279|6.271|4.137
Stevenage|TL246234|England|29|1994|2023|UKBMS|51.8952|-0.1906|0.969|-2.234
The Warren|TL204053|England|27|1995|2023|UKBMS|51.7335|-0.2579|1.384|2.258
Ware Park|TL347143|England|28|1996|2023|UKBMS|51.8111|-0.0475|0.607|1.874
Balls Wood|TL344106|England|28|1996|2023|UKBMS|51.7779|-0.0533|-0.164|-2.293
Brickett Wood|TL131009|England|26|1997|2023|UKBMS|51.6955|-0.3650|-0.002|-3.021
Railway Fields|TQ317881|England|26|1997|2023|UKBMS|51.5764|-0.1008|0.672|-0.331
Abney Park Cemetry|TQ336868|England|5|1999|2023|UKBMS|51.5643|-0.0739|2.013|-2.318
Minet Country Park|TQ109802|England|9|2002|2022|UKBMS|51.5099|-0.4034|3.047|0.905
Belmont Railway|TQ161897|England|6|2000|2022|UKBMS|51.5942|-0.3253|7.375|4.755
Horsenden Hill - East|TQ162843|England|21|2003|2023|UKBMS|51.5456|-0.3257|0.583|-2.922
Horsendon Hill - West|TQ163844|England|21|2003|2023|UKBMS|51.5465|-0.3242|3.070|2.356
Roxbourne Rough|TQ120875|England|12|1999|2023|UKBMS|51.5752|-0.3852|1.277|4.922
Shrubhill Common|TL036072|England|23|2001|2023|UKBMS|51.7539|-0.5005|0.739|2.566
Tower Hamlets Cemetery|TQ366823|England|25|1999|2023|UKBMS|51.5231|-0.0324|0.914|5.555
Waterford Heath North|TL315152|England|23|2001|2023|UKBMS|51.8200|-0.0935|3.645|2.807
Gunnersbury|TQ201786|England|19|2004|2023|UKBMS|51.4936|-0.2714|1.377|-1.068
Lemsford Springs|TL223121|England|19|2004|2023|UKBMS|51.7942|-0.2280|2.145|-0.281
Pryors Wood|TL265265|England|19|2004|2022|UKBMS|51.9227|-0.1619|0.837|2.345
Bishops Stortford Southern Country Park|TL473193|England|20|2004|2023|UKBMS|51.8529|0.1373|2.443|2.449
Perivale Wood|TQ159837|England|19|2005|2023|UKBMS|51.5403|-0.3302|1.344|-2.226
Wood Lane Pirton|TL143312|England|15|2008|2023|UKBMS|51.9675|-0.3377|10.519|2.192
Mardley Heath|TL248184|England|16|2006|2023|UKBMS|51.8503|-0.1895|-0.566|-2.773
Templewood (new)|TL235143|England|16|2007|2022|UKBMS|51.8137|-0.2098|1.925|-1.880
Bencroft Wood|TL335065|England|16|2008|2023|UKBMS|51.7413|-0.0679|0.292|-3.826
Banstead Downs|TQ257615|England|38|1986|2023|UKBMS|51.3387|-0.1968|1.614|1.862
Box Hill, Dukes|TQ185510|England|25|1994|2023|UKBMS|51.2459|-0.3036|4.982|3.999
Box Hill, Viewpoint|TQ179510|England|30|1994|2023|UKBMS|51.2460|-0.3122|4.280|3.732
Box Hill, Zig Zag|TQ177520|England|33|1990|2023|UKBMS|51.2550|-0.3148|1.285|2.220
Brentmoor Heath|SU938611|England|29|1990|2023|UKBMS|51.3413|-0.6547|0.092|1.036
Coulsdon Common|TQ324571|England|34|1990|2023|UKBMS|51.2976|-0.1023|-1.494|-0.840
Denbies Hillside|TQ150500|England|36|1988|2023|UKBMS|51.2376|-0.3541|3.970|3.553
Farthing Downs|TQ300576|England|33|1990|2023|UKBMS|51.3027|-0.1366|5.163|3.784
Hackhurst Down|TQ093485|England|35|1988|2023|UKBMS|51.2252|-0.4361|2.986|2.870
Headley Heath|TQ195533|England|32|1990|2023|UKBMS|51.2663|-0.2885|2.109|1.257
Headley Warren|TQ191539|England|20|1998|2023|UKBMS|51.2718|-0.2941|1.153|0.095
Hutchinson's Bank|TQ382615|England|27|1997|2023|UKBMS|51.3358|-0.0175|2.042|-0.463
Juniper Hill|TQ221570|England|22|1997|2023|UKBMS|51.2990|-0.2500|1.185|-0.201
Kenley Common|TQ333584|England|33|1990|2023|UKBMS|51.3091|-0.0889|0.767|2.519
Mitcham Common B|TQ291675|England|20|1994|2023|UKBMS|51.3919|-0.1459|3.603|2.294
Oaken Wood|SU991339|England|28|1995|2023|UKBMS|51.0959|-0.5862|-0.580|-2.667
Park Downs|TQ267585|England|26|1998|2023|UKBMS|51.3115|-0.1835|1.823|1.361
Riddlesdown|TQ337594|England|34|1990|2023|UKBMS|51.3180|-0.0828|0.451|0.169
Nore Hill|TQ377573|England|24|2000|2023|UKBMS|51.2982|-0.0263|6.667|4.402
Cole Kitchen|TQ084488|England|18|1999|2023|UKBMS|51.2281|-0.4489|0.810|-1.269
Chapel Bank|TQ386605|England|16|1997|2023|UKBMS|51.3267|-0.0121|2.126|-1.881
Wandsworth Common Woodland|TQ273735|England|11|1999|2023|UKBMS|51.4462|-0.1696|-1.031|-2.694
London Wetland Centre|TQ227769|England|27|1996|2023|UKBMS|51.4778|-0.2346|-2.746|5.344
Chobham Common|SU975632|England|22|2002|2023|UKBMS|51.3595|-0.6011|-0.407|2.964
Happy Valley|TQ308568|England|24|2000|2023|UKBMS|51.2953|-0.1254|5.764|3.812
Howell Hill|TQ238620|England|21|2002|2023|UKBMS|51.3436|-0.2239|5.907|3.281
Swan Barn Farm|SU912327|England|22|2002|2023|UKBMS|51.0864|-0.6993|1.936|-2.644
Ashtead Common B|TQ180593|England|21|2002|2023|UKBMS|51.3206|-0.3080|2.034|4.720
Frensham Common (Little Pond)|SU854411|England|8|2005|2023|UKBMS|51.1628|-0.7801|-0.675|3.300
Farnham Park|SU840480|England|18|2004|2023|UKBMS|51.2250|-0.7985|7.254|3.798
Chobhan Common North-east|SU974657|England|19|2004|2023|UKBMS|51.3820|-0.6018|-0.844|3.219
Denbies Landbarn B|TQ134499|England|22|2002|2023|UKBMS|51.2370|-0.3770|4.481|3.644
FD New Hill|TQ305576|England|20|2003|2023|UKBMS|51.3026|-0.1294|3.807|3.555
Richmond Park|TQ194740|England|21|2003|2023|UKBMS|51.4524|-0.2830|2.833|-1.677
Pewley Down|TQ008489|England|19|2005|2023|UKBMS|51.2304|-0.5577|3.644|3.486
Witley|SU927404|England|17|2005|2023|UKBMS|51.1554|-0.6759|0.710|-2.656
Fairmile Common|TQ118617|England|18|2006|2023|UKBMS|51.3434|-0.3962|0.199|3.795
Roundshaw Downs|TQ308627|England|17|2007|2023|UKBMS|51.3483|-0.1232|7.360|4.682
Bealeswood Common|SU823409|England|16|2008|2023|UKBMS|51.1614|-0.8244|4.982|1.059
Quarry Hangers Nature Reserve|TQ317537|England|16|2008|2023|UKBMS|51.2672|-0.1136|3.220|3.256
Epsom Common|TQ188608|England|15|2009|2023|UKBMS|51.3339|-0.2961|-0.504|-3.048
Nower Wood|TQ195548|England|14|2010|2023|UKBMS|51.2798|-0.2880|-1.256|-2.203
Sydenham Hill Wood LNR|TQ344726|England|12|2010|2023|UKBMS|51.4365|-0.0678|0.716|-1.783
Horton Country Park|TQ187620|England|12|2010|2023|UKBMS|51.3447|-0.2971|3.065|1.189
Holmwood Common|TQ178459|England|14|2010|2023|UKBMS|51.2002|-0.3153|-0.537|-2.491
Brockham Lime Kilns|TQ198510|England|11|2013|2023|UKBMS|51.2456|-0.2850|1.662|-1.211
Thursley Common|SU906405|England|11|2013|2023|UKBMS|51.1566|-0.7059|-1.778|-1.881
Blatchford Down|TQ106486|England|11|2013|2023|UKBMS|51.2259|-0.4175|3.089|3.071
Lingfield Wildlife Area B|TQ387441|England|11|2013|2023|UKBMS|51.1793|-0.0171|3.755|1.478
Hogsmill LNR, Ewell|TQ210636|England|10|2014|2023|UKBMS|51.3586|-0.2636|5.031|1.948
Warren Farm, Ewell|TQ232629|England|10|2014|2023|UKBMS|51.3518|-0.2322|7.310|4.030
Norbury Park grassland, Fetcham|TQ154539|England|10|2014|2023|UKBMS|51.2726|-0.3471|2.034|-0.024
Norbury Park woodland, Fetcham|TQ151538|England|10|2014|2023|UKBMS|51.2717|-0.3514|0.376|-4.094
Priest Hill, Ewell|TQ230613|England|10|2014|2023|UKBMS|51.3375|-0.2356|3.908|3.807
Morden Hall Park|TQ261688|England|9|2014|2023|UKBMS|51.4042|-0.1885|-1.377|-0.651
Dollypers Hill, Coulsdon/Kenley|TQ315585|England|10|2014|2023|UKBMS|51.3104|-0.1147|1.039|0.178
Tice's Meadow, Badshot Lea|SU871487|England|8|2014|2023|UKBMS|51.2309|-0.7539|3.589|2.808
Sheepleas (2015 route)|TQ087517|England|9|2015|2023|UKBMS|51.2541|-0.4438|1.668|-3.069
Hill Park, Tatsfield (2015 route)|TQ422560|England|9|2015|2023|UKBMS|51.2854|0.0377|2.404|0.778
Royal and Bagmoor Commons, Elstead|SU924423|England|9|2015|2023|UKBMS|51.1725|-0.6797|-1.422|-1.458
Newlands Corner West|TQ039491|England|9|2015|2023|UKBMS|51.2316|-0.5133|3.996|3.731
Newlands Corner East|TQ046490|England|9|2015|2023|UKBMS|51.2306|-0.5033|0.878|0.932
Ashtead Common North|TQ175602|England|9|2015|2023|UKBMS|51.3288|-0.3149|-1.851|-1.557
Tooting Common|TQ292723|England|9|2015|2023|UKBMS|51.4350|-0.1427|-0.040|-2.303
West End Farm, Frensham|SU826424|England|9|2015|2023|UKBMS|51.1749|-0.8198|7.132|4.245
Ryton Wood East|SP385724|England|29|1995|2023|UKBMS|52.3483|-1.4362|-1.222|-3.318
Ryton Wood North|SP383728|England|33|1991|2023|UKBMS|52.3519|-1.4391|-1.257|-3.023
Ryton Wood West|SP377724|England|26|1998|2023|UKBMS|52.3484|-1.4480|-1.521|-2.233
Ryton Wood & Pool PH Walk|SP383726|England|33|1990|2022|UKBMS|52.3501|-1.4391|-1.870|-2.171
Ryton Wood North PH walk|SP383729|England|31|1992|2022|UKBMS|52.3528|-1.4391|-1.108|-3.252
Ryton Meadows|SP376726|England|34|1990|2023|UKBMS|52.3502|-1.4494|3.033|2.117
Ryton Meadows (Species)|SP380728|England|19|2005|2023|UKBMS|52.3520|-1.4435|1.106|-0.402
Ryton Wood (Purple Emperor)|SP382726|England|17|2005|2022|UKBMS|52.3501|-1.4406|-0.148|-3.951
Leam Valley Reserve|SP336652|England|10|2013|2023|UKBMS|52.2839|-1.5089|2.685|2.767
Harbury Spoilbank|SP385598|England|18|2006|2023|UKBMS|52.2351|-1.4377|0.221|3.858
Badbury Rings (NT)|ST964030|England|32|1992|2023|UKBMS|50.8265|-2.0525|1.914|1.540
Cerne Abbas Giant|ST668020|England|30|1994|2023|UKBMS|50.8166|-2.4726|6.655|4.805
Clubmens Down (NT)|ST883187|England|33|1991|2023|UKBMS|50.9676|-2.1680|7.406|5.087
Corfe, West Hill|SY954823|England|16|2007|2023|UKBMS|50.6404|-2.0664|7.160|4.482
Duncliffe Wood (WT)|ST824222|England|38|1986|2023|UKBMS|50.9989|-2.2522|0.579|-3.292
Fifehead Magdafen Wood (WT)|ST778217|England|38|1986|2023|UKBMS|50.9943|-2.3177|-1.561|-1.652
Garston Wood (RSPB)|SU002191|England|32|1990|2023|UKBMS|50.9713|-1.9985|-0.823|-1.803
Hethfelton Wood|SY857880|England|23|2000|2023|UKBMS|50.6915|-2.2038|-2.094|0.711
Hod Hill (NT)|ST855106|England|38|1985|2023|UKBMS|50.8947|-2.2075|6.430|4.672
Holton Lee|SY960917|England|7|1999|2023|UKBMS|50.7249|-2.0580|-0.587|0.476
Jerry's Hole (DTNC)|ST874164|England|38|1985|2023|UKBMS|50.9469|-2.1807|9.550|1.742
Kingcombe Redholm 'B' (DTNC)|SY549991|England|35|1989|2023|UKBMS|50.7897|-2.6412|3.593|3.849
Kingcombe Stones 'C' (DTNC)|SY549980|England|35|1989|2023|UKBMS|50.7798|-2.6411|1.074|1.989
Kinson Common|SZ069965|England|22|2000|2023|UKBMS|50.7680|-1.9035|2.096|4.794
Lorton Meadows|SY674827|England|22|2000|2023|UKBMS|50.6431|-2.4624|1.874|-0.025
Lulworth Lake|SY860835|England|24|1999|2022|UKBMS|50.6510|-2.1994|6.870|4.858
Melbury Down & Wood|ST910195|England|28|1996|2023|UKBMS|50.9748|-2.1296|6.106|4.079
Milldown (NDDC)|ST882074|England|27|1991|2023|UKBMS|50.8660|-2.1690|4.006|1.973
Moors Valley|SU107057|England|32|1992|2023|UKBMS|50.8507|-1.8494|1.947|4.110
Pamphill Moors (NT)|ST994006|England|31|1993|2023|UKBMS|50.8050|-2.0099|5.718|1.546
Piddle's Wood (DTNC)|ST792126|England|34|1989|2023|UKBMS|50.9125|-2.2972|7.318|5.256
Portland Tout (DCC)|SY684726|England|30|1992|2022|UKBMS|50.5523|-2.4474|2.066|2.832
Powerstock Bridleway|SY540970|England|29|1991|2023|UKBMS|50.7707|-2.6537|-0.673|-0.173
Powerstock North (DTNC)|SY543974|England|39|1985|2023|UKBMS|50.7744|-2.6495|2.042|1.319
Powerstock Railway|SY536971|England|27|1994|2023|UKBMS|50.7716|-2.6594|-0.309|-1.832
Sopley Common|SZ129971|England|26|1995|2023|UKBMS|50.7733|-1.8184|2.055|4.798
Sovell Down (DTNC)|ST992107|England|39|1985|2023|UKBMS|50.8958|-2.0127|6.351|1.451
Stour Valley|SZ087963|England|29|1994|2023|UKBMS|50.7662|-1.8780|0.220|-0.175
Stubhampton Bottom (Private)|ST900157|England|39|1985|2023|UKBMS|50.9407|-2.1437|1.892|-2.856
Townsend Quarry (DWT)|SZ024781|England|30|1994|2023|UKBMS|50.6026|-1.9674|5.070|3.577
Upton Heath North|SY987950|England|25|1999|2023|UKBMS|50.7546|-2.0198|-0.952|2.680
Upton Heath South|SY990942|England|25|1999|2023|UKBMS|50.7474|-2.0155|-0.818|2.004
Winspit Valley|SY976770|England|21|2001|2023|UKBMS|50.5927|-2.0353|3.948|3.410
Cashmoor New Route|ST986141|England|25|1999|2023|UKBMS|50.9264|-2.0213|5.697|3.301
Lankham Bottom|ST610003|England|21|2003|2023|UKBMS|50.8009|-2.5548|6.400|3.951
Wareham Walls|SY921872|England|23|1999|2023|UKBMS|50.6844|-2.1132|5.180|1.643
Southfield Hog Cliff|SY628969|England|21|2003|2023|UKBMS|50.7705|-2.5289|6.483|4.252
Langton Westwood|SY991794|England|19|2002|2022|UKBMS|50.6143|-2.0141|0.196|-1.415
Mude Valley|SZ183931|England|21|2003|2023|UKBMS|50.7372|-1.7420|1.069|-0.088
Lydlinch Common (New)|ST735135|England|27|1996|2023|UKBMS|50.9203|-2.3784|5.638|1.377
Stonebarrow Hill|SY385933|England|19|2005|2023|UKBMS|50.7360|-2.8729|0.347|1.011
Alners Gorse|ST736100|England|19|2005|2023|UKBMS|50.8889|-2.3767|5.855|2.017
Corfe Common|SY955810|England|19|2005|2023|UKBMS|50.6287|-2.0650|2.975|2.169
Stoborough Heath|SY924852|England|18|2006|2023|UKBMS|50.6664|-2.1089|-0.667|2.444
Redhill Common LNR|SZ088955|England|16|2006|2023|UKBMS|50.7590|-1.8766|2.722|1.257
Stanpit Marsh LNR|SZ168921|England|18|2006|2023|UKBMS|50.7283|-1.7633|4.778|4.253
Grange Arch|SY915816|England|16|2007|2022|UKBMS|50.6340|-2.1215|4.130|3.845
Ridgeway Hill|SY928819|England|17|2007|2023|UKBMS|50.6367|-2.1032|0.778|1.158
Turbary Common|SZ059947|England|7|2017|2023|UKBMS|50.7519|-1.9177|5.611|1.241
Knowle Hill(1)|SY941823|England|15|2008|2022|UKBMS|50.6404|-2.0848|6.991|3.796
Knowle Hill 2|SY935823|England|16|2007|2022|UKBMS|50.6404|-2.0933|6.720|4.182
Nine Barrow Down|SZ005809|England|17|2007|2023|UKBMS|50.6278|-1.9943|4.854|1.778
Ailwood Down|SY994814|England|16|2007|2023|UKBMS|50.6323|-2.0098|4.343|3.361
Binbarrow|SY494886|England|13|2010|2023|UKBMS|50.6948|-2.7178|0.556|4.741
Chard Junction|ST345044|England|14|2010|2023|UKBMS|50.8354|-2.9315|0.725|-2.972
Slop Bog|SU078017|England|17|2007|2023|UKBMS|50.8148|-1.8907|-0.865|2.865
Ferry Road West|SZ025845|England|13|2011|2023|UKBMS|50.6602|-1.9660|0.393|2.961
Black Hill|ST668005|England|13|2011|2023|UKBMS|50.8031|-2.4725|4.315|2.213
Brotheridge Green|SO815412|England|21|1998|2023|UKBMS|52.0689|-2.2713|7.574|4.660
Castlemorton Common|SO781394|England|24|1998|2023|UKBMS|52.0525|-2.3208|3.188|1.274
Chaddesley Wood|SO912735|England|38|1984|2023|UKBMS|52.3595|-2.1306|2.309|-1.364
Chase End Hill|SO759358|England|29|1992|2023|UKBMS|52.0201|-2.3526|1.480|0.537
Coppet Hill|SO576180|England|28|1994|2023|UKBMS|51.8590|-2.6171|1.793|-0.695
Crickley Hill|SO931163|England|25|1996|2023|UKBMS|51.8453|-2.1016|2.053|-1.934
Ewyas Harold Common|SO387295|England|24|1999|2023|UKBMS|51.9606|-2.8935|-0.789|0.703
Grafton Wood|SO975560|England|25|1998|2023|UKBMS|52.2022|-2.0380|9.158|1.326
Haugh Wood South|SO590360|England|37|1987|2023|UKBMS|52.0209|-2.5989|-1.990|0.744
Knapp & Papermill|SO748517|England|40|1984|2023|UKBMS|52.1630|-2.3698|5.624|1.783
Lineover Wood|SO987189|England|33|1991|2023|UKBMS|51.8687|-2.0203|1.696|-1.894
Miserden (Bull Banks)|SO948084|England|34|1988|2023|UKBMS|51.7742|-2.0768|-0.313|-0.748
Monk Wood 1|SO803603|England|37|1986|2023|UKBMS|52.2405|-2.2899|-1.327|-2.550
Prestbury Hill|SO992244|England|20|1992|2023|UKBMS|51.9181|-2.0130|2.939|3.498
Rodborough Common|SO848027|England|23|1993|2023|UKBMS|51.7228|-2.2214|-1.750|-2.356
Ryton Wood & Pool|SP379726|England|34|1990|2023|UKBMS|52.3502|-1.4450|1.868|-2.442
Stinchcombe A|ST740983|England|21|1988|2023|UKBMS|51.6829|-2.3775|6.630|3.620
Stinchcombe B|ST740984|England|22|1988|2023|UKBMS|51.6838|-2.3775|6.606|3.498
Wetmoor|ST744876|England|19|1988|2023|UKBMS|51.5867|-2.3709|-1.068|-3.249
Windmill Hill|SP070472|England|33|1982|2023|UKBMS|52.1231|-1.8992|1.262|4.076
Wyre Forest West|SO735761|England|35|1989|2023|UKBMS|52.3823|-2.3908|-0.638|-3.529
St Wulstans LNR|SO784414|England|22|2002|2023|UKBMS|52.0705|-2.3165|2.269|-0.253
Bishops Heaps|SP393582|England|24|1999|2023|UKBMS|52.2206|-1.4261|0.365|4.009
Hearsall Common 04|SP308786|England|18|2004|2023|UKBMS|52.4045|-1.5487|1.157|5.245
Bentley Wood - Barnridge|SU242295|England|36|1988|2023|UKBMS|51.0643|-1.6560|-0.131|-4.092
Bentley Wood - Eastern|SU258291|England|36|1988|2023|UKBMS|51.0607|-1.6332|1.992|-3.005
Bentley Wood - North|SU250300|England|38|1986|2023|UKBMS|51.0688|-1.6446|-1.355|-1.965
Bentley Wood - South|SU251283|England|37|1987|2023|UKBMS|51.0535|-1.6433|0.939|-2.746
Biss Wood|ST877567|England|36|1987|2023|UKBMS|51.3093|-2.1778|-0.245|-1.734
Blackmoor Copse (WWT)|SU235291|England|37|1983|2023|UKBMS|51.0608|-1.6660|-1.223|-3.238
Boscombe Down O (WCC)|SU185408|England|24|1995|2023|UKBMS|51.1661|-1.7368|6.926|4.595
Bratton Castle Earthworks (EH)|ST905514|England|44|1980|2023|UKBMS|51.2617|-2.1375|4.770|4.190
Dean Hill (West) (NT)|SU226259|England|23|1996|2023|UKBMS|51.0320|-1.6791|3.129|2.632
Green Lane Wood (WWT)|ST882576|England|33|1991|2023|UKBMS|51.3174|-2.1707|1.436|-2.228
KAC towpath, Bradford-on-Avon|ST828597|England|43|1980|2023|UKBMS|51.3361|-2.2483|0.594|1.758
Middle Street Meadow, Salisbury|SU134295|England|26|1994|2023|UKBMS|51.0647|-1.8102|1.123|0.765
Porton Dn.2 (Tower Hill Wood)|SU238387|England|27|1995|2023|UKBMS|51.1471|-1.6611|1.538|-2.622
Roundway Hill Covert (WWT)|SU003641|England|26|1981|2023|UKBMS|51.3760|-1.9971|-1.308|-0.858
Vagg's Hill|ST807560|England|32|1982|2023|UKBMS|51.3028|-2.2782|8.747|1.470
Webb's Wood (FC)|SU045857|England|21|1996|2023|UKBMS|51.5702|-1.9365|-0.365|-2.888
West Yatton Down|ST853759|England|26|1996|2023|UKBMS|51.4819|-2.2131|1.380|2.214
White Sheet Hill Quarry (NT)|ST799351|England|20|1999|2023|UKBMS|51.1148|-2.2885|2.242|1.300
Bentley Wood Hawksgrove|SU237281|England|26|1998|2023|UKBMS|51.0518|-1.6633|-1.754|-1.836
Morgan's Hill SSSI|SU027671|England|12|2004|2023|UKBMS|51.4029|-1.9626|4.440|3.973
Wadswick Common|ST837676|England|12|2004|2023|UKBMS|51.4072|-2.2357|3.211|3.520
Barbury Castle|SU149762|England|19|2005|2023|UKBMS|51.4846|-1.7868|4.243|3.809
Figsbury Ring|SU188338|England|15|2006|2023|UKBMS|51.1032|-1.7329|4.078|3.623
Red Lodge Wood|SU054887|England|10|2007|2023|UKBMS|51.5971|-1.9234|-0.872|-2.904
Tucking Mill Tisbury|ST936290|England|16|2006|2023|UKBMS|51.0603|-2.0927|2.580|2.014
Blakehill Farm|SU074915|England|14|2009|2023|UKBMS|51.6223|-1.8945|3.812|3.212
Ravens Roost Wood|SU023881|England|12|2011|2023|UKBMS|51.5917|-1.9682|-1.070|-2.821
Vernditch|SU035206|England|11|2013|2023|UKBMS|50.9848|-1.9515|-0.225|-2.164
Fitzmaurice School Field, Bradford-on-Avon|ST828601|England|10|2014|2023|UKBMS|51.3397|-2.2483|6.254|2.398
Hinton Parva Combe|SU227825|England|6|2015|2023|UKBMS|51.5409|-1.6741|6.356|2.715
Stratton Wood|SU165891|England|9|2015|2023|UKBMS|51.6005|-1.7632|-0.477|-3.415
Langley Wood|SU225203|England|9|2015|2023|UKBMS|50.9817|-1.6809|-1.704|-2.025
Coombe Bissett SSSI|SU111248|England|9|2015|2023|UKBMS|51.0225|-1.8431|3.546|1.707
Danks Down (2015 route)|ST842748|England|9|2015|2023|UKBMS|51.4719|-2.2289|1.511|-1.437
Winterbourne Downs Loop 2013|SU223394|England|8|2015|2023|UKBMS|51.1534|-1.6825|3.263|3.527
Winterbourne Downs Beaumont's|SU213403|England|7|2016|2023|UKBMS|51.1616|-1.6968|3.254|3.427
Newton Tony, RSPB|SU224394|England|7|2017|2023|UKBMS|51.1534|-1.6811|3.068|3.420
North Meadow, Bradford-on-Avon (1)|ST820605|England|7|2017|2023|UKBMS|51.3433|-2.2598|0.782|0.083
SPTA Larkhill LACGEN2|SU133453|England|7|2017|2023|UKBMS|51.2068|-1.8110|0.476|4.101
SPTA Larkhill, Horne Barracks|SU123445|England|7|2017|2023|UKBMS|51.1996|-1.8253|2.556|2.473
Parsonage Down|SU037414|England|6|2018|2023|UKBMS|51.1718|-1.9485|4.585|2.741
Avebury Waden Hill|SU107688|England|5|2018|2023|UKBMS|51.4181|-1.8475|6.224|4.525
Normanton Down|SU117412|England|5|2018|2023|UKBMS|51.1699|-1.8340|6.765|4.719
Cholderton|SU226421|England|5|2019|2023|UKBMS|51.1777|-1.6781|2.904|2.064
Lime Kiln Down|SU144281|England|5|2019|2023|UKBMS|51.0521|-1.7959|2.973|2.707
Hazel Hill Wood|SU219283|England|5|2019|2023|UKBMS|51.0536|-1.6889|-0.921|-3.082
Calstone 1|SU041692|England|4|2019|2022|UKBMS|51.4218|-1.9424|4.850|3.765
Calstone 2|SU046685|England|4|2019|2022|UKBMS|51.4155|-1.9352|3.506|3.404
Cloatley Meadows|ST979912|England|4|2020|2023|UKBMS|51.6196|-2.0317|3.028|1.606
Coombe Bissett Down|SU111256|England|2|2020|2023|UKBMS|51.0297|-1.8431|6.077|2.640
Pewsey Downs West (Milk Hill)|SU098643|England|4|2020|2023|UKBMS|51.3777|-1.8606|5.954|4.299
Pimlico Fields|SU218188|England|3|2021|2023|UKBMS|50.9682|-1.6909|6.713|3.969
Cloven Hill|SU230178|England|3|2021|2023|UKBMS|50.9592|-1.6739|-0.749|3.196
Dinton Park|SU005316|England|3|2021|2023|UKBMS|51.0837|-1.9942|6.466|3.996
High Clear Down (WWT)|SU236764|England|2|2022|2023|UKBMS|51.4861|-1.6615|4.892|3.895
Hazeland|ST975719|England|2|2022|2023|UKBMS|51.4461|-2.0374|-0.530|-2.190
Bannerdown|ST791685|England|27|1996|2023|UKBMS|51.4151|-2.3019|0.565|-2.984
Stoke Camp|ST492512|England|29|1995|2023|UKBMS|51.2577|-2.7294|4.651|3.918
Cross Plain|ST415555|England|29|1993|2023|UKBMS|51.2956|-2.8404|4.681|2.555
Buckland Wood|ST187178|England|27|1997|2023|UKBMS|50.9539|-3.1588|-1.338|-2.045
Dolebury Warren|ST455589|England|5|2015|2023|UKBMS|51.3266|-2.7836|4.532|3.497
Langford Heathfield|ST100235|England|33|1991|2023|UKBMS|51.0038|-3.2841|1.647|-2.035
Mount Fancy Combined|ST248167|England|22|2002|2023|UKBMS|50.9448|-3.0718|2.074|-2.783
Carymoor Environmental Centre|ST615308|England|22|2001|2023|UKBMS|51.0752|-2.5509|-1.137|-0.547
Crook Peak|ST390551|England|22|2002|2023|UKBMS|51.2917|-2.8762|4.204|2.156
Shapwick Heath|ST423412|England|11|2003|2023|UKBMS|51.1671|-2.8266|1.458|1.346
Dundon Beacon|ST485324|England|21|2003|2023|UKBMS|51.0886|-2.7367|0.881|-2.231
Redding Pit Quarry|ST535637|England|19|2005|2023|UKBMS|51.3704|-2.6694|2.627|-0.907
Hucker's Bow, Sand Point|ST348665|England|18|2006|2023|UKBMS|51.3938|-2.9385|2.682|1.979
Westbury Beacon|ST501507|England|17|2007|2023|UKBMS|51.2533|-2.7164|-0.205|2.766
Walton Common|ST428738|England|17|2007|2023|UKBMS|51.4603|-2.8247|1.797|0.989
Weston Moor Nature Reserve|ST440742|England|17|2007|2023|UKBMS|51.4640|-2.8075|0.546|-1.796
Carymoor: Upper Dauntsey Field|ST618319|England|16|2007|2023|UKBMS|51.0851|-2.5468|0.122|5.979
Brent Knoll|ST341510|England|16|2008|2023|UKBMS|51.2543|-2.9457|6.995|5.241
Draycott Sleights (2008)|ST483516|England|16|2008|2023|UKBMS|51.2612|-2.7423|2.846|1.784
Bossington|SS897482|England|16|2008|2023|UKBMS|51.2223|-3.5808|2.189|-2.892
Wookey Hole Fields|ST534480|England|16|2008|2023|UKBMS|51.2293|-2.6688|3.965|0.699
Kings Castle Wood|ST568456|England|14|2009|2022|UKBMS|51.2080|-2.6198|0.336|-1.294
Lords Wood|ST633632|England|14|2009|2023|UKBMS|51.3667|-2.5286|-0.578|-2.742
Clifton-Durdham Down|ST566743|England|14|2010|2023|UKBMS|51.4660|-2.6262|4.494|0.634
Charfield Meadow|ST717936|England|10|2010|2023|UKBMS|51.6405|-2.4104|2.195|4.575
Goblin Combe|ST476651|England|6|2010|2023|UKBMS|51.3825|-2.7543|2.385|-1.828
Weston Big Wood|ST457752|England|15|2008|2023|UKBMS|51.4731|-2.7832|-0.693|-1.142
The Gulley & Walcombe Slade, Avon Gorge|ST563746|England|14|2010|2023|UKBMS|51.4687|-2.6305|1.884|1.336
Green Down|ST517288|England|10|2011|2023|UKBMS|51.0565|-2.6905|2.762|1.264
Lynchcombe|ST516490|England|16|2008|2023|UKBMS|51.2381|-2.6947|0.902|2.378
Loch Gruinart (AO48)|NR277677|Scotland|16|2006|2023|UKBMS|55.8255|-6.3495|1.414|0.801
Falls of Clyde|NS882422|Scotland|20|2001|2023|UKBMS|55.6604|-3.7787|4.021|1.522
The Lein|NJ332657|Scotland|20|1997|2023|UKBMS|57.6762|-3.1217|-0.885|2.666
Crombie Country Park|NO520400|Scotland|20|2001|2023|UKBMS|56.5495|-2.7823|10.295|2.505
Newhailes|NT328727|Scotland|17|2003|2023|UKBMS|55.9426|-3.0775|8.721|1.130
Cathkin Braes (2)|NS614583|Scotland|16|2001|2023|UKBMS|55.7980|-4.2125|0.192|0.082
Arienas Wood|NM672522|Scotland|24|1989|2023|UKBMS|56.6037|-5.7946|-0.593|-0.243
Auchtermuchty Common|NO240129|Scotland|14|2003|2023|UKBMS|56.3024|-3.2298|8.742|0.280
Commonhead Moss|NS699665|Scotland|19|1999|2023|UKBMS|55.8740|-4.0809|3.054|4.112
RSPB Scotland Baron's Haugh reserve|NS750550|Scotland|16|2003|2023|UKBMS|55.7721|-3.9942|-2.320|4.463
Dunnet butterfly transect|ND223698|Scotland|32|1986|2023|UKBMS|58.6092|-3.3390|-2.157|1.253
Eglinton Park|NS330410|Scotland|16|2003|2023|UKBMS|55.6338|-4.6545|6.620|0.561
Glencoe|NN118567|Scotland|19|2003|2023|UKBMS|56.6641|-5.0725|-0.046|0.499
South Haugh|NS731554|Scotland|19|2005|2023|UKBMS|55.7752|-4.0246|-0.398|-2.164
Holyrood Park - Hunters Bog|NT274734|Scotland|19|2005|2023|UKBMS|55.9481|-3.1641|-0.042|1.396
Dunsapie Crag|NT282732|Scotland|22|2002|2023|UKBMS|55.9465|-3.1512|3.066|2.150
Sanford Moor|NS723434|Scotland|17|2007|2023|UKBMS|55.6673|-4.0318|-1.134|2.364
Balblair Wood|NH599942|Scotland|17|2007|2023|UKBMS|57.9151|-4.3665|-2.282|0.139
Aberlady Bay|NT465815|Scotland|17|2007|2023|UKBMS|56.0234|-2.8599|0.055|1.340
John Muir Country Park|NT650790|Scotland|13|2009|2023|UKBMS|56.0027|-2.5628|-0.047|2.172
Yellowcraig|NT515856|Scotland|14|2009|2023|UKBMS|56.0608|-2.7804|0.440|3.033
Levenhall|NT358735|Scotland|10|2013|2023|UKBMS|55.9502|-3.0296|1.405|3.834
Gullane East|NT481834|Scotland|12|2009|2023|UKBMS|56.0407|-2.8346|1.260|-0.723
SWT Gailes Marsh|NS323359|Scotland|8|2009|2023|UKBMS|55.5878|-4.6625|0.356|4.748
Clune|NT170954|Scotland|10|2007|2023|UKBMS|56.1441|-3.3374|4.120|2.910
Cocksburn Reservoir, Bridge of Allan|NS805985|Scotland|14|2009|2023|UKBMS|56.1641|-3.9259|-2.430|0.230
Linlithgow Loch Transect 1 - Fiddlers Croft|NT008776|Scotland|11|2006|2022|UKBMS|55.9811|-3.5914|0.363|2.102
Linlithgow Loch Transect 2 - North Side|NT002777|Scotland|12|2006|2023|UKBMS|55.9819|-3.6010|-2.321|4.643
Cullaloe Local Nature Reserve|NT187875|Scotland|9|2009|2023|UKBMS|56.0734|-3.3076|0.244|0.186
Cammo Estate|NT175747|Scotland|11|2009|2023|UKBMS|55.9582|-3.3230|1.002|-1.162
Gullane West|NT468830|Scotland|8|2009|2023|UKBMS|56.0369|-2.8554|2.961|3.051
Barns Ness|NT718771|Scotland|15|2009|2023|UKBMS|55.9860|-2.4536|2.758|2.777
Hailes ROW|NT592774|Scotland|14|2009|2023|UKBMS|55.9878|-2.6555|1.154|0.348
Loch Leven - Railway (8-10)|NO122010|Scotland|7|2008|2023|UKBMS|56.1935|-3.4165|6.174|0.229
Jupiter Urban Wildlife Centre|NS918810|Scotland|13|2010|2023|UKBMS|56.0097|-3.7369|0.240|-0.905
Alva Glen revised|NS885978|Scotland|13|2010|2023|UKBMS|56.1598|-3.7968|-0.894|0.868
Bradburys (Huberts) Bank|SK151561|England|16|1994|2023|UKBMS|53.1019|-1.7759|3.677|2.089
Dane-in-Shaw Pasture|SJ878626|England|24|2000|2023|UKBMS|53.1604|-2.1839|4.405|2.199
Swettenham Meadows|SJ804675|England|18|2005|2023|UKBMS|53.2042|-2.2949|5.077|1.030
Woolston Eyes|SJ652881|England|17|2006|2023|UKBMS|53.3886|-2.5247|-2.263|4.349
Brereton Heath Country Park|SJ797651|England|14|2010|2023|UKBMS|53.1826|-2.3052|3.235|-1.256
Teggs Nose|SJ947723|England|11|2013|2023|UKBMS|53.2477|-2.0809|0.358|1.656
Danes Moss to Sutton Reservoir|SJ910706|England|9|2015|2023|UKBMS|53.2324|-2.1363|0.685|-2.715
Tytherington - Marlborough Drive Woods|SJ918756|England|9|2015|2023|UKBMS|53.2773|-2.1244|2.945|0.329
Cleaver Heath|SJ257826|England|6|2017|2023|UKBMS|53.3351|-3.1172|0.172|-1.432
RSPB Burton Mere Wetlands|SJ314734|England|5|2017|2023|UKBMS|53.2532|-3.0297|0.405|2.565
New Ferry Butterfly Park|SJ333850|England|7|2017|2023|UKBMS|53.3577|-3.0036|0.301|6.160
Hatchmere|SJ551721|England|6|2017|2023|UKBMS|53.2440|-2.6743|-2.501|0.917
Sankey Valley Park|SJ592894|England|7|2017|2023|UKBMS|53.3998|-2.6151|3.357|-1.229
Leftwich Woods|SJ666717|England|7|2017|2023|UKBMS|53.2413|-2.5019|0.684|-1.308
Ashton's Flash, Northwich|SJ666749|England|7|2017|2023|UKBMS|53.2700|-2.5023|1.270|1.541
Cluse Hey (Lyme Park)|SJ958814|England|4|2018|2022|UKBMS|53.3295|-2.0645|-0.024|1.537
Caldecott|SJ435522|England|6|2018|2023|UKBMS|53.0640|-2.8446|5.331|1.316
Elmerhurst (Lyme Park)|SJ963837|England|5|2018|2023|UKBMS|53.3502|-2.0570|4.430|4.662
Riverside Park Macclesfield|SJ913745|England|6|2018|2023|UKBMS|53.2674|-2.1319|0.792|-3.093
Yew Tree Farm|SJ723876|England|4|2018|2023|UKBMS|53.3845|-2.4179|5.860|5.382
Kelsall 1|SJ523681|England|5|2019|2023|UKBMS|53.2078|-2.7156|6.080|5.697
Caldy Nature Park|SJ423649|England|5|2019|2023|UKBMS|53.1781|-2.8648|1.852|4.757
Quarry Bank Revised|SJ834830|England|5|2019|2023|UKBMS|53.3436|-2.2508|1.427|3.605
Tatton Park|SJ758819|England|5|2019|2023|UKBMS|53.3335|-2.3649|4.371|4.485
Bickerton Hills 2|SJ495527|England|5|2019|2023|UKBMS|53.0691|-2.7551|0.084|-3.997
Wallasey Sandhills|SJ276925|England|5|2019|2023|UKBMS|53.4243|-3.0910|1.152|3.741
Whiteoak Wood (revised)|SJ732880|England|2|2019|2022|UKBMS|53.3882|-2.4044|3.028|-1.667
Kerridge Hill|SJ944759|England|5|2019|2023|UKBMS|53.2800|-2.0854|2.349|2.301
Dunham Massey Gardens|SJ736874|England|2|2022|2023|UKBMS|53.3828|-2.3984|-0.219|-1.520
Crown Farm Sand Quarry|SJ572704|England|4|2020|2023|UKBMS|53.2289|-2.6426|-1.961|4.585
Marshall's Arm Revision 2021|SJ649721|England|3|2021|2023|UKBMS|53.2448|-2.5274|-1.106|-1.862
Marbury (Including Flashes and Big Wood)|SJ660758|England|3|2021|2023|UKBMS|53.2781|-2.5114|5.487|4.424
Garden (Lyme Park)|SJ965823|England|3|2021|2023|UKBMS|53.3376|-2.0540|4.476|4.764
Hatchmere (Beaver Enclosure)|SJ547723|England|3|2021|2023|UKBMS|53.2458|-2.6803|1.958|0.181
Macclesfield Forest|SJ959710|England|3|2021|2023|UKBMS|53.2360|-2.0629|-0.670|-2.386
Nantwich Lake and River Weaver (Revised)|SJ648515|England|3|2021|2023|UKBMS|53.0596|-2.5267|5.657|4.783
Alderley Edge Stormy Point|SJ860770|England|2|2021|2022|UKBMS|53.2898|-2.2115|-0.485|-2.115
Jacksons' Brickworks Local Nature Reserve|SJ947845|England|3|2021|2023|UKBMS|53.3574|-2.0811|-1.397|4.243
Cross Lane|SJ289916|England|3|2021|2023|UKBMS|53.4164|-3.0712|0.053|-1.481
Alderley Edge Mottram Quarry|SJ862776|England|2|2021|2022|UKBMS|53.2952|-2.2085|4.769|0.840
Countess of Chester Country Park 2|SJ396687|England|2|2022|2023|UKBMS|53.2119|-2.9059|5.605|1.202
St Michael's Eco Park|SJ499849|England|2|2022|2023|UKBMS|53.3586|-2.7542|1.612|-0.184
Macclesfield Leisure Centre & Athletics Track|SJ891745|England|2|2022|2023|UKBMS|53.2674|-2.1649|0.626|4.123
Bosley Cloud|SJ902635|England|2|2022|2023|UKBMS|53.1685|-2.1481|-1.558|0.267
Breadsall Cutting|SK385397|England|42|1982|2023|UKBMS|52.9533|-1.4284|5.782|3.622
West Hallam Ash Tip|SK439424|England|37|1987|2023|UKBMS|52.9772|-1.3477|-1.115|-1.333
Carsington Water|SK248528|England|30|1994|2023|UKBMS|53.0719|-1.6313|5.598|1.631
Aston Brickyard Plantation|SK413303|England|24|2000|2023|UKBMS|52.8686|-1.3879|-1.252|-1.505
Derbyshire Dales Section 12|SK161661|England|23|2001|2023|UKBMS|53.1917|-1.7605|2.724|3.466
Shiningford, Carsington Water|SK239517|England|16|2008|2023|UKBMS|53.0620|-1.6448|5.845|4.660
Cinderhill, Shipley Country Park, Heanor|SK431452|England|16|2008|2023|UKBMS|53.0024|-1.3592|0.946|3.533
Darley and Nutwood Wildlife Site, Derby|SK355388|England|15|2009|2023|UKBMS|52.9454|-1.4731|2.707|1.155
Eyes Meadow, Duffield|SK348432|England|14|2010|2023|UKBMS|52.9850|-1.4831|2.403|1.521
Brocks Hill Country Park, Leicester|SP619996|England|15|2009|2023|UKBMS|52.5907|-1.0877|5.341|1.604
Crich Chase Meadows|SK352523|England|10|2012|2023|UKBMS|53.0668|-1.4761|0.249|-3.926
Millers Dale Quarry|SK140731|England|12|2012|2023|UKBMS|53.2547|-1.7916|-0.046|-1.978
Chee Dale NR|SK128735|England|12|2012|2023|UKBMS|53.2584|-1.8096|0.544|-2.030
Woodside NR, Shipley|SK448436|England|12|2012|2023|UKBMS|52.9879|-1.3341|5.372|3.908
Avenue Washlands NR, Wingerworth|SK398668|England|12|2012|2023|UKBMS|53.1968|-1.4057|2.013|0.862
Beeston Sidings|SK545375|England|10|2014|2023|UKBMS|52.9321|-1.1906|6.723|3.297
Potwell Dyke Grasslands, Southwell|SK702534|England|10|2014|2023|UKBMS|53.0732|-0.9537|2.687|0.402
Hammersmith Meadows LNR, Ripley|SK398515|England|10|2014|2023|UKBMS|53.0593|-1.4076|2.205|-2.832
Carr Wood LNR, Ripley|SK402511|England|10|2014|2023|UKBMS|53.0556|-1.4017|1.543|-3.058
Drakelow NR North|SK226204|England|10|2013|2023|UKBMS|52.7807|-1.6664|-2.570|5.078
Bingham Linear Park|SK715385|England|11|2013|2023|UKBMS|52.9391|-0.9375|3.087|1.210
Poulter Country Park|SK525706|England|11|2013|2023|UKBMS|53.2299|-1.2150|5.550|1.307
Creswell Crags|SK532741|England|11|2013|2023|UKBMS|53.2612|-1.2039|5.433|2.277
Hollinhill & Markland Grips|SK507751|England|11|2013|2023|UKBMS|53.2705|-1.2412|8.878|0.575
Whitwell Woods|SK524780|England|11|2013|2023|UKBMS|53.2964|-1.2153|-0.421|-3.914
Radcliffe Wood|SK650381|England|11|2013|2023|UKBMS|52.9364|-1.0343|0.433|-1.503
Greenfields, Buxworth|SK027822|England|11|2013|2023|UKBMS|53.3367|-1.9609|0.152|-1.473
Jim Mart Nature Reserve|SK368648|England|11|2013|2023|UKBMS|53.1790|-1.4508|4.217|2.552
Toton Washlands|SK485346|England|11|2013|2023|UKBMS|52.9067|-1.2803|1.272|5.525
Ticknall Limeyards|SK359234|England|7|2013|2023|UKBMS|52.8070|-1.4689|6.126|4.029
Findern Footpaths|SK314303|England|11|2013|2023|UKBMS|52.8693|-1.5350|3.251|0.189
Calke Park|SK363229|England|6|2013|2023|UKBMS|52.8024|-1.4630|1.154|1.732
Rosliston Forestry Centre|SK245177|England|11|2013|2023|UKBMS|52.7564|-1.6384|4.665|3.283
Hartshorne Wood|SK330218|England|11|2013|2023|UKBMS|52.7928|-1.5121|0.387|-3.315
Gresley Wood|SK296173|England|11|2013|2023|UKBMS|52.7525|-1.5629|1.838|0.135
Markham North Tip|SK453729|England|11|2013|2023|UKBMS|53.2512|-1.3225|-1.143|-1.101
Hartington Meadows|SK152611|England|11|2013|2023|UKBMS|53.1468|-1.7742|4.366|3.615
Kedleston Park|SK313412|England|11|2013|2023|UKBMS|52.9673|-1.5354|-1.040|-1.049
Clough Wood (Darley Bridge)|SK257617|England|10|2014|2023|UKBMS|53.1518|-1.6172|0.937|-1.242
Belper Parks LNR|SK352472|England|10|2014|2023|UKBMS|53.0209|-1.4767|2.259|-1.420
Wyver Lane, Belper|SK343493|England|10|2014|2023|UKBMS|53.0399|-1.4899|2.788|1.721
Pleasley Pit LNR|SK498644|England|10|2014|2023|UKBMS|53.1744|-1.2564|2.670|2.647
Allestree Park LNR|SK350405|England|10|2014|2023|UKBMS|52.9607|-1.4804|2.071|-1.660
Doe Lea & Glapwell Pit|SK467671|England|10|2014|2023|UKBMS|53.1989|-1.3024|0.451|-1.660
Blackwell Trail|SK430576|England|10|2014|2023|UKBMS|53.1139|-1.3590|6.538|1.114
Alsop Moor|SK158571|England|10|2014|2023|UKBMS|53.1109|-1.7654|5.157|4.825
Mickleover Meadows LNR|SK314357|England|8|2014|2023|UKBMS|52.9178|-1.5345|5.507|3.501
Carr Vale NR|SK461702|England|10|2014|2023|UKBMS|53.2269|-1.3109|-1.394|-1.394
Forbes Hole LNR, Long Eaton|SK495324|England|10|2014|2023|UKBMS|52.8868|-1.2658|0.893|5.812
Hardwick Hall Gardens|SK462636|England|10|2014|2023|UKBMS|53.1675|-1.3104|1.846|4.880
Northwood Carr|SK270648|England|10|2014|2023|UKBMS|53.1796|-1.5975|0.168|-3.985
Seale Wood|SK301142|England|10|2014|2023|UKBMS|52.7246|-1.5558|6.729|3.037
Pick Triangle Wood|SK308177|England|10|2014|2023|UKBMS|52.7560|-1.5451|0.265|-3.983
Sence Valley Country Park|SK400112|England|10|2014|2023|UKBMS|52.6970|-1.4096|3.269|-1.197
Hicks Lodge, Leicestershire|SK329156|England|10|2014|2023|UKBMS|52.7370|-1.5142|2.219|4.580
Hardwick Hall|SK461633|England|8|2014|2023|UKBMS|53.1648|-1.3119|5.610|4.503
Hardwick Park|SK453640|England|10|2014|2023|UKBMS|53.1712|-1.3238|0.761|-3.205
Hoe Grange Quarry, Longcliffe|SK222561|England|9|2015|2023|UKBMS|53.1016|-1.6699|2.522|1.548
Deep Dale NR, Sheldon|SK168701|England|9|2015|2023|UKBMS|53.2277|-1.7498|2.959|2.535
National Stone Centre, Wirksworth|SK285554|England|9|2015|2023|UKBMS|53.0951|-1.5759|-0.497|-1.945
Rose End Meadows NR|SK291566|England|9|2015|2023|UKBMS|53.1058|-1.5668|2.761|0.313
Cromford Canal - North|SK305566|England|9|2015|2023|UKBMS|53.1057|-1.5459|2.779|-1.708
Cromford Canal - Centre|SK324556|England|9|2015|2023|UKBMS|53.0966|-1.5176|2.236|-2.544
Cromford Canal - South|SK339535|England|9|2015|2023|UKBMS|53.0777|-1.4954|4.434|0.394
Swadlincote Woodlands|SK307195|England|9|2015|2023|UKBMS|52.7722|-1.5464|-0.704|-2.155
Grin Low Wood, Buxton|SK052721|England|9|2015|2023|UKBMS|53.2459|-1.9235|0.726|-3.274
Allestree Park Woodlands (North)|SK342408|England|9|2015|2023|UKBMS|52.9635|-1.4923|2.285|-2.727
Netherfield Lagoons|SK635400|England|9|2015|2023|UKBMS|52.9536|-1.0563|0.788|-1.635
Wollaton Hall Park|SK527393|England|9|2015|2023|UKBMS|52.9485|-1.2171|2.168|-0.635
Cowpen Bewley 2 (Woodland Park)|NZ481253|England|26|1996|2023|UKBMS|54.6206|-1.2566|1.082|-3.463
Sherburn Hill|NZ331417|England|7|1990|2022|UKBMS|54.7691|-1.4870|0.962|1.113
Thrislington Plantation|NZ315327|England|24|1999|2023|UKBMS|54.6884|-1.5129|2.136|2.069
The Whinnies|NZ352137|England|22|2001|2022|UKBMS|54.5174|-1.4578|2.165|-1.577
Raisby Hill Grassland|NZ335354|England|21|2001|2023|UKBMS|54.7125|-1.4815|0.172|-1.735
Tees Railway Walk|NZ001197|England|21|2003|2023|UKBMS|54.5725|-2.0000|4.963|5.017
Stillington Forest Park|NZ375239|England|22|2002|2023|UKBMS|54.6089|-1.4209|1.352|1.317
Tanfield Lea|NZ194543|England|19|2003|2022|UKBMS|54.8831|-1.6991|0.177|1.667
Castle Eden Dene NNR - West end|NZ411389|England|20|2004|2023|UKBMS|54.7434|-1.3631|-1.915|-0.928
Burn Hill|NZ067444|England|18|2004|2022|UKBMS|54.7944|-1.8973|3.748|4.584
Newton Hall Junction|NZ283448|England|17|2005|2023|UKBMS|54.7973|-1.5613|1.410|-0.470
Havannah LNR|NZ220718|England|18|2006|2023|UKBMS|55.0402|-1.6573|2.703|3.499
Stargate Ponds and Bewes Hills|NZ164632|England|17|2006|2023|UKBMS|54.9632|-1.7454|-2.070|4.730
Brass Castle - Waldridge North|NZ257496|England|16|2006|2023|UKBMS|54.8406|-1.6014|0.262|-1.704
West Park Nature Reserve|NZ268166|England|16|2007|2022|UKBMS|54.5440|-1.5873|0.378|-1.254
Cocklawburn Dunes|NU032480|England|16|2008|2023|UKBMS|55.7254|-1.9506|5.837|3.787
Greenabella Marsh|NZ519266|England|5|2010|2023|UKBMS|54.6319|-1.1975|-0.163|1.388
Wynyard Woodland Park - Pickard's Meadow|NZ400273|England|13|2010|2022|UKBMS|54.6392|-1.3818|-0.347|-2.248
Sherburn Railway|NZ323417|England|11|2011|2022|UKBMS|54.7692|-1.4995|4.008|0.665
Lane Head Quarry|NY987403|England|10|2013|2023|UKBMS|54.7576|-2.0217|-1.046|-1.345
Bearpark Woods|NZ242433|England|9|2015|2023|UKBMS|54.7840|-1.6252|-2.592|1.193
Black Plantation|NZ137449|England|9|2014|2023|UKBMS|54.7988|-1.7884|0.736|-3.078
Gosforth Park Nature Reserve|NZ259700|England|10|2014|2023|UKBMS|55.0239|-1.5964|0.370|-3.434
Murton Fields|NZ329707|England|8|2015|2022|UKBMS|55.0297|-1.4869|6.309|3.306
Horsleyhope Burn|NZ060467|England|9|2015|2023|UKBMS|54.8151|-1.9082|-1.211|-0.506
Hunting Hall Farm|NU028410|England|8|2016|2023|UKBMS|55.6625|-1.9571|1.749|1.519
Hardwick Park|NZ341290|England|6|2017|2023|UKBMS|54.6549|-1.4730|4.289|4.349
Doxford Farm Walk A|NU186232|England|6|2018|2023|UKBMS|55.5022|-1.7071|7.016|0.298
Doxford Farm Walk B|NU190236|England|6|2018|2023|UKBMS|55.5058|-1.7007|10.014|2.096
Tughall Mill|NU223275|England|3|2018|2022|UKBMS|55.5407|-1.6482|5.560|3.374
East Park - Hardwick Park|NZ350295|England|5|2018|2023|UKBMS|54.6594|-1.4590|-0.057|3.601
Phoenix Site, Billingham|NZ463218|England|4|2020|2023|UKBMS|54.5893|-1.2850|-0.446|-2.202
Marsden Old Hall Quarry LNR|NZ396645|England|4|2020|2023|UKBMS|54.9735|-1.3829|3.189|2.813
Embleton Quarry|NU231228|England|3|2021|2023|UKBMS|55.4984|-1.6359|0.164|2.670
Castle Eden Dene NNR - Bellister Park|NZ427393|England|3|2021|2023|UKBMS|54.7469|-1.3382|0.505|4.696
Weetslade Country Park 2|NZ253726|England|3|2021|2023|UKBMS|55.0473|-1.6056|3.608|3.379
Cassop NNR|NZ325385|England|2|2021|2022|UKBMS|54.7404|-1.4967|2.981|3.498
Denemouth NNR|NZ454405|England|2|2021|2022|UKBMS|54.7574|-1.2961|1.249|1.482
Denemouth South Bank|NZ456406|England|2|2021|2022|UKBMS|54.7583|-1.2929|1.539|1.571
Cwm Clydach|SN677036|Wales|10|2002|2023|UKBMS|51.7155|-3.9165|-0.985|-1.218
Trawscoed|SH846326|Wales|23|2001|2023|UKBMS|52.8784|-3.7162|1.435|3.397
Rushmoor garden to Landshipping Quay|SN018111|Wales|23|2001|2023|UKBMS|51.7634|-4.8736|3.957|2.388
Somerton|SM931005|Wales|21|2002|2023|UKBMS|51.6651|-4.9932|5.602|4.518
Morfa Dyffryn (Benar dunes)|SH574224|Wales|20|2004|2023|UKBMS|52.7803|-4.1156|3.245|4.069
Rhydymwym Valley Nature Reserve|SJ208660|Wales|17|2005|2023|UKBMS|53.1852|-3.1867|0.917|-0.245
Stackpole Warren, Stackpole NNR|SR982945|Wales|17|2007|2023|UKBMS|51.6131|-4.9161|0.167|1.277
Cors Fochno|SN630910|Wales|21|2001|2023|UKBMS|52.4996|-4.0196|-1.121|2.884
Marford Quarry|SJ357560|Wales|12|2012|2023|UKBMS|53.0973|-2.9617|1.373|2.998
Mynydd Marian|SH891774|Wales|17|2005|2023|UKBMS|53.2819|-3.6648|1.702|1.617
Brechfa Forest|SN503303|Wales|11|2013|2023|UKBMS|51.9510|-4.1797|-1.713|0.838
Llanymynech SSSI|SJ267218|Wales|10|2013|2022|UKBMS|52.7888|-3.0884|2.993|0.230
Silent Valley|SO188064|Wales|10|2014|2023|UKBMS|51.7504|-3.1777|-0.243|-0.534
Roundton Hill|SO293949|Wales|9|2015|2023|UKBMS|52.5473|-3.0440|6.118|3.929
Welshmoor|SS520927|Wales|9|2014|2023|UKBMS|51.6136|-4.1389|-0.667|1.806
Lake Vyrnwy Quarry Transect|SJ020208|Wales|3|2015|2023|UKBMS|52.7759|-3.4542|0.058|-0.999
Aberduna Nature Reserve|SJ199613|Wales|8|2015|2023|UKBMS|53.1428|-3.1990|-0.458|-1.968
Shirenewton|ST485943|Wales|5|2015|2022|UKBMS|51.6451|-2.7457|2.217|3.409
Magor Marsh Nature Reserve|ST425866|Wales|8|2015|2023|UKBMS|51.5753|-2.8311|0.567|-2.125
Great Traston Meadows|ST343846|Wales|9|2015|2023|UKBMS|51.5564|-2.9491|2.592|-0.540
Gwenffrwd Dinas|SN752458|Wales|4|2015|2022|UKBMS|52.0964|-3.8233|1.835|2.018
WWT Llanelli Millennium Wetlands|SS535983|Wales|8|2016|2023|UKBMS|51.6643|-4.1196|2.471|-0.833
Blackrock Quarry|SO219128|Wales|8|2016|2023|UKBMS|51.8084|-3.1342|0.431|-0.173
Central Valley|SO172081|Wales|8|2016|2023|UKBMS|51.7654|-3.2012|1.567|2.095
Borras Quarry|SJ362527|Wales|3|2016|2023|UKBMS|53.0677|-2.9536|0.895|5.526
Sychpant|SN044352|Wales|8|2016|2023|UKBMS|51.9807|-4.8496|-0.837|0.802
Gogarth|SH760831|Wales|3|2016|2023|UKBMS|53.3302|-3.8634|2.016|4.378
Rhiwledyn|SH813821|Wales|8|2016|2023|UKBMS|53.3225|-3.7835|0.756|3.694
Bryn Pydew|SH818798|Wales|8|2016|2023|UKBMS|53.3019|-3.7752|-0.863|-0.909
Loggerheads Country Park|SJ198627|Wales|6|2017|2023|UKBMS|53.1554|-3.2008|-1.053|-2.017
Marloes Mere|SM772079|Wales|6|2017|2023|UKBMS|51.7254|-5.2274|5.335|3.923
Minsmere|TM469672|England|33|1988|2023|UKBMS|52.2475|1.6155|1.590|-1.401
Elveden Center Parcs|TL800806|England|25|1996|2023|UKBMS|52.3938|0.6440|3.982|0.121
Upper Abbey Farm|TM456648|England|19|2004|2022|UKBMS|52.2266|1.5948|7.031|0.225
Wolves Wood|TM053440|England|20|2004|2023|UKBMS|52.0563|0.9931|0.638|-2.049
Newsons Farm|TL933549|England|19|2005|2023|UKBMS|52.1585|0.8245|1.454|3.895
Alton Water|TM148357|England|18|2006|2023|UKBMS|51.9782|1.1262|9.812|1.971
Ramsey & Hintlesham Wood|TM067432|England|18|2006|2023|UKBMS|52.0486|1.0130|-0.755|-1.882
Manor Farm, Coddenham|TM131543|England|19|2005|2023|UKBMS|52.1459|1.1131|6.150|2.542
Blaxhall Common Silver-studded Blue|TM379567|England|16|2008|2023|UKBMS|52.1573|1.4766|0.195|2.672
Newsons Farm extension|TL931550|England|29|1995|2023|UKBMS|52.1595|0.8216|0.692|-3.563
Dunwich Forest 1|TM460722|England|14|2010|2023|UKBMS|52.2928|1.6060|-0.185|-4.064
Nowton Country Park|TL867616|England|12|2010|2023|UKBMS|52.2210|0.7318|1.069|-1.066
Black Heath|TM427749|England|14|2010|2023|UKBMS|52.3185|1.5597|1.048|4.051
Knettishall Heath 1|TL951804|England|8|2014|2023|UKBMS|52.3869|0.8655|-1.533|0.181
Purdis Heath|TM212425|England|10|2013|2023|UKBMS|52.0368|1.2237|0.111|0.378
Sizewell Belts|TM461635|England|10|2013|2022|UKBMS|52.2147|1.6011|0.711|2.012
Lackford Lakes|TL800706|England|8|2016|2023|UKBMS|52.3040|0.6386|1.559|2.795
Church Farm (SWT)|TM423743|England|7|2017|2023|UKBMS|52.3133|1.5534|4.697|1.844
Reydon Wood (SWT)|TM475789|England|7|2017|2023|UKBMS|52.3522|1.6329|1.676|-3.110
Lark Path, Bury St Edmunds|TL861636|England|7|2017|2023|UKBMS|52.2391|0.7241|3.194|-0.028
Little Ouse headwaters|TM020787|England|6|2018|2023|UKBMS|52.3691|0.9657|1.804|-0.101
Lakenheath Fen (RSPB)|TL718862|England|5|2018|2023|UKBMS|52.4467|0.5265|1.704|1.346
Blaxhall Common (SSB)(SWT2)|TM381561|England|5|2019|2023|UKBMS|52.1518|1.4791|-2.338|0.803
Darsham Marshes (SWT)|TM421687|England|4|2020|2023|UKBMS|52.2631|1.5464|3.865|0.595
Hen Reed Beds|TM470771|England|2|2022|2023|UKBMS|52.3363|1.6242|2.636|1.361
Countryside Restoration Land, Barton|TL415550|England|25|1999|2023|UKBMS|52.1751|0.0679|8.790|1.695
Westfield Farm (Countryside Restoration Trust)|TL378549|England|22|2002|2023|UKBMS|52.1752|0.0138|9.625|1.782
Devil's Dyke, near Newmarket|TL612620|England|20|2003|2023|UKBMS|52.2326|0.3591|4.516|3.894
Abbotts Hall Farm|TL963146|England|22|2002|2023|UKBMS|51.7956|0.8453|1.808|-0.421
Hatfield Forest|TL535195|England|16|2008|2023|UKBMS|51.8530|0.2273|2.060|-2.119
Cambourne|TL318597|England|18|2005|2023|UKBMS|52.2198|-0.0721|0.089|4.719
Hardwick Wood|TL353572|England|18|2005|2023|UKBMS|52.1964|-0.0219|0.376|-2.682
Hadleigh Great Wood and Dodd's Grove SSSI|TQ820876|England|16|2005|2023|UKBMS|51.5579|0.6241|0.059|-3.375
Fleam Dyke|TL541549|England|17|2007|2023|UKBMS|52.1708|0.2519|9.501|1.829
Abbotts Hall Farm 2|TL958144|England|18|2006|2023|UKBMS|51.7940|0.8379|1.468|2.810
Roman Road|TL527520|England|17|2007|2023|UKBMS|52.1452|0.2302|3.229|1.246
Hatfield Forest 5320|TL535200|England|16|2008|2023|UKBMS|51.8575|0.2276|1.641|-2.639
Hatfield Forest TR5420|TL545205|England|9|2008|2023|UKBMS|51.8617|0.2423|0.599|-2.386
Great Warley|TQ574910|England|15|2009|2023|UKBMS|51.5959|0.2710|6.310|3.032
Orwell Clunch Pit|TL363506|England|14|2008|2023|UKBMS|52.1369|-0.0099|4.001|3.603
Fairmead|TQ404959|England|14|2009|2023|UKBMS|51.6444|0.0277|-0.842|-0.912
Fernhills|TQ392973|England|15|2009|2023|UKBMS|51.6573|0.0110|2.273|-0.295
Woodford Golf Course|TQ399938|England|14|2009|2023|UKBMS|51.6256|0.0197|2.200|-2.348
Lee Valley Waterworks|TQ361867|England|16|2008|2023|UKBMS|51.5628|-0.0379|3.412|2.145
Wicken Fen Plantation|TL560710|England|14|2010|2023|UKBMS|52.3149|0.2871|0.930|1.017
Benfleet Downs|TQ783857|England|14|2010|2023|UKBMS|51.5420|0.5698|1.489|-0.158
Hockley Woods|TQ837917|England|12|2011|2022|UKBMS|51.5942|0.6507|-0.650|-2.349
Cornmill Tree Park|TL380015|England|18|2005|2023|UKBMS|51.6953|-0.0047|1.229|-1.472
Gunpowder Park|TQ385994|England|20|2004|2023|UKBMS|51.6763|0.0017|0.185|3.516
Langdon Hillcrest|TQ663875|England|12|2011|2023|UKBMS|51.5619|0.3978|-0.277|-2.304
Langdon Lake & Meadows|TQ662878|England|12|2011|2023|UKBMS|51.5646|0.3965|5.610|1.456
Willow Park|TQ688872|England|13|2011|2023|UKBMS|51.5584|0.4336|0.041|-3.508
Hatfield Forest 5318|TL534187|England|13|2011|2023|UKBMS|51.8458|0.2255|2.273|-0.020
Woodwalton Marsh|TL212813|England|12|2012|2023|UKBMS|52.4163|-0.2194|2.439|1.855
Belfairs Park Woodland|TQ829876|England|10|2013|2023|UKBMS|51.5576|0.6370|2.145|-1.755
Lee Valley - Walthamstow Marshes|TQ352875|England|11|2013|2023|UKBMS|51.5702|-0.0506|1.964|0.390
Hinchingbrooke Country Park|TL218716|England|10|2013|2023|UKBMS|52.3290|-0.2141|1.569|0.256
Belfairs Park Golf Course|TQ832872|England|9|2014|2023|UKBMS|51.5539|0.6411|3.704|2.014
Canvey Wick SSSI|TQ766833|England|6|2015|2023|UKBMS|51.5210|0.5441|1.758|-1.026
Church Lane LNR|TL495046|England|9|2015|2023|UKBMS|51.7202|0.1629|3.179|2.357
Pheasanthouse Farm EssexWT|TL786069|England|9|2015|2023|UKBMS|51.7324|0.5849|7.560|4.931
Bobbingworth NR|TL536064|England|9|2015|2023|UKBMS|51.7353|0.2230|1.522|-0.483
RSPB Fen Drayton Lakes|TL342699|England|7|2015|2023|UKBMS|52.3108|-0.0329|3.774|2.757
Stebbing Green and adjacent meadow|TL683233|England|9|2015|2023|UKBMS|51.8829|0.4439|5.141|2.870
Chafford Gorges Nature Park Grays Gorge|TQ605789|England|7|2016|2023|UKBMS|51.4863|0.3102|2.519|2.770
LBCP - Woodland and Lakes|TQ581826|England|7|2016|2023|UKBMS|51.5202|0.2774|1.622|-1.114
LBCP - East and North Field|TQ583827|England|7|2016|2023|UKBMS|51.5210|0.2803|-0.648|-2.873
Phyllis Currie Reserve|TL721181|England|8|2016|2023|UKBMS|51.8350|0.4964|2.613|-2.068
EWT Roding Valley Meadows|TQ434951|England|5|2017|2023|UKBMS|51.6364|0.0707|5.846|4.785
Mousehold Heath|TG244103|England|20|2003|2023|UKBMS|52.6440|1.3155|-1.286|-2.561
Blakeney Point|TF999461|England|14|2008|2023|UKBMS|52.9750|0.9758|4.951|3.186
Winterton Dunes|TG491208|England|16|2008|2023|UKBMS|52.7274|1.6877|-0.850|3.241
Strumpshaw Fen TG341065|TG340065|England|16|2008|2023|UKBMS|52.6058|1.4544|-0.447|1.383
Swanton Novers Great Wood 1|TG015310|England|26|1992|2023|UKBMS|52.8388|0.9902|0.625|-3.779
Marston Marshes|TG212055|England|15|2009|2023|UKBMS|52.6022|1.2651|5.830|3.578
Dersingham Bog|TF675290|England|12|2012|2023|UKBMS|52.8325|0.4850|-1.135|2.518
Scolt Head Island|TF800465|England|15|2009|2023|UKBMS|52.9856|0.6800|-2.205|5.407
Tomas's pightle|TG358082|England|15|2009|2023|UKBMS|52.6203|1.4822|1.848|4.751
Swanton Novers Great Wood 2|TG015315|England|21|1998|2023|UKBMS|52.8433|0.9905|-0.100|-4.185
Swanton Novers Great Wood 3|TG006317|England|21|1998|2023|UKBMS|52.8454|0.9773|1.359|0.229
Strumpshaw Fen Swallowtail|TG339070|England|14|2010|2023|UKBMS|52.6104|1.4533|2.978|-0.296
Wheatfen Broad|TG326060|England|14|2010|2023|UKBMS|52.6020|1.4334|5.300|5.120
Sutton Fen|TG370233|England|14|2010|2023|UKBMS|52.7553|1.5107|0.508|0.539
Buxton Heath|TG175221|England|14|2010|2023|UKBMS|52.7527|1.2215|-0.660|3.163
Pensthorpe|TF950287|England|8|2011|2023|UKBMS|52.8206|0.8925|-1.987|4.664
Gaywood Valley, Kings Lynn|TF654216|England|9|2011|2022|UKBMS|52.7667|0.4501|-1.234|-1.896
Mousehold Heath East|TG249102|England|12|2012|2023|UKBMS|52.6429|1.3228|5.508|1.147
Ludham Marshes|TG409178|England|12|2012|2023|UKBMS|52.7042|1.5644|6.478|4.980
Dersingham Village Railway Line|TF681320|England|12|2012|2023|UKBMS|52.8592|0.4954|0.110|-4.091
Catfield Fen|TG366214|England|12|2012|2023|UKBMS|52.7384|1.5034|2.132|-0.495
Barnham Cross Common|TL864811|England|11|2012|2023|UKBMS|52.3962|0.7382|5.438|2.303
Sculthorpe 2|TF902299|England|10|2013|2023|UKBMS|52.8330|0.8220|-0.679|1.487
Sculthorpe Moor 3|TF899301|England|10|2014|2023|UKBMS|52.8349|0.8177|0.013|-2.586
Holt Country Park|TG082377|England|8|2015|2023|UKBMS|52.8964|1.0938|1.323|-3.176
Courtyard Farm|TF722403|England|9|2015|2023|UKBMS|52.9325|0.5606|5.100|1.559
How Hill New|TG370194|England|9|2015|2023|UKBMS|52.7203|1.5079|-0.571|1.568
Blakeney Friary Hills|TG033441|England|9|2015|2023|UKBMS|52.9557|1.0251|3.546|1.512
Felbrigg Hall|TG192395|England|8|2015|2023|UKBMS|52.9082|1.2583|1.962|-1.644
Foxley Wood|TG055227|England|7|2016|2023|UKBMS|52.7628|1.0443|-1.027|-1.469
Redgrave and Lopham Fen|TM053799|England|8|2016|2023|UKBMS|52.3786|1.0149|0.312|-1.039
Reffley Wood|TF655219|England|8|2016|2023|UKBMS|52.7693|0.4517|-1.903|-1.360
Burgh Doles/Common|TG440126|England|8|2016|2023|UKBMS|52.6562|1.6063|0.804|-1.182
Foulden common|TL762999|England|8|2016|2023|UKBMS|52.5684|0.5984|2.706|3.523
Lynford Water|TL824946|England|6|2017|2023|UKBMS|52.5187|0.6869|5.205|3.085
East Ruston Common|TG345283|England|5|2017|2023|UKBMS|52.8012|1.4773|2.943|0.998
Blickling Lakeside|TG175290|England|6|2018|2023|UKBMS|52.8146|1.2260|4.636|2.588
Snettisham Coastal Park|TF651342|England|5|2018|2023|UKBMS|52.8799|0.4520|0.807|3.006
Blickling Mausoleum|TG169291|England|5|2019|2023|UKBMS|52.8158|1.2172|-1.648|-2.001
Oxburgh Hall 1|TF742012|England|4|2019|2023|UKBMS|52.5807|0.5696|4.313|2.618
Oxburgh Hall 2|TF741007|England|4|2019|2023|UKBMS|52.5762|0.5679|-1.260|-2.093
Cley Marshes|TG059441|England|5|2019|2023|UKBMS|52.9547|1.0637|-1.169|-0.140
Abbey Farm|TF742272|England|5|2019|2023|UKBMS|52.8142|0.5834|8.706|0.412
Bintree Wood North|TG003219|England|3|2020|2022|UKBMS|52.7576|0.9669|-2.720|1.144
Marriott's Way|TG191112|England|3|2021|2023|UKBMS|52.6542|1.2379|8.124|1.937
Broadland Country Park|TG179172|England|3|2021|2023|UKBMS|52.7086|1.2241|-0.759|-2.571
Sheringham Park|TG139412|England|3|2021|2023|UKBMS|52.9256|1.1807|1.879|-1.725
Cockleycley Wood|TF777051|England|2|2021|2022|UKBMS|52.6146|0.6233|-0.936|-1.359
Wensum Way, Lenwade|TG086183|England|2|2021|2022|UKBMS|52.7221|1.0874|2.163|-1.304
Buxton 2|TG170219|England|3|2021|2023|UKBMS|52.7511|1.2139|0.780|-2.748
Cranwich 2|TL774942|England|3|2021|2023|UKBMS|52.5168|0.6130|5.303|3.169
Oxburgh Hall 3|TF741002|England|3|2021|2023|UKBMS|52.5718|0.5676|1.899|1.977
Stoke Holy Cross - Jubilee Meadow|TG238019|England|2|2022|2023|UKBMS|52.5689|1.3010|3.857|1.498
Middle Harling New|TL983832|England|2|2022|2023|UKBMS|52.4108|0.9141|5.938|3.423
Sun Lane Nature Reserve|SE155467|England|16|2003|2023|UKBMS|53.9162|-1.7655|-0.406|0.307
Thorpe Marsh Nature Reserve|SE585095|England|22|2002|2023|UKBMS|53.5788|-1.1179|4.785|0.751
Swarth Moor SSSI, Settle|SD807693|England|20|2003|2023|UKBMS|54.1192|-2.2968|0.090|1.271
Threshfield, Long Ashes|SD977647|England|15|2004|2023|UKBMS|54.0782|-2.0366|-0.599|-0.388
Priory Fields|TA053314|England|17|2007|2023|UKBMS|53.7683|-0.4039|-0.145|4.369
Lea Green Bastow Wood|SD996652|England|20|2004|2023|UKBMS|54.0827|-2.0076|0.564|-1.462
Ballowfield LNR|SD987899|England|14|2007|2023|UKBMS|54.3047|-2.0215|0.909|-2.112
Scar Close NNR|SD750775|England|19|2004|2023|UKBMS|54.1926|-2.3846|-0.831|2.654
Burniston-Cloughton|TA015932|England|5|2007|2022|UKBMS|54.3243|-0.4409|2.063|3.335
Broad Heads Farm|SE903882|England|13|2008|2023|UKBMS|54.2815|-0.6145|1.510|1.732
Hawnby Hill|SE539917|England|14|2009|2023|UKBMS|54.3180|-1.1729|-2.019|0.934
Fen Bog|SE855981|England|10|2010|2023|UKBMS|54.3712|-0.6854|-0.838|2.379
Burton Leonard Lime Quarry|SE324632|England|13|2010|2023|UKBMS|54.0637|-1.5065|1.009|-3.373
Pexton Bank|SE854855|England|10|2010|2023|UKBMS|54.2581|-0.6906|0.059|-3.950
Bishop Monkton railway Cutting|SE315663|England|13|2011|2023|UKBMS|54.0916|-1.5199|5.490|1.943
Silpho Quarry|SE962920|England|12|2011|2023|UKBMS|54.3145|-0.5227|4.710|1.884
Askham Bog|SE572482|England|9|2011|2023|UKBMS|53.9268|-1.1304|1.780|0.852
Staveley East|SE370630|England|13|2011|2023|UKBMS|54.0616|-1.4362|10.177|2.134
Staveley West|SE362628|England|13|2011|2023|UKBMS|54.0599|-1.4485|5.302|3.023
Malham Tarn NNR|SD890672|England|8|2013|2023|UKBMS|54.1006|-2.1697|3.019|-1.226
Low Ox Pasture, Kilnsey|SD970685|England|8|2014|2023|UKBMS|54.1124|-2.0474|-0.045|2.251
Ingleborough High Brae|SD791738|England|9|2014|2023|UKBMS|54.1596|-2.3216|0.102|2.263
Flatts Lane Eston Moor|NZ551168|England|9|2015|2023|UKBMS|54.5435|-1.1498|1.063|-3.235
Ellerburn new|SE853849|England|9|2015|2023|UKBMS|54.2527|-0.6923|2.258|2.541
Brae Pasture|SD791740|England|8|2015|2022|UKBMS|54.1614|-2.3216|0.666|2.222
Grass Wood|SD986656|England|9|2015|2023|UKBMS|54.0863|-2.0229|-0.054|-0.796
Leyburn Old Glebe|SE101897|England|8|2015|2023|UKBMS|54.3028|-1.8463|4.520|4.337
Southerscales|SD743762|England|9|2015|2023|UKBMS|54.1809|-2.3953|0.094|2.229
Barlow Common|SE630286|England|8|2016|2023|UKBMS|53.7500|-1.0461|1.465|-0.898
Wheldrake Ings|SE701441|England|8|2016|2023|UKBMS|53.8884|-0.9349|4.558|4.335
Kiplingcotes Chalk Pit|SE914434|England|6|2016|2023|UKBMS|53.8788|-0.6112|2.230|2.252
Upper Dunsforth Carrs|SE442628|England|8|2016|2023|UKBMS|54.0593|-1.3262|0.503|-1.883
Whitcliffe|NZ137024|England|8|2016|2023|UKBMS|54.4169|-1.7904|-0.162|2.355
Wooldale|SE150087|England|8|2016|2023|UKBMS|53.5747|-1.7749|4.873|3.547
Green Hammerton|SE470570|England|7|2017|2023|UKBMS|54.0069|-1.2844|5.559|3.627
Widdop|SD965311|England|7|2017|2023|UKBMS|53.7762|-2.0546|3.719|4.523
Hollin Hall|SD987295|England|7|2017|2023|UKBMS|53.7619|-2.0212|-0.771|0.726
Roundhay-Shadwell|SE336396|England|7|2017|2023|UKBMS|53.8516|-1.4907|3.048|3.711
Strensall Common and World's End|SE660603|England|7|2017|2023|UKBMS|54.0345|-0.9938|-0.557|1.786
Calley Heath|SE751496|England|6|2018|2023|UKBMS|53.9371|-0.8575|0.571|3.954
Three Hagges Woodmeadow|SE626396|England|5|2019|2023|UKBMS|53.8489|-1.0499|3.038|1.546
Ripon City Wetlands|SE332688|England|5|2019|2023|UKBMS|54.1140|-1.4936|-2.366|4.534
East Riddlesden Hall|SE082416|England|4|2019|2023|UKBMS|53.8705|-1.8768|2.166|0.434
Langrickgate, East Cottingwith|SE719425|England|5|2019|2023|UKBMS|53.8737|-0.9079|2.060|0.466
Sutherland Beck|SE772905|England|5|2019|2023|UKBMS|54.3043|-0.8151|1.730|-0.838
Maze Park|NZ468191|England|5|2019|2023|UKBMS|54.5650|-1.2777|2.139|1.060
Main Bay Heath|SE453276|England|5|2019|2023|UKBMS|53.7428|-1.3146|0.782|2.960
Bishop Wood|SE554336|England|5|2019|2023|UKBMS|53.7958|-1.1604|-2.459|0.653
Foxglove Covert|SE160973|England|3|2019|2023|UKBMS|54.3710|-1.7552|-1.701|-0.669
Lin Dyke Link|SE443269|England|5|2019|2023|UKBMS|53.7366|-1.3299|2.683|-1.146
Riverbank Trail|SE461275|England|4|2019|2023|UKBMS|53.7419|-1.3025|0.127|-3.006
Bolton Percy Station|SE528417|England|5|2019|2023|UKBMS|53.8688|-1.1985|1.477|-0.740
Forest of Flowers, Home Farm, Huby|SE543657|England|4|2020|2023|UKBMS|54.0844|-1.1714|2.244|2.585
Brockadale|SE507174|England|3|2021|2023|UKBMS|53.6507|-1.2344|0.360|-3.766
Rodley Nature Reserve|SE235363|England|3|2021|2023|UKBMS|53.8224|-1.6445|5.565|1.923
Meanwood Park Trail|SE278378|England|3|2021|2023|UKBMS|53.8357|-1.5790|2.506|-2.333
Sprotborough Flash|SE533012|England|3|2021|2023|UKBMS|53.5048|-1.1979|2.129|1.850
Allerthorpe Common|SE760477|England|3|2021|2023|UKBMS|53.9199|-0.8443|-0.986|-0.401
Fordon Chalk Bank SSSI|TA057751|England|3|2021|2023|UKBMS|54.1608|-0.3827|2.488|2.585
Wharram Quarry|SE859653|England|3|2021|2023|UKBMS|54.0765|-0.6886|1.993|0.723
Nosterfield Quarry|SE277808|England|2|2021|2023|UKBMS|54.2222|-1.5767|-2.298|4.433
Ecos Park|D119035|Northern Ireland|12|2005|2023|UKBMS|54.8667|-6.2579|0.009|5.029
Lagan Meadows|J336704|Northern Ireland|14|2005|2023|UKBMS|54.5643|-5.9353|1.742|-1.224
Slievenacloy|J245712|Northern Ireland|17|2006|2023|UKBMS|54.5737|-6.0756|3.482|3.001
Banagher Glen|C672045|Northern Ireland|17|2006|2023|UKBMS|54.8837|-6.9537|-0.224|-0.965
Minnowburn|J325685|Northern Ireland|14|2006|2023|UKBMS|54.5475|-5.9532|0.582|-2.989
Belvoir Park Forest|J335695|Northern Ireland|14|2007|2023|UKBMS|54.5562|-5.9373|1.478|0.364
Crom Estate|H355239|Northern Ireland|14|2007|2023|UKBMS|54.1629|-7.4573|-1.864|4.526
Craigavon Lakes|J052579|Northern Ireland|15|2009|2023|UKBMS|54.4587|-6.3786|0.285|2.699
Portstewart Strand|C795362|Northern Ireland|14|2009|2023|UKBMS|55.1666|-6.7533|2.042|3.146
Oxford Island (new)|J048614|Northern Ireland|15|2009|2023|UKBMS|54.4902|-6.3835|2.934|1.953
Whitepark Bay|D014437|Northern Ireland|10|2010|2023|UKBMS|55.2299|-6.4071|2.235|1.764
Shaw's Bridge (Lagan Valley Regional Park)|J326692|Northern Ireland|8|2010|2023|UKBMS|54.5537|-5.9513|4.107|4.478
Garry Bog NR|C935302|Northern Ireland|13|2011|2023|UKBMS|55.1102|-6.5357|-1.011|3.012
Magilligan Point NR|C661389|Northern Ireland|11|2011|2023|UKBMS|55.1928|-6.9629|1.618|3.132
Breen Oakwood|D121336|Northern Ireland|18|2006|2023|UKBMS|55.1369|-6.2430|0.374|-2.502
Killykeeghan & Crossmurrin Nature Reserve|H107341|Northern Ireland|12|2011|2023|UKBMS|54.2557|-7.8366|0.043|-0.415
Giant's Causeway|C946443|Northern Ireland|13|2011|2023|UKBMS|55.2366|-6.5137|3.893|4.397
Cave Hill|J322788|Northern Ireland|11|2013|2023|UKBMS|54.6400|-5.9532|1.707|-0.818
Murlough (single-species)|J401341|Northern Ireland|10|2014|2023|UKBMS|54.2366|-5.8520|-0.355|2.103
Portmore Lough|J105689|Northern Ireland|6|2016|2023|UKBMS|54.5563|-6.2928|3.276|2.466
Portmore Lough (Brannigans)|J102678|Northern Ireland|5|2016|2023|UKBMS|54.5465|-6.2978|4.195|0.528
Mount Stewart - National Trust ? 01 ? South Fields|J561694|Northern Ireland|6|2018|2023|UKBMS|54.5488|-5.5883|5.650|5.391
Mount Stewart - National Trust - 02 - Ploughmans Hill|J550702|Northern Ireland|6|2018|2023|UKBMS|54.5564|-5.6049|5.180|3.820
Castle Ward (Temple Water)|J573498|Northern Ireland|4|2018|2023|UKBMS|54.3726|-5.5802|5.688|3.472
Belvoir Top|J342694|Northern Ireland|5|2019|2023|UKBMS|54.5551|-5.9265|0.523|-2.693
Crawfordsburn Country Park|J465821|Northern Ireland|5|2019|2023|UKBMS|54.6657|-5.7302|-0.538|-1.345
Bog Meadows|J315726|Northern Ireland|3|2019|2023|UKBMS|54.5846|-5.9668|0.525|0.113
Springhill House, National Trust|H867828|Northern Ireland|5|2019|2023|UKBMS|54.6858|-6.6564|1.449|1.833
Brackfield Wood|C504102|Northern Ireland|4|2019|2023|UKBMS|54.9369|-7.2144|0.206|-0.701
Derrymore|J055279|Northern Ireland|3|2020|2022|UKBMS|54.1892|-6.3846|4.329|0.825
O'Neills Farm margins|J154837|Northern Ireland|3|2021|2023|UKBMS|54.6881|-6.2113|1.230|3.306
Mullenakill, Peatlands Park|H893611|Northern Ireland|3|2021|2023|UKBMS|54.4905|-6.6227|-1.062|2.846
Burntollet Wood|C507108|Northern Ireland|2|2022|2023|UKBMS|54.9422|-7.2097|-0.537|-1.459
Orlock Coastal Path|J564832|Northern Ireland|2|2022|2023|UKBMS|54.6726|-5.5763|7.091|-0.059
Killeter Bog|H085821|Northern Ireland|2|2022|2023|UKBMS|54.6869|-7.8690|-1.196|2.515
Ravensgate Hill|SO980186|England|19|2005|2023|UKBMS|51.8660|-2.0305|3.688|2.753
West Malvern|SO765458|England|18|2006|2023|UKBMS|52.1100|-2.3446|-0.274|-2.447
Coombe Hill, Wotton-u-Edge, code 3604|ST764941|England|18|2006|2023|UKBMS|51.6452|-2.3425|4.199|3.743
Old Hills Revised|SO826488|England|14|2006|2023|UKBMS|52.1372|-2.2556|3.562|1.557
Gorsty Knoll|SO588088|England|14|2007|2022|UKBMS|51.7763|-2.5986|-0.292|0.030
Lord's Wood|SO552151|England|10|2006|2022|UKBMS|51.8327|-2.6515|0.282|-4.082
Masts Reserve|SO993246|England|17|2007|2023|UKBMS|51.9199|-2.0116|0.746|2.430
Haugh Woods North 2007|SO590370|England|17|2007|2023|UKBMS|52.0299|-2.5990|-2.172|0.790
Merbach Common|SO306447|England|16|2008|2023|UKBMS|52.0963|-3.0145|-0.606|0.209
Bury Ditches|SO334839|England|16|2007|2023|UKBMS|52.4490|-2.9814|1.942|1.426
Prees Heath Common Reserve|SJ560370|England|15|2009|2023|UKBMS|52.9286|-2.6560|1.593|2.666
Trench Wood2|SO926587|England|14|2009|2023|UKBMS|52.2265|-2.1098|-0.301|-3.215
Tiddesley Wood|SO927453|England|13|2009|2022|UKBMS|52.1060|-2.1080|0.293|-3.125
Wrens Nest National Nature Reserve|SO937914|England|18|2004|2023|UKBMS|52.5204|-2.0943|0.685|-1.639
Melrose Farm Meadows|SO816410|England|15|2009|2023|UKBMS|52.0671|-2.2698|7.277|3.769
Lower Woods South|ST742865|England|7|2015|2023|UKBMS|51.5768|-2.3737|-0.506|-1.917
Strawberry Banks|SO910033|England|10|2014|2023|UKBMS|51.7283|-2.1317|2.831|3.416
Clemcroft, Nr Hazler Hill|SO461924|England|19|2005|2023|UKBMS|52.5268|-2.7959|4.158|0.302
Kilkenny|SP004186|England|12|2010|2023|UKBMS|51.8660|-1.9956|2.128|4.351
Feckenham Wylde Moor|SP011606|England|14|2010|2023|UKBMS|52.2436|-1.9853|-1.109|-0.917
Hill Court Farm|SO825345|England|14|2010|2023|UKBMS|52.0087|-2.2564|4.076|2.782
North Hill Malvern (2010)|SO770470|England|14|2010|2023|UKBMS|52.1208|-2.3373|-0.160|-1.876
Hurst Coppice|SO752795|England|8|2010|2023|UKBMS|52.4129|-2.3660|-1.112|-1.075
Wilden Marsh|SO825730|England|12|2011|2023|UKBMS|52.3548|-2.2584|3.181|0.811
Highgate Common|SO836895|England|4|2011|2022|UKBMS|52.5031|-2.2430|1.154|1.734
Avon Meadows Community Wetland|SO950465|England|12|2011|2023|UKBMS|52.1168|-2.0744|0.978|5.607
Hartlebury Common and Charlton|SO824707|England|11|2011|2022|UKBMS|52.3341|-2.2597|0.575|0.972
Bathpool Park|SJ836527|England|13|2011|2023|UKBMS|53.0713|-2.2462|-1.756|-1.025
Rowley Hills. Land to south of Bury Hill Park|SO975896|England|11|2011|2023|UKBMS|52.5043|-2.0383|0.895|5.854
Pound Green Common|SO752787|England|13|2011|2023|UKBMS|52.4057|-2.3660|-1.624|-1.531
Queenswood Country Park|SO505515|England|12|2012|2023|UKBMS|52.1595|-2.7250|-0.468|-2.796
Lower Kites Wood|SO978564|England|11|2013|2023|UKBMS|52.2058|-2.0336|1.026|-1.790
Hollybed Farm|SO778382|England|11|2013|2023|UKBMS|52.0417|-2.3251|4.312|2.439
Coombeswood Wedge|SO975848|England|11|2013|2023|UKBMS|52.4611|-2.0382|-1.784|-1.237
Woodgate Valley|SP008833|England|11|2013|2023|UKBMS|52.4477|-1.9897|5.447|1.220
Besford Court|SO914452|England|10|2014|2023|UKBMS|52.1051|-2.1270|1.952|4.201
Stiperstones|SJ367002|England|7|2016|2023|UKBMS|52.5959|-2.9359|-0.719|2.653
Mottey Meadows NNR|SJ840134|England|7|2014|2023|UKBMS|52.7180|-2.2383|4.406|4.249
Highgate Common (2014 route)|SO840900|England|7|2014|2023|UKBMS|52.5077|-2.2372|1.811|2.151
Aqualate Mere|SJ782204|England|5|2014|2023|UKBMS|52.7807|-2.3246|0.175|-3.373
Rough Bank|SO907087|England|9|2014|2023|UKBMS|51.7769|-2.1362|0.739|2.466
Linear Park Cinderford|SO649134|England|9|2015|2023|UKBMS|51.8181|-2.5106|0.333|-3.415
Blackhouse Wood|SO733521|England|8|2015|2023|UKBMS|52.1665|-2.3918|-0.051|-3.919
Moseley Green|SO633091|England|9|2015|2023|UKBMS|51.7794|-2.5334|1.684|-0.736
The Bog|SO357978|England|4|2015|2023|UKBMS|52.5742|-2.9502|-0.349|3.120
Monkwood North|SO803608|England|8|2016|2023|UKBMS|52.2450|-2.2900|-0.930|-3.001
Highnam Woods (new)|SO778192|England|8|2016|2023|UKBMS|51.8709|-2.3238|0.219|-3.558
Droitwich Woods|SO882626|England|7|2016|2022|UKBMS|52.2614|-2.1743|1.609|0.290
Malvern Pinnacle Hill|SO769419|England|7|2017|2023|UKBMS|52.0750|-2.3385|4.036|2.885
Malvern Poolbrook Common|SO786442|England|7|2017|2023|UKBMS|52.0957|-2.3138|6.944|4.575
Lower Smite Farm|SO890590|England|6|2017|2023|UKBMS|52.2291|-2.1625|2.677|-0.035
Sandwell RSPB|SP034926|England|4|2017|2023|UKBMS|52.5313|-1.9513|2.360|2.086
Walsall Old Golf Course|SP037984|England|5|2017|2022|UKBMS|52.5834|-1.9468|-0.533|-1.781
Stowell Park Gardens|SP087130|England|5|2017|2022|UKBMS|51.8156|-1.8752|0.123|5.813
Sutton Park - Streetly Heath|SP091984|England|7|2017|2023|UKBMS|52.5833|-1.8671|-1.116|-2.209
Joy's Wood|SP091820|England|7|2017|2023|UKBMS|52.4359|-1.8676|1.661|0.670
Trittiford|SP097803|England|7|2017|2023|UKBMS|52.4206|-1.8588|1.996|4.914
Blackberry Way|SP099821|England|7|2017|2023|UKBMS|52.4368|-1.8558|3.220|1.156
Sheepscombe Common|SO894106|England|5|2018|2022|UKBMS|51.7939|-2.1551|1.604|1.355
Llynclys Common|SJ268234|England|6|2018|2023|UKBMS|52.8032|-3.0872|-0.374|-1.737
Malvern Swinyard Hill|SO762388|England|6|2018|2023|UKBMS|52.0471|-2.3484|1.731|0.454
Bodenham Lake|SO525513|England|6|2018|2023|UKBMS|52.1579|-2.6958|2.035|-0.577
Ifton Meadows|SJ317374|England|5|2019|2023|UKBMS|52.9296|-3.0175|1.625|2.633
Hartlebury Common|SO823708|England|5|2019|2023|UKBMS|52.3350|-2.2612|-0.700|0.409
Shatterford Wood|SO802824|England|5|2019|2023|UKBMS|52.4392|-2.2927|-0.450|-0.263
Sims Wood|SU408015|England|28|1995|2023|UKBMS|50.8116|-1.4223|-0.824|-2.980
Portsdown (compartments 1-3)|SU628067|England|18|2005|2023|UKBMS|50.8564|-1.1092|0.853|5.690
Testwood Lakes - Lakeside|SU351151|England|19|2004|2023|UKBMS|50.9343|-1.5019|1.257|0.710
Testwood Lakes - North|SU343156|England|20|2004|2023|UKBMS|50.9388|-1.5132|7.164|3.937
Magdalen Hill Down North|SU508292|England|19|2005|2023|UKBMS|51.0599|-1.2765|3.764|3.956
Pilot Hill|SU398595|England|17|2007|2023|UKBMS|51.3332|-1.4301|1.795|1.481
Bramshott Common|SU857335|England|17|2007|2023|UKBMS|51.0944|-0.7776|-1.074|0.018
Hazleton Common (new)|SU703121|England|18|2006|2023|UKBMS|50.9041|-1.0016|0.653|-3.318
St Catherine's Hill|SU482274|England|14|2007|2023|UKBMS|51.0439|-1.3138|3.477|3.361
Dibden Bottom (north)|SU393071|England|17|2007|2023|UKBMS|50.8621|-1.4430|-0.295|2.684
Southampton Old Cemetery|SU414136|England|18|2006|2023|UKBMS|50.9204|-1.4124|-0.943|-1.295
The HOLT-Soakfield Row and Broadwalk|SU709123|England|16|2008|2023|UKBMS|50.9058|-0.9930|5.670|3.153
Danebury Hill Fort Hampshire|SU325377|England|16|2008|2023|UKBMS|51.1377|-1.5369|3.105|1.952
Hocombe Mead 2|SU430227|England|16|2008|2023|UKBMS|51.0021|-1.3886|2.328|-2.635
Ashford Hill Woods & Meadows|SU564616|England|16|2008|2023|UKBMS|51.3507|-1.1915|1.166|-2.084
Sparsholt (Ower Wood & Grassland)|SU419321|England|15|2008|2023|UKBMS|51.0867|-1.4032|0.936|-2.678
The Commons Roydon|SU315005|England|18|2005|2023|UKBMS|50.8032|-1.5544|3.290|2.217
Spearywell Mottisfont|SU309270|England|14|2010|2023|UKBMS|51.0415|-1.5606|0.262|4.319
Down Grange Meadow, Kempshott|SU607497|England|14|2010|2023|UKBMS|51.2433|-1.1318|4.008|3.679
Janesmoor Plain|SU247133|England|8|2010|2023|UKBMS|50.9186|-1.6500|0.044|3.056
Priors Hill Copse|SU468092|England|13|2011|2023|UKBMS|50.8804|-1.3361|-0.800|-2.970
Kings Copse|SU426017|England|13|2011|2023|UKBMS|50.8133|-1.3967|1.062|-2.598
Great Copse|SU320282|England|11|2011|2023|UKBMS|51.0523|-1.5448|7.132|3.730
Shipton Bellinger (West)|SU218456|England|12|2012|2023|UKBMS|51.2092|-1.6893|1.648|1.880
BEAULIEU HEATH NORTH|SU350018|England|12|2012|2023|UKBMS|50.8147|-1.5046|-0.279|3.146
Hawkhill|SU351019|England|12|2012|2023|UKBMS|50.8156|-1.5031|-1.568|0.618
Pondhead|SU307073|England|12|2012|2023|UKBMS|50.8644|-1.5651|1.808|-2.451
Standing Hat|SU315036|England|12|2012|2023|UKBMS|50.8311|-1.5541|1.404|3.632
Warren Farm|SZ419972|England|12|2012|2023|UKBMS|50.7729|-1.4072|0.298|3.709
Barton Common|SZ247932|England|11|2013|2023|UKBMS|50.7379|-1.6513|1.852|4.049
Godshill|SU177161|England|11|2013|2023|UKBMS|50.9441|-1.7494|-0.905|-1.411
Perrywood Ivy|SU320034|England|11|2013|2023|UKBMS|50.8293|-1.5470|-0.841|0.230
Magdalen Hill Down (Old Allotments)|SU497293|England|11|2013|2023|UKBMS|51.0609|-1.2922|6.533|3.912
Anton Lakes Local Nature Reserve|SU360469|England|11|2013|2023|UKBMS|51.2202|-1.4859|0.833|-1.918
Old Down, Basingstoke|SU597488|England|11|2013|2023|UKBMS|51.2353|-1.1463|3.735|3.585
Ladies Walk Down|SU371447|England|11|2013|2023|UKBMS|51.2003|-1.4704|2.291|1.357
Rooksbury Mill Local Nature Reserve|SU355445|England|11|2013|2023|UKBMS|51.1986|-1.4933|-1.738|-0.991
Coulters Dean|SU747191|England|7|2013|2023|UKBMS|50.9665|-0.9376|4.649|1.550
Tadburn Meadows Local Nature Reserve|SU369215|England|11|2013|2023|UKBMS|50.9917|-1.4756|-1.746|-0.931
Zionshill Copse Local Nature Reserve|SU419204|England|11|2013|2023|UKBMS|50.9815|-1.4045|-1.817|-1.440
Spearywell North|SU313281|England|10|2013|2023|UKBMS|51.0514|-1.5548|0.095|-4.207
Normandy Marsh|SZ331944|England|10|2014|2023|UKBMS|50.7483|-1.5322|7.410|4.006
Foxbury|SU296167|England|9|2014|2023|UKBMS|50.9490|-1.5800|2.760|3.405
Speltham Down|SU647149|England|9|2014|2023|UKBMS|50.9299|-1.0807|3.929|0.752
Broadley Inclosure|SZ252993|England|10|2014|2023|UKBMS|50.7927|-1.6438|1.643|-1.425
Hook Heath|SU645079|England|10|2014|2023|UKBMS|50.8670|-1.0848|-0.194|-3.333
Wendleholme (new)|SU491075|England|10|2014|2023|UKBMS|50.8649|-1.3037|1.679|-3.209
Rockford Common|SU173089|England|10|2014|2023|UKBMS|50.8793|-1.7555|1.923|-1.578
Broxhead Common|SU803373|England|10|2014|2023|UKBMS|51.1294|-0.8538|-0.495|3.295
RSPB Hazeley Heath North|SU748586|England|8|2015|2023|UKBMS|51.3216|-0.9280|-0.782|-0.747
RSPB Hazeley Heath South|SU757579|England|8|2015|2023|UKBMS|51.3152|-0.9152|-0.681|-0.117
Breamore|SU144200|England|9|2015|2023|UKBMS|50.9792|-1.7963|10.179|2.391
Portsdown SSSI East 7 - 10|SU657063|England|9|2015|2023|UKBMS|50.8525|-1.0680|1.337|-0.499
Holmsley|SU225004|England|9|2015|2023|UKBMS|50.8027|-1.6821|-0.752|-2.505
Ridge Copse|SU347181|England|9|2015|2023|UKBMS|50.9613|-1.5073|2.016|-2.889
Hasley|SU195119|England|9|2015|2023|UKBMS|50.9062|-1.7240|-0.468|0.283
Hollybank Woods Transect 1|SU745081|England|9|2015|2023|UKBMS|50.8676|-0.9427|1.061|-2.081
Pondhead Wood|SU308070|England|9|2015|2023|UKBMS|50.8617|-1.5637|2.106|-2.141
Tidpit Common|SU067180|England|9|2015|2023|UKBMS|50.9614|-1.9060|6.405|4.761
Fields Heath|SU451023|England|9|2015|2023|UKBMS|50.8185|-1.3612|3.236|2.595
Mockbeggar|SU158088|England|8|2016|2023|UKBMS|50.8785|-1.7768|-1.921|4.647
Magdalen Hill Down (Tree & Shrub East)|SU510293|England|8|2016|2023|UKBMS|51.0608|-1.2736|1.560|0.688
Pitt Down|SU417293|England|8|2016|2023|UKBMS|51.0615|-1.4063|2.488|1.925
Bubbenhall Meadow|SP373717|England|16|2008|2023|UKBMS|52.3421|-1.4539|-2.199|4.831
Bubbenhall Wood|SP369717|England|16|2008|2023|UKBMS|52.3421|-1.4598|2.335|-2.663
HARBURY SPOILBANK NORTH|SP385602|England|16|2008|2023|UKBMS|52.2387|-1.4376|1.949|-2.267
Ryton Meadows Bund (Species)|SP376727|England|16|2008|2023|UKBMS|52.3511|-1.4494|2.107|4.150
Wappenbury Wood|SP379710|England|16|2008|2023|UKBMS|52.3358|-1.4452|0.023|-3.226
Deans Green|SP132682|England|14|2010|2023|UKBMS|52.3118|-1.8078|5.647|1.523
Draycote Water|SP466693|England|13|2011|2023|UKBMS|52.3198|-1.3178|0.909|-2.768
Ufton Fields NR (2011 route)|SP378615|England|13|2011|2023|UKBMS|52.2504|-1.4477|5.938|2.829
Ryton Pools Country Park|SP374725|England|13|2011|2023|UKBMS|52.3493|-1.4524|3.854|3.170
Brandon Marsh|SP385755|England|11|2012|2023|UKBMS|52.3762|-1.4359|1.921|-2.739
Brandon Wood|SP394766|England|12|2012|2023|UKBMS|52.3860|-1.4225|-1.934|-1.055
Coombe Abbey Country Park Meadows|SP401796|England|12|2012|2023|UKBMS|52.4129|-1.4119|-0.276|-2.788
Coombe Abbey Country Park Poolside|SP392789|England|12|2012|2023|UKBMS|52.4067|-1.4252|-0.625|-2.254
Coombe Abbey Country Park Woodland|SP395799|England|12|2012|2023|UKBMS|52.4157|-1.4207|-1.580|-0.403
Drayote Water Treatment|SP453703|England|12|2012|2023|UKBMS|52.3289|-1.3367|0.490|1.709
Hampton Wood|SP254600|England|13|2011|2023|UKBMS|52.2376|-1.6295|-0.006|-1.609
Long Itchington (SUSTRANS)|SP408646|England|12|2012|2023|UKBMS|52.2780|-1.4034|8.942|1.437
Southam Old Quarry|SP420642|England|12|2012|2023|UKBMS|52.2744|-1.3859|3.593|0.499
RSPB Middleton Lakes 1|SP193982|England|11|2012|2023|UKBMS|52.5813|-1.7166|-0.055|4.760
RSPB Middleton Lakes 2|SP202989|England|11|2012|2023|UKBMS|52.5875|-1.7033|-1.437|-0.643
Weston and Waverley Woods (2013 route)|SP353700|England|11|2013|2023|UKBMS|52.3270|-1.4835|-0.819|-3.140
Fenny Compton Tunnels|SP438522|England|11|2013|2023|UKBMS|52.1663|-1.3610|1.152|0.255
Swift Valley Country Park|SP505775|England|11|2013|2023|UKBMS|52.3932|-1.2593|-0.068|-0.840
Tasker's Meadow|SP438651|England|10|2014|2023|UKBMS|52.2823|-1.3594|3.531|-0.828
Binswood Allotments|SP307668|England|10|2014|2023|UKBMS|52.2985|-1.5512|1.313|5.441
Old Nun Wood|SP382709|England|9|2015|2023|UKBMS|52.3349|-1.4408|-1.160|-2.108
Ashlawn Cutting|SP516731|England|8|2016|2023|UKBMS|52.3535|-1.2438|3.959|3.050
Charlecote Place's & Hill Park|SP260566|England|7|2016|2023|UKBMS|52.2070|-1.6209|6.472|3.690
Southam Bypass North|SP421626|England|8|2016|2023|UKBMS|52.2600|-1.3846|9.485|1.329
Charlecote Gardens|SP259563|England|7|2016|2023|UKBMS|52.2043|-1.6224|6.180|2.842
Charlecote West Park|SP259562|England|7|2016|2023|UKBMS|52.2034|-1.6224|2.337|0.975
Fenny Compton Tunnels Copse|SP434524|England|8|2016|2023|UKBMS|52.1682|-1.3669|0.700|2.549
Weston & Waverley (Purple Emperor)|SP354702|England|7|2016|2023|UKBMS|52.3288|-1.4820|2.041|-1.957
Sun Rising Natural Burial Ground|SP350459|England|7|2017|2023|UKBMS|52.1103|-1.4903|5.158|4.041
Wolvey Meadows|SP423879|England|5|2017|2022|UKBMS|52.4874|-1.3785|6.336|2.364
Stockton Cutting (New)|SP439649|England|7|2017|2023|UKBMS|52.2805|-1.3579|1.393|1.449
Malpass|SP487759|England|7|2017|2023|UKBMS|52.3790|-1.2860|1.056|-0.480
Ettington Cutting North|SP264491|England|6|2018|2023|UKBMS|52.1396|-1.6157|2.562|2.405
Packwood House|SP174722|England|6|2018|2023|UKBMS|52.3476|-1.7460|4.734|1.965
Ettington Cutting South|SP264486|England|6|2018|2023|UKBMS|52.1351|-1.6157|6.294|3.817
HoEF Noleham A|SP144484|England|6|2018|2023|UKBMS|52.1337|-1.7910|1.702|3.757
HoEF Noleham B|SP144490|England|6|2018|2023|UKBMS|52.1391|-1.7910|4.846|3.858
HoEF Noleham C|SP142491|England|6|2018|2023|UKBMS|52.1400|-1.7939|0.982|-3.010
Southam Bypass South|SP418611|England|6|2018|2023|UKBMS|52.2465|-1.3892|0.246|5.706
Napton Church Meadow|SP462613|England|6|2018|2023|UKBMS|52.2479|-1.3247|4.052|1.991
Napton Church|SP463612|England|6|2018|2023|UKBMS|52.2470|-1.3233|6.464|3.685
HoEF Alne Wood|SP107614|England|5|2019|2023|UKBMS|52.2507|-1.8447|-0.454|-2.916
HoEF Alne Park|SP105612|England|5|2019|2023|UKBMS|52.2489|-1.8476|3.284|2.681
HoEF Alne Plantations|SP103612|England|5|2019|2023|UKBMS|52.2489|-1.8506|1.594|0.464
HoEF Coughton Park|SP064608|England|5|2019|2023|UKBMS|52.2453|-1.9077|0.547|-1.794
Newton Cutting|SP531787|England|5|2019|2023|UKBMS|52.4037|-1.2209|5.049|1.160
Newton Cutting South|SP529785|England|5|2019|2023|UKBMS|52.4020|-1.2239|-0.814|-2.357
HoEF College Wood|SP082636|England|4|2020|2023|UKBMS|52.2705|-1.8813|5.967|5.012
HoEF Morgrove Coppice|SP098627|England|4|2020|2023|UKBMS|52.2624|-1.8578|1.310|-2.323
HoEF Spernal Park|SP101626|England|4|2020|2023|UKBMS|52.2615|-1.8534|1.682|-1.183
HoEF Spernal Plantations|SP098629|England|4|2020|2023|UKBMS|52.2642|-1.8578|-1.714|0.289
HoEF Netherstead Options Field|SP105642|England|4|2020|2023|UKBMS|52.2759|-1.8475|3.023|1.812
HoEF Bannam's Wood|SP112639|England|4|2020|2023|UKBMS|52.2731|-1.8373|-0.354|-2.002
Luddington Nature Reserve|SP160528|England|3|2021|2023|UKBMS|52.1732|-1.7675|7.060|0.236
Compton Verney Old Town Meadow onwards|SP313528|England|2|2022|2023|UKBMS|52.1726|-1.5437|2.962|-1.240
HOEF Gorcott Hill Grassland|SP089678|England|2|2022|2023|UKBMS|52.3082|-1.8709|1.525|4.153
HoEF Oak Wood|SP098696|England|2|2022|2023|UKBMS|52.3244|-1.8576|1.371|0.931
Ladywalk NR|SP213917|England|2|2022|2023|UKBMS|52.5228|-1.6875|0.197|-1.775
Ryton Pools Country Park: Offsetting Meadow 1|SP369723|England|2|2022|2023|UKBMS|52.3475|-1.4597|6.975|3.590
HoEF Newnham|SP155596|England|2|2022|2023|UKBMS|52.2344|-1.7745|3.896|2.985
HoEF Gorcott Hill Woodland|SP091679|England|2|2022|2023|UKBMS|52.3091|-1.8679|-0.611|-3.347
HoEF Colletts Farm|SP126503|England|2|2022|2023|UKBMS|52.1508|-1.8173|4.086|2.574
Waterford Heath South|TL317149|England|16|2008|2023|UKBMS|51.8172|-0.0907|1.061|-1.598
Heartwood Forest|TL163109|England|14|2010|2023|UKBMS|51.7847|-0.3154|1.621|-2.369
Tring Park (9 sections)|SP927100|England|10|2011|2023|UKBMS|51.7810|-0.6576|1.217|-1.490
Lake Farm Country Park|TQ090804|England|11|2011|2022|UKBMS|51.5120|-0.4307|5.975|2.994
Harpenden Common|TL137134|England|11|2011|2023|UKBMS|51.8077|-0.3522|6.573|3.325
Stocker's Lake 2012|TQ045935|England|12|2012|2023|UKBMS|51.6306|-0.4916|0.407|2.887
Roughdown Common (Lower)|TL048055|England|12|2012|2023|UKBMS|51.7384|-0.4837|1.237|-0.325
Gravel Hill|TL216170|England|11|2013|2023|UKBMS|51.8384|-0.2365|7.921|1.726
St James's Park / Green Park|TQ295798|England|10|2013|2023|UKBMS|51.5023|-0.1356|-1.534|4.318
Danemead Nature Reserve|TL346079|England|11|2013|2023|UKBMS|51.7536|-0.0514|0.085|-2.517
Tottenham Wildmarsh West|TQ351905|England|6|2014|2023|UKBMS|51.5972|-0.0509|0.931|5.113
Halsey Field|TL042088|England|9|2015|2023|UKBMS|51.7682|-0.4914|7.045|5.088
Heartwood Forest - Transect 2|TL171123|England|9|2015|2023|UKBMS|51.7971|-0.3033|6.801|3.852
Panshanger - Lady Hughes Wood|TL300125|England|6|2015|2023|UKBMS|51.7960|-0.1163|7.236|3.727
Panshanger - Rifle Butts|TL299122|England|6|2015|2023|UKBMS|51.7934|-0.1178|4.595|3.201
Panshanger - Chisel Shelf|TL294121|England|5|2015|2023|UKBMS|51.7926|-0.1251|1.944|-3.040
Pinn Meadow|TQ094880|England|2|2015|2023|UKBMS|51.5803|-0.4225|0.862|3.637
Totteridge Fields|TQ222940|England|7|2016|2023|UKBMS|51.6315|-0.2358|0.876|-1.786
Hedgeswood Common to Hoo Wood|TL031131|England|8|2016|2023|UKBMS|51.8070|-0.5060|6.577|1.443
Broxbourne west ride|TL325070|England|8|2016|2023|UKBMS|51.7460|-0.0822|0.208|-2.856
Aldbury Nowers N1|SP949138|England|8|2016|2023|UKBMS|51.8148|-0.6247|3.443|0.462
Bencroft Field|TL330062|England|8|2016|2023|UKBMS|51.7387|-0.0752|0.583|-2.762
London Zoo Car Park|TQ283836|England|7|2016|2023|UKBMS|51.5367|-0.1515|0.723|1.010
Knebworth Woods|TL227227|England|7|2017|2023|UKBMS|51.8894|-0.2185|-0.668|-2.711
Osterley Park|TQ145780|England|6|2018|2023|UKBMS|51.4894|-0.3522|0.672|4.971
Chorleywood Common 2019|TQ029958|England|5|2019|2023|UKBMS|51.6516|-0.5140|6.297|3.366
Alexandra Park|TQ302903|England|5|2019|2023|UKBMS|51.5965|-0.1217|0.709|3.103
Norton Common LGC|TL218333|England|3|2020|2022|UKBMS|51.9848|-0.2278|0.495|-0.378
Greenwood Park|TL139051|England|3|2021|2023|UKBMS|51.7330|-0.3521|7.429|3.952
London Zoo amended 2021|TQ281834|England|3|2021|2023|UKBMS|51.5350|-0.1545|3.565|-0.308
Greater Stanmore Country Park|TQ171932|England|3|2021|2023|UKBMS|51.6254|-0.3097|2.616|1.139
Highgate Cemetery West|TQ284870|England|3|2021|2023|UKBMS|51.5673|-0.1488|-1.559|-1.404
Highgate Cemetery East|TQ286869|England|3|2021|2023|UKBMS|51.5663|-0.1460|-1.284|-0.677
Golders Hill Park|TQ256868|England|2|2021|2022|UKBMS|51.5661|-0.1893|2.899|2.694
Hampstead Heath Highgate Ponds|TQ275867|England|2|2021|2023|UKBMS|51.5648|-0.1619|4.189|2.309
Mount Vernon Cancer Centre|TQ077917|England|2|2021|2022|UKBMS|51.6138|-0.4459|1.731|-1.122
Chadwell Bank|TL349136|England|2|2022|2023|UKBMS|51.8048|-0.0448|2.056|4.592
Panshanger - Great Oak|TL288130|England|2|2022|2023|UKBMS|51.8008|-0.1335|7.234|3.837
Westbrook Hay Fields|TL030058|England|2|2022|2023|UKBMS|51.7414|-0.5096|5.282|3.524
Bovingdon Brickworks|TL007029|England|2|2022|2023|UKBMS|51.7158|-0.5438|1.974|1.536
Gladstone Park|TQ223857|England|2|2022|2023|UKBMS|51.5569|-0.2373|6.379|3.311
Panshanger- Cole Green|TL280122|England|2|2022|2023|UKBMS|51.7938|-0.1454|2.969|0.324
Wormwood Scrubs|TQ223817|England|2|2022|2023|UKBMS|51.5210|-0.2386|7.298|4.853
Panshanger- Brocket Hill|TL283127|England|2|2022|2023|UKBMS|51.7982|-0.1408|-0.924|-1.984
Bunchley's Pond|TL226065|England|2|2022|2023|UKBMS|51.7438|-0.2257|0.991|0.907
Kempton Nature Reserve|TQ117709|England|2|2022|2023|UKBMS|51.4261|-0.3948|-1.827|4.516
Castle Semple Country Park|NS367600|Scotland|14|2010|2023|UKBMS|55.8056|-4.6071|0.265|-0.511
Glasdrum Mountain Ringlet|NM996463|Scotland|16|2002|2022|UKBMS|56.5658|-5.2632|-0.967|2.304
Greenock Cut|NS247720|Scotland|14|2010|2023|UKBMS|55.9091|-4.8061|1.871|1.906
Castlehill|ND194684|Scotland|13|2010|2023|UKBMS|58.5961|-3.3884|0.022|-4.194
Haddington Clerkington|NT508732|Scotland|11|2011|2023|UKBMS|55.9493|-2.7894|0.151|0.834
Hurlethill|NS513614|Scotland|13|2011|2023|UKBMS|55.8229|-4.3751|0.301|0.522
Robroyston Park LNR|NS629683|Scotland|11|2011|2022|UKBMS|55.8883|-4.1936|1.270|1.756
Lochgoin Reservoir|NS535472|Scotland|7|2011|2023|UKBMS|55.6961|-4.3324|-1.119|2.330
Archerfield|NT517841|Scotland|11|2012|2023|UKBMS|56.0473|-2.7770|1.587|5.091
Hopetoun House Transect one|NT088790|Scotland|9|2012|2023|UKBMS|55.9953|-3.4637|6.281|4.841
Langlands Moss LNR|NS634514|Scotland|11|2013|2023|UKBMS|55.7367|-4.1772|0.056|0.672
Ballinlaggan|NH948245|Scotland|11|2013|2023|UKBMS|57.2989|-3.7475|-1.072|2.005
Hogganfield Park LNR|NS645671|Scotland|10|2013|2023|UKBMS|55.8779|-4.1675|1.700|1.842
Rogart Quarry|NC742015|Scotland|11|2013|2023|UKBMS|57.9849|-4.1292|-0.825|0.895
Ardochrig Hill|NS637469|Scotland|11|2013|2023|UKBMS|55.6963|-4.1701|-0.245|0.773
Beinn Eighe|NH025620|Scotland|8|2013|2023|UKBMS|57.6046|-5.3073|-0.842|2.117
Cambus O' May|NO400982|Scotland|8|2013|2023|UKBMS|57.0709|-2.9912|-0.650|1.607
Mersehead RSPB|NX930556|Scotland|9|2014|2023|UKBMS|54.8837|-3.6694|7.307|0.431
Cardowan Moss LNR|NS654672|Scotland|7|2014|2022|UKBMS|55.8791|-4.1531|0.375|0.468
Ullapool|NH125944|Scotland|7|2014|2023|UKBMS|57.8995|-5.1655|1.357|2.869
Preston Mill|NT594778|Scotland|7|2014|2022|UKBMS|55.9914|-2.6524|2.863|0.926
Cambus Village Pools|NS853935|Scotland|10|2014|2023|UKBMS|56.1204|-3.8465|-2.433|5.418
Kinneil|NS963812|Scotland|10|2014|2023|UKBMS|56.0125|-3.6649|2.029|2.401
Cathkin Marsh|NS621574|Scotland|9|2015|2023|UKBMS|55.7902|-4.2009|0.462|0.798
Coulter's Wood|NS606574|Scotland|9|2015|2023|UKBMS|55.7897|-4.2248|0.387|-1.269
Kingshill LNR|NS856567|Scotland|8|2016|2023|UKBMS|55.7900|-3.8260|-0.367|1.755
Lower Killeyan to Giol|NR280435|Scotland|8|2016|2023|UKBMS|55.6088|-6.3206|-0.116|2.243
Blacklaw Wood|NS923484|Scotland|8|2016|2023|UKBMS|55.7170|-3.7160|0.173|-0.560
Longcarse|NS865924|Scotland|8|2016|2023|UKBMS|56.1108|-3.8267|0.472|-1.133
Polldubh|NN158684|Scotland|6|2016|2023|UKBMS|56.7707|-5.0158|-0.686|0.691
South River Nevis|NN145684|Scotland|6|2016|2023|UKBMS|56.7701|-5.0370|-0.666|0.480
Plean Country Park|NS829866|Scotland|7|2017|2023|UKBMS|56.0579|-3.8820|0.501|-1.180
Ken Dee Marshes|NX693691|Scotland|5|2018|2023|UKBMS|54.9993|-4.0448|-0.219|-0.576
Sustrans NCN77 Dunkeld and Birnam|NO030418|Scotland|5|2017|2022|UKBMS|56.5581|-3.5797|0.093|3.991
Loch Leven - Vane (2012 route)|NT159989|Scotland|6|2018|2023|UKBMS|56.1753|-3.3562|2.123|2.149
Dundee Law|NO391313|Scotland|5|2018|2022|UKBMS|56.4699|-2.9901|-1.253|-0.111
Glen Rosa|NR985384|Scotland|2|2018|2022|UKBMS|55.5974|-5.1997|-0.889|0.934
Dighty Burn|NO447326|Scotland|6|2018|2023|UKBMS|56.4822|-2.8995|0.467|6.025
Sustrans NCN77 Section 2|NO112256|Scotland|6|2018|2023|UKBMS|56.4142|-3.4409|4.911|2.506
Greenhead Moss LNR|NS810548|Scotland|6|2018|2023|UKBMS|55.7718|-3.8985|0.211|-0.623
Bracketts Coppice II (DWT)|ST515066|England|10|2014|2023|UKBMS|50.8569|-2.6904|4.419|3.048
Avon Heath North 2014|SU125032|England|10|2014|2023|UKBMS|50.8282|-1.8239|-0.923|2.881
Ryewater Nursery|ST665105|England|9|2015|2023|UKBMS|50.8930|-2.4777|1.792|0.649
Higher Hyde Heath (DWT) II|SY855903|England|8|2016|2023|UKBMS|50.7121|-2.2067|-0.605|2.539
Hambledon Hill|ST843126|England|6|2018|2023|UKBMS|50.9126|-2.2247|7.003|5.178
Weymouth Relief Road|SY672856|England|6|2018|2023|UKBMS|50.6691|-2.4655|9.942|2.429
RSPB Arne Coombe Heath|SY971872|England|4|2018|2023|UKBMS|50.6844|-2.0424|-1.007|3.163
Hogchester|SY352945|England|2|2019|2022|UKBMS|50.7465|-2.9198|5.765|1.720
RSPB Chafey’s Weymouth|SY669801|England|5|2019|2023|UKBMS|50.6197|-2.4692|1.905|0.112
Wyke Regis|SY651778|England|3|2021|2023|UKBMS|50.5989|-2.4945|6.563|3.185
Bishops Court North|ST934030|England|2|2022|2023|UKBMS|50.8265|-2.0951|4.002|3.120
Bishops Court South|ST938028|England|2|2022|2023|UKBMS|50.8247|-2.0894|3.048|2.069
Wild Woodbury South|SY860935|England|2|2022|2023|UKBMS|50.7409|-2.1998|6.813|3.337
Wild Woodbury|SY852941|England|2|2022|2023|UKBMS|50.7463|-2.2111|7.351|4.547
Hooke Farm|ST532006|England|2|2022|2023|UKBMS|50.8031|-2.6655|6.671|5.065
Hicks|SZ103966|England|2|2022|2023|UKBMS|50.7689|-1.8553|7.412|5.127
Leigh Woods|ST561733|England|6|2011|2023|UKBMS|51.4570|-2.6332|1.204|-0.844
Collard Hill|ST487340|England|10|2011|2023|UKBMS|51.1030|-2.7341|5.819|1.791
Shute Shelve Hill|ST423549|England|13|2011|2023|UKBMS|51.2903|-2.8288|6.409|3.615
Ash Priors Common (2013)|ST152289|England|11|2013|2023|UKBMS|51.0532|-3.2112|-1.118|-0.334
Netherclay|ST197250|England|10|2013|2022|UKBMS|51.0187|-3.1462|6.104|2.229
Wych Lodge Valley|ST251199|England|11|2013|2023|UKBMS|50.9736|-3.0682|1.017|-2.333
Shapwick Heath East|ST426406|England|11|2013|2023|UKBMS|51.1618|-2.8222|0.616|-1.674
Shapwick Heath Canada Farm|ST417406|England|11|2013|2023|UKBMS|51.1617|-2.8351|0.120|-0.987
Cheddar Wood 2013|ST448556|England|11|2013|2023|UKBMS|51.2968|-2.7931|0.171|-2.255
Lower Chelmsine|ST192185|England|10|2014|2023|UKBMS|50.9602|-3.1519|3.214|0.419
Bennett's Patch and White's Paddock|ST551752|England|9|2015|2023|UKBMS|51.4740|-2.6479|1.579|4.273
Priddy Mineries|ST546510|England|9|2015|2023|UKBMS|51.2563|-2.6520|0.068|-1.037
Knyfton's Firs|ST500501|England|9|2015|2023|UKBMS|51.2479|-2.7177|-0.176|-3.209
Meads Eco Park|ST292362|England|6|2016|2022|UKBMS|51.1207|-3.0130|2.815|3.635
Lusty Hill Farm|ST681341|England|4|2016|2023|UKBMS|51.1053|-2.4570|1.392|-0.050
Narroways and Ashley Hill Allotments|ST599751|England|7|2017|2023|UKBMS|51.4734|-2.5787|0.351|4.146
Packhorse Meadow|ST751614|England|7|2017|2023|UKBMS|51.3511|-2.3589|1.632|-1.790
Ubley Warren 2018|ST505555|England|6|2018|2023|UKBMS|51.2965|-2.7113|2.553|2.653
Fyne Court 2|ST222320|England|6|2018|2023|UKBMS|51.0820|-3.1121|0.189|-2.155
Cadbury Camp|ST454724|England|6|2018|2023|UKBMS|51.4479|-2.7871|6.454|4.142
Cothelstone Hill|ST191326|England|6|2018|2023|UKBMS|51.0870|-3.1564|4.464|3.766
Tyntesfield Truckle Wood/Abrahams|ST499716|England|5|2018|2023|UKBMS|51.4412|-2.7222|2.258|-2.081
Bathwick Fields|ST760644|England|4|2019|2023|UKBMS|51.3781|-2.3462|6.107|2.683
Smallcombe Vale|ST763639|England|4|2019|2023|UKBMS|51.3737|-2.3419|5.463|4.187
Rainbow Wood Fields|ST764633|England|4|2019|2023|UKBMS|51.3683|-2.3404|3.779|1.768
Sham Castle Down|ST764652|England|5|2019|2023|UKBMS|51.3853|-2.3405|3.601|1.302
Thurlbear Quarrylands 2019|ST272209|England|5|2019|2023|UKBMS|50.9829|-3.0385|0.784|-2.135
Kingswood Warren|ST747359|England|4|2019|2022|UKBMS|51.1218|-2.3629|-2.402|0.375
Hinkley 2015|ST210456|England|3|2020|2022|UKBMS|51.2041|-3.1322|3.135|0.246
Fairview|ST470529|England|4|2020|2023|UKBMS|51.2728|-2.7611|1.644|3.703
Westhay Moor (The Mire)|ST454439|England|3|2021|2023|UKBMS|51.1917|-2.7827|-0.094|1.337
Westhay Moor (Viridor Transect)|ST456440|England|3|2021|2023|UKBMS|51.1926|-2.7799|-1.721|4.452
RSPB Ham Wall 2020+|ST452399|England|3|2021|2023|UKBMS|51.1557|-2.7850|-0.027|-0.520
Jubilee Stone & Badgers Wood|ST499677|England|3|2021|2023|UKBMS|51.4061|-2.7217|1.772|-1.804
Gordano Valley|ST439733|England|3|2021|2023|UKBMS|51.4559|-2.8088|0.844|-2.959
Hengrove Mounds|ST590685|England|3|2021|2023|UKBMS|51.4140|-2.5909|2.859|1.852
SWT Catcott Reserve|ST403412|England|2|2022|2023|UKBMS|51.1669|-2.8552|4.233|0.473
Aller Wood & Turn Hill (2022 route)|ST413315|England|2|2022|2023|UKBMS|51.0798|-2.8393|1.475|-2.059
Northern Slopes|ST592704|England|2|2022|2023|UKBMS|51.4311|-2.5883|-0.241|-1.478
East Harptree Woods|ST557543|England|1|2022|2022|UKBMS|51.2861|-2.6366|-0.119|-0.810
Grow Wilder|ST626770|England|1|2022|2022|UKBMS|51.4907|-2.5401|1.432|3.169
Hellenge Hill|ST344571|England|2|2022|2023|UKBMS|51.3092|-2.9425|2.602|1.083
Burrington Ham|ST487582|England|1|2022|2022|UKBMS|51.3206|-2.7375|1.366|-1.886
Chiddingfold Forest East|SU985344|England|9|2015|2023|UKBMS|51.1005|-0.5946|6.672|4.286
Chiddingfold Forest West|SU982337|England|9|2015|2023|UKBMS|51.0942|-0.5991|0.781|-1.421
Foxley Wood, Purley|TQ315604|England|9|2015|2023|UKBMS|51.3275|-0.1140|2.127|4.197
West Hanger, Shere Woodlands|TQ066490|England|9|2015|2023|UKBMS|51.2302|-0.4746|0.758|0.202
Runnymede, Egham (2015 route)|TQ005718|England|9|2015|2023|UKBMS|51.4363|-0.5556|2.848|1.775
Wimbledon Common SW and Fishponds Wood|TQ219712|England|9|2015|2023|UKBMS|51.4267|-0.2480|-1.322|-2.043
Shortfield Common, Frensham|SU841422|England|9|2015|2023|UKBMS|51.1729|-0.7984|6.874|3.598
Wimbledon Common (2015 route)|TQ231725|England|9|2015|2023|UKBMS|51.4381|-0.2303|3.842|0.064
RHS Wisley - Main Garden|TQ062581|England|4|2015|2023|UKBMS|51.3121|-0.4777|1.822|0.513
Chiddingfold Forest South|SU981323|England|9|2015|2023|UKBMS|51.0816|-0.6009|-1.763|0.756
Brentmoor Heath Cuckoo Hill|SU933610|England|9|2015|2023|UKBMS|51.3404|-0.6619|-2.452|1.050
Tolworth Court Farm|TQ198649|England|9|2015|2023|UKBMS|51.3705|-0.2803|5.279|3.369
Chobham Grazing South|SU974645|England|5|2015|2023|UKBMS|51.3712|-0.6021|-0.784|3.244
Merrow Downs|TQ026498|England|8|2016|2023|UKBMS|51.2382|-0.5317|2.603|2.273
Chipstead Downs and Fames Rough|TQ268573|England|8|2016|2023|UKBMS|51.3007|-0.1825|-0.567|-2.177
Horton Country Park North|TQ194630|England|8|2016|2023|UKBMS|51.3535|-0.2867|0.497|-0.842
The Mount, Guildford|SU976487|England|8|2016|2023|UKBMS|51.2292|-0.6036|1.632|3.072
Barnes Common|TQ222759|England|7|2016|2023|UKBMS|51.4689|-0.2421|0.702|-0.776
Nonsuch Park, Cheam|TQ231637|England|8|2016|2023|UKBMS|51.3590|-0.2334|5.408|1.198
Leith Hill Place|TQ130421|England|8|2016|2023|UKBMS|51.1670|-0.3852|6.131|4.342
Reigate Heath|TQ235501|England|7|2016|2023|UKBMS|51.2367|-0.2323|2.565|-0.801
Spynes Mere|TQ306524|England|8|2016|2023|UKBMS|51.2558|-0.1299|-2.611|5.302
Selsdon Wood|TQ362615|England|8|2016|2023|UKBMS|51.3363|-0.0462|0.884|-3.243
Water Colours/Moors|TQ291514|England|8|2016|2023|UKBMS|51.2472|-0.1517|5.159|3.663
Dawney's Hill Common and Brookwood Cemetery|SU947565|England|8|2016|2023|UKBMS|51.2998|-0.6430|-2.358|0.885
Featherbed Lane GC|TQ377620|England|2|2016|2023|UKBMS|51.3404|-0.0245|4.237|2.078
RSPB Farnham Heath - East|SU861438|England|6|2016|2023|UKBMS|51.1870|-0.7694|-0.849|3.214
Oxted Downs, Gangers Hill (2017 route)|TQ376541|England|7|2017|2023|UKBMS|51.2694|-0.0289|1.741|1.451
Hurst Meadows, East Molesey|TQ144689|England|6|2017|2023|UKBMS|51.4076|-0.3566|3.394|0.909
Clandon Wood Natural Burial Ground|TQ048512|England|6|2017|2023|UKBMS|51.2504|-0.4998|3.913|3.259
Oaken Wood West|SU989338|England|7|2017|2023|UKBMS|51.0950|-0.5891|1.842|-0.660
Barossa and Poors Allotment|SU886632|England|7|2017|2023|UKBMS|51.3610|-0.7288|-2.020|0.734
Polesden Lacey East|TQ142519|England|7|2017|2023|UKBMS|51.2548|-0.3649|5.583|3.878
Langley Vale Wood A|TQ212564|England|6|2018|2023|UKBMS|51.2938|-0.2631|6.488|1.102
Stave Hill Ecology Park, Rotherhithe|TQ361798|England|6|2018|2023|UKBMS|51.5008|-0.0406|5.177|1.785
Gatwick Airport, North West Zone|TQ256407|England|4|2018|2022|UKBMS|51.1518|-0.2056|1.952|-1.911
Denbies Hillside Secretaries, Dorking|TQ151501|England|6|2018|2023|UKBMS|51.2385|-0.3526|2.413|2.350
Hatchlands Park|TQ067519|England|4|2018|2023|UKBMS|51.2563|-0.4723|6.028|3.216
One Tree Hill and Brenchley Gardens|TQ354743|England|6|2018|2023|UKBMS|51.4515|-0.0528|0.950|-1.740
Oxted Downs, Whistlers Steep (2018 route)|TQ386543|England|6|2018|2023|UKBMS|51.2710|-0.0145|1.992|1.880
Streatham Common|TQ309708|England|6|2018|2023|UKBMS|51.4211|-0.1188|2.104|4.534
Lloyd Park, Croydon|TQ340649|England|5|2018|2022|UKBMS|51.3674|-0.0765|2.846|0.017
Gatwick Airport, Land East of the Railway|TQ293403|England|5|2018|2023|UKBMS|51.1474|-0.1528|1.463|3.910
Whitmoor Common|SU986535|England|5|2018|2023|UKBMS|51.2721|-0.5879|-0.703|2.810
Ham Lands South|TQ166719|England|6|2018|2023|UKBMS|51.4341|-0.3240|0.755|-1.174
Hankley Common North|SU887415|England|6|2018|2023|UKBMS|51.1659|-0.7328|0.104|3.050
Elstead Common|SU905420|England|6|2018|2023|UKBMS|51.1701|-0.7069|-0.676|3.271
Coulsdon Common Merlewood Far|TQ326574|England|6|2018|2023|UKBMS|51.3003|-0.0994|5.963|4.256
Bookham Common|TQ124565|England|5|2019|2023|UKBMS|51.2965|-0.3893|0.494|-2.944
Hooley Meadows|TQ287569|England|5|2019|2023|UKBMS|51.2967|-0.1554|1.053|0.550
Brockwell Park, Herne Hill|TQ316738|England|5|2019|2023|UKBMS|51.4479|-0.1076|3.687|2.278
Earlswood Common (2019 route)|TQ270486|England|4|2019|2023|UKBMS|51.2225|-0.1828|2.304|-1.811
Frensham Great Pond|SU845406|England|5|2019|2023|UKBMS|51.1584|-0.7931|0.332|-2.248
Mare Hill Common|SU936401|England|5|2019|2023|UKBMS|51.1525|-0.6631|-0.369|2.718
Belair Park|TQ327733|England|5|2019|2023|UKBMS|51.4432|-0.0920|7.022|3.686
Burgess Park North, Walworth|TQ330777|England|5|2019|2023|UKBMS|51.4826|-0.0860|0.473|5.587
Burgess Park South, Walworth|TQ332776|England|5|2019|2023|UKBMS|51.4817|-0.0832|2.637|2.133
Hogsmill Nature Trail, Malden Manor|TQ207663|England|4|2020|2023|UKBMS|51.3829|-0.2669|1.026|5.333
Cannon Hill Common, Raynes Park|TQ238683|England|4|2020|2023|UKBMS|51.4002|-0.2217|2.621|-1.973
Polesden Lacey Stony Rock|TQ124503|England|4|2020|2023|UKBMS|51.2408|-0.3912|0.615|2.089
Dungeon Hill, Woodmansterne|TQ271592|England|4|2020|2023|UKBMS|51.3177|-0.1776|0.906|-0.474
Dulwich Park|TQ334737|England|4|2020|2023|UKBMS|51.4466|-0.0818|1.574|5.316
West Norwood Cemetery|TQ323721|England|2|2020|2023|UKBMS|51.4325|-0.0982|1.857|-2.592
Barnes Common, The Orchard|TQ222756|England|4|2020|2023|UKBMS|51.4662|-0.2422|-1.329|-0.522
Leg O'Mutton Reservoir, Barnes|TQ217773|England|4|2020|2023|UKBMS|51.4816|-0.2488|0.638|-1.912
Sidney Wood and Park Copse|TQ024344|England|3|2021|2023|UKBMS|51.0998|-0.5389|-2.646|1.053
Ham Lands North|TQ164727|England|3|2021|2023|UKBMS|51.4413|-0.3266|0.724|-2.550
Polesden Lacey West (2021 route)|TQ132519|England|3|2021|2023|UKBMS|51.2550|-0.3792|6.049|3.569
Sanderstead to Whyteleafe Countryside Area|TQ339598|England|3|2021|2023|UKBMS|51.3216|-0.0798|6.666|3.930
Millstock|TQ287577|England|1|2022|2022|UKBMS|51.3039|-0.1552|6.266|2.467
Runnymede North|SU997726|England|2|2022|2023|UKBMS|51.4436|-0.5668|6.733|4.752
Wandsworth Common Grassland|TQ270743|England|2|2022|2023|UKBMS|51.4534|-0.1736|0.881|4.136
Croham Hurst|TQ337632|England|2|2022|2023|UKBMS|51.3522|-0.0814|0.992|-2.066
Molesey Reservoirs|TQ122687|England|2|2022|2023|UKBMS|51.4062|-0.3883|-2.765|5.508
Runnymede Riverside|SU999727|England|2|2022|2023|UKBMS|51.4445|-0.5639|6.821|3.739
Thundry Meadows Nature Reserve, Elstead|SU895440|England|2|2022|2023|UKBMS|51.1882|-0.7207|0.359|-0.712
Unstead Wetland Nature Reserve, Godalming|SU995456|England|2|2022|2023|UKBMS|51.2010|-0.5772|2.517|0.918
Wingate Hill (2020 route)|TQ265523|England|2|2022|2023|UKBMS|51.2558|-0.1886|1.346|0.231
Bushy Bank|SU583915|England|8|2015|2023|UKBMS|51.6193|-1.1593|9.052|0.860
Yoesden 2016 route|SU788981|England|8|2016|2023|UKBMS|51.6762|-0.8618|6.712|3.873
Fobney Island|SU702710|England|7|2017|2023|UKBMS|51.4337|-0.9915|2.466|1.115
Cock Marsh|SU882867|England|6|2017|2023|UKBMS|51.5723|-0.7287|-0.327|-1.880
Incombe Hole|SP959157|England|5|2018|2023|UKBMS|51.8317|-0.6097|1.879|2.012
Lids Down|SU547849|England|6|2018|2023|UKBMS|51.5603|-1.2123|3.796|2.883
Thrupp Lake|SU519975|England|6|2018|2023|UKBMS|51.6739|-1.2509|-2.138|4.619
Buckingham Railway Walk|SP692334|England|6|2018|2023|UKBMS|51.9947|-0.9935|-0.089|4.605
Stoke Common|SU986853|England|6|2018|2023|UKBMS|51.5580|-0.5791|-0.694|3.084
Abbey Fishponds LNR|SU512979|England|6|2018|2023|UKBMS|51.6775|-1.2609|0.398|5.139
West Wycombe Hill|SU827950|England|4|2019|2023|UKBMS|51.6477|-0.8061|0.669|1.395
Sallow Copse|SP971135|England|4|2019|2023|UKBMS|51.8117|-0.5929|1.858|-1.896
Bradfield, Mirams Copse|SU579728|England|4|2020|2023|UKBMS|51.4512|-1.1682|-1.030|-2.638
Warwick Spinney|SU610920|England|4|2020|2023|UKBMS|51.6235|-1.1202|3.733|2.117
Holly Copse|SU596701|England|4|2020|2023|UKBMS|51.4268|-1.1441|2.673|2.903
Owlpit Copse, Bradfield|SU587732|England|3|2021|2023|UKBMS|51.4547|-1.1566|1.971|1.423
Oxfordshire Golf Club|SP683043|England|3|2021|2023|UKBMS|51.7333|-1.0124|6.277|3.781
Kings Barn Rogues|SU815867|England|2|2022|2023|UKBMS|51.5733|-0.8254|4.143|3.754
Aston Upthorpe Downs extension|SU545835|England|2|2022|2023|UKBMS|51.5478|-1.2154|3.207|3.190
Floodplain Forest|SP806420|England|2|2022|2023|UKBMS|52.0705|-0.8255|2.057|-0.496
Linford Lakes Nature Reserve|SP838430|England|2|2022|2023|UKBMS|52.0790|-0.7786|-2.763|5.286
Whiteleaf Cross Nature Reserve|SP821040|England|2|2022|2023|UKBMS|51.7287|-0.8127|0.653|0.460
Howe Park Wood (new)|SP833343|England|2|2022|2023|UKBMS|52.0009|-0.7880|0.077|-2.773
Elfield Nature Park|SP853364|England|2|2022|2023|UKBMS|52.0195|-0.7584|-0.227|4.393
Stonepit Field|SP844421|England|2|2022|2023|UKBMS|52.0708|-0.7701|3.143|0.590
Magna Park|SP918389|England|2|2022|2023|UKBMS|52.0409|-0.6630|-2.442|4.798
Tattenhoe Valley|SP827330|England|2|2022|2023|UKBMS|51.9893|-0.7971|3.064|0.136
Wollaton LNR|SK529402|England|9|2015|2023|UKBMS|52.9566|-1.2140|1.366|-2.966
Ollerton Pit Wood|SK670673|England|7|2015|2023|UKBMS|53.1986|-0.9985|1.833|-2.366
Bardon Hill Quarry 2|SK460131|England|9|2015|2023|UKBMS|52.7136|-1.3205|-0.717|0.850
Donisthorpe Woodland Park|SK315140|England|9|2015|2023|UKBMS|52.7227|-1.5351|0.093|5.092
Great Glen|SP655975|England|9|2015|2023|UKBMS|52.5714|-1.0350|0.200|5.528
Croft Hill Nature Trail|SP513970|England|8|2016|2023|UKBMS|52.5684|-1.2446|1.240|5.287
Sarah's Wood|SK313157|England|8|2016|2023|UKBMS|52.7380|-1.5379|0.516|-3.429
Elton Guide Campsite|SK765401|England|8|2016|2023|UKBMS|52.9528|-0.8628|0.984|2.230
Skylarks NR|SK623386|England|6|2016|2023|UKBMS|52.9412|-1.0744|-2.360|4.578
Toyota UK Burnaston Pond|SK288302|England|8|2016|2023|UKBMS|52.8685|-1.5736|0.707|-0.920
Toyota UK Burnaston Meadow|SK289312|England|8|2016|2023|UKBMS|52.8775|-1.5720|5.930|3.358
Toyota UK Burnaston Grid 1 to Buildings|SK288307|England|8|2016|2023|UKBMS|52.8730|-1.5736|0.400|5.967
Toyota UK Burnaston Grid 2 to Buildings|SK294307|England|8|2016|2023|UKBMS|52.8730|-1.5647|0.776|5.826
Coton Park LNR|SK270180|England|8|2016|2023|UKBMS|52.7589|-1.6014|4.902|1.850
Lightwood, Buxton|SK054751|England|8|2016|2023|UKBMS|53.2729|-1.9205|0.467|0.151
Hilton Gravel Pits NR|SK247314|England|8|2016|2023|UKBMS|52.8795|-1.6344|-0.618|-1.318
Gnathole Farm, Glossop|SK035926|England|8|2016|2023|UKBMS|53.4302|-1.9488|-0.252|4.274
Hardwick Park - Section 11|SK456639|England|8|2016|2023|UKBMS|53.1703|-1.3193|1.087|1.134
Carr Vale 2|SK462695|England|8|2016|2023|UKBMS|53.2206|-1.3095|-1.915|-1.281
Lawrence Field and Padley|SK256801|England|7|2016|2023|UKBMS|53.3172|-1.6172|0.960|2.482
Cotgrave Woods|SK646323|England|7|2017|2023|UKBMS|52.8843|-1.0414|0.412|-1.602
Sandy Banks LNR Bestwood|SK567451|England|7|2017|2023|UKBMS|53.0002|-1.1566|1.435|5.084
University Park Campus Nottingham|SK539380|England|5|2017|2023|UKBMS|52.9367|-1.1995|0.539|-0.085
Brook Park Shirebrook|SK536667|England|6|2017|2023|UKBMS|53.1947|-1.1992|-2.830|1.157
Broomfield College|SK385401|England|7|2017|2023|UKBMS|52.9569|-1.4284|1.534|4.448
Denby Footpaths 2|SK393465|England|7|2017|2023|UKBMS|53.0144|-1.4157|5.644|4.626
Markham Vale North Seymour|SK450738|England|7|2017|2023|UKBMS|53.2593|-1.3269|0.314|5.735
Bottom Moor Wood Matlock Moor|SK322626|England|7|2017|2023|UKBMS|53.1596|-1.5199|-1.757|0.637
Clowne Linear Park and Railway Line|SK498754|England|7|2017|2023|UKBMS|53.2733|-1.2547|-0.055|-1.070
Holmebrook Valley Park|SK355730|England|7|2017|2023|UKBMS|53.2528|-1.4694|4.937|2.455
Poolsbrook Country Park North|SK440741|England|7|2017|2023|UKBMS|53.2621|-1.3418|-0.550|-2.641
Poolsbrook Country Park South|SK435733|England|7|2017|2023|UKBMS|53.2549|-1.3494|1.197|0.051
Clover Close Meadows Elvaston|SK407323|England|7|2017|2023|UKBMS|52.8866|-1.3966|2.540|0.409
Manor Farm LNR Long Eaton|SK499341|England|7|2017|2023|UKBMS|52.9020|-1.2596|0.325|5.456
Willesley Wood|SK333142|England|6|2017|2023|UKBMS|52.7244|-1.5084|-0.475|1.479
Freckland Wood|SK524527|England|6|2018|2023|UKBMS|53.0690|-1.2194|1.042|3.310
Newstead & Annesley CP 2|SK521530|England|6|2018|2023|UKBMS|53.0717|-1.2238|1.031|5.690
School Lane, Colston Bassett|SK693327|England|6|2018|2023|UKBMS|52.8873|-0.9715|7.786|1.191
Bevercotes Pit Wood|SK696734|England|6|2018|2023|UKBMS|53.2531|-0.9583|-2.303|0.886
Dene Quarry & Gang Mine NR|SK280550|England|6|2018|2023|UKBMS|53.0915|-1.5834|0.672|3.294
Markham South Pit - Linear Route|SK450715|England|6|2018|2023|UKBMS|53.2386|-1.3272|2.122|4.579
Markham South Pit - Perimeter Route|SK450710|England|6|2018|2023|UKBMS|53.2341|-1.3273|10.323|2.628
Bamford 2|SK200820|England|6|2018|2023|UKBMS|53.3345|-1.7011|4.028|4.674
Derby Canal Little Eaton|SK363406|England|6|2018|2023|UKBMS|52.9615|-1.4610|2.501|-1.364
The Forge Ironville|SK441512|England|6|2018|2023|UKBMS|53.0562|-1.3435|1.109|-1.821
Brown's Hay, Sandhills|SK506109|England|6|2018|2023|UKBMS|52.6934|-1.2528|3.906|2.623
Charnwood Lodge|SK468157|England|6|2018|2023|UKBMS|52.7369|-1.3083|-1.968|-1.132
Cover Cloud, Sandhills|SK497103|England|6|2018|2023|UKBMS|52.6881|-1.2662|-1.119|-3.305
Fosse Meadows (2018)|SP489910|England|6|2018|2023|UKBMS|52.5147|-1.2808|5.854|4.298
Quarry Lane Nature Reserve|SK534601|England|4|2019|2022|UKBMS|53.1354|-1.2033|0.018|3.474
Ashbourne Town|SK175465|England|5|2019|2023|UKBMS|53.0155|-1.7406|0.472|3.859
Norbriggs Flash|SK444754|England|5|2019|2023|UKBMS|53.2737|-1.3357|5.395|4.415
Cunningdale|SK076732|England|5|2019|2023|UKBMS|53.2558|-1.8875|2.903|3.363
Eastern Moors - Curbar|SK255755|England|4|2019|2023|UKBMS|53.2759|-1.6191|-0.802|-0.698
Charnwood Lodge Timberwood Hill|SK471148|England|5|2019|2023|UKBMS|52.7288|-1.3040|4.384|3.129
QEII Diamond Jubilee Wood|SK385123|England|5|2019|2023|UKBMS|52.7070|-1.4316|1.995|0.736
Mapleton|SK165482|England|4|2019|2022|UKBMS|53.0308|-1.7554|3.666|1.909
Stoney Wood Wirksworth|SK284543|England|5|2019|2023|UKBMS|53.0852|-1.5774|1.805|1.139
Tansley Dale|SK171747|England|5|2019|2023|UKBMS|53.2690|-1.7451|3.339|2.230
BASF Factory Alfreton|SK415545|England|4|2019|2023|UKBMS|53.0861|-1.3818|0.476|-2.660
Wilwell Farm Cutting|SK567350|England|4|2020|2023|UKBMS|52.9094|-1.1583|0.322|-1.054
Radcliffe On Trent (clifftop riverside and field margin)|SK651406|England|4|2020|2023|UKBMS|52.9588|-1.0323|-1.743|-0.691
The Hook, Lady Bay|SK592385|England|4|2020|2023|UKBMS|52.9406|-1.1205|3.287|0.512
Hucknall Ranges|SK532505|England|4|2020|2023|UKBMS|53.0491|-1.2078|2.470|-0.010
Lubrizol Estate Hazelwood|SK320455|England|4|2020|2023|UKBMS|53.0059|-1.5246|2.108|4.514
Studland Common|SZ276922|England|8|2016|2023|UKBMS|50.7288|-1.6103|6.417|3.960
Frohawk|SU318048|England|8|2016|2023|UKBMS|50.8419|-1.5497|-0.448|0.488
Janesmoor|SU252135|England|8|2016|2023|UKBMS|50.9204|-1.6429|2.847|-1.373
RSPB Hazeley Heath East|SU745590|England|7|2016|2023|UKBMS|51.3252|-0.9322|-0.707|0.357
RSPB Hazeley Heath West|SU750581|England|7|2016|2023|UKBMS|51.3171|-0.9252|-1.691|-1.826
Acres Down|SU268093|England|8|2016|2023|UKBMS|50.8826|-1.6204|0.212|2.657
Selborne Common|SU736331|England|7|2017|2023|UKBMS|51.0925|-0.9504|0.243|-2.602
Briddlesford Woods Nature Reserve 1|SZ549905|England|7|2017|2023|UKBMS|50.7115|-1.2238|0.416|-3.595
Blashford Lakes South|SU150077|England|7|2017|2023|UKBMS|50.8686|-1.7882|-2.863|5.490
Kemphill Moor Copse|SZ569896|England|7|2017|2023|UKBMS|50.7033|-1.1956|0.915|-2.607
Blashford Lakes North|SU155084|England|7|2017|2023|UKBMS|50.8749|-1.7811|2.987|-0.804
Morn Hill (Mound & Percy Hobbs Meadows)|SU518292|England|7|2017|2023|UKBMS|51.0598|-1.2622|1.249|0.680
Gilbert White's House Garden and Meadow|SU740334|England|7|2017|2023|UKBMS|51.0951|-0.9446|3.729|2.939
Blackwater New Forest|SU264047|England|7|2017|2023|UKBMS|50.8412|-1.6264|-2.036|-0.024
Harewood Common|SU393452|England|7|2017|2023|UKBMS|51.2047|-1.4388|6.216|4.167
Vales Moor|SU189040|England|7|2017|2023|UKBMS|50.8352|-1.7330|1.636|2.315
Abbotswood|SU363225|England|7|2017|2023|UKBMS|51.0008|-1.4841|-1.123|-0.997
Westend Copse|SU458145|England|6|2017|2023|UKBMS|50.9281|-1.3497|0.249|-2.859
Basing Wood|SU645555|England|6|2018|2023|UKBMS|51.2950|-1.0763|0.178|-0.653
Roe North|SU197094|England|6|2018|2023|UKBMS|50.8838|-1.7213|-1.182|0.081
Roe South|SU202086|England|6|2018|2023|UKBMS|50.8765|-1.7143|0.726|-3.342
Great Linford|SU182077|England|6|2018|2023|UKBMS|50.8685|-1.7427|3.306|-1.253
Romsey Allotment Holders Association Allotments|SU360210|England|6|2018|2023|UKBMS|50.9873|-1.4885|-0.071|4.429
Staunton Country Park (woods)|SU721092|England|5|2018|2022|UKBMS|50.8778|-0.9766|3.482|1.345
Staunton Country Park (meadow & lake)|SU717090|England|5|2018|2022|UKBMS|50.8761|-0.9823|3.964|1.632
Little Linford|SU185072|England|6|2018|2023|UKBMS|50.8640|-1.7385|0.394|-3.774
Yew Hill (Hill Top)|SU453264|England|5|2018|2022|UKBMS|51.0352|-1.3553|4.485|4.017
Hightown Common|SU179054|England|6|2018|2023|UKBMS|50.8478|-1.7471|-0.309|0.498
Furzey Gardens|SU273113|England|4|2019|2023|UKBMS|50.9005|-1.6132|2.077|-0.994
Ballard Water Meadow|SZ240955|England|5|2019|2023|UKBMS|50.7586|-1.6611|1.734|4.643
West Wood (Burrow Copse)|SU423296|England|5|2019|2023|UKBMS|51.0642|-1.3977|0.181|-2.464
Ox Drove Meadow|SU396469|England|5|2019|2023|UKBMS|51.2199|-1.4344|1.971|1.188
Black Down|SU352069|England|5|2019|2023|UKBMS|50.8605|-1.5012|-0.945|3.074
Broomy Plain|SU222114|England|5|2019|2023|UKBMS|50.9017|-1.6857|-0.843|3.112
Claypits Bottom|SU227162|England|5|2019|2023|UKBMS|50.9448|-1.6783|-0.510|0.619
Dur Hill|SU192013|England|5|2019|2023|UKBMS|50.8109|-1.7289|0.134|3.785
Micheldever Wood|SU531369|England|5|2019|2023|UKBMS|51.1289|-1.2426|-0.786|-1.042
Brockishill|SU300118|England|4|2020|2023|UKBMS|50.9049|-1.5747|-0.964|-1.810
Martin Down Kitts Grave Extension|SU032206|England|4|2020|2023|UKBMS|50.9848|-1.9558|-0.438|-1.286
Yateley Common South Central|SU826589|England|4|2020|2023|UKBMS|51.3232|-0.8160|-0.810|3.213
Yateley Common East|SU835595|England|4|2020|2023|UKBMS|51.3285|-0.8029|-0.112|1.239
Yateley Common West|SU814589|England|4|2020|2023|UKBMS|51.3234|-0.8332|-0.531|-0.048
Bouldnor Forest 2|SZ379901|England|4|2020|2023|UKBMS|50.7093|-1.4646|-0.560|-0.719
Hyden Hill|SU688196|England|3|2021|2023|UKBMS|50.9717|-1.0215|9.998|1.225
Shawford Down|SU470249|England|3|2021|2023|UKBMS|51.0216|-1.3313|3.113|3.545
Deacon Hill|SU494276|England|3|2021|2023|UKBMS|51.0456|-1.2967|2.760|2.291
Whitchurch (Mill-trail)|SU472478|England|3|2021|2023|UKBMS|51.2274|-1.3254|2.504|-0.711
Shepherd's Chine|SZ445799|England|3|2021|2023|UKBMS|50.6171|-1.3724|-2.573|5.643
Grange Chine|SZ420817|England|3|2021|2023|UKBMS|50.6335|-1.4075|-2.498|5.616
Hillier Gardens 2|SU379238|England|2|2022|2023|UKBMS|51.0123|-1.4611|4.728|3.333
Keeping Marsh 22|SU398011|England|2|2022|2023|UKBMS|50.8081|-1.4365|2.703|-1.781
Poulner Lakes|SU156068|England|2|2022|2023|UKBMS|50.8605|-1.7797|2.004|-0.896
Brading Down LNR 2|SZ600867|England|2|2022|2023|UKBMS|50.6769|-1.1522|3.043|0.844
Hillier Gardens 1|SU374239|England|2|2022|2023|UKBMS|51.0133|-1.4682|-1.435|0.314
Twyford Waterworks|SU492248|England|2|2022|2023|UKBMS|51.0205|-1.2999|3.640|3.619
RSPB Hazeley Bottom|SU746585|England|2|2022|2023|UKBMS|51.3207|-0.9309|5.849|2.444
Bere Copse|SU604148|England|2|2022|2023|UKBMS|50.9295|-1.1419|-0.721|-2.543
Bury Hill|SU345432|England|2|2022|2023|UKBMS|51.1870|-1.5077|3.752|2.486
Skirrid|SO327167|Wales|6|2017|2023|UKBMS|51.8448|-2.9783|-0.533|-3.349
Fenns, Whixall NNR transect C|SJ482371|Wales|6|2018|2023|UKBMS|52.9288|-2.7720|-0.694|1.936
Bryn Euryn, Rhos-on-Sea|SH829800|Wales|6|2018|2023|UKBMS|53.3040|-3.7587|-0.466|-2.820
Merthyr Mawr NNR 2|SS860770|Wales|6|2018|2023|UKBMS|51.4804|-3.6430|1.323|1.434
New Range Transect (South Stack)|SH214799|Wales|4|2018|2023|UKBMS|53.2859|-4.6807|-0.851|3.160
Rhyd-y-Fen, Migneint|SH832397|Wales|5|2018|2023|UKBMS|52.9419|-3.7396|-1.129|2.145
Skrinkle - Manorbier|SS080975|Wales|4|2020|2023|UKBMS|51.6434|-4.7763|2.408|2.182
Freshwater East|SS016979|Wales|4|2020|2023|UKBMS|51.6448|-4.8689|1.288|1.162
Cwm Ivy Tor (2021 route)|SS436941|Wales|3|2021|2023|UKBMS|51.6239|-4.2608|1.742|1.793
Bishopston Valley|SS568877|Wales|3|2021|2023|UKBMS|51.5699|-4.0676|-0.059|-1.548
Pwll Du - Brandy Cove|SS581872|Wales|3|2021|2023|UKBMS|51.5658|-4.0487|-2.136|5.475
Coed Bell|SJ088830|Wales|3|2021|2023|UKBMS|53.3360|-3.3711|2.080|-1.368
Tir Cethyn Farm|SS556952|Wales|3|2021|2023|UKBMS|51.6370|-4.0880|4.438|2.136
Lavernock National Nature Reserve|ST180679|Wales|3|2021|2023|UKBMS|51.4042|-3.1802|1.016|0.042
Lydstep Point|SS088975|Wales|2|2022|2023|UKBMS|51.6437|-4.7648|1.590|5.313
Centre for Alternative Technology Wales|SH755044|Wales|1|2022|2022|UKBMS|52.6230|-3.8406|-1.632|-0.549
Giltar Point|SS120985|Wales|2|2022|2023|UKBMS|51.6538|-4.7191|2.801|2.103
Llandough Allotments, Corbett Road|ST166725|Wales|2|2022|2023|UKBMS|51.4453|-3.2014|1.422|-1.917
RSPB Old Hall Marshes, Essex|TL960123|England|6|2017|2023|UKBMS|51.7750|0.8396|3.667|0.806
Coton Countryside Reserve North (CPPF)|TL413583|England|7|2017|2023|UKBMS|52.2048|0.0663|6.495|1.615
Hyde Hall|TQ782997|England|4|2018|2023|UKBMS|51.6678|0.5755|5.172|1.999
Pound Wood EWT|TQ820888|England|6|2018|2023|UKBMS|51.5687|0.6247|0.061|-2.376
Ferry Medows B 2019|TL142972|England|5|2019|2023|UKBMS|52.5607|-0.3168|3.339|-1.130
EWT Hanningfield Reserve|TQ726972|England|5|2019|2023|UKBMS|51.6471|0.4933|0.429|-3.699
Ferry Medows A 2019|TL148975|England|5|2019|2023|UKBMS|52.5632|-0.3078|7.303|3.617
Ferry Meadows E|TL152977|England|4|2020|2023|UKBMS|52.5649|-0.3019|-0.530|-2.433
Spaldwick Village|TL127723|England|4|2020|2023|UKBMS|52.3372|-0.3473|6.769|3.114
Little Baddow Heath|TL788063|England|4|2020|2023|UKBMS|51.7269|0.5875|-1.376|-1.764
Ferry Meadows C|TL149974|England|4|2020|2023|UKBMS|52.5623|-0.3064|-0.654|-0.398
Ferry Meadows D|TL139981|England|4|2020|2023|UKBMS|52.5688|-0.3209|2.857|2.074
Cambridge University Botanic Garden|TL454571|England|3|2021|2023|UKBMS|52.1930|0.1258|3.015|2.622
Warley Place NR|TQ583908|England|3|2021|2023|UKBMS|51.5938|0.2839|3.427|2.192
RSPB Wallasea Island Marsh Flats Trail|TQ9594|England|3|2021|2023|UKBMS|51.6111|0.8149|4.030|2.972
Great Holland Pits EWT|TM203190|England|3|2021|2023|UKBMS|51.8262|1.1955|3.234|1.495
Chafford Gorges Nature park Wouldham Cliffs|TQ601793|England|3|2021|2023|UKBMS|51.4900|0.3047|0.667|5.531
Fingringhoe Wick 2|TM050193|England|3|2021|2023|UKBMS|51.8347|0.9740|0.963|4.291
Trumpington Meadows nature reserve (south)|TL434536|England|2|2022|2023|UKBMS|52.1621|0.0951|7.646|4.824
Hainault Forest|TQ476926|England|1|2022|2022|UKBMS|51.6129|0.1303|2.196|4.939
Swadywell Pit|TF118034|England|2|2022|2023|UKBMS|52.6169|-0.3501|3.369|2.863
Etton Maxey|TF138077|England|1|2022|2022|UKBMS|52.6551|-0.3191|-0.751|1.681
Garden on Meadgate Avenue|TL718058|England|1|2022|2022|UKBMS|51.7246|0.4860|0.502|4.802
Abbess Roding|TL571112|England|1|2022|2022|UKBMS|51.7774|0.2758|3.079|0.082
Meadgate Park & Meadow|TL726058|England|1|2022|2022|UKBMS|51.7244|0.4976|1.629|4.998
Park Wood, Chrishall|TL451390|England|1|2022|2022|UKBMS|52.0304|0.1137|3.076|0.333
Baddow Meads - River Chelmer|TL723062|England|1|2022|2022|UKBMS|51.7280|0.4934|7.482|4.427
Magog Downs|TL490530|England|2|2022|2023|UKBMS|52.1552|0.1766|4.424|3.454
Cely Woods|TQ560833|England|1|2022|2022|UKBMS|51.5271|0.2474|3.338|0.436
Lee Valley - Norman's Pond|TL378033|England|1|2022|2022|UKBMS|51.7115|-0.0069|3.184|1.853
West Wood|TL622332|England|2|2022|2023|UKBMS|51.9736|0.3600|-0.385|-2.407
Cheriton Hill, East|TR203381|England|5|2018|2022|UKBMS|51.0999|1.1452|4.591|3.878
Old Park Hill Nature Reserve|TR296436|England|5|2018|2023|UKBMS|51.1456|1.2813|1.408|-1.294
Bockhill Farm and Kingsdown Leas|TR377474|England|4|2018|2022|UKBMS|51.1764|1.3994|0.530|1.933
Darland Banks C|TQ786658|England|6|2018|2023|UKBMS|51.3632|0.5641|2.932|0.534
One Tree Hill (Greenwich Park)|TQ390775|England|5|2019|2023|UKBMS|51.4794|0.0003|1.575|2.175
Broadham Woods, Scotney Castle|TQ690357|England|5|2019|2023|UKBMS|51.0957|0.4121|5.879|2.390
South Foreland Valley and Lighthouse Down|TR363438|England|5|2019|2023|UKBMS|51.1447|1.3770|2.013|1.652
Parkland 2019, Scotney Castle|TQ686352|England|5|2019|2023|UKBMS|51.0913|0.4062|3.334|0.608
Shorne Woods Country Park|TQ683699|England|4|2019|2023|UKBMS|51.4032|0.4182|1.067|2.054
Lullingstone Country Park|TQ526638|England|5|2019|2023|UKBMS|51.3528|0.1901|0.838|4.605
Trosley Country Park|TQ632610|England|5|2019|2023|UKBMS|51.3247|0.3409|0.339|-0.542
Crofton Woods|TQ441664|England|5|2019|2023|UKBMS|51.3784|0.0691|-0.642|-3.051
Devonshire Road Nature Reserve|TQ355736|England|3|2019|2022|UKBMS|51.4452|-0.0516|0.995|5.416
Crofton Heath, Clay & Sparrow Woods & Kyd Brook|TQ442667|England|3|2021|2023|UKBMS|51.3810|0.0707|1.880|-3.088
Dover Castle|TR326418|England|3|2021|2023|UKBMS|51.1282|1.3229|5.054|1.576
Crockhamhill Common|TQ441517|England|3|2021|2023|UKBMS|51.2463|0.0632|-0.826|-3.055
Fackenden Down 2021|TQ529604|England|3|2021|2023|UKBMS|51.3222|0.1929|3.827|3.513
Hosey Common|TQ453530|England|3|2021|2023|UKBMS|51.2577|0.0809|-1.538|-2.966
Thornden Wood East|TR150638|England|3|2021|2023|UKBMS|51.3326|1.0850|1.215|-3.191
Thornden Wood West|TR142637|England|3|2021|2023|UKBMS|51.3320|1.0734|-2.633|0.906
Nemo Down|TR292417|England|3|2021|2023|UKBMS|51.1287|1.2743|2.910|2.733
Riverside Country Park|TQ809682|England|2|2021|2022|UKBMS|51.3840|0.5983|1.121|-0.852
Park Gate Down|TR168459|England|2|2021|2022|UKBMS|51.1712|1.0999|2.061|1.215
Maceys Meadow|TQ675580|England|3|2021|2023|UKBMS|51.2965|0.4011|1.670|1.309
Henley Down|TQ667665|England|3|2021|2023|UKBMS|51.3731|0.3936|3.883|3.459
Brockley and Ladywell Cemetery|TQ368749|England|2|2022|2023|UKBMS|51.4566|-0.0324|-0.075|-1.922
Hoblingwell Wood|TQ459692|England|2|2022|2023|UKBMS|51.4031|0.0961|5.057|0.977
Braeburn Park Transect 1 Woodland & Scrub|TQ508739|England|2|2022|2023|UKBMS|51.4440|0.1685|-1.345|-0.672
Braeburn Park Transect 2 Grassland & Scrub|TQ511738|England|2|2022|2023|UKBMS|51.4430|0.1728|0.656|5.974
Hayes Common|TQ411647|England|2|2022|2023|UKBMS|51.3638|0.0254|-0.128|-1.392
Chelsfield Green|TQ473641|England|2|2022|2023|UKBMS|51.3569|0.1141|7.502|3.868
Eltham Park|TQ438753|England|2|2022|2023|UKBMS|51.4584|0.0684|3.143|0.372
Prestson Hill|TQ529624|England|2|2022|2023|UKBMS|51.3401|0.1938|0.742|2.204
Sevenoaks Common|TQ529525|England|1|2022|2022|UKBMS|51.2512|0.1895|-0.600|-3.832
Farley Common|TQ437540|England|1|2022|2022|UKBMS|51.2670|0.0584|-1.505|-0.619
Jumping Downs|TR193486|England|1|2022|2022|UKBMS|51.1945|1.1373|2.837|0.993
Lancing Ring|TQ181062|England|6|2018|2023|UKBMS|50.8433|-0.3239|2.136|0.618
Slindon Park Woods|SU954075|England|5|2018|2023|UKBMS|50.8592|-0.6459|0.345|-3.451
The Ghyll LNR, Crowborough|TQ532306|England|6|2018|2023|UKBMS|51.0543|0.1845|0.059|-3.562
Lane End Common|TQ402223|England|6|2018|2023|UKBMS|50.9830|-0.0041|1.760|-2.311
Northwood|SU956110|England|6|2018|2023|UKBMS|50.8906|-0.6422|1.984|-0.084
Pound Common|TQ378207|England|6|2018|2023|UKBMS|50.9692|-0.0388|2.327|2.884
Bateman's 01|TQ667239|England|5|2019|2023|UKBMS|50.9904|0.3739|5.923|2.573
Chanctonbury Ring|TQ140121|England|5|2019|2023|UKBMS|50.8971|-0.3803|-0.536|-1.571
Jointer Copse|TQ327144|England|3|2020|2023|UKBMS|50.9138|-0.1137|0.042|-3.172
Footpaths near Billingshurst|TQ095248|England|4|2020|2023|UKBMS|51.0122|-0.4405|5.984|4.466
Verdley Wood|SU902260|England|4|2020|2023|UKBMS|51.0263|-0.7152|-2.016|-1.120
Owlbeech Wood Horsham|TQ202317|England|3|2021|2023|UKBMS|51.0721|-0.2857|-0.228|-3.197
The Liz Williams Butterfly Haven|TQ309072|England|3|2021|2023|UKBMS|50.8495|-0.1419|-1.371|-0.330
Knowlands Wood|TQ417171|England|2|2021|2022|UKBMS|50.9359|0.0153|-1.369|-3.150
Crowborough Country Park|TQ529299|England|3|2021|2023|UKBMS|51.0481|0.1799|1.602|-1.702
Coldean Woods, Brighton|TQ335085|England|3|2021|2023|UKBMS|50.8606|-0.1045|-0.146|3.961
Graffham Down - Dimmer & Parish|SU913163|England|3|2021|2023|UKBMS|50.9389|-0.7020|2.127|-2.518
Graffham Down - Bowleys Field (2021 NEW ROUTE)|SU918163|England|3|2021|2023|UKBMS|50.9388|-0.6948|-1.316|-0.336
Walshes Park|TQ523284|England|2|2022|2023|UKBMS|51.0348|0.1707|6.152|4.295
Kincorth Hill LNR|NJ939027|Scotland|6|2018|2023|UKBMS|57.1152|-2.1024|-1.880|1.396
Kernsary path|NG873810|Scotland|2|2018|2023|UKBMS|57.7681|-5.5779|-1.107|2.242
Muirshiel Country Park Transect 1|NS311632|Scotland|5|2018|2023|UKBMS|55.8324|-4.6983|-0.095|0.255
Muirshiel Country Park Transect 2|NS311631|Scotland|5|2018|2023|UKBMS|55.8315|-4.6983|-0.051|0.745
Sustrans NCN77 Section 3|NO100266|Scotland|6|2016|2022|UKBMS|56.4230|-3.4606|1.048|-2.469
Castlemilk Park|NS607593|Scotland|6|2018|2023|UKBMS|55.8068|-4.2242|-0.123|-1.189
Linn Park Original Meadow|NS581592|Scotland|6|2018|2023|UKBMS|55.8052|-4.2656|2.442|-1.632
Holyrood Park: Grayling transect|NT275733|Scotland|6|2018|2023|UKBMS|55.9472|-3.1624|0.231|1.281
Sustrans East Haven|NO590362|Scotland|6|2018|2023|UKBMS|56.5160|-2.6679|0.614|4.857
Holmhills Wood Community Park|NS638597|Scotland|5|2019|2023|UKBMS|55.8113|-4.1749|0.664|0.350
Donmouth LNR|NJ952092|Scotland|5|2019|2023|UKBMS|57.1736|-2.0810|0.697|3.828
Fallin Bing|NS839911|Scotland|5|2019|2023|UKBMS|56.0985|-3.8679|0.193|-0.388
Little France Park|NT300704|Scotland|3|2019|2023|UKBMS|55.9216|-3.1217|2.416|2.588
Calton Hill Grayling Transect|NT262741|Scotland|4|2019|2023|UKBMS|55.9542|-3.1835|1.536|4.461
Fochabers amended|NJ341589|Scotland|4|2020|2023|UKBMS|57.6152|-3.1047|3.325|-1.200
Gordon Castle Walled Garden amended|NJ348591|Scotland|4|2020|2023|UKBMS|57.6171|-3.0931|0.760|3.888
Howietoun Fish Ponds|NS784884|Scotland|4|2020|2023|UKBMS|56.0729|-3.9551|1.728|2.342
Monikie Park|NO502383|Scotland|4|2020|2023|UKBMS|56.5341|-2.8113|1.189|-1.216
Water of Leith|NT219703|Scotland|4|2020|2023|UKBMS|55.9194|-3.2512|1.264|-1.337
Carron Woodlands|NJ217409|Scotland|4|2020|2023|UKBMS|57.4516|-3.3064|-2.280|0.132
Havoc Meadow|NS381753|Scotland|4|2020|2023|UKBMS|55.9434|-4.5939|-0.570|-0.613
Redlees Quarry|NS681598|Scotland|4|2020|2023|UKBMS|55.8134|-4.1064|0.053|-0.765
Cambusmore B|NN644058|Scotland|4|2020|2023|UKBMS|56.2254|-4.1887|5.923|0.304
Haughhead|NT106475|Scotland|4|2020|2023|UKBMS|55.7127|-3.4245|-0.185|1.904
Stonehill - Monument|NN810014|Scotland|3|2020|2022|UKBMS|56.1903|-3.9191|4.468|5.084
Sheriff Muir|NN833028|Scotland|3|2020|2022|UKBMS|56.2034|-3.8827|-0.218|2.159
S. Muir. Mon - Inn.|NN821019|Scotland|3|2020|2022|UKBMS|56.1951|-3.9016|-0.676|2.113
Abbotsford House|NT507343|Scotland|3|2020|2022|UKBMS|55.5998|-2.7840|3.502|2.232
Jenny's Well LNR|NS499627|Scotland|3|2021|2023|UKBMS|55.8341|-4.3982|0.213|4.930
Cannerton Brickworks (dis), Banknock|NS784796|Scotland|3|2021|2023|UKBMS|55.9939|-3.9511|0.533|0.793
Gourdon Coastal Walk|NO823706|Scotland|3|2021|2023|UKBMS|56.8265|-2.2916|0.597|3.944
Sustrans - Croftamie|NS477862|Scotland|3|2021|2023|UKBMS|56.0444|-4.4466|1.621|3.722
Menstrie|NS850973|Scotland|3|2021|2023|UKBMS|56.1545|-3.8529|3.434|2.618
Old Mine Nature Park|NS71456017|Scotland|3|2021|2023|UKBMS|55.8176|-4.0532|0.003|0.910
Ruaig|NM070470|Scotland|3|2021|2023|UKBMS|56.5234|-6.7661|-1.838|5.261
The Saltings LNR|NS465726|Scotland|3|2021|2023|UKBMS|55.9219|-4.4580|0.597|5.850
Ardersier Common II|NH777559|Scotland|3|2021|2023|UKBMS|57.5765|-4.0467|0.721|5.079
Pitroddie Den|NO210251|Scotland|3|2021|2023|UKBMS|56.4115|-3.2819|4.277|1.428
House of Dun|NO668599|Scotland|3|2021|2023|UKBMS|56.7296|-2.5442|0.040|-2.389
Leith Hall|NJ540296|Scotland|3|2021|2023|UKBMS|57.3546|-2.7661|-0.496|1.890
Drum Castle Estate|NJ796005|Scotland|3|2021|2023|UKBMS|57.0950|-2.3383|0.093|3.946
Straiton Pond LNR|NT282667|Scotland|3|2021|2023|UKBMS|55.8881|-3.1495|2.463|-1.164
Girdle Burn|NT028322|Scotland|3|2021|2023|UKBMS|55.5737|-3.5432|-0.981|0.782
Saughton Park|NT221719|Scotland|2|2021|2022|UKBMS|55.9338|-3.2485|2.024|3.821
Oldhall Ponds|NS337363|Scotland|3|2021|2023|UKBMS|55.5918|-4.6405|1.150|-2.452
Talich Wildlife Reserve|NH850786|Scotland|2|2021|2022|UKBMS|57.7822|-3.9356|-0.114|-0.556
Rewilding Denmarkfield - House Field|NO094280|Scotland|3|2021|2023|UKBMS|56.4355|-3.4709|2.164|2.613
Rewilding Denmarkfield - West Field|NO094283|Scotland|3|2021|2023|UKBMS|56.4382|-3.4710|0.951|2.546
Rewilding Denmarkfield - East Field|NO099285|Scotland|3|2021|2023|UKBMS|56.4400|-3.4629|1.421|2.819
Kingsbarns|NO602124|Scotland|2|2022|2023|UKBMS|56.3023|-2.6448|1.915|2.941
Hamiltonhill Claypits LNR|NS583675|Scotland|2|2022|2023|UKBMS|55.8797|-4.2667|0.220|0.440
Corstorphine Hill|NT203737|Scotland|2|2022|2023|UKBMS|55.9497|-3.2778|0.661|-0.946
Ravenscraig-Pathhead|NT291925|Scotland|2|2022|2023|UKBMS|56.1200|-3.1419|-0.034|3.109
Lower Meadow Valleyfield (new 2022)|NT004862|Scotland|2|2022|2023|UKBMS|56.0582|-3.6010|0.535|-0.934
Easter Anguston|NJ824017|Scotland|2|2022|2023|UKBMS|57.1059|-2.2922|0.520|3.601
Newport-on-Tay|NO414268|Scotland|2|2022|2023|UKBMS|56.4297|-2.9517|3.236|2.662
Holyrood Park - South|NT270728|Scotland|2|2022|2023|UKBMS|55.9427|-3.1703|0.577|4.192
Grandhome Moss|NJ914123|Scotland|2|2022|2023|UKBMS|57.2014|-2.1440|8.543|0.257
Pow Burn|NS345276|Scotland|2|2022|2023|UKBMS|55.5140|-4.6226|0.310|-0.192
Kingsbarns Station|NO579115|Scotland|2|2022|2023|UKBMS|56.2941|-2.6818|6.899|0.182
Maud Railway Path|NJ925478|Scotland|1|2022|2022|UKBMS|57.5203|-2.1269|-0.613|-0.192
Longniddry No 4|NT441777|Scotland|2|2022|2023|UKBMS|55.9890|-2.8976|1.562|2.679
Ruchill Park|NS580680|Scotland|2|2022|2023|UKBMS|55.8841|-4.2718|1.325|1.668
Wester Kirk Craig|NS916977|Scotland|2|2022|2023|UKBMS|56.1596|-3.7469|0.487|0.802
Levenhall Links|NT348738|Scotland|2|2022|2023|UKBMS|55.9528|-3.0457|0.855|3.567
Rex Park - Lyne Burn|NT102868|Scotland|1|2022|2022|UKBMS|56.0656|-3.4439|4.449|4.196
Clyde Walkway Wishaw|NS779525|Scotland|1|2022|2022|UKBMS|55.7504|-3.9469|-1.740|4.470
Lily Loch|NH533495|Scotland|2|2022|2023|UKBMS|57.5118|-4.4505|-0.133|4.274
Merrington Green|SJ467209|England|5|2019|2023|UKBMS|52.7830|-2.7917|1.582|-1.712
Stanmore Country Park|SO740928|England|5|2019|2023|UKBMS|52.5324|-2.3847|-0.020|-3.326
Lyth Hill|SJ471067|England|4|2019|2023|UKBMS|52.6554|-2.7835|1.210|-0.732
Croft Castle|SO443663|England|4|2019|2023|UKBMS|52.2920|-2.8181|1.670|-0.640
Blakeridge Wood|SO303863|England|4|2019|2022|UKBMS|52.4702|-3.0275|3.217|-1.027
Colemere|SJ433332|England|2|2019|2023|UKBMS|52.8932|-2.8442|-2.835|5.364
South Hyde Farm|SO738441|England|4|2019|2022|UKBMS|52.0946|-2.3839|6.905|5.023
Wyre Forest West - Edwards Way|SO744763|England|4|2020|2023|UKBMS|52.3841|-2.3775|-1.348|0.123
Bettisfield Moss NNR Transect A|SJ481351|England|4|2020|2023|UKBMS|52.9108|-2.7732|-1.139|2.068
HoEF Sheriff's Lench|SP021485|England|4|2020|2023|UKBMS|52.1348|-1.9707|0.526|4.424
SWT Wolseley Bridge visitor centre|SK024202|England|4|2020|2023|UKBMS|52.7794|-1.9659|4.114|1.323
Quabbs Head|SO744454|England|4|2020|2023|UKBMS|52.1063|-2.3752|4.537|2.957
Grafton Wood Regeneration|SO972560|England|4|2020|2023|UKBMS|52.2022|-2.0424|-0.501|-1.882
The Cliffe|SJ394209|England|3|2021|2023|UKBMS|52.7823|-2.8999|0.472|0.624
Awnells Farm|SO659316|England|3|2021|2023|UKBMS|51.9818|-2.4979|6.278|3.771
Turnastone Court Farm|SO351365|England|3|2021|2023|UKBMS|52.0231|-2.9472|5.823|2.407
Bromlow Callow SJ30F|SJ326010|England|3|2021|2023|UKBMS|52.6026|-2.9966|0.275|2.538
Tean Valley Meadow Nature Trust|SK068364|England|2|2022|2023|UKBMS|52.9250|-1.9003|1.400|-0.859
Green Farm|SO799610|England|2|2022|2023|UKBMS|52.2468|-2.2958|5.846|1.838
Clee Liberty Common|SO573848|England|1|2022|2022|UKBMS|52.4595|-2.6299|3.532|4.110
Princes Wood|SK205212|England|2|2022|2023|UKBMS|52.7880|-1.6975|1.862|0.657
Venusbank SJ30K Shropshire|SJ350007|England|2|2022|2023|UKBMS|52.6002|-2.9611|5.973|4.358
Sustainability Hub|SJ822452|England|1|2022|2022|UKBMS|53.0038|-2.2667|1.961|-2.293
Development Area|SJ824451|England|1|2022|2022|UKBMS|53.0029|-2.2637|0.377|5.953
Z Block/Plantation Park|SJ822449|England|1|2022|2022|UKBMS|53.0011|-2.2667|1.168|1.631
Horwood|SJ822451|England|1|2022|2022|UKBMS|53.0029|-2.2667|1.753|-1.759
Walsall: College Farm Extension|SP041998|England|2|2022|2023|UKBMS|52.5960|-1.9409|1.560|3.895
WWT Slimbridge|SO727059|England|5|2019|2023|UKBMS|51.7511|-2.3969|7.128|4.754
Westonbirt Restored Downs|ST846898|England|4|2019|2023|UKBMS|51.6068|-2.2238|1.484|0.873
Westonbirt Silk Wood|ST839896|England|3|2019|2023|UKBMS|51.6050|-2.2339|0.942|-0.730
Painswick Beacon North|SO867117|England|4|2019|2023|UKBMS|51.8038|-2.1943|0.600|-2.144
Painswick Beacon South|SO867114|England|4|2019|2023|UKBMS|51.8011|-2.1943|4.835|2.018
Nagshead Meadows|SO607086|England|3|2021|2023|UKBMS|51.7747|-2.5710|2.267|-1.329
Westonbirt Silk Wood (New)|ST840896|England|2|2022|2023|UKBMS|51.6050|-2.2324|1.791|1.107
Oak Grange Estate|SP159439|England|1|2022|2022|UKBMS|52.0932|-1.7693|1.716|5.057
Scrata Wood Monsal Dale|SK182731|England|4|2020|2023|UKBMS|53.2546|-1.7287|5.189|3.621
Calver Quarry|SK232748|England|4|2020|2023|UKBMS|53.2697|-1.6536|1.309|-1.815
Craft Wood Wessington|SK365553|England|4|2020|2023|UKBMS|53.0937|-1.4564|-2.106|0.287
Croft Orchard Overseal|SK296153|England|4|2020|2023|UKBMS|52.7345|-1.5631|5.196|1.441
Horseshoe Quarry Eyam|SK208760|England|4|2020|2023|UKBMS|53.2806|-1.6895|1.358|0.530
Ferneydale Harpur Hill|SK067712|England|4|2020|2023|UKBMS|53.2378|-1.9011|4.298|3.099
Linton Heath - Paradise Wood|SK271162|England|4|2020|2023|UKBMS|52.7428|-1.6000|-0.295|-2.763
Linton Heath - Foxley Wood|SK278168|England|4|2020|2023|UKBMS|52.7481|-1.5896|0.577|-3.756
Southwell Trail|SK699550|England|3|2021|2023|UKBMS|53.0876|-0.9578|3.889|1.320
Stanton on the Wolds|SK626306|England|3|2021|2023|UKBMS|52.8692|-1.0715|5.345|1.069
Sconce and Devon Park|SK790530|England|3|2021|2023|UKBMS|53.0684|-0.8224|3.157|0.200
Moor Pond Woods|SK548506|England|3|2021|2023|UKBMS|53.0499|-1.1840|2.044|-2.454
Weleda Fields Shipley|SK443448|England|3|2021|2023|UKBMS|52.9987|-1.3414|2.443|-2.537
Coachlands Meadows Willington|SK305283|England|3|2021|2023|UKBMS|52.8513|-1.5485|9.525|2.067
Coombs Dale|SK224745|England|2|2021|2022|UKBMS|53.2670|-1.6656|-0.780|-1.854
Haddon Hall Estate|SK235665|England|3|2021|2023|UKBMS|53.1951|-1.6497|0.045|-3.064
Longstone Edge|SK195725|England|3|2021|2023|UKBMS|53.2492|-1.7092|5.791|4.620
Midway Sand Holes|SK300207|England|3|2021|2023|UKBMS|52.7831|-1.5567|0.795|5.659
Ripley Greenway|SK403495|England|3|2021|2023|UKBMS|53.0413|-1.4004|1.920|-0.552
Ryder Point Hopton|SK252547|England|3|2021|2023|UKBMS|53.0889|-1.6252|5.164|5.010
Staunton Harold Reservoir|SK375244|England|3|2021|2023|UKBMS|52.8158|-1.4450|9.659|1.825
Thornhill Carrs NR|SK195845|England|3|2021|2023|UKBMS|53.3570|-1.7085|-0.223|-2.095
Waterswallows, Dove Holes|SK084749|England|3|2021|2023|UKBMS|53.2710|-1.8755|0.602|5.824
Willington Gravel Pits|SK285275|England|2|2021|2022|UKBMS|52.8443|-1.5783|-2.440|5.014
Avenue Country Park Wingerworth|SK386682|England|3|2021|2023|UKBMS|53.2095|-1.4235|2.199|2.308
Hogshaw Buxton|SK065745|England|3|2021|2023|UKBMS|53.2675|-1.9040|-0.967|-1.656
Goseley Cutting Woodville|SK325198|England|3|2021|2023|UKBMS|52.7748|-1.5197|4.415|2.215
Salter Wood Denby|SK387482|England|3|2021|2023|UKBMS|53.0297|-1.4244|-0.414|-3.262
Tideswell Dale|SK154743|England|3|2021|2023|UKBMS|53.2655|-1.7706|2.272|-1.751
Kinoulton Gorse|SK662309|England|2|2022|2023|UKBMS|52.8715|-1.0179|2.738|-0.044
Rose End Meadows Extension|SK289566|England|2|2022|2023|UKBMS|53.1058|-1.5698|5.438|1.758
Vicar Water Beards Meadow|SK591625|England|1|2022|2022|UKBMS|53.1564|-1.1176|3.674|2.624
Lubrizol Estate Hazelwood - Ponds|SK3245|England|2|2022|2023|UKBMS|53.0014|-1.5246|0.055|3.906
Rowsley Peak Village|SK2566|England|2|2022|2023|UKBMS|53.1905|-1.6273|3.680|0.810
Sunart Fields Whaley Bridge|SK0280|England|2|2022|2023|UKBMS|53.3169|-1.9714|4.658|5.020
New Lount NR|SK399185|England|3|2021|2023|UKBMS|52.7626|-1.4101|-1.718|-1.183
Sence Valley Centenary Woodland|SK402115|England|3|2021|2023|UKBMS|52.6997|-1.4066|-2.603|0.933
Twycross Zoo Nature Reserve|SK324060|England|2|2022|2023|UKBMS|52.6508|-1.5225|1.381|0.869
Bagworth Heath|SK458067|England|3|2021|2023|UKBMS|52.6561|-1.3244|2.396|-1.610
Bradgate Park - Newtown Linford|SK522099|England|2|2022|2023|UKBMS|52.6843|-1.2293|3.962|2.289
Bradgate Park - Old John|SK524115|England|2|2022|2023|UKBMS|52.6986|-1.2260|3.888|0.662
Burbage Common|SP447953|England|2|2022|2023|UKBMS|52.5537|-1.3422|1.551|5.195
Donington le Heath Woodlands|SK423125|England|2|2022|2023|UKBMS|52.7085|-1.3754|-1.435|-2.590
Ingles Hill Woodland|SK343179|England|3|2021|2023|UKBMS|52.7576|-1.4932|10.330|2.402
Loughborough Uni Holywell|SK510184|England|2|2022|2023|UKBMS|52.7608|-1.2457|1.813|-2.738
Potteric Carr new|SE590003|England|3|2021|2023|UKBMS|53.4961|-1.1121|0.889|-2.647
Gauber|SD771779|England|3|2021|2023|UKBMS|54.1963|-2.3525|-0.031|2.337
Crook Sike|SD780759|England|3|2021|2023|UKBMS|54.1784|-2.3386|3.303|4.115
Fountains Abbey & Studley Royal|SE274684|England|2|2021|2022|UKBMS|54.1108|-1.5824|5.731|3.717
Burton Riggs|TA031832|England|2|2021|2023|UKBMS|54.2341|-0.4197|-0.338|0.210
Roach Hills, Shuttocks wood & surroundings|SE418313|England|2|2022|2023|UKBMS|53.7764|-1.3672|4.155|0.791
Townclose Hills|SE407303|England|2|2022|2023|UKBMS|53.7675|-1.3840|0.759|-1.931
Wenthillside|SE478182|England|2|2022|2023|UKBMS|53.6581|-1.2782|2.419|1.160
Hipperley Beck|SE924939|England|2|2022|2023|UKBMS|54.3323|-0.5805|0.560|-0.761
East Park Animal Education Centre|TA123313|England|2|2022|2023|UKBMS|53.7660|-0.2978|0.848|5.238
Hell Wath|SE300701|England|2|2022|2023|UKBMS|54.1259|-1.5425|1.136|-3.367
Canklow|SK428913|England|2|2022|2023|UKBMS|53.4168|-1.3575|4.220|1.559
Duck Street Quarry|SE112638|England|2|2022|2023|UKBMS|54.0700|-1.8303|2.866|3.867
North Selby Mine|SE650441|England|2|2022|2023|UKBMS|53.8890|-1.0125|0.892|4.901
Allerton Ings|SE430271|England|2|2022|2023|UKBMS|53.7385|-1.3496|2.672|1.929
Thorne Moors Transect A|SE734159|England|1|2022|2022|UKBMS|53.6345|-0.8914|-0.970|1.955
Thorne Moors Transect D|SE734160|England|1|2022|2022|UKBMS|53.6354|-0.8914|-0.726|1.899
Thorne Moors Transect B|SE734154|England|2|2022|2023|UKBMS|53.6300|-0.8915|-1.011|1.958
HoEF Upper Binton|SP147540|England|2|2022|2023|UKBMS|52.1841|-1.7864|2.440|4.396
HoEF Alne Skippers|SP103610|England|2|2022|2023|UKBMS|52.2471|-1.8506|1.135|0.673
HoEF The Moors Binton|SP146539|England|2|2022|2023|UKBMS|52.1832|-1.7879|3.569|1.069
HoEF Lower Binton|SP158533|England|2|2022|2023|UKBMS|52.1777|-1.7704|6.905|0.315
HoEF Honeybourne South|SP130445|England|2|2022|2023|UKBMS|52.0987|-1.8116|3.605|2.937
HoEF Honeybourne North|SP140452|England|2|2022|2023|UKBMS|52.1050|-1.7970|-0.530|-3.204
HoEF Bearley|SP182600|England|2|2022|2023|UKBMS|52.2379|-1.7349|4.708|3.179
Wolverton Langley Road|SP205628|England|2|2022|2023|UKBMS|52.2630|-1.7011|7.556|0.490
HoEF Netherstead Plantations v2|SP108641|England|2|2022|2023|UKBMS|52.2749|-1.8431|4.524|3.110
Combe Wood Farm|SY147881|England|2|2022|2023|UKBMS|50.6863|-3.2088|4.696|1.260
Scobbiscombe part 1|SX624469|England|2|2022|2023|UKBMS|50.3060|-3.9336|9.386|0.873
Warton Crag LNR (lower)|SD495725|England|2|2022|2023|UKBMS|54.1458|-2.7746|1.080|2.891
Hull Brook Valley|SD985080|England|2|2022|2023|UKBMS|53.5686|-2.0241|1.474|2.604
Hardknott Forest, Grassguards|SD216984|England|2|2022|2023|UKBMS|54.3750|-3.2084|-0.640|2.089
Hardknott Forest, Great Wood|SD232992|England|2|2022|2023|UKBMS|54.3825|-3.1840|-1.647|-1.020
Peel Park and The Coppice LNR|SD775290|England|2|2022|2023|UKBMS|53.7569|-2.3427|-1.267|-1.371
Township Allotment|SD442888|England|2|2022|2023|UKBMS|54.2918|-2.8588|0.564|3.026
|TL0547|England|13|2009|2023|WCBS|52.1114|-0.4681|7.132|3.565
|TL1058|England|14|2009|2023|WCBS|52.2093|-0.3916|8.483|0.354
|NY1945|England|12|2009|2023|WCBS|54.7933|-3.2613|5.264|5.451
|SD3086|England|12|2009|2022|WCBS|54.2648|-3.0762|1.993|0.964
|SU8082|England|13|2009|2023|WCBS|51.5313|-0.8481|9.590|2.041
|SY7999|England|9|2009|2022|WCBS|50.7902|-2.2993|7.546|5.027
|NZ0953|England|4|2009|2023|WCBS|54.8717|-1.8613|9.751|1.743
|SU3737|England|16|2007|2023|WCBS|51.1311|-1.4726|4.938|2.858
|SO7713|England|17|2007|2023|WCBS|51.8152|-2.3351|6.937|5.002
|SP0728|England|15|2009|2023|WCBS|51.9505|-1.8996|4.194|2.210
|SJ7694|England|15|2009|2023|WCBS|53.4422|-2.3628|2.291|0.769
|ST8216|England|13|2009|2022|WCBS|50.9432|-2.2576|6.380|4.477
|SY7892|England|14|2009|2023|WCBS|50.7272|-2.3131|7.071|0.102
|TM1490|England|15|2007|2023|WCBS|52.4660|1.1489|2.233|3.377
|SU7959|England|13|2009|2023|WCBS|51.3246|-0.8676|-0.841|3.101
|SU8230|England|10|2009|2023|WCBS|51.0635|-0.8312|-2.812|5.380
|SK8699|England|7|2009|2023|WCBS|53.4807|-0.7056|1.432|-2.083
|TF7413|England|17|2007|2023|WCBS|52.6867|0.5729|3.534|1.022
|TG0305|England|3|2009|2023|WCBS|52.6048|0.9964|-1.149|-1.303
|TQ3269|England|11|2009|2023|WCBS|51.4047|-0.1037|0.623|6.002
|ST4858|England|5|2008|2023|WCBS|51.3187|-2.7476|1.827|-0.914
|TL8381|England|9|2009|2023|WCBS|52.3964|0.6882|7.018|0.439
|TM0969|England|7|2009|2023|WCBS|52.2794|1.0624|1.393|4.382
|TM3388|England|11|2009|2023|WCBS|52.4403|1.4267|7.404|4.746
|TQ0148|England|13|2009|2023|WCBS|51.2223|-0.5551|-0.202|-3.234
|TQ0647|England|16|2007|2023|WCBS|51.2124|-0.4838|2.586|-1.084
|SK5451|England|14|2009|2022|WCBS|53.0535|-1.1958|10.340|1.201
|SU7689|England|9|2009|2023|WCBS|51.5947|-0.9042|-1.059|-1.908
|NO1737|Scotland|13|2009|2023|WCBS|56.5177|-3.3505|4.423|4.276
|SD4717|England|14|2007|2023|WCBS|53.6468|-2.8032|1.557|1.906
|NC2234|Scotland|17|2007|2023|WCBS|58.2586|-5.0355|0.295|2.681
|SU1374|England|15|2009|2023|WCBS|51.4648|-1.8143|4.529|3.517
|SK5488|England|3|2009|2023|WCBS|53.3861|-1.1896|8.099|1.842
|NH4817|Scotland|5|2007|2023|WCBS|57.2184|-4.5188|-1.142|2.333
|ST2331|England|3|2007|2023|WCBS|51.0731|-3.1004|7.358|4.793
|TF7228|England|5|2007|2023|WCBS|52.8221|0.5512|7.218|5.122
|NO6184|Scotland|11|2011|2022|WCBS|56.9456|-2.6427|-1.079|2.202
|H9560|Northern Ireland|14|2010|2023|WCBS|54.4796|-6.5352|5.466|3.880
|J2263|Northern Ireland|13|2010|2022|WCBS|54.5007|-6.1176|0.544|3.648
|SE5579|England|9|2010|2022|WCBS|54.2038|-1.1583|4.872|3.555
|SJ9094|England|7|2010|2022|WCBS|53.4427|-2.1520|1.897|4.834
|SP7354|England|13|2010|2023|WCBS|52.1794|-0.9338|6.433|3.794
|SU9814|England|12|2010|2022|WCBS|50.9172|-0.6072|6.168|4.178
|SY8289|England|13|2010|2023|WCBS|50.7004|-2.2562|-0.491|1.578
|TL0037|England|3|2010|2023|WCBS|52.0224|-0.5440|7.496|-0.148
|ST7722|England|13|2011|2023|WCBS|50.9969|-2.3291|6.517|5.626
|TL2222|England|12|2011|2023|WCBS|51.8832|-0.2289|8.558|0.336
|TQ5309|England|13|2011|2023|WCBS|50.8603|0.1726|6.082|5.077
|ST9326|England|8|2011|2023|WCBS|51.0333|-2.1012|10.286|2.109
|SK4229|England|13|2011|2023|WCBS|52.8569|-1.3777|8.986|0.767
|SK1932|England|13|2011|2023|WCBS|52.8851|-1.7191|7.130|4.670
|ST7870|England|12|2011|2023|WCBS|51.4286|-2.3178|4.663|1.592
|SP1130|England|9|2012|2022|WCBS|51.9684|-1.8413|6.871|0.005
|NO5115|Scotland|6|2011|2023|WCBS|56.3248|-2.7939|6.657|0.265
|TF0710|England|9|2011|2023|WCBS|52.6771|-0.4188|0.075|-2.298
|SO9008|England|12|2012|2023|WCBS|51.7706|-2.1463|10.368|2.297
|SP0008|England|12|2012|2023|WCBS|51.7707|-2.0014|9.297|1.604
|SJ6884|England|14|2009|2023|WCBS|53.3519|-2.4822|10.022|1.491
|SJ8456|England|8|2009|2022|WCBS|53.1010|-2.2404|9.469|1.737
|SW4426|England|13|2009|2022|WCBS|50.0789|-5.5796|-0.635|-0.828
|TL8715|England|17|2007|2023|WCBS|51.8024|0.7108|7.541|1.634
|SS8185|Wales|13|2009|2023|WCBS|51.5513|-3.7177|0.734|-1.007
|SO8013|England|15|2009|2023|WCBS|51.8153|-2.2915|0.151|5.951
|SP2221|England|14|2009|2023|WCBS|51.8871|-1.6818|4.120|1.847
|SY0181|England|8|2009|2022|WCBS|50.6203|-3.4008|1.519|4.948
|TG4210|England|16|2007|2023|WCBS|52.6337|1.5749|5.977|3.001
|TG4710|England|15|2009|2023|WCBS|52.6315|1.6486|4.521|2.249
|TL4717|England|15|2009|2023|WCBS|51.8323|0.1320|7.493|5.348
|TQ1593|England|14|2009|2023|WCBS|51.6241|-0.3401|0.346|4.899
|TQ9648|England|5|2009|2023|WCBS|51.1976|0.8039|5.583|3.262
|TR0622|England|15|2009|2023|WCBS|50.9606|0.9321|4.981|0.910
|TR1939|England|4|2009|2022|WCBS|51.1084|1.1272|7.021|1.755
|SD5313|England|12|2009|2023|WCBS|53.6114|-2.7119|6.566|1.891
|SD5505|England|14|2009|2023|WCBS|53.5397|-2.6805|5.061|3.558
|SD7716|England|14|2009|2022|WCBS|53.6400|-2.3494|3.235|-1.303
|TF9040|England|13|2007|2023|WCBS|52.9238|0.8250|8.941|0.433
|TG1034|England|13|2009|2022|WCBS|52.8625|1.1182|7.356|-0.297
|TQ0527|England|15|2009|2023|WCBS|51.0328|-0.5040|7.742|0.513
|ST5375|England|2|2009|2023|WCBS|51.4720|-2.6781|6.586|5.245
|TL8482|England|11|2009|2023|WCBS|52.4051|0.7035|-2.590|1.072
|SU9038|England|11|2009|2023|WCBS|51.1342|-0.7151|7.360|3.563
|SU9761|England|15|2007|2023|WCBS|51.3398|-0.6088|-1.034|-2.047
|TQ0944|England|14|2009|2023|WCBS|51.1848|-0.4418|-2.154|0.840
|TM2393|England|16|2008|2023|WCBS|52.4893|1.2832|3.674|2.421
|SP4854|England|15|2009|2023|WCBS|52.1822|-1.2994|5.944|4.717
|SP6872|England|13|2009|2023|WCBS|52.3419|-1.0033|9.294|2.061
|SM9225|Wales|14|2009|2023|WCBS|51.8847|-5.0237|5.575|5.159
|ST8946|England|13|2009|2023|WCBS|51.2131|-2.1589|0.634|5.327
|SU0869|England|7|2009|2023|WCBS|51.4200|-1.8863|5.861|4.562
|SU0944|England|10|2009|2023|WCBS|51.1952|-1.8726|10.618|1.713
|SK4982|England|12|2009|2023|WCBS|53.3327|-1.2657|0.372|-1.732
|SK2442|England|14|2009|2023|WCBS|52.9748|-1.6440|4.233|2.339
|SK3778|England|14|2009|2023|WCBS|53.2977|-1.4463|2.539|0.099
|ST6877|England|6|2007|2023|WCBS|51.4910|-2.4623|2.694|1.039
|TQ4326|England|9|2008|2022|WCBS|51.0156|0.0373|3.265|0.827
|SD5641|England|7|2010|2022|WCBS|53.8633|-2.6705|5.465|5.637
|SU1689|England|13|2010|2023|WCBS|51.5996|-1.7704|3.634|2.126
|SU2882|England|10|2010|2023|WCBS|51.5362|-1.5977|5.159|4.229
|TL0597|England|14|2010|2023|WCBS|52.5607|-0.4525|6.701|3.938
|SP9588|England|2|2012|2022|WCBS|52.4817|-0.6026|3.362|0.392
|NT3257|Scotland|6|2012|2022|WCBS|55.8015|-3.0863|0.631|-1.017
|SD7234|England|6|2010|2022|WCBS|53.8015|-2.4266|4.233|4.946
|SD6736|England|7|2011|2022|WCBS|53.8192|-2.5027|4.910|5.412
|NR2943|Scotland|13|2011|2023|WCBS|55.6049|-6.3043|-0.732|2.151
|ST7415|England|5|2012|2023|WCBS|50.9339|-2.3714|0.647|4.753
|SD5983|England|12|2012|2023|WCBS|54.2410|-2.6306|1.987|2.324
|SO1219|Wales|11|2012|2022|WCBS|51.8626|-3.2793|3.251|1.463
|NO7770|Scotland|12|2011|2023|WCBS|56.8209|-2.3784|8.031|1.889
|J2097|Northern Ireland|14|2009|2023|WCBS|54.8065|-6.1345|3.605|0.998
|NY0935|England|8|2009|2023|WCBS|54.7018|-3.4136|4.907|4.811
|NY1641|England|11|2009|2023|WCBS|54.7569|-3.3068|4.693|5.304
|SU7170|England|15|2009|2023|WCBS|51.4246|-0.9802|2.106|4.442
|SU2003|England|14|2009|2022|WCBS|50.8262|-1.7174|-0.388|0.971
|SU4662|England|15|2009|2023|WCBS|51.3552|-1.3408|6.001|2.550
|TQ6682|England|14|2009|2023|WCBS|51.5125|0.3908|8.867|0.277
|SD9704|England|8|2009|2022|WCBS|53.5326|-2.0467|4.060|4.588
|SO6206|England|12|2009|2023|WCBS|51.7514|-2.5519|1.379|3.716
|SO7518|England|15|2009|2023|WCBS|51.8600|-2.3644|3.505|2.171
|SO8815|England|15|2009|2023|WCBS|51.8335|-2.1756|10.253|1.868
|ST8690|England|15|2009|2023|WCBS|51.6087|-2.2036|7.561|5.189
|SU0096|England|14|2009|2023|WCBS|51.6628|-2.0014|6.790|5.407
|TQ3993|England|14|2007|2022|WCBS|51.6187|0.0064|1.765|5.050
|SJ8191|England|14|2009|2023|WCBS|53.4155|-2.2873|0.502|5.426
|ST6014|England|15|2009|2023|WCBS|50.9241|-2.5705|5.895|0.321
|ST8105|England|12|2009|2023|WCBS|50.8442|-2.2712|5.299|4.113
|ST9601|England|13|2009|2023|WCBS|50.8085|-2.0581|5.532|2.794
|ST9911|England|15|2009|2023|WCBS|50.8985|-2.0156|10.072|2.537
|SU0510|England|15|2009|2023|WCBS|50.8895|-1.9303|-2.549|0.449
|SY5499|England|15|2009|2023|WCBS|50.7887|-2.6539|7.023|5.325
|SU7218|England|16|2007|2022|WCBS|50.9569|-0.9763|-2.480|0.265
|TL1302|England|13|2009|2023|WCBS|51.7054|-0.3661|0.743|5.409
|TL2831|England|14|2009|2023|WCBS|51.9628|-0.1384|9.115|0.489
|TL3128|England|15|2009|2023|WCBS|51.9351|-0.0959|10.446|1.474
|TQ5460|England|17|2007|2023|WCBS|51.3183|0.2085|1.959|-2.192
|TQ7961|England|17|2007|2023|WCBS|51.3199|0.5674|-1.443|-2.772
|TF7429|England|11|2009|2022|WCBS|52.8304|0.5814|3.656|0.514
|TF9432|England|14|2009|2022|WCBS|52.8505|0.8796|9.686|2.032
|TG0717|England|16|2007|2023|WCBS|52.7111|1.0629|6.350|1.621
|ST2042|England|7|2009|2023|WCBS|51.1716|-3.1457|6.948|0.127
|TQ2657|England|11|2009|2023|WCBS|51.2982|-0.1941|0.838|-3.544
|SU9628|England|15|2009|2023|WCBS|51.0433|-0.6320|3.463|1.199
|SK0719|England|15|2009|2023|WCBS|52.7686|-1.8977|6.519|5.760
|TL9047|England|12|2009|2023|WCBS|52.0887|0.7719|7.067|0.021
|TM0553|England|11|2009|2023|WCBS|52.1372|0.9941|10.068|1.473
|TM3549|England|14|2009|2023|WCBS|52.0894|1.4290|-2.750|1.066
|SU8748|England|13|2009|2023|WCBS|51.2246|-0.7555|1.355|-1.645
|TM1599|England|11|2007|2023|WCBS|52.5464|1.1694|-0.685|-3.287
|SK6276|England|15|2009|2023|WCBS|53.2774|-1.0717|2.391|-2.444
|SP2302|England|14|2009|2023|WCBS|51.7163|-1.6685|-0.742|-3.323
|SU4795|England|15|2006|2023|WCBS|51.6518|-1.3220|10.250|1.212
|NO2444|Scotland|15|2009|2023|WCBS|56.5817|-3.2388|4.717|4.884
|SP2638|England|10|2009|2022|WCBS|52.0398|-1.6224|1.905|0.699
|SU2282|England|8|2009|2023|WCBS|51.5365|-1.6842|6.924|0.162
|SK2444|England|14|2009|2023|WCBS|52.9928|-1.6439|3.344|1.007
|SP2556|England|8|2009|2023|WCBS|52.2017|-1.6356|1.417|3.413
|NT7568|Scotland|14|2010|2023|WCBS|55.9045|-2.4014|6.886|0.236
|SE1028|England|13|2010|2023|WCBS|53.7483|-1.8498|2.152|2.060
|SO7624|England|12|2010|2022|WCBS|51.9140|-2.3503|4.161|2.139
|TQ3008|England|11|2012|2023|WCBS|50.8569|-0.1544|0.680|5.530
|TM1797|England|13|2010|2023|WCBS|52.5276|1.1976|6.983|0.208
|TM1827|England|10|2010|2023|WCBS|51.8989|1.1673|7.050|0.516
|NT5675|Scotland|8|2011|2023|WCBS|55.9660|-2.7064|6.287|1.495
|TQ6524|England|7|2012|2022|WCBS|50.9918|0.3497|0.456|-1.713
|TL2722|England|13|2011|2023|WCBS|51.8821|-0.1563|3.493|1.075
|TQ0960|England|12|2011|2023|WCBS|51.3287|-0.4369|-1.977|-0.944
|SP1719|England|13|2011|2023|WCBS|51.8693|-1.7545|6.503|4.948
|NT5376|Scotland|10|2011|2023|WCBS|55.9747|-2.7547|8.701|0.515
|SO9519|England|13|2011|2023|WCBS|51.8696|-2.0740|1.332|-0.101
|TF8532|England|13|2011|2023|WCBS|52.8537|0.7461|7.445|4.661
|TL0532|England|9|2012|2023|WCBS|51.9766|-0.4727|3.611|1.287
|SU3235|England|8|2012|2022|WCBS|51.1134|-1.5442|9.100|0.886
|ST6805|England|12|2012|2023|WCBS|50.8436|-2.4559|3.848|1.781
|TL1152|England|15|2009|2023|WCBS|52.1551|-0.3789|0.450|4.002
|NY7412|England|9|2009|2023|WCBS|54.5026|-2.4030|4.800|4.878
|TL3085|England|11|2009|2023|WCBS|52.4475|-0.0886|7.888|0.807
|TL5456|England|12|2009|2023|WCBS|52.1808|0.2510|7.840|0.884
|SJ8662|England|13|2009|2023|WCBS|53.1549|-2.2108|4.173|0.104
|SW5032|England|15|2009|2023|WCBS|50.1353|-5.4998|6.480|3.263
|NZ0825|England|2|2009|2023|WCBS|54.6201|-1.8776|0.589|0.039
|SM8518|Wales|15|2009|2023|WCBS|51.8192|-5.1209|-2.763|5.609
|TL8536|England|14|2009|2023|WCBS|51.9916|0.6931|6.360|3.381
|TQ3668|England|7|2009|2022|WCBS|51.3947|-0.0466|1.181|5.586
|SK2672|England|14|2009|2023|WCBS|53.2444|-1.6118|-0.767|-2.642
|ST6702|England|15|2009|2023|WCBS|50.8166|-2.4698|2.445|2.060
|ST8906|England|10|2009|2022|WCBS|50.8534|-2.1576|7.579|4.859
|TL2804|England|7|2009|2023|WCBS|51.7201|-0.1484|2.387|-2.422
|TQ5164|England|10|2009|2023|WCBS|51.3550|0.1672|-0.021|-2.533
|TQ7371|England|12|2009|2023|WCBS|51.4116|0.4862|7.177|0.350
|TQ9048|England|10|2009|2022|WCBS|51.1996|0.7182|6.101|4.823
|SK5814|England|13|2009|2023|WCBS|52.7206|-1.1427|0.210|4.968
|TF5016|England|13|2007|2023|WCBS|52.7209|0.2195|10.397|2.157
|TQ3566|England|11|2009|2022|WCBS|51.3770|-0.0617|0.745|5.913
|ST6537|England|14|2009|2023|WCBS|51.1312|-2.5016|7.339|5.430
|TL6545|England|12|2009|2023|WCBS|52.0788|0.4064|8.891|0.337
|TL7163|England|14|2009|2023|WCBS|52.2386|0.5029|8.793|0.463
|TL9354|England|3|2009|2023|WCBS|52.1505|0.8196|10.455|1.547
|SU9647|England|10|2009|2023|WCBS|51.2141|-0.6269|1.056|5.164
|SU2871|England|6|2009|2023|WCBS|51.4373|-1.5986|6.062|4.085
|SO8877|England|14|2009|2023|WCBS|52.3909|-2.1778|7.075|0.624
|SE8726|England|11|2009|2022|WCBS|53.7232|-0.6830|10.096|1.038
|SJ8182|England|6|2007|2022|WCBS|53.3346|-2.2868|4.368|2.340
|ST5444|England|3|2007|2022|WCBS|51.1934|-2.6597|2.796|0.654
|J2678|Northern Ireland|13|2010|2022|WCBS|54.6344|-6.0495|4.697|5.318
|SD9908|England|7|2010|2022|WCBS|53.5686|-2.0166|4.732|4.718
|SK2073|England|2|2010|2023|WCBS|53.2536|-1.7017|1.395|2.195
|ST6808|England|13|2010|2023|WCBS|50.8706|-2.4561|3.119|0.917
|TL1745|England|10|2010|2023|WCBS|52.0910|-0.2937|6.763|0.777
|SX8760|England|10|2010|2023|WCBS|50.4289|-3.5923|1.416|4.624
|TF2105|England|13|2010|2022|WCBS|52.6293|-0.2137|9.829|1.446
|TQ1302|England|14|2010|2023|WCBS|50.8065|-0.3976|1.342|5.091
|SU3300|England|11|2012|2022|WCBS|50.7986|-1.5331|7.339|4.031
|SU9622|England|11|2012|2022|WCBS|50.9894|-0.6336|0.306|4.618
|NH6853|Scotland|12|2012|2023|WCBS|57.5478|-4.2072|-2.793|5.471
|NS5852|Scotland|13|2011|2023|WCBS|55.7405|-4.2634|4.848|5.414
|NJ5726|Scotland|12|2012|2023|WCBS|57.3225|-2.7157|8.737|0.211
|J3864|Northern Ireland|13|2011|2023|WCBS|54.5056|-5.8703|4.322|3.149
|TF7222|England|13|2011|2023|WCBS|52.7682|0.5480|5.554|1.645
|NY9971|England|12|2012|2023|WCBS|55.0335|-2.0172|7.502|1.135
|SU2569|England|8|2012|2022|WCBS|51.4195|-1.6419|-1.362|-0.509
|NY1255|England|11|2009|2023|WCBS|54.8820|-3.3732|4.846|5.320
|SD4083|England|17|2007|2023|WCBS|54.2392|-2.9221|1.360|1.985
|SD6793|England|7|2009|2023|WCBS|54.3315|-2.5090|0.342|5.480
|SJ7656|England|14|2009|2023|WCBS|53.1007|-2.3599|6.228|5.839
|SJ2441|Wales|8|2009|2023|WCBS|52.9610|-3.1329|1.944|1.813
|SU4132|England|13|2009|2023|WCBS|51.0859|-1.4160|9.087|0.348
|ST8796|England|17|2007|2023|WCBS|51.6626|-2.1893|10.166|2.366
|SK1978|England|12|2009|2023|WCBS|53.2986|-1.7164|0.556|-0.588
|SK3248|England|14|2009|2023|WCBS|53.0283|-1.5243|5.434|2.129
|ST5406|England|11|2009|2022|WCBS|50.8517|-2.6548|6.345|4.778
|ST6511|England|13|2009|2023|WCBS|50.8974|-2.4991|6.759|5.583
|ST8518|England|12|2006|2022|WCBS|50.9612|-2.2150|6.598|5.714
|SU0210|England|12|2009|2023|WCBS|50.8895|-1.9729|10.364|2.188
|SY7388|England|14|2009|2023|WCBS|50.6910|-2.3836|10.217|2.613
|TG3033|England|10|2007|2023|WCBS|52.8454|1.4140|0.906|1.899
|TG4717|England|17|2007|2023|WCBS|52.6943|1.6539|2.027|-2.908
|SU6420|England|14|2009|2023|WCBS|50.9759|-1.0898|7.328|5.290
|SU6630|England|13|2007|2023|WCBS|51.0655|-1.0595|6.743|1.887
|TL3618|England|15|2009|2023|WCBS|51.8440|-0.0272|6.240|3.168
|TL2684|England|14|2009|2023|WCBS|52.4395|-0.1478|8.904|2.358
|TF7238|England|15|2007|2023|WCBS|52.9119|0.5564|7.313|-0.374
|TF8313|England|7|2009|2023|WCBS|52.6838|0.7059|8.991|0.312
|TF9124|England|13|2009|2022|WCBS|52.7798|0.8305|1.730|0.434
|SO3676|England|11|2007|2023|WCBS|52.3783|-2.9416|6.780|5.163
|ST1340|England|16|2007|2023|WCBS|51.1526|-3.2453|0.197|1.813
|SU9620|England|15|2009|2023|WCBS|50.9714|-0.6341|7.243|0.174
|ST7555|England|15|2007|2023|WCBS|51.2936|-2.3599|5.357|4.417
|ST7944|England|2|2009|2023|WCBS|51.1948|-2.3019|-0.069|-1.716
|ST7954|England|17|2007|2023|WCBS|51.2847|-2.3025|4.129|1.352
|SK0708|England|14|2009|2023|WCBS|52.6697|-1.8979|7.723|0.607
|TM5075|England|15|2009|2023|WCBS|52.3161|1.6666|1.036|4.699
|NO1957|Scotland|14|2009|2023|WCBS|56.6977|-3.3243|-0.991|2.362
|NT3549|Scotland|15|2009|2023|WCBS|55.7300|-3.0366|0.356|1.760
|TQ4726|England|15|2009|2023|WCBS|51.0146|0.0942|-1.505|-3.024
|SP3552|England|3|2009|2022|WCBS|52.1652|-1.4897|8.991|0.487
|ST9790|England|7|2009|2023|WCBS|51.6088|-2.0447|5.841|2.483
|SD9767|England|4|2009|2023|WCBS|54.0989|-2.0474|3.679|4.575
|SE0430|England|15|2009|2023|WCBS|53.7663|-1.9408|-0.632|1.834
|SE3593|England|11|2009|2023|WCBS|54.3314|-1.4633|6.947|0.059
|TR1847|England|10|2009|2023|WCBS|51.1806|1.1177|10.594|1.623
|SK2517|England|12|2009|2023|WCBS|52.7500|-1.6311|3.642|1.894
|SN0514|Wales|14|2007|2022|WCBS|51.7906|-4.8289|0.544|-1.302
|TQ6248|England|2|2007|2022|WCBS|51.2082|0.3178|7.189|0.379
|SU8890|England|2|2006|2023|WCBS|51.6020|-0.7308|6.681|0.857
|D2204|Northern Ireland|10|2011|2023|WCBS|54.8688|-6.1005|4.680|5.316
|SD3511|England|7|2010|2023|WCBS|53.5915|-2.9835|7.296|0.214
|SD4391|England|14|2010|2023|WCBS|54.3114|-2.8776|1.077|2.318
|SP7474|England|13|2010|2023|WCBS|52.3591|-0.9148|7.842|0.874
|SP7870|England|7|2010|2022|WCBS|52.3226|-0.8570|6.132|1.881
|SO7322|England|14|2010|2023|WCBS|51.8959|-2.3938|9.757|1.726
|SO9524|England|14|2010|2023|WCBS|51.9145|-2.0741|1.914|5.006
|SY8780|England|14|2010|2023|WCBS|50.6196|-2.1851|4.935|2.704
|TQ3045|England|13|2010|2023|WCBS|51.1894|-0.1411|5.028|0.805
|TQ5204|England|11|2010|2022|WCBS|50.8156|0.1563|9.058|0.857
|NY0287|Scotland|12|2012|2023|WCBS|55.1676|-3.5400|-2.428|4.852
|ST7202|England|12|2011|2023|WCBS|50.8169|-2.3988|3.839|0.352
|SH4659|Wales|12|2012|2023|WCBS|53.1059|-4.3019|5.369|1.858
|TQ5301|England|13|2011|2023|WCBS|50.7884|0.1692|10.531|1.531
|NT1930|Scotland|7|2011|2022|WCBS|55.5569|-3.2857|-2.215|0.081
|SO6212|England|11|2012|2023|WCBS|51.8053|-2.5525|-1.911|-0.896
|SD5058|England|7|2012|2023|WCBS|54.0156|-2.7645|2.752|1.480
|SO9514|England|12|2012|2023|WCBS|51.8246|-2.0740|5.087|4.264
|TF7611|England|3|2012|2022|WCBS|52.6681|0.6014|8.792|0.328
|NS5651|Scotland|12|2011|2022|WCBS|55.7309|-4.2947|-0.488|3.795
|TF6841|England|7|2011|2023|WCBS|52.9401|0.4986|8.705|0.241
|SU8583|England|12|2012|2023|WCBS|51.5395|-0.7758|6.290|1.758
|SU0101|England|10|2012|2022|WCBS|50.8086|-1.9872|6.912|0.625
|SJ4162|England|6|2012|2022|WCBS|53.1519|-2.8837|2.412|-2.556
|SU0308|England|12|2011|2023|WCBS|50.8715|-1.9587|10.426|1.408
|TL1724|England|2|2012|2023|WCBS|51.9023|-0.3008|5.746|3.374
|NJ9961|Scotland|8|2009|2022|WCBS|57.6389|-2.0184|8.881|0.325
|NK0457|Scotland|9|2009|2022|WCBS|57.6030|-1.9347|-0.628|-1.255
|SP9026|England|15|2009|2023|WCBS|51.9253|-0.6926|2.124|3.082
|NY1847|England|11|2009|2023|WCBS|54.8111|-3.2774|5.200|5.518
|ST6070|England|13|2007|2023|WCBS|51.4276|-2.5767|1.195|5.406
|TL2486|England|11|2009|2023|WCBS|52.4579|-0.1765|7.782|0.918
|SY9594|England|15|2009|2023|WCBS|50.7456|-2.0722|7.061|5.502
|SZ0497|England|13|2009|2023|WCBS|50.7726|-1.9446|6.449|3.229
|TL4903|England|10|2009|2023|WCBS|51.7060|0.1550|2.865|3.138
|SU5127|England|15|2007|2023|WCBS|51.0401|-1.2740|7.108|4.851
|SU6207|England|14|2009|2023|WCBS|50.8592|-1.1205|8.978|0.453
|TL8339|England|13|2009|2023|WCBS|52.0192|0.6656|3.945|0.891
|SD9904|England|13|2009|2023|WCBS|53.5327|-2.0166|1.560|1.433
|TQ5390|England|15|2009|2023|WCBS|51.5881|0.2071|1.443|5.144
|SD6608|England|9|2009|2023|WCBS|53.5675|-2.5148|3.499|4.036
|SX7779|England|15|2009|2023|WCBS|50.5977|-3.7393|-1.014|2.600
|SY4690|England|13|2009|2022|WCBS|50.7071|-2.7661|-2.738|5.643
|SY7385|England|13|2009|2023|WCBS|50.6640|-2.3834|6.045|5.474
|TG2215|England|16|2007|2023|WCBS|52.6872|1.2832|6.933|3.463
|TG4124|England|13|2007|2023|WCBS|52.7598|1.5704|7.215|-0.369
|TQ1492|England|13|2009|2023|WCBS|51.6153|-0.3549|7.314|3.869
|TQ5568|England|12|2009|2022|WCBS|51.3899|0.2263|7.709|0.595
|TQ1662|England|14|2009|2023|WCBS|51.3453|-0.3359|-1.780|-2.309
|ST4355|England|8|2007|2022|WCBS|51.2913|-2.8188|2.514|1.077
|TL6381|England|14|2009|2023|WCBS|52.4027|0.3946|7.285|-0.201
|TL7866|England|11|2009|2022|WCBS|52.2634|0.6069|7.324|-0.397
|TM3450|England|15|2009|2023|WCBS|52.0988|1.4151|-2.724|1.077
|TM3762|England|7|2009|2023|WCBS|52.2052|1.4672|1.289|-1.914
|TM2087|England|10|2007|2023|WCBS|52.4367|1.2351|10.546|2.091
|SP7754|England|13|2009|2023|WCBS|52.1789|-0.8753|9.983|1.018
|SP3523|England|12|2009|2022|WCBS|51.9044|-1.4927|7.619|0.649
|SU6289|England|13|2009|2023|WCBS|51.5964|-1.1063|3.543|-0.125
|SM8010|Wales|13|2009|2023|WCBS|51.7454|-5.1883|0.410|-2.133
|SM9234|Wales|14|2009|2023|WCBS|51.9655|-5.0292|5.732|5.666
|SO2054|Wales|16|2007|2022|WCBS|52.1784|-3.1714|-0.890|0.801
|SU0030|England|5|2009|2023|WCBS|51.0693|-2.0014|-0.950|-1.578
|SK3828|England|13|2009|2023|WCBS|52.8482|-1.4372|7.963|0.350
|TL0280|England|13|2009|2023|WCBS|52.4085|-0.5020|5.001|1.472
|NH8646|Scotland|6|2007|2023|WCBS|57.4898|-3.9034|-2.838|5.407
|SP1521|England|11|2007|2023|WCBS|51.8874|-1.7835|9.984|2.391
|TG0307|England|4|2007|2022|WCBS|52.6228|0.9976|5.890|2.533
|SP5310|England|2|2006|2023|WCBS|51.7862|-1.2330|9.301|0.748
|SU6473|England|2|2006|2023|WCBS|51.4524|-1.0803|1.816|-2.991
|J4577|Northern Ireland|8|2010|2023|WCBS|54.6204|-5.7560|0.378|-0.963
|TG1008|England|4|2007|2022|WCBS|52.6291|1.1015|9.615|2.084
|TM1683|England|4|2007|2023|WCBS|52.4024|1.1738|-1.391|-1.525
|NT0923|Scotland|8|2010|2023|WCBS|55.4923|-3.4418|-0.498|1.958
|SD9711|England|10|2010|2023|WCBS|53.5956|-2.0468|3.459|4.225
|SJ9520|England|14|2010|2023|WCBS|52.7776|-2.0756|9.612|2.154
|SK0799|England|11|2010|2023|WCBS|53.4877|-1.8960|-0.751|0.939
|SK4964|England|10|2010|2023|WCBS|53.1709|-1.2684|9.518|1.406
|SP7657|England|10|2010|2023|WCBS|52.2060|-0.8893|0.825|5.667
|ST8719|England|14|2010|2023|WCBS|50.9703|-2.1865|6.372|5.850
|SO5302|England|14|2010|2023|WCBS|51.7147|-2.6817|1.036|1.432
|SP4952|England|13|2010|2023|WCBS|52.1641|-1.2851|6.060|4.845
|TL2050|England|14|2010|2023|WCBS|52.1353|-0.2481|6.256|2.166
|SY4694|England|12|2012|2023|WCBS|50.7431|-2.7667|5.110|1.499
|TQ1330|England|10|2012|2023|WCBS|51.0582|-0.3890|2.159|-2.306
|SD7715|England|12|2011|2022|WCBS|53.6310|-2.3493|4.506|4.941
|TG3502|England|13|2011|2023|WCBS|52.5650|1.4660|7.260|-0.416
|SH7150|Wales|7|2012|2023|WCBS|53.0317|-3.9251|-2.388|0.182
|SH5263|Wales|10|2012|2023|WCBS|53.1435|-4.2142|4.962|0.890
|NT4164|Scotland|12|2012|2023|WCBS|55.8655|-2.9443|7.858|1.598
|SU0605|England|9|2012|2023|WCBS|50.8445|-1.9161|2.193|-1.541
|ST5301|England|11|2012|2023|WCBS|50.8066|-2.6684|6.904|5.256
|TQ6313|England|8|2011|2023|WCBS|50.8935|0.3163|2.899|1.508
|SE7063|England|12|2012|2023|WCBS|54.0582|-0.9321|10.271|1.841
|SP9335|England|8|2012|2023|WCBS|52.0057|-0.6466|0.601|2.694
|SU2770|England|7|2012|2022|WCBS|51.4284|-1.6130|10.058|1.171
|NN0785|Scotland|10|2009|2023|WCBS|56.9160|-5.1721|-0.723|1.910
|NY3351|England|15|2009|2023|WCBS|54.8493|-3.0450|5.250|5.568
|NY4736|England|8|2009|2023|WCBS|54.7162|-2.8242|4.596|5.318
|NY8113|England|10|2009|2023|WCBS|54.5119|-2.2950|4.639|5.209
|SP8816|England|8|2007|2023|WCBS|51.8357|-0.7242|6.599|3.857
|SJ3773|England|11|2009|2022|WCBS|53.2503|-2.9457|6.014|5.290
|SJ9268|England|13|2009|2022|WCBS|53.2090|-2.1212|0.865|5.480
|SH8064|Wales|5|2009|2023|WCBS|53.1596|-3.7962|4.855|4.514
|SU4628|England|13|2009|2023|WCBS|51.0495|-1.3451|2.148|4.425
|SU4837|England|14|2009|2023|WCBS|51.1303|-1.3154|9.180|0.845
|NO4228|Scotland|13|2009|2023|WCBS|56.4406|-2.9423|-2.724|5.459
|SK3150|England|13|2009|2023|WCBS|53.0464|-1.5390|6.412|5.725
|SY0994|England|6|2009|2022|WCBS|50.7385|-3.2910|8.823|1.709
|ST3701|England|9|2009|2023|WCBS|50.8051|-2.8954|2.072|-1.853
|SY5089|England|11|2009|2023|WCBS|50.6985|-2.7093|7.769|1.364
|TG1139|England|17|2007|2023|WCBS|52.9070|1.1362|0.224|-1.900
|SU6633|England|12|2009|2022|WCBS|51.0925|-1.0589|-1.003|-0.799
|TQ9840|England|15|2009|2023|WCBS|51.1251|0.8281|10.614|1.702
|TQ2688|England|13|2009|2023|WCBS|51.5768|-0.1831|0.920|0.470
|TQ2782|England|12|2009|2023|WCBS|51.5226|-0.1708|0.420|6.109
|NT2764|Scotland|6|2009|2023|WCBS|55.8636|-3.1679|4.512|5.318
|SU8204|England|12|2009|2023|WCBS|50.8297|-0.8370|1.986|-1.464
|ST7650|England|3|2007|2022|WCBS|51.2487|-2.3452|5.801|1.461
|TL8271|England|9|2009|2023|WCBS|52.3069|0.6681|5.542|2.238
|SP5160|England|15|2009|2023|WCBS|52.2358|-1.2546|2.663|2.114
|SM9737|Wales|8|2009|2022|WCBS|51.9942|-4.9583|0.165|-1.811
|TQ1520|England|6|2008|2022|WCBS|50.9679|-0.3636|5.652|4.180
|TQ1819|England|15|2007|2023|WCBS|50.9584|-0.3212|6.285|4.283
|TQ6608|England|11|2009|2023|WCBS|50.8477|0.3567|6.251|4.375
|SP1267|England|13|2009|2023|WCBS|52.3010|-1.8254|3.245|0.402
|ST5274|England|12|2007|2023|WCBS|51.4629|-2.6923|6.115|3.427
|SJ4448|England|11|2013|2023|WCBS|53.0263|-2.8364|6.278|5.380
|TM1091|England|5|2007|2023|WCBS|52.4765|1.0908|10.065|1.012
|SJ7891|England|14|2010|2023|WCBS|53.4153|-2.3325|0.886|5.884
|ST6695|England|14|2010|2023|WCBS|51.6528|-2.4929|2.947|0.643
|ST7637|England|12|2010|2023|WCBS|51.1318|-2.3444|6.492|1.946
|SO8933|England|14|2010|2023|WCBS|51.9953|-2.1616|6.238|3.023
|SX4068|England|8|2010|2023|WCBS|50.4899|-4.2569|1.316|-0.369
|TF9434|England|11|2010|2022|WCBS|52.8685|0.8808|7.373|-0.296
|TQ5317|England|14|2010|2023|WCBS|50.9322|0.1759|3.290|2.076
|TQ2759|England|14|2010|2023|WCBS|51.3159|-0.1791|1.938|2.095
|ST9709|England|12|2012|2023|WCBS|50.8805|-2.0440|-0.549|-3.595
|NT2856|Scotland|12|2012|2023|WCBS|55.7919|-3.1498|4.820|5.215
|SO9714|England|12|2012|2023|WCBS|51.8246|-2.0449|2.006|2.406
|SD6168|England|12|2011|2023|WCBS|54.1064|-2.5980|4.592|1.222
|SU5921|England|8|2012|2023|WCBS|50.9854|-1.1608|-0.960|4.010
|ST3104|England|11|2012|2023|WCBS|50.8314|-2.9811|4.773|2.778
|SZ0196|England|10|2012|2023|WCBS|50.7636|-1.9872|0.556|4.074
|SU4771|England|8|2012|2023|WCBS|51.4361|-1.3252|7.406|4.720
|SU0301|England|10|2012|2023|WCBS|50.8085|-1.9588|-1.142|-0.739
|NJ9736|Scotland|14|2009|2023|WCBS|57.4144|-2.0516|3.247|3.978
|ST6266|England|17|2007|2023|WCBS|51.3918|-2.5475|-1.103|-1.011
|SD2883|England|11|2009|2023|WCBS|54.2376|-3.1062|3.036|0.556
|SD4896|England|9|2009|2023|WCBS|54.3569|-2.8016|1.196|0.639
|SE0602|England|5|2009|2023|WCBS|53.5146|-1.9110|0.211|1.590
|SU3476|England|13|2009|2023|WCBS|51.4819|-1.5118|-1.830|-0.932
|SP8314|England|4|2009|2023|WCBS|51.8185|-0.7973|0.892|5.799
|SU9596|England|12|2009|2023|WCBS|51.6548|-0.6281|2.309|1.426
|SJ7488|England|14|2009|2023|WCBS|53.3882|-2.3924|4.043|1.904
|NZ2024|England|14|2009|2022|WCBS|54.6108|-1.6919|10.262|1.837
|NT6565|Scotland|4|2009|2023|WCBS|55.8769|-2.5610|-0.618|2.435
|SU2200|England|13|2009|2022|WCBS|50.7991|-1.6892|-1.373|0.189
|SU3939|England|17|2007|2023|WCBS|51.1489|-1.4438|10.035|1.625
|SP1039|England|15|2009|2023|WCBS|52.0493|-1.8556|0.744|5.265
|ST7316|England|15|2009|2023|WCBS|50.9428|-2.3857|5.710|2.054
|ST7705|England|14|2009|2023|WCBS|50.8441|-2.3280|6.770|5.027
|ST9707|England|12|2009|2022|WCBS|50.8625|-2.0440|10.206|2.571
|ST9910|England|15|2009|2023|WCBS|50.8895|-2.0156|10.385|2.413
|SU0600|England|10|2009|2022|WCBS|50.7995|-1.9162|0.356|4.019
|TL3207|England|7|2009|2023|WCBS|51.7462|-0.0894|0.852|2.410
|TL3212|England|15|2009|2023|WCBS|51.7911|-0.0875|4.940|1.372
|TR1651|England|15|2009|2023|WCBS|51.2173|1.0916|-0.347|-2.925
|TR2839|England|7|2009|2022|WCBS|51.1049|1.2555|1.615|4.493
|TF6926|England|17|2007|2023|WCBS|52.8051|0.5057|5.909|3.606
|ST1914|England|12|2007|2023|WCBS|50.9198|-3.1537|4.758|1.474
|ST3547|England|8|2009|2023|WCBS|51.2185|-2.9321|1.740|3.043
|SU9402|England|16|2008|2023|WCBS|50.8099|-0.6672|4.398|1.070
|ST4872|England|6|2009|2023|WCBS|51.4446|-2.7496|2.219|4.495
|ST4944|England|6|2009|2023|WCBS|51.1929|-2.7312|5.749|4.982
|ST6945|England|3|2007|2022|WCBS|51.2034|-2.4451|-0.367|-1.928
|ST7542|England|3|2007|2022|WCBS|51.1767|-2.3590|3.360|2.243
|ST7653|England|14|2007|2022|WCBS|51.2756|-2.3454|7.275|5.482
|SK0500|England|14|2009|2023|WCBS|52.5978|-1.9276|0.759|3.750
|TL7262|England|13|2009|2023|WCBS|52.2293|0.5170|7.244|-0.338
|TL7781|England|14|2009|2023|WCBS|52.3984|0.6002|5.041|3.120
|SP2798|England|15|2009|2023|WCBS|52.5791|-1.6030|1.717|5.207
|J4864|Northern Ireland|9|2010|2022|WCBS|54.5028|-5.7161|0.671|3.238
|SD9613|England|7|2010|2022|WCBS|53.6135|-2.0619|-0.455|2.152
|SK2936|England|10|2010|2023|WCBS|52.9206|-1.5701|6.474|3.765
|TL6142|England|14|2010|2023|WCBS|52.0530|0.3467|9.674|1.779
|TL7910|England|12|2012|2023|WCBS|51.7601|0.5923|7.341|-0.290
|TQ5425|England|12|2012|2023|WCBS|51.0038|0.1935|0.738|1.478
|TQ7214|England|3|2011|2022|WCBS|50.8999|0.4447|0.245|-4.150
|NT0035|Scotland|10|2011|2023|WCBS|55.5983|-3.5886|4.665|5.203
|H5347|Northern Ireland|6|2011|2023|WCBS|54.3689|-7.1853|-0.586|-0.090
|NR7150|Scotland|13|2011|2023|WCBS|55.6893|-5.6449|0.860|2.756
|TF9313|England|12|2011|2023|WCBS|52.6803|0.8536|2.140|1.970
|ST9235|England|8|2012|2023|WCBS|51.1142|-2.1157|9.141|0.683
|C9742|Northern Ireland|11|2013|2023|WCBS|55.2155|-6.4768|4.774|5.392
|ND0665|Scotland|7|2012|2023|WCBS|58.5628|-3.6175|1.819|2.045
|NS8996|Scotland|11|2013|2023|WCBS|56.1437|-3.7880|4.770|5.283
|NT2466|Scotland|10|2013|2023|WCBS|55.8811|-3.2164|2.964|3.925
|NX3656|Scotland|2|2009|2023|WCBS|54.8718|-4.5574|3.854|4.594
|NY7906|England|9|2013|2023|WCBS|54.4490|-2.3254|-0.333|2.277
|NZ2159|England|10|2013|2023|WCBS|54.9253|-1.6739|1.030|4.913
|SD9842|England|9|2013|2023|WCBS|53.8742|-2.0319|-0.279|2.176
|SH7205|Wales|11|2013|2023|WCBS|52.6276|-3.8925|-2.544|0.359
|SJ2077|Wales|6|2013|2023|WCBS|53.2839|-3.2014|0.763|5.426
|SJ6921|England|8|2013|2022|WCBS|52.7857|-2.4611|7.242|-0.427
|SN6831|Wales|11|2013|2023|WCBS|51.9618|-3.9226|-0.061|4.408
|SO6575|England|10|2013|2023|WCBS|52.3719|-2.5155|1.657|0.724
|SO7125|England|9|2013|2023|WCBS|51.9228|-2.4231|7.265|4.665
|SO8224|England|9|2013|2023|WCBS|51.9142|-2.2631|6.165|3.520
|SO8819|England|11|2013|2023|WCBS|51.8694|-2.1757|0.172|-1.529
|SP0815|England|11|2013|2023|WCBS|51.8336|-1.8853|8.908|0.397
|SP1331|England|8|2013|2023|WCBS|51.9773|-1.8121|0.786|-3.445
|SP5415|England|11|2013|2023|WCBS|51.8310|-1.2178|6.908|5.038
|SP6254|England|8|2013|2023|WCBS|52.1808|-1.0947|6.869|4.875
|SP8778|England|11|2013|2023|WCBS|52.3931|-0.7229|2.029|4.395
|ST3514|England|10|2013|2023|WCBS|50.9218|-2.9261|-1.827|-2.517
|ST4894|Wales|8|2013|2023|WCBS|51.6424|-2.7529|4.110|2.425
|ST6310|England|8|2013|2023|WCBS|50.8883|-2.5274|4.758|2.675
|ST6617|England|6|2013|2023|WCBS|50.9514|-2.4854|0.711|-0.103
|ST7933|England|7|2013|2023|WCBS|51.0959|-2.3013|9.601|1.351
|ST8312|England|11|2013|2023|WCBS|50.9072|-2.2432|4.500|2.124
|SU0737|England|8|2013|2023|WCBS|51.1322|-1.9013|4.305|1.965
|SU2206|England|10|2013|2023|WCBS|50.8531|-1.6888|-1.129|-2.294
|SU2370|England|4|2013|2022|WCBS|51.4285|-1.6706|3.375|2.143
|SU6086|England|9|2013|2023|WCBS|51.5697|-1.1357|0.053|4.596
|SU7249|England|11|2013|2023|WCBS|51.2356|-0.9701|9.289|1.692
|SY9796|England|6|2013|2023|WCBS|50.7636|-2.0439|5.647|1.213
|TA0749|England|10|2013|2023|WCBS|53.9261|-0.3720|9.003|0.512
|TF7041|England|7|2013|2023|WCBS|52.9395|0.5283|9.663|2.210
|TG3201|England|11|2013|2023|WCBS|52.5573|1.4211|10.402|1.731
|TL1719|England|8|2013|2023|WCBS|51.8573|-0.3025|7.813|1.165
|TL1844|England|7|2013|2023|WCBS|52.0818|-0.2794|4.256|3.162
|TL3911|England|9|2013|2023|WCBS|51.7804|0.0135|-2.777|5.277
|TL5373|England|10|2013|2023|WCBS|52.3338|0.2441|7.746|0.662
|TM0683|England|10|2013|2023|WCBS|52.4062|1.0270|7.800|0.914
|TM2481|England|11|2013|2023|WCBS|52.3812|1.2899|0.945|-2.917
|TQ3319|England|9|2013|2022|WCBS|50.9551|-0.1078|0.190|6.079
|TQ4905|England|9|2013|2023|WCBS|50.8254|0.1142|9.202|0.928
|SU9816|England|7|2014|2023|WCBS|50.9351|-0.6067|4.283|1.774
|SO7416|England|9|2014|2023|WCBS|51.8420|-2.3788|6.823|4.590
|NY4303|England|7|2014|2023|WCBS|54.4192|-2.8799|-0.397|2.350
|SO9109|England|10|2014|2023|WCBS|51.7796|-2.1319|5.831|4.057
|SK4215|England|9|2014|2022|WCBS|52.7310|-1.3795|-0.585|3.962
|SY5589|England|10|2014|2023|WCBS|50.6989|-2.6385|7.160|5.226
|TG2502|England|3|2014|2023|WCBS|52.5693|1.3187|8.330|1.712
|TQ2480|England|4|2015|2023|WCBS|51.5053|-0.2148|2.743|2.595
|TL1055|England|7|2014|2023|WCBS|52.1823|-0.3926|4.440|1.004
|TF5904|England|9|2014|2023|WCBS|52.6105|0.3468|8.108|1.916
|SU9651|England|9|2014|2022|WCBS|51.2501|-0.6259|2.483|4.429
|TQ4352|England|10|2014|2023|WCBS|51.2492|0.0476|-1.955|-1.123
|SO7126|England|9|2014|2022|WCBS|51.9317|-2.4232|4.978|0.857
|TM3495|England|9|2014|2023|WCBS|52.5027|1.4463|4.752|1.523
|SK2659|England|8|2014|2023|WCBS|53.1275|-1.6129|4.104|2.747
|SO8708|England|7|2014|2023|WCBS|51.7705|-2.1898|1.020|2.454
|TL9859|England|9|2014|2023|WCBS|52.1937|0.8955|1.208|3.757
|NN2578|Scotland|8|2014|2022|WCBS|56.8603|-4.8720|-0.153|2.033
|SE0298|England|6|2014|2022|WCBS|54.3775|-1.9707|-0.838|2.329
|NY4709|England|5|2014|2023|WCBS|54.4736|-2.8194|-0.244|2.244
|ST7703|England|8|2014|2023|WCBS|50.8261|-2.3279|8.904|1.323
|NY4702|England|9|2014|2023|WCBS|54.4107|-2.8181|0.372|2.430
|SX3073|England|9|2014|2023|WCBS|50.5320|-4.4001|3.521|2.158
|SP8359|England|6|2014|2023|WCBS|52.2230|-0.7864|10.349|1.278
|TM3568|England|7|2014|2023|WCBS|52.2599|1.4421|10.126|1.793
|TQ3279|England|10|2014|2023|WCBS|51.4945|-0.0999|0.155|6.235
|SU7334|England|8|2014|2023|WCBS|51.1007|-0.9588|9.674|2.111
|TM3150|England|9|2014|2023|WCBS|52.1001|1.3714|1.601|4.816
|SU7108|England|10|2014|2023|WCBS|50.8672|-0.9924|1.750|5.294
|SP7572|England|7|2014|2023|WCBS|52.3410|-0.9006|9.318|1.958
|SD6278|England|9|2014|2023|WCBS|54.1963|-2.5839|4.687|5.369
|TL3071|England|2|2014|2022|WCBS|52.3217|-0.0940|0.778|-3.113
|SY8982|England|10|2014|2023|WCBS|50.6376|-2.1569|0.380|-1.121
|SZ2892|England|7|2014|2023|WCBS|50.7270|-1.6047|2.626|-1.905
|TM0048|England|10|2014|2023|WCBS|52.0942|0.9182|3.428|0.729
|TL8566|England|9|2014|2022|WCBS|52.2610|0.7094|2.118|3.513
|ST6418|England|6|2015|2023|WCBS|50.9603|-2.5140|6.490|3.489
|TF0036|England|3|2015|2023|WCBS|52.9121|-0.5144|7.866|0.416
|TL0704|England|7|2015|2022|WCBS|51.7245|-0.4523|1.555|4.679
|TF0586|England|3|2015|2023|WCBS|53.3605|-0.4237|9.034|1.800
|SE6655|England|3|2015|2022|WCBS|53.9868|-0.9949|2.487|-1.346
|TM0378|England|2|2015|2023|WCBS|52.3624|0.9800|10.423|1.453
|SU6307|England|9|2015|2023|WCBS|50.8591|-1.1063|5.199|2.733
|TQ3559|England|8|2015|2023|WCBS|51.3141|-0.0643|5.997|0.344
|TA0095|England|9|2015|2023|WCBS|54.3408|-0.4633|10.418|1.556
|SE8683|England|9|2015|2023|WCBS|54.2355|-0.6821|0.348|5.900
|SD8322|England|5|2015|2023|WCBS|53.6942|-2.2589|1.104|-3.290
|TF5918|England|7|2015|2022|WCBS|52.7363|0.3536|5.973|0.319
|TQ2654|England|9|2015|2023|WCBS|51.2712|-0.1952|1.311|4.862
|TM2975|England|6|2015|2022|WCBS|52.3253|1.3591|9.085|0.348
|TL2333|England|4|2015|2022|WCBS|51.9819|-0.2104|-0.005|6.079
|TQ1354|England|9|2015|2023|WCBS|51.2740|-0.3814|2.501|2.463
|SE7862|England|6|2015|2022|WCBS|54.0481|-0.8102|6.030|5.771
|TR1357|England|5|2015|2023|WCBS|51.2723|1.0523|6.233|2.774
|NY5970|England|8|2015|2023|WCBS|55.0228|-2.6428|-0.910|2.112
|TL1232|England|6|2015|2023|WCBS|51.9752|-0.3709|5.055|3.419
|SP7843|England|9|2015|2023|WCBS|52.0799|-0.8632|4.393|1.055
|TQ8577|England|6|2015|2023|WCBS|51.4617|0.6617|4.632|3.046
|TM2147|England|8|2015|2022|WCBS|52.0772|1.2237|10.257|1.248
|TQ4752|England|9|2015|2023|WCBS|51.2482|0.1048|-1.523|-0.606
|TQ1144|England|9|2015|2023|WCBS|51.1845|-0.4132|1.276|0.363
|SY6598|England|6|2015|2022|WCBS|50.7805|-2.4978|9.002|0.663
|NU2404|England|6|2015|2023|WCBS|55.3295|-1.6233|8.290|1.967
|SU7765|England|2|2013|2023|WCBS|51.3788|-0.8950|0.171|6.003
|SX6671|England|9|2015|2023|WCBS|50.5234|-3.8917|-0.582|0.812
|TG1908|England|8|2015|2022|WCBS|52.6256|1.2343|7.253|3.584
|TL8843|England|8|2015|2023|WCBS|52.0535|0.7405|6.939|0.576
|SZ0690|England|9|2015|2023|WCBS|50.7096|-1.9164|1.496|5.014
|ST7912|England|8|2015|2023|WCBS|50.9071|-2.3000|7.281|5.134
|TR2856|England|9|2015|2023|WCBS|51.2575|1.2663|6.916|3.506
|ST7306|England|9|2015|2023|WCBS|50.8529|-2.3849|7.105|0.111
|NY8063|England|9|2015|2023|WCBS|54.9612|-2.3139|0.389|-2.765
|ST8975|England|9|2013|2023|WCBS|51.4739|-2.1598|7.198|5.357
|TL3515|England|9|2015|2023|WCBS|51.8173|-0.0429|0.791|5.572
|SP7447|England|8|2016|2023|WCBS|52.1164|-0.9207|7.114|4.470
|SU9377|England|3|2016|2023|WCBS|51.4843|-0.6621|-1.450|-0.501
|NY8583|England|6|2016|2023|WCBS|55.1411|-2.2368|3.156|4.167
|TQ6013|England|7|2016|2023|WCBS|50.8943|0.2737|4.197|0.864
|SU9267|England|8|2016|2023|WCBS|51.3946|-0.6790|0.266|5.107
|NY0516|England|8|2016|2023|WCBS|54.5303|-3.4695|4.532|5.179
|SJ2980|England|6|2016|2022|WCBS|53.3122|-3.0671|5.037|1.414
|TL5357|England|7|2016|2023|WCBS|52.1900|0.2368|7.944|1.146
|TF8039|England|8|2016|2023|WCBS|52.9183|0.6758|5.587|2.561
|SJ7351|England|7|2016|2023|WCBS|53.0556|-2.4043|1.905|-0.327
|SY7799|England|8|2016|2023|WCBS|50.7901|-2.3277|10.066|2.425
|TQ1247|England|8|2016|2023|WCBS|51.2112|-0.3980|2.848|0.158
|SU5386|England|4|2016|2022|WCBS|51.5704|-1.2367|0.776|5.509
|TQ8636|England|8|2016|2023|WCBS|51.0931|0.6548|5.659|4.337
|SP4119|England|7|2016|2023|WCBS|51.8681|-1.4059|5.065|4.107
|TL8862|England|8|2016|2023|WCBS|52.2241|0.7510|7.281|-0.329
|SU9027|England|8|2016|2023|WCBS|51.0353|-0.7178|1.359|-0.724
|ST8617|England|7|2016|2023|WCBS|50.9523|-2.2007|0.379|-1.374
|SU8876|England|8|2016|2023|WCBS|51.4761|-0.7343|0.720|5.261
|ST1576|Wales|4|2016|2023|WCBS|51.4765|-3.2253|7.192|4.721
|SX4552|England|8|2016|2023|WCBS|50.3475|-4.1799|7.536|4.634
|TQ6004|England|7|2016|2023|WCBS|50.8135|0.2698|-2.412|4.490
|SU9150|England|5|2016|2023|WCBS|51.2419|-0.6977|7.321|4.518
|SU9277|England|2|2016|2023|WCBS|51.4845|-0.6764|7.755|0.785
|NY7539|England|8|2016|2023|WCBS|54.7453|-2.3899|-0.217|2.081
|TQ0557|England|8|2016|2023|WCBS|51.3024|-0.4952|7.401|4.322
|TQ2562|England|8|2016|2023|WCBS|51.3433|-0.2067|0.318|6.052
|TQ2059|England|8|2016|2023|WCBS|51.3175|-0.2795|0.730|0.011
|SP5336|England|6|2016|2022|WCBS|52.0199|-1.2291|0.337|4.631
|SU8736|England|8|2016|2023|WCBS|51.1167|-0.7584|1.140|-2.066
|SP1227|England|6|2017|2023|WCBS|51.9414|-1.8268|2.661|0.293
|SP9431|England|7|2017|2023|WCBS|51.9695|-0.6331|5.700|4.112
|SD3719|England|4|2017|2022|WCBS|53.6637|-2.9549|1.275|5.428
|SU7644|England|5|2017|2023|WCBS|51.1902|-0.9139|9.606|1.729
|SS4933|England|5|2017|2023|WCBS|51.0764|-4.1569|-1.930|5.535
|SP6261|England|4|2017|2022|WCBS|52.2437|-1.0934|10.338|2.292
|SS5327|England|5|2017|2022|WCBS|51.0235|-4.0974|6.736|3.775
|SU6677|England|4|2017|2022|WCBS|51.4881|-1.0508|3.649|1.389
|TQ0992|England|6|2017|2022|WCBS|51.6163|-0.4271|1.324|4.498
|SP1533|England|4|2017|2023|WCBS|51.9952|-1.7829|6.145|2.105
|ST7099|England|5|2017|2023|WCBS|51.6889|-2.4354|6.906|0.149
|SS5329|England|5|2017|2022|WCBS|51.0415|-4.0982|0.006|4.358
|SY7794|England|7|2017|2023|WCBS|50.7451|-2.3274|7.065|0.378
|TQ2312|England|7|2017|2023|WCBS|50.8944|-0.2524|2.176|2.463
|SP0102|England|6|2017|2023|WCBS|51.7167|-1.9869|5.797|4.370
|TQ2042|England|7|2017|2023|WCBS|51.1647|-0.2852|4.534|2.561
|SZ2598|England|7|2017|2023|WCBS|50.7810|-1.6468|4.981|2.321
|J4773|Northern Ireland|4|2017|2023|WCBS|54.5839|-5.7270|-0.098|4.247
|TL0098|England|7|2017|2023|WCBS|52.5706|-0.5259|6.541|3.618
|NZ9900|England|6|2017|2023|WCBS|54.3859|-0.4771|5.862|5.659
|TQ0892|England|6|2017|2022|WCBS|51.6165|-0.4415|0.740|5.765
|TL1548|England|7|2017|2023|WCBS|52.1184|-0.3218|10.526|1.250
|TL8778|England|3|2017|2022|WCBS|52.3681|0.7453|0.886|4.853
|ST8288|England|7|2017|2023|WCBS|51.5906|-2.2612|3.634|2.835
|NS8279|Scotland|7|2017|2023|WCBS|55.9894|-3.8931|0.434|5.411
|TL2647|England|7|2017|2023|WCBS|52.1070|-0.1616|6.990|5.108
|SE6089|England|7|2017|2023|WCBS|54.2931|-1.0797|9.647|1.272
|TQ1127|England|7|2017|2023|WCBS|51.0317|-0.4184|5.225|2.203
|TL7040|England|7|2017|2023|WCBS|52.0324|0.4768|9.838|0.887
|H2528|Northern Ireland|6|2017|2022|WCBS|54.2004|-7.6177|-0.923|2.270
|TQ9155|England|7|2017|2023|WCBS|51.2622|0.7362|9.037|0.449
|SD9113|England|6|2017|2022|WCBS|53.6135|-2.1375|0.369|5.151
|TM5195|England|7|2017|2023|WCBS|52.4951|1.6962|5.263|1.757
|TL7882|England|6|2017|2023|WCBS|52.4070|0.6154|-2.426|1.164
|SY6184|England|5|2017|2023|WCBS|50.6544|-2.5531|1.436|5.521
|NT7970|Scotland|7|2017|2023|WCBS|55.9226|-2.3376|7.934|0.724
|TQ4009|England|7|2017|2023|WCBS|50.8636|-0.0120|5.222|3.570
|SU9853|England|7|2017|2023|WCBS|51.2677|-0.5967|0.509|-2.812
|ST6267|England|3|2017|2023|WCBS|51.4007|-2.5476|5.545|3.782
|SY8781|England|7|2017|2023|WCBS|50.6286|-2.1852|6.477|3.958
|SH9978|Wales|4|2017|2023|WCBS|53.2893|-3.5166|6.144|2.869
|SP8254|England|5|2017|2023|WCBS|52.1782|-0.8022|6.974|5.070
|TL8183|England|5|2017|2022|WCBS|52.4150|0.6600|-2.640|1.079
|TL9475|England|6|2017|2023|WCBS|52.3388|0.8462|7.147|-0.116
|ST4601|England|5|2017|2023|WCBS|50.8060|-2.7677|7.482|4.786
|SS7946|England|7|2017|2023|WCBS|51.2004|-3.7333|-0.876|0.903
|SP1905|England|7|2017|2023|WCBS|51.7434|-1.7262|-1.050|-2.240
|TM0058|England|5|2017|2023|WCBS|52.1840|0.9241|7.281|4.938
|TQ7859|England|7|2017|2023|WCBS|51.3023|0.5521|5.129|1.152
|SO5403|England|6|2017|2022|WCBS|51.7238|-2.6674|6.072|3.819
|SP8657|England|7|2017|2023|WCBS|52.2045|-0.7430|3.880|0.576
|SD7514|England|7|2017|2023|WCBS|53.6219|-2.3794|4.315|4.631
|SU7405|England|6|2017|2023|WCBS|50.8398|-0.9504|-2.362|5.348
|SZ0592|England|6|2017|2023|WCBS|50.7276|-1.9305|1.514|5.310
|TM0057|England|5|2017|2023|WCBS|52.1750|0.9235|1.366|0.788
|TQ3030|England|7|2017|2023|WCBS|51.0546|-0.1465|2.279|-2.248
|NO0248|Scotland|4|2017|2023|WCBS|56.6136|-3.5984|-0.979|0.821
|SU5245|England|7|2017|2023|WCBS|51.2019|-1.2571|3.264|1.972
|SU4613|England|5|2017|2022|WCBS|50.9146|-1.3470|2.017|4.322
|NY0838|England|6|2018|2023|WCBS|54.7285|-3.4301|8.795|0.417
|NY4830|England|4|2018|2023|WCBS|54.6624|-2.8076|4.753|5.410
|NY4934|England|6|2018|2023|WCBS|54.6984|-2.7928|4.795|5.463
|NY8479|England|5|2018|2023|WCBS|55.1051|-2.2523|3.847|4.702
|NY9085|England|6|2018|2023|WCBS|55.1592|-2.1585|4.411|5.164
|NY9582|England|6|2018|2023|WCBS|55.1323|-2.0800|-1.313|1.500
|SD6577|England|3|2018|2023|WCBS|54.1876|-2.5378|4.461|4.907
|SJ5824|England|6|2018|2023|WCBS|52.8119|-2.6246|7.180|0.611
|SK8540|England|6|2018|2023|WCBS|52.9507|-0.7363|10.600|2.040
|SN4236|Wales|4|2018|2022|WCBS|51.9999|-4.3030|4.208|2.838
|SO3936|England|6|2018|2023|WCBS|52.0191|-2.8903|2.825|0.688
|SO4453|England|3|2018|2022|WCBS|52.1724|-2.8203|7.193|-0.013
|SO9011|England|6|2018|2023|WCBS|51.7976|-2.1464|1.638|-2.574
|SP0057|England|4|2018|2023|WCBS|52.2112|-2.0014|7.298|0.583
|SP9780|England|4|2018|2023|WCBS|52.4094|-0.5754|5.704|2.216
|ST5777|England|6|2018|2023|WCBS|51.4903|-2.6207|0.536|5.524
|ST7894|England|5|2018|2022|WCBS|51.6444|-2.3193|1.020|1.468
|ST8196|England|6|2018|2023|WCBS|51.6625|-2.2761|9.118|0.576
|ST8399|England|5|2018|2023|WCBS|51.6895|-2.2473|2.662|0.972
|ST9421|England|5|2018|2022|WCBS|50.9884|-2.0869|6.891|5.212
|ST9466|England|4|2018|2023|WCBS|51.3930|-2.0876|6.709|5.026
|ST9794|England|6|2018|2023|WCBS|51.6448|-2.0448|5.491|1.982
|SU0143|England|6|2018|2023|WCBS|51.1862|-1.9871|10.412|1.667
|SU0662|England|3|2018|2023|WCBS|51.3570|-1.9152|3.616|1.187
|SU1142|England|6|2018|2023|WCBS|51.1771|-1.8440|5.736|4.016
|SU1314|England|6|2018|2023|WCBS|50.9253|-1.8164|1.406|1.164
|SU2419|England|6|2018|2023|WCBS|50.9699|-1.6596|3.053|0.455
|SU9621|England|6|2018|2023|WCBS|50.9804|-0.6338|5.409|1.942
|SX4155|England|6|2018|2023|WCBS|50.3734|-4.2373|8.712|1.570
|SY6482|England|6|2018|2023|WCBS|50.6366|-2.5104|3.511|1.783
|SY6591|England|4|2018|2023|WCBS|50.7176|-2.4971|10.250|2.617
|SY7683|England|6|2018|2023|WCBS|50.6462|-2.3408|6.288|2.723
|SY7884|England|6|2018|2023|WCBS|50.6553|-2.3126|10.299|2.704
|SZ0797|England|5|2018|2023|WCBS|50.7725|-1.9021|7.203|3.825
|TF1504|England|6|2018|2023|WCBS|52.6216|-0.3026|1.227|4.027
|TL4159|England|3|2018|2023|WCBS|52.2112|0.0622|0.217|5.313
|TL8161|England|6|2018|2023|WCBS|52.2175|0.6481|5.907|2.779
|TM1732|England|6|2018|2023|WCBS|51.9442|1.1559|10.579|1.665
|TM2160|England|6|2018|2023|WCBS|52.1939|1.2321|6.065|1.353
|TQ2355|England|6|2018|2023|WCBS|51.2809|-0.2378|-0.874|-2.633
|TQ3516|England|2|2018|2022|WCBS|50.9277|-0.0804|5.877|4.068
|NN0866|Scotland|4|2019|2022|WCBS|56.7460|-5.1414|-0.782|1.164
|NT9910|England|5|2019|2023|WCBS|55.3840|-2.0173|10.391|1.535
|NY8288|England|5|2019|2023|WCBS|55.1860|-2.2842|-0.417|2.027
|NY8974|England|5|2019|2023|WCBS|55.0604|-2.1737|5.122|1.893
|NZ0393|England|5|2019|2023|WCBS|55.2312|-1.9544|3.665|4.443
|NZ1822|England|5|2019|2023|WCBS|54.5929|-1.7229|10.053|1.750
|SD4090|England|5|2019|2023|WCBS|54.3021|-2.9235|1.244|-1.249
|SD4093|England|5|2019|2023|WCBS|54.3290|-2.9241|-0.003|1.714
|SD5981|England|5|2019|2023|WCBS|54.2231|-2.6303|4.512|4.932
|SD9602|England|2|2019|2022|WCBS|53.5147|-2.0618|5.367|4.629
|SH2578|Wales|5|2019|2023|WCBS|53.2700|-4.6257|-2.496|5.487
|SJ2764|Wales|4|2019|2023|WCBS|53.1681|-3.0934|0.533|5.727
|SJ3384|England|3|2019|2022|WCBS|53.3486|-3.0079|-0.074|4.705
|SJ3711|England|5|2019|2023|WCBS|52.6930|-2.9336|4.887|5.081
|SK0104|England|3|2019|2023|WCBS|52.6338|-1.9867|2.998|3.570
|SK1307|England|3|2019|2023|WCBS|52.6606|-1.8092|6.141|5.775
|SK7947|England|4|2019|2023|WCBS|53.0145|-0.8239|10.265|1.134
|SO5683|England|5|2019|2023|WCBS|52.4432|-2.6488|4.277|1.454
|SO5685|England|5|2019|2023|WCBS|52.4612|-2.6490|6.334|4.710
|SP5808|England|5|2019|2023|WCBS|51.7677|-1.1609|10.509|1.300
|SP9490|England|2|2019|2022|WCBS|52.4998|-0.6167|9.265|2.064
|ST5041|England|5|2019|2023|WCBS|51.1660|-2.7165|5.102|4.829
|ST8003|England|5|2019|2023|WCBS|50.8262|-2.2853|6.693|5.114
|ST9446|England|4|2019|2022|WCBS|51.2132|-2.0873|3.901|3.695
|SU0329|England|5|2019|2023|WCBS|51.0603|-1.9586|7.485|5.363
|SU0844|England|5|2019|2023|WCBS|51.1952|-1.8869|8.344|0.433
|SU1267|England|5|2019|2023|WCBS|51.4019|-1.8289|7.603|0.489
|SU4532|England|5|2019|2023|WCBS|51.0856|-1.3589|4.683|1.674
|SU4845|England|5|2019|2023|WCBS|51.2022|-1.3144|10.429|1.730
|SU6501|England|5|2019|2023|WCBS|50.8049|-1.0789|1.631|-2.088
|SU7980|England|5|2019|2023|WCBS|51.5134|-0.8630|10.618|1.618
|SU9353|England|5|2019|2023|WCBS|51.2686|-0.6683|-0.458|2.670
|SU9863|England|5|2019|2023|WCBS|51.3576|-0.5939|0.723|-1.987
|SU9961|England|5|2019|2023|WCBS|51.3395|-0.5801|0.752|1.889
|SY6685|England|3|2019|2023|WCBS|50.6637|-2.4824|7.512|5.176
|SY7386|England|5|2019|2023|WCBS|50.6730|-2.3835|7.079|0.097
|SY8485|England|5|2019|2023|WCBS|50.6644|-2.2277|7.072|5.531
|SZ1094|England|3|2019|2023|WCBS|50.7455|-1.8596|0.705|5.278
|SZ1597|England|5|2019|2023|WCBS|50.7724|-1.7886|4.289|4.054
|SZ3697|England|5|2019|2023|WCBS|50.7715|-1.4908|9.690|1.215
|SZ8693|England|4|2019|2022|WCBS|50.7303|-0.7828|1.128|4.699
|TL4422|England|5|2019|2023|WCBS|51.8780|0.0905|10.553|1.765
|TL7673|England|5|2019|2023|WCBS|52.3269|0.5813|3.941|2.360
|TQ3079|England|5|2019|2023|WCBS|51.4950|-0.1287|0.116|5.708
|TQ3771|England|5|2019|2023|WCBS|51.4215|-0.0310|4.843|5.281
|TQ4427|England|5|2019|2023|WCBS|51.0243|0.0519|0.190|-3.365
|TQ4773|England|5|2019|2023|WCBS|51.4369|0.1135|6.358|3.146
|TQ6024|England|4|2019|2023|WCBS|50.9932|0.2785|2.243|0.359
|TQ7660|England|5|2019|2023|WCBS|51.3119|0.5239|7.208|0.045
|SP0547|England|3|2020|2022|WCBS|52.1213|-1.9284|6.290|3.359
|SU8633|England|4|2020|2023|WCBS|51.0899|-0.7734|-1.874|-2.350
|TQ9070|England|4|2020|2023|WCBS|51.3972|0.7299|-2.205|5.418
|TM4663|England|4|2020|2023|WCBS|52.2103|1.5993|5.083|3.209
|SP0347|England|3|2020|2022|WCBS|52.1213|-1.9576|1.907|-0.721
|SO6923|England|4|2020|2023|WCBS|51.9047|-2.4520|6.374|3.765
|TG4100|England|2|2020|2023|WCBS|52.5445|1.5529|5.612|4.926
|SK2577|England|3|2020|2023|WCBS|53.2894|-1.6264|-0.811|-0.752
|NS8784|Scotland|4|2020|2023|WCBS|56.0355|-3.8151|0.513|-1.908
|SP7832|England|3|2020|2023|WCBS|51.9810|-0.8657|9.675|0.805
|SP0746|England|3|2020|2022|WCBS|52.1123|-1.8992|0.038|4.504
|SZ5682|England|4|2020|2023|WCBS|50.6350|-1.2095|10.336|1.725
|TQ4836|England|4|2020|2023|WCBS|51.1042|0.1126|0.405|4.831
|SO9334|England|3|2020|2022|WCBS|52.0044|-2.1034|10.113|1.019
|SU5722|England|4|2020|2023|WCBS|50.9946|-1.1892|10.047|2.458
|SU6636|England|4|2020|2023|WCBS|51.1195|-1.0584|3.356|1.876
|SU6504|England|4|2020|2023|WCBS|50.8319|-1.0784|0.884|4.976
|TF9336|England|4|2020|2023|WCBS|52.8868|0.8672|6.667|4.858
|NS6206|Scotland|3|2020|2022|WCBS|55.3286|-4.1768|-0.435|2.146
|SY6983|England|4|2020|2023|WCBS|50.6459|-2.4398|1.519|5.109
|SP0042|England|3|2020|2022|WCBS|52.0764|-2.0014|10.344|1.314
|TL1426|England|2|2020|2023|WCBS|51.9209|-0.3437|7.667|1.847
|TL8966|England|3|2020|2023|WCBS|52.2597|0.7679|1.995|3.427
|ST9599|England|3|2020|2023|WCBS|51.6897|-2.0737|8.008|1.920
|TL7750|England|3|2020|2023|WCBS|52.1200|0.5839|9.812|1.493
|ST5408|England|4|2020|2023|WCBS|50.8697|-2.6551|0.615|5.533
|NK0138|Scotland|3|2020|2023|WCBS|57.4323|-1.9850|4.643|1.316
|SU7947|England|3|2020|2023|WCBS|51.2167|-0.8703|10.333|2.359
|SP0243|England|3|2020|2022|WCBS|52.0853|-1.9722|3.759|2.855
|TQ5502|England|4|2020|2023|WCBS|50.7968|0.1980|7.429|4.427
|ST9915|England|4|2020|2023|WCBS|50.9344|-2.0156|8.267|0.615
|SU4724|England|4|2020|2023|WCBS|51.0135|-1.3314|1.549|3.588
|SP0750|England|3|2020|2022|WCBS|52.1482|-1.8991|7.264|5.202
|SP0043|England|3|2020|2022|WCBS|52.0854|-2.0014|6.412|3.566
|TG0926|England|2|2020|2022|WCBS|52.7911|1.0982|6.409|1.405
|NZ1198|England|4|2020|2023|WCBS|55.2760|-1.8284|4.350|5.025
|TL4654|England|4|2020|2023|WCBS|52.1650|0.1332|5.819|3.932
|TM1233|England|4|2020|2023|WCBS|51.9551|1.0839|-2.327|5.508
|C5313|Northern Ireland|3|2021|2023|WCBS|54.9617|-7.1734|-0.644|1.930
|C6120|Northern Ireland|3|2021|2023|WCBS|55.0237|-7.0470|-0.081|4.575
|J5137|Northern Ireland|3|2021|2023|WCBS|54.2596|-5.6835|5.537|5.583
|NN8405|Scotland|3|2021|2023|WCBS|56.2234|-3.8724|-0.907|2.048
|NT3871|Scotland|3|2021|2023|WCBS|55.9281|-2.9938|9.839|2.261
|NU0310|England|3|2021|2023|WCBS|55.3840|-1.9542|3.337|2.178
|SD5821|England|3|2021|2023|WCBS|53.6838|-2.6374|0.275|4.752
|SE3437|England|3|2021|2023|WCBS|53.8282|-1.4849|0.229|5.654
|SE6786|England|3|2021|2023|WCBS|54.2653|-0.9728|10.164|2.413
|SJ6158|England|3|2021|2023|WCBS|53.1177|-2.5842|6.204|5.813
|SK1569|England|2|2021|2023|WCBS|53.2178|-1.7768|4.623|4.499
|SK1570|England|2|2021|2023|WCBS|53.2268|-1.7768|4.903|2.202
|SK2072|England|2|2021|2023|WCBS|53.2446|-1.7018|5.941|5.760
|SK2382|England|2|2021|2023|WCBS|53.3344|-1.6561|2.865|0.482
|SM8223|Wales|3|2021|2023|WCBS|51.8629|-5.1675|-2.725|5.648
|SM9634|Wales|3|2021|2023|WCBS|51.9669|-4.9710|5.876|5.642
|SN6592|Wales|3|2021|2023|WCBS|52.5091|-3.9906|4.295|2.499
|SO5908|England|2|2021|2022|WCBS|51.7692|-2.5956|5.244|4.234
|SO8608|England|3|2021|2023|WCBS|51.7705|-2.2043|4.215|2.555
|SO8904|England|3|2021|2023|WCBS|51.7346|-2.1607|0.418|5.076
|SO9104|England|2|2021|2022|WCBS|51.7346|-2.1317|6.401|4.196
|SP0426|England|2|2021|2023|WCBS|51.9325|-1.9432|10.389|1.600
|SP6514|England|3|2021|2023|WCBS|51.8209|-1.0584|5.676|3.898
|SP6564|England|2|2021|2022|WCBS|52.2703|-1.0489|9.883|1.162
|SP6662|England|2|2021|2022|WCBS|52.2522|-1.0346|0.632|5.986
|SP7212|England|3|2021|2023|WCBS|51.8020|-0.9572|10.561|1.350
|SP7598|England|2|2021|2022|WCBS|52.5747|-0.8947|7.795|0.919
|SP8175|England|3|2021|2023|WCBS|52.3671|-0.8118|10.424|1.113
|SP8330|England|3|2021|2023|WCBS|51.9623|-0.7934|9.002|1.125
|SP8581|England|3|2021|2023|WCBS|52.4204|-0.7515|5.844|3.066
|ST3110|England|3|2021|2023|WCBS|50.8854|-2.9823|2.688|-1.992
|ST4365|England|3|2021|2023|WCBS|51.3812|-2.8204|-0.007|4.155
|ST4592|Wales|3|2021|2023|WCBS|51.6241|-2.7959|6.619|4.806
|ST4861|England|3|2021|2023|WCBS|51.3457|-2.7480|9.233|1.055
|SU0694|England|3|2021|2023|WCBS|51.6448|-1.9147|2.504|0.872
|SU1833|England|3|2021|2023|WCBS|51.0960|-1.7443|3.070|-0.205
|SU2021|England|3|2021|2023|WCBS|50.9881|-1.7164|0.642|-1.161
|SU4682|England|3|2021|2023|WCBS|51.5350|-1.3382|10.662|1.542
|SU4856|England|3|2021|2023|WCBS|51.3011|-1.3129|6.515|4.138
|SU5752|England|3|2021|2023|WCBS|51.2643|-1.1844|2.812|-0.105
|SU6813|England|3|2021|2023|WCBS|50.9125|-1.0341|4.212|3.032
|SU9351|England|3|2021|2023|WCBS|51.2506|-0.6688|7.023|3.485
|SY3597|England|2|2021|2022|WCBS|50.7689|-2.9231|6.894|4.887
|SY5791|England|2|2021|2022|WCBS|50.7170|-2.6105|7.383|4.474
|SY6774|England|3|2021|2023|WCBS|50.5648|-2.4673|-2.674|5.669
|SY6872|England|2|2021|2022|WCBS|50.5469|-2.4530|-2.608|5.544
|SY7695|England|3|2021|2023|WCBS|50.7541|-2.3416|1.159|4.495
|TL0515|England|2|2021|2022|WCBS|51.8238|-0.4779|9.049|0.450
|TL1408|England|2|2021|2023|WCBS|51.7591|-0.3497|0.467|4.832
|TL2634|England|3|2021|2023|WCBS|51.9902|-0.1664|3.273|3.002
|TL3433|England|3|2021|2023|WCBS|51.9793|-0.0504|6.094|4.490
|TL3921|England|3|2021|2023|WCBS|51.8703|0.0175|4.490|2.572
|TL4123|England|3|2021|2023|WCBS|51.8877|0.0474|6.955|5.226
|TL6149|England|2|2021|2022|WCBS|52.1159|0.3500|10.290|2.513
|TL9479|England|3|2021|2023|WCBS|52.3747|0.8485|7.242|0.093
|TQ0918|England|2|2021|2023|WCBS|50.9511|-0.4496|7.332|4.767
|TQ3755|England|3|2021|2023|WCBS|51.2777|-0.0372|0.713|0.775
|TQ4710|England|2|2021|2022|WCBS|50.8708|0.0878|6.108|3.971
|TQ4800|England|3|2021|2023|WCBS|50.7807|0.0980|1.126|5.224
|TQ4933|England|2|2021|2022|WCBS|51.0770|0.1256|0.459|-3.872
|TV5299|England|3|2021|2023|WCBS|50.7707|0.1542|0.321|2.863
|SP8006|England|1|2022|2022|WCBS|51.7470|-0.8426|10.428|1.217
|NU2417|England|2|2022|2023|WCBS|55.4463|-1.6222|4.246|2.353
|SP9615|England|2|2022|2023|WCBS|51.8254|-0.6084|10.475|1.876
|TL4623|England|1|2022|2022|WCBS|51.8864|0.1200|9.742|1.788
|SP6839|England|2|2022|2023|WCBS|52.0452|-1.0099|10.295|1.444
|TL8164|England|2|2022|2023|WCBS|52.2444|0.6497|7.320|-0.382
|SK1269|England|1|2022|2022|WCBS|53.2179|-1.8217|5.604|5.151
|NR3444|Scotland|2|2022|2023|WCBS|55.6166|-6.2261|-0.029|2.278
|SO9515|England|1|2022|2022|WCBS|51.8336|-2.0740|-1.982|-0.063
|TQ3656|England|2|2022|2023|WCBS|51.2869|-0.0511|7.454|5.484
|ST5379|England|2|2022|2023|WCBS|51.5080|-2.6786|5.879|3.145
|SU0724|England|2|2022|2023|WCBS|51.0153|-1.9016|9.141|0.855
|NY2518|England|1|2022|2022|WCBS|54.5517|-3.1611|-0.361|-1.685
|SP9951|England|2|2022|2023|WCBS|52.1484|-0.5545|10.059|2.246
|TF0630|England|1|2022|2022|WCBS|52.8571|-0.4271|8.991|1.569
|TL8421|England|1|2022|2022|WCBS|51.8572|0.6705|7.447|0.404
|SH3589|Wales|2|2022|2023|WCBS|53.3720|-4.4816|3.853|2.493
|SP7805|England|1|2022|2022|WCBS|51.7383|-0.8718|10.242|1.126
|NY2320|England|1|2022|2022|WCBS|54.5693|-3.1925|4.011|4.375
|SU8718|England|1|2022|2022|WCBS|50.9549|-0.7627|2.275|1.154
|SU8481|England|2|2022|2023|WCBS|51.5217|-0.7907|5.562|4.055
|SK1268|England|1|2022|2022|WCBS|53.2089|-1.8218|5.268|2.137
|SP2301|England|1|2022|2022|WCBS|51.7073|-1.6685|8.959|1.637
|SN9293|Wales|2|2022|2023|WCBS|52.5241|-3.5933|3.557|4.278
|SE2759|England|2|2022|2023|WCBS|54.0263|-1.5893|1.928|0.442
|SP5662|England|2|2022|2023|WCBS|52.2533|-1.1811|1.206|5.365
|SE4597|England|2|2022|2023|WCBS|54.3665|-1.3089|2.243|-2.452
|SE3897|England|2|2022|2023|WCBS|54.3671|-1.4166|3.923|2.416
|TM1944|England|2|2022|2023|WCBS|52.0511|1.1926|0.598|5.349
|ST2693|Wales|1|2022|2022|WCBS|51.6309|-3.0705|-1.001|-0.570
|SE1008|England|2|2022|2023|WCBS|53.5685|-1.8505|3.473|4.436
|ST6490|England|2|2022|2023|WCBS|51.6077|-2.5212|1.334|5.259
|ST6055|England|1|2022|2022|WCBS|51.2927|-2.5750|4.284|2.294
|TQ0543|England|2|2022|2023|WCBS|51.1766|-0.4993|-0.533|-3.199
|SD9592|England|1|2022|2022|WCBS|54.3236|-2.0784|1.379|2.087
|SE1398|England|1|2022|2022|WCBS|54.3773|-1.8014|-0.486|2.258
|SU7408|England|2|2022|2023|WCBS|50.8668|-0.9498|-1.999|-1.311
|ST7051|England|1|2022|2022|WCBS|51.2574|-2.4313|8.029|1.884
|SU0864|England|2|2022|2023|WCBS|51.3750|-1.8865|5.041|4.000
|NO0201|Scotland|1|2022|2022|WCBS|56.1915|-3.5808|0.388|2.328
|TL8865|England|2|2022|2023|WCBS|52.2511|0.7527|-0.023|5.117
|NT2686|Scotland|1|2022|2022|WCBS|56.0611|-3.1900|-2.754|5.575
|J4277|Northern Ireland|2|2022|2023|WCBS|54.6212|-5.8024|2.681|2.138
|SJ9591|England|1|2022|2022|WCBS|53.4158|-2.0767|6.069|3.379
|SU3846|England|2|2022|2023|WCBS|51.2119|-1.4574|1.051|4.209
|SD4589|England|1|2022|2022|WCBS|54.2936|-2.8465|4.820|5.395
|SS8109|England|2|2022|2023|WCBS|50.8682|-3.6925|4.172|1.190
|TG3036|England|2|2022|2023|WCBS|52.8723|1.4161|8.846|0.314
|TQ7224|England|2|2022|2023|WCBS|50.9897|0.4494|3.491|1.327
|TQ5231|England|2|2022|2023|WCBS|51.0582|0.1676|0.576|1.170
|NZ1705|England|2|2022|2023|WCBS|54.4401|-1.7394|2.928|1.600
|TL6415|England|2|2022|2023|WCBS|51.8096|0.3775|3.312|1.784
|TQ2198|England|2|2022|2023|WCBS|51.6678|-0.2518|0.374|3.898
|SE3798|England|2|2022|2023|WCBS|54.3762|-1.4319|6.159|5.864