Site_Number,Site_Name,Gridreference,Easting,Northing,Length,Country,N_sections,N_yrs_surveyed,First_year_surveyed,Last_year_surveyed,Survey_type
1,Woodwalton Farm,TL214817,521400,281700,2038,England,12,48,1976,2023,UKBMS
2,Bevill's Wood,TL203794,520300,279400,1532,England,10,44,1974,2017,UKBMS
3,Holkham,TF873453,587300,345300,3454,England,6,46,1976,2023,UKBMS
4,Monks Wood,TL198801,519800,280100,2900,England,14,51,1973,2023,UKBMS
5,Monks Wood Fields,TL200800,520000,280000,,England,15,3,1974,1976,UKBMS
6,Yarner Wood,SX782787,278200,78700,3133,England,11,47,1976,2023,UKBMS
7,Brockwell's Farm,ST469897,346900,189700,812,Wales,7,10,1976,1985,UKBMS
8,Old Winchester Hill,SU645208,464500,120800,1792,England,10,48,1976,2023,UKBMS
9,Kingley Vale,SU822105,482200,110500,6289,England,15,44,1976,2021,UKBMS
10,Oxwich,SS511877,251100,187700,4020,Wales,13,46,1976,2023,UKBMS
11,Rhinog,SH661280,266100,328000,2269,Wales,6,5,1976,1980,UKBMS
12,Leigh Marshes,TQ827851,582700,185100,1776,England,8,43,1976,2023,UKBMS
13,Craig y Cilau,SO189161,318900,216100,3521,Wales,3,18,1976,1997,UKBMS
14,Gomm Valley,SU896921,489600,192100,1219,England,9,46,1977,2023,UKBMS
15,Foxholes,SP251204,425100,220400,2909,England,5,47,1976,2022,UKBMS
16,Swanage,SZ020811,402000,81100,3397,England,15,46,1976,2023,UKBMS
17,Buttlers Hanging,SU817961,481700,196100,1158,England,10,25,1976,2023,UKBMS
18,Woodhurst,TL315755,531500,275500,2303,England,13,10,1976,1985,UKBMS
19,Studland Heath,SZ025850,402500,85000,3665,England,14,48,1976,2023,UKBMS
20,Ham Street Woods,TR008346,600800,134600,1711,England,15,9,1976,1985,UKBMS
21,Castor Hanglands,TF118018,511800,301800,1624,England,8,49,1974,2023,UKBMS
22,Coedydd Maentwrog,SH667414,266700,341400,2099,Wales,12,9,1976,1985,UKBMS
23,Ebbor Gorge,ST528488,352800,148800,2294,England,8,33,1976,2009,UKBMS
24,Dyfi,SN609937,260900,293700,2414,Wales,5,45,1976,2023,UKBMS
25,Chippenham Fen,TL646694,564600,269400,3255,England,8,47,1976,2023,UKBMS
26,Rostherne Mere,SJ743841,374300,384100,5360,England,15,32,1976,2023,UKBMS
27,Holme Fen,TL202892,520200,289200,4438,England,8,47,1974,2023,UKBMS
28,Walberswick,TM478739,647800,273900,3577,England,10,35,1976,2014,UKBMS
29,Aston Rowant (N),SU725970,472500,197000,3400,England,10,47,1976,2023,UKBMS
30,Aston Rowant (S),SU723964,472300,196400,2367,England,10,48,1976,2023,UKBMS
31,Waterperry Wood,SP608097,460800,209700,1760,England,10,43,1976,2022,UKBMS
32,Wye & Crundale Down,TR077450,607700,145000,1950,England,12,43,1976,2023,UKBMS
33,Roudsea Wood (old),SD330820,333000,482000,,England,15,2,1977,1978,UKBMS
34,Potton Wood,TL252501,525200,250100,3960,England,9,45,1974,2023,UKBMS
35,Stow Longa,TL117701,511700,270100,1506,England,5,2,1976,1977,UKBMS
36,Bure Marshes,TG336164,633600,316400,1671,England,12,48,1976,2023,UKBMS
37,Upper Teesdale,NY882283,388200,528300,1411,England,7,44,1976,2023,UKBMS
38,Avon Gorge (old),ST550730,355000,173000,,England,11,1,1976,1976,UKBMS
39,Saltfleetby,TF472915,547200,391500,2929,England,12,45,1977,2023,UKBMS
40,Tregarron Bog,SN687625,268700,262500,3649,Wales,3,1,1977,1977,UKBMS
41,Vane Farm,NT159988,315900,698800,2253,Scotland,6,20,1977,2009,UKBMS
42,Ben Lawers,NN614392,261400,739200,3432,Scotland,6,43,1977,2023,UKBMS
43,Leighton Moss,SD482750,348200,475000,5922,England,15,38,1977,2015,UKBMS
44,Radipole Lake,SY672799,367200,79900,1649,England,6,34,1977,2023,UKBMS
45,Gibralter Point,TF556580,555600,358000,4570,England,12,47,1974,2023,UKBMS
46,Hatton Green,SP220670,422000,267000,,England,15,2,1977,1978,UKBMS
47,Skomer,SM730093,173000,209300,3012,Wales,9,40,1977,2023,UKBMS
48,Hampstead Heath,TQ270863,527000,186300,1856,England,11,44,1977,2023,UKBMS
49,Inverpolly,NC080133,208000,913300,3469,Scotland,13,14,1977,1990,UKBMS
50,Swale,TR03606750,603600,167500,,England,8,2,1977,1978,UKBMS
51,Loch Garten,NH971165,297100,816500,3645,Scotland,11,42,1977,2023,UKBMS
52,Avon Gorge 1,ST560733,356000,173300,5761,England,11,6,1976,1981,UKBMS
53,Avon Gorge 2,ST558736,355800,173600,3786,England,11,22,1977,1999,UKBMS
54,Nagshead,SO601090,360100,209000,3428,England,10,40,1977,2023,UKBMS
55,Loch Lomond,NS432879,243200,687900,2034,Scotland,10,9,1977,1985,UKBMS
56,Harting Down,SU760170,476000,117000,,England,6,2,1976,1977,UKBMS
57,Tynllan,SJ050160,305000,316000,,Wales,14,3,1977,1979,UKBMS
58,Kingston Hill Farm,SP409005,440900,200500,3272,England,15,2,1977,1978,UKBMS
59,Weeting Heath,TL758875,575800,287500,3037,England,6,31,1977,2016,UKBMS
60,Lindisfarne,NU100435,410000,643500,3000,England,6,43,1977,2019,UKBMS
61,Insh Marshes,NH814018,281400,801800,3482,Scotland,13,45,1977,2023,UKBMS
62,Northward Hill,TQ785765,578500,176500,1998,England,9,40,1977,2023,UKBMS
63,Fairburn Ings,SE461276,446100,427600,4087,England,5,1,1977,1977,UKBMS
64,Skokholm,SM738051,173800,205100,1270,Wales,10,24,1977,2004,UKBMS
65,Woodwalton Fen,TL231840,523100,284000,3940,England,7,43,1978,2023,UKBMS
66,Tentsmuir Point,NO502270,350200,727000,4187,Scotland,10,19,1978,1996,UKBMS
67,Carnforth Marsh,SD480724,348000,472400,2384,England,9,7,1978,1984,UKBMS
68,Minsmere,TM467673,646700,267300,3287,England,12,1,1978,1978,UKBMS
69,Holme Dunes,TF712448,571200,344800,2035,England,8,45,1978,2023,UKBMS
70,Newborough Warren,SH416641,241600,364100,2141,Wales,15,17,1978,1994,UKBMS
71,Castle Hill,TQ371068,537100,106800,2739,England,12,45,1978,2023,UKBMS
72,Gait Barrows,SD478772,347800,477200,1400,England,9,46,1978,2023,UKBMS
73,Wart Barrow,SD392768,339200,476800,1372,England,4,18,1978,1996,UKBMS
74,Howe Park Wood,SP840340,484000,234000,,England,14,3,1978,1980,UKBMS
75,Tuddenham Heath,TL740720,574000,272000,,England,5,1,1978,1978,UKBMS
76,Wicken Fen,TL558704,555800,270400,3647,England,15,28,1979,2006,UKBMS
77,Morton Lochs,NO462265,346200,726500,2958,Scotland,10,18,1979,1996,UKBMS
78,Morrone Birkwood,NO136905,313600,790500,3776,Scotland,8,21,1979,2000,UKBMS
79,St Cyrus,NO748640,374800,764000,3423,Scotland,15,14,1979,1994,UKBMS
80,Warren Farm,TR030490,603000,149000,,England,12,2,1979,1980,UKBMS
81,South Stack Cliffs,SH210818,221000,381800,3256,Wales,13,7,1979,2023,UKBMS
82,South Stack Ranges,SH216803,221600,380300,2290,Wales,13,24,1979,2023,UKBMS
83,Pewsey Down,SU116636,411600,163600,2017,England,6,43,1979,2023,UKBMS
84,Ampfield Wood,SU411237,441100,123700,1532,England,11,45,1979,2023,UKBMS
85,Derbyshire Dales,SK180659,418000,365900,4770,England,11,45,1979,2023,UKBMS
86,Alresford,SU575335,457500,133500,3868,England,12,45,1979,2023,UKBMS
87,Sands of Forvie,NK019266,401900,826600,5674,Scotland,10,21,1979,1999,UKBMS
89,West Dean Wood,SU846155,484600,115500,2282,England,15,41,1979,2022,UKBMS
90,Roe Valley Country Park,NS030790,203000,679000,,Scotland,9,1,1979,1979,UKBMS
91,Woods Mill,TQ217135,521700,113500,1422,England,14,38,1979,2017,UKBMS
92,Murlough,J410350,150060,489998,4794,Northern Ireland,15,45,1979,2023,UKBMS
93,Martin Down,SU056183,405600,118300,2696,England,12,45,1979,2023,UKBMS
94,Cwm Risca Farm,SS876850,287600,185000,2748,Wales,15,1,1979,1979,UKBMS
95,Wyre Forest,SO755766,375500,276600,2600,England,15,45,1979,2023,UKBMS
96,Coombes Valley,SK006529,400600,352900,2168,England,15,26,1979,2023,UKBMS
97,Lullington Heath,TQ545017,554500,101700,3886,England,15,44,1979,2023,UKBMS
98,Erisey Barton,SW710170,171000,17000,,England,13,3,1980,1982,UKBMS
99,Moor Farm,TF222637,522200,363700,2097,England,11,29,1974,2007,UKBMS
100,Ynys Hir,SN680960,268000,296000,5267,Wales,15,27,1981,2007,UKBMS
101,Newton Links,NU230266,423000,626600,2441,England,9,38,1981,2019,UKBMS
102,Pickett Wood,ST876544,387600,154400,1194,England,5,43,1981,2023,UKBMS
103,Inverpolly,NC080130,208000,913000,,Scotland,9,1,1981,1981,UKBMS
104,Barnack Hills & Holes,TF076045,507600,304500,1669,England,10,40,1981,2023,UKBMS
106,RSPB Blean Woods,TR112601,611200,160100,4400,England,15,42,1982,2023,UKBMS
107,Batch Farm,SO887118,388700,211800,761,England,13,24,1982,2005,UKBMS
108,Morris' Wood,TQ550330,555000,133000,2025,England,15,12,1982,1993,UKBMS
109,Yardley Hill,TQ380950,538000,195000,,England,15,1,1982,1982,UKBMS
110,Pynes Farmhouse,ST448281,344800,128100,953,England,7,11,1983,1993,UKBMS
111,St Osyth,TM117176,611700,217600,2151,England,9,40,1983,2023,UKBMS
112,Luckett Wood,SX391726,239100,72600,1665,England,14,43,1980,2023,UKBMS
113,Stour Wood,TM191313,619100,231300,3910,England,12,40,1983,2023,UKBMS
114,Shabbington Wood,SP620100,462000,210000,4156,England,10,13,1984,1997,UKBMS
115,Oakley Woods,SP615114,461500,211400,2549,England,9,35,1985,2023,UKBMS
116,Taynish,NR731843,173100,684300,3894,Scotland,12,35,1985,2023,UKBMS
117,Whitecross Green Wood,SP602144,460200,214400,1853,England,11,37,1986,2022,UKBMS
118,Ham Street Wood,TR006342,600600,134200,3038,England,13,28,1986,2023,UKBMS
119,Folkestone Escarpment,TR217381,621700,138100,3663,England,15,35,1987,2023,UKBMS
120,Cors y Llyn,SO016553,301600,255300,2170,Wales,12,10,1987,2000,UKBMS
121,Somerford Common (old),SU027867,402700,186700,5099,England,13,3,1987,1989,UKBMS
122,Springhill Farm,TQ812302,581200,130200,2440,England,11,26,1987,2012,UKBMS
123,Glen Strathfarrer,NH368398,236800,839800,5962,Scotland,12,9,1988,2003,UKBMS
124,Roudsea,SD333822,333300,482200,3131,England,15,26,1989,2016,UKBMS
125,Fontmell Down,ST880170,388000,117000,4046,England,14,8,1989,1996,UKBMS
126,Lydden,TR277453,627700,145300,1846,England,9,19,1986,2021,UKBMS
127,Ariundle,NM837641,183700,764100,2245,Scotland,15,22,1989,2014,UKBMS
128,Smardale Gill,NY725066,372500,506600,3173,England,11,29,1989,2023,UKBMS
129,Mottistone Down,SZ416845,441600,84500,1590,England,8,34,1989,2023,UKBMS
130,Church Place,SU342099,434200,109900,2088,England,15,33,1989,2023,UKBMS
131,Pitts Wood,SU200149,420000,114900,3030,England,7,13,1989,2023,UKBMS
132,St Margaret's Bay,TR357432,635700,143200,4926,England,10,12,1989,2001,UKBMS
133,Tadnoll,SY791875,379100,87500,3370,England,10,35,1989,2023,UKBMS
134,Bovey Valley,SX783797,278300,79700,1600,England,8,34,1989,2023,UKBMS
135,East Blean Woods,TR193643,619300,164300,3627,England,15,29,1989,2023,UKBMS
136,Somerford Common,SU028864,402800,186400,3249,England,13,30,1989,2023,UKBMS
137,Thorne Moors,SE722153,472200,415300,3999,England,5,17,1990,2010,UKBMS
138,Hickling Broad,TG425220,642500,322000,1652,England,10,5,1988,1992,UKBMS
139,Blean Woods,TR114608,611400,160800,2005,England,15,32,1991,2023,UKBMS
140,Culvie Wood,NJ574554,357400,855400,3093,Scotland,14,21,1991,2011,UKBMS
141,Pollymore,NC077176,207700,917600,983,Scotland,9,20,1991,2011,UKBMS
142,Rothamsted Farm,TL119137,511900,213700,3069,England,12,20,1991,2010,UKBMS
143,Loch Fleet,NH814964,281400,896400,3128,Scotland,8,27,1993,2023,UKBMS
144,Whitlaw Mosses,NT505285,350500,628500,1025,Scotland,9,21,1992,2016,UKBMS
145,Newborough Warren,SH416640,241600,364000,3200,Wales,15,21,1995,2018,UKBMS
146,St Cyrus (new),NO749640,374900,764000,3600,Scotland,15,37,1983,2023,UKBMS
147,Whixall Moss (a),SJ486359,348600,335900,2800,England,10,17,1993,2021,UKBMS
148,Denmark Farm,SN585537,258500,253700,2966,Wales,15,10,1993,2002,UKBMS
149,Kenfig,SS792808,279200,180800,4407,Wales,10,24,1993,2021,UKBMS
150,Killard Point,J607434,170403,496694,3000,Northern Ireland,15,17,1994,2015,UKBMS
151,Rhos Llawr Cwrt,SN416501,241600,250100,1637,Wales,11,26,1994,2019,UKBMS
152,Pengelli,SN129392,212900,239200,4015,Wales,10,4,1994,1997,UKBMS
153,Brodick Country Park,NS019382,201900,638200,1801,Scotland,13,26,1995,2023,UKBMS
154,Hickling Broad,TG425217,642500,321700,1680,England,3,12,1995,2011,UKBMS
155,Shabbington Wood (new),SP611102,461100,210200,3260,England,10,28,1995,2023,UKBMS
156,Denge Wood,TR106513,610600,151300,1462,England,10,28,1993,2023,UKBMS
157,Whixall Fens and Mosses,SJ484371,348400,337100,3500,Wales,10,13,1993,2015,UKBMS
158,Fontmell Down (new),ST885180,388500,118000,3809,England,14,44,1980,2023,UKBMS
159,Gunthorpe,SK671443,467100,344300,2534,England,12,7,1997,2003,UKBMS
160,Mabie Forest,NX927703,292700,570300,3500,Scotland,11,24,1995,2023,UKBMS
161,Bishop Middleham Quarry,NZ332327,433200,532700,2225,England,14,24,1997,2022,UKBMS
162,Gear Sands,SW570400,157000,40000,,England,12,3,1999,2001,UKBMS
163,Blackford Hill,NT254703,325400,670300,3206,Scotland,13,19,1999,2023,UKBMS
164,Carty Port,NX430620,243000,562000,,Scotland,8,2,1999,2000,UKBMS
165,Sands of Forvie (new),NK010260,401000,826000,3655,Scotland,7,25,1999,2023,UKBMS
166,Great Orme,SH764827,276400,382700,4476,Wales,15,24,1999,2023,UKBMS
167,Creag Meagaidh,NN474879,247400,787900,3156,Scotland,15,13,1997,2010,UKBMS
168,Loddington (Arable),SK793020,479300,302000,2245,England,12,2,2000,2001,UKBMS
169,Loddington (Embankment),SK788015,478800,301500,2240,England,10,2,2000,2001,UKBMS
170,Writtle College (West),TL676068,567600,206800,3666,England,12,18,2000,2019,UKBMS
171,Writtle College (East),TL679072,567900,207200,2448,England,8,18,2000,2019,UKBMS
172,Grange Farm (North) A,TL330627,533000,262700,2879,England,20,23,2000,2023,UKBMS
173,Grange Farm (South),TL332623,533200,262300,2574,England,15,23,2000,2023,UKBMS
174,St. Abb's Head,NT913687,391300,668700,4068,Scotland,10,24,1999,2023,UKBMS
175,Lochaber,NX922699,292200,569900,2661,Scotland,11,12,2000,2023,UKBMS
176,North Warren,TM460590,646000,259000,4182,England,15,28,1991,2018,UKBMS
177,Callendar Wood,NS895787,289500,678700,3346,Scotland,11,11,2000,2021,UKBMS
178,Cheriton Hill,TR200381,620000,138100,1304,England,9,24,1992,2023,UKBMS
179,Grange Farm (North) B,TL331620,533100,262000,2900,England,10,23,2000,2023,UKBMS
180,Dean Castle Country Park,NS439396,243900,639600,2366,Scotland,7,5,2002,2006,UKBMS
181,Bodmin Beacon LNR,SX066666,206600,66600,1764,England,8,9,2002,2011,UKBMS
182,Glasdrum,NN000450,200000,745000,2500,Scotland,11,19,2002,2022,UKBMS
183,Sandwell Valley,SP032927,403200,292700,3090,England,15,4,2003,2006,UKBMS
184,Cavenham Heath,TL754725,575400,272500,3315,England,10,20,2003,2023,UKBMS
185,Aberarder Mountain Ringlet,NN46088839,246080,788390,700,Scotland,7,15,1994,2016,UKBMS
186,Scamodale,NM841736,184100,773600,1815,Scotland,11,8,2003,2010,UKBMS
187,Torrington Commons,SS480190,248000,119000,2400,England,6,7,2002,2008,UKBMS
188,Wootton Coppice,SZ247995,424700,99500,2100,England,7,18,2004,2023,UKBMS
189,Cragbank,NT590070,359000,607000,,Scotland,10,1,2004,2004,UKBMS
190,Tentsmuir Point North Revised,NO499276,349900,727600,2900,Scotland,8,19,2005,2023,UKBMS
191,Tentsmuir Point (South),NO500270,350000,727000,,Scotland,5,1,2005,2005,UKBMS
192,Morton Lochs,NO463268,346300,726800,2900,Scotland,9,19,2004,2023,UKBMS
193,Hengistbury Head,SZ175905,417500,90500,3803,England,14,45,1979,2023,UKBMS
194,Skokholm (new),SM739050,173900,205000,,Wales,10,3,2005,2007,UKBMS
195,Tentsmuir Point South Revised,NO500270,350000,727000,1700,Scotland,7,18,2006,2023,UKBMS
500,Kitts Grave,SU035210,403500,121000,,England,12,1,1996,1996,UKBMS
501,Martin Down (N),SU045190,404500,119000,1529,England,9,1,1996,1996,UKBMS
988,Allt Marchaidh,NH886041,288600,804100,1727,Scotland,8,5,2003,2009,UKBMS
989,Glensaugh (upper),NO650800,365000,780000,400,Scotland,4,17,1997,2014,UKBMS
990,Y Wyddfa,SH638549,263800,354900,2265,Wales,5,17,1996,2012,UKBMS
991,Porton Down,SU247367,424700,136700,2700,England,15,28,1994,2023,UKBMS
992,Sourhope,NT860210,386000,621000,1287,Scotland,6,18,1993,2010,UKBMS
993,Moor House,NY751332,375100,533200,1919,England,10,31,1993,2023,UKBMS
994,Wytham,SP464096,446400,209600,4794,England,13,31,1993,2023,UKBMS
995,North Wyke,SX660985,266000,98500,4738,England,15,30,1993,2023,UKBMS
996,Hillsborough,J247580,135773,514305,1400,Northern Ireland,10,23,1993,2016,UKBMS
997,Glensaugh,NO667776,366700,777600,5135,Scotland,11,21,1994,2018,UKBMS
998,Drayton,SP163554,416300,255400,2167,England,12,19,1993,2011,UKBMS
999,Alice Holt,SU801399,480100,139900,1930,England,4,30,1994,2023,UKBMS
1001,Stockbridge Down,SU382348,438200,134800,1500,England,15,38,1983,2023,UKBMS
1002,Ashford Hangers 1,SU742268,474200,126800,2000,England,11,24,1987,2023,UKBMS
1003,Anton Lakes 1,SU360467,436000,146700,1500,England,8,3,1996,1998,UKBMS
1004,Badminston Common,SU460020,446000,102000,2190,England,10,25,1993,2023,UKBMS
1005,Beacon Hill,SU603227,460300,122700,1400,England,10,43,1980,2023,UKBMS
1006,Bentley Station Meadow,SU794430,479400,143000,950,England,3,31,1993,2023,UKBMS
1007,Bonchurch Down,SZ5733678652,457336,78652,650,England,9,31,1993,2023,UKBMS
1008,Broughton Down,SU294327,429400,132700,2000,England,10,10,1987,2002,UKBMS
1009,Claylands,SU547181,454700,118100,1600,England,8,28,1996,2023,UKBMS
1010,Farlington Marshes Route A,SU688047,468800,104700,1420,England,5,26,1993,2023,UKBMS
1011,Hocombe Mead,SU430227,443000,122700,2400,England,8,18,1994,2013,UKBMS
1012,Hookheath Meadows,SU64700790,464700,107900,,England,,7,1994,2002,UKBMS
1013,Itchen Valley CP Meadows,SU457161,445700,116100,2450,England,6,26,1993,2018,UKBMS
1014,Lower Test Marshes,SU364149,436400,114900,3729,England,11,33,1991,2023,UKBMS
1015,Ludshott Common,SU853357,485300,135700,1150,England,8,10,1994,2017,UKBMS
1016,Magdalen Hill Down,SU503292,450300,129200,1950,England,10,34,1990,2023,UKBMS
1017,Magdalen Hill Down extension,SU515292,451500,129200,1600,England,8,28,1996,2023,UKBMS
1018,Martin Down Kitts Grave,SU034203,403400,120300,1465,England,12,39,1985,2023,UKBMS
1019,Martin Down North,SU045190,404500,119000,1375,England,9,42,1982,2023,UKBMS
1022,Noar Hill,SU741320,474100,132000,2383,England,15,41,1983,2023,UKBMS
1023,Oxenbourne Down,SU712186,471200,118600,2000,England,12,14,1984,2004,UKBMS
1024,Pamber Forest,SU615610,461500,161000,5300,England,15,40,1984,2023,UKBMS
1025,Parkhurst Forest,SZ477903,447700,90300,3050,England,14,11,1995,2007,UKBMS
1026,Portsdown Hill West,SU621067,462100,106700,2200,England,,9,1993,2001,UKBMS
1027,Portsdown Hill East,SU675063,467500,106300,1900,England,6,8,1995,2002,UKBMS
1028,Sandy Point Hayling Island,SZ74809830,474800,98300,2300,England,10,16,1989,2004,UKBMS
1029,Silchester Common,SU622623,462200,162300,1020,England,5,18,1994,2015,UKBMS
1030,St Catherine's Hill,SU490276,449000,127600,1371,England,12,20,1986,2005,UKBMS
1031,Swanwick NR,SU507099,450700,109900,2300,England,14,27,1994,2023,UKBMS
1032,Lower Test - Testwood Park House,SU358145,435800,114500,1906,England,9,32,1992,2023,UKBMS
1033,Titchfield Haven (Old),SU53300240,453300,102400,1950,England,6,8,1990,2000,UKBMS
1034,Coombe Bottom & St Boniface Down (Ventnor),SZ558779,455800,77900,1100,England,11,35,1989,2023,UKBMS
1035,Newton - Walters Copse,SZ432905,443200,90500,1317,England,7,28,1996,2023,UKBMS
1036,West Down (Chilbolton),SU385392,438500,139200,2300,England,10,34,1988,2023,UKBMS
1037,Wendleholme,SU494073,449400,107300,1800,England,11,18,1987,2004,UKBMS
1038,Westbury House Park,SU660235,466000,123500,1529,England,,12,1993,2005,UKBMS
1039,Winnall Moors,SU488305,448800,130500,4000,England,12,30,1987,2023,UKBMS
1040,Yew Hill,SU454265,445400,126500,1220,England,6,34,1990,2023,UKBMS
1041,Conford Moor,SU823330,482300,133000,1057,England,7,4,1996,2017,UKBMS
1043,Ashford Hangers 2,SU73502640,473500,126400,500,England,,7,1993,2001,UKBMS
1044,Botley Wood 1,SU545100,454500,110000,2900,England,11,29,1995,2023,UKBMS
1045,Botley Wood 2,SU542097,454200,109700,1200,England,7,6,1999,2004,UKBMS
1046,Brading Quarries,SZ603868,460300,86800,1400,England,10,13,1997,2009,UKBMS
1047,Browndown North,SZ582996,458200,99600,1800,England,8,9,1997,2019,UKBMS
1048,Brownwich & Chilling,SU515040,451500,104000,2800,England,12,16,1989,2004,UKBMS
1049,Catherington Down,SU692144,469200,114400,3033,England,9,29,1995,2023,UKBMS
1050,Crabtree,SU663519,466300,151900,1900,England,10,25,1999,2023,UKBMS
1051,Crab Wood,SU438295,443800,129500,550,England,7,26,1986,2023,UKBMS
1052,Crowdhill Copse,SU489198,448900,119800,2757,England,9,16,1993,2008,UKBMS
1053,Drayton Down,SU67202250,467200,122500,1200,England,,7,1998,2005,UKBMS
1054,Firestone Copse,SZ555908,455500,90800,1700,England,10,33,1988,2023,UKBMS
1055,The Gillies,SU572059,457200,105900,1300,England,8,31,1993,2023,UKBMS
1056,Ham Green Common,SU43903070,443900,130700,1700,England,,10,1996,2005,UKBMS
1057,Leckford-A,SU368366,436800,136600,1800,England,10,25,1988,2023,UKBMS
1058,Leckford-J,SU382357,438200,135700,1610,England,10,30,1989,2023,UKBMS
1059,Old Burghclere Lime Quarry,SU472573,447200,157300,1100,England,9,11,1988,2007,UKBMS
1060,Pignal Inclosure,SU315040,431500,104000,600,England,7,26,1998,2023,UKBMS
1061,Royal Victoria CP,SU46500780,446500,107800,4138,England,7,10,1996,2005,UKBMS
1063,Whippingham (fields),SZ510933,451000,93300,3650,England,11,23,1998,2020,UKBMS
1064,Whippingham (Woodhouse),SZ530930,453000,93000,950,England,11,16,1998,2013,UKBMS
1065,Wick Wood,SU759357,475900,135700,3056,England,12,28,1995,2023,UKBMS
1066,Culver Down,SZ63508550,463500,85500,1500,England,10,4,1992,1995,UKBMS
1067,Medina Valley Centre,SZ503909,450300,90900,367,England,10,29,1988,2019,UKBMS
1068,Emer Bog,SU397215,439700,121500,1700,England,10,6,1992,2004,UKBMS
1069,Bishops Waltham Moors,SU560170,456000,117000,1900,England,13,6,1991,1997,UKBMS
1070,Itchen Valley CP Woods,SU469167,446900,116700,1100,England,8,27,1992,2018,UKBMS
1071,"Sandy Top, Fordingbridge",SU13301460,413300,114600,,England,,12,1994,2005,UKBMS
1072,Chilworth,SU40401850,440400,118500,1950,England,7,5,1991,1995,UKBMS
1073,Farlington Marshes Route B,SU688052,468800,105200,1286,England,6,23,1993,2022,UKBMS
1074,Farlington Marshes Route C,SU679045,467900,104500,1715,England,6,24,1993,2023,UKBMS
1075,Roydon Woods - Bakers,SU316013,431600,101300,2979,England,15,33,1985,2021,UKBMS
1076,Roydon Woods - Calveslease,SU322001,432200,100100,1461,England,11,23,1990,2012,UKBMS
1077,Roydon Woods - Newlands,SU322009,432200,100900,1014,England,12,18,1987,2004,UKBMS
1078,Roydon Woods - Sheffield,SZ33209970,433200,99700,760,England,7,4,1997,2000,UKBMS
1079,Roydon Woods - Woodhouse,SU310004,431000,100400,1737,England,11,20,1984,2003,UKBMS
1080,Bartley Heath Cross Lines Walk,SU72605340,472600,153400,8000,England,10,21,1983,2003,UKBMS
1081,Bartley Heath New 1,SU726534,472600,153400,4600,England,10,28,1996,2023,UKBMS
1082,Bartley Heath New 2,SU72405260,472400,152600,2300,England,10,5,1997,2001,UKBMS
1083,Roydon Woods - Southern Fields,SZ317996,431700,99600,2842,England,15,23,2000,2023,UKBMS
1084,The Dongas,SU490276,449000,127600,1391,England,8,14,1997,2023,UKBMS
1085,Millfield,SU466329,446600,132900,185,England,12,9,2002,2010,UKBMS
1086,Parkhurst Forest 2,SZ472912,447200,91200,4400,England,11,7,2001,2007,UKBMS
1087,Parkhurst Forest 3,SZ468915,446800,91500,,England,11,7,2001,2007,UKBMS
1088,Bushfield Camp,SU470275,447000,127500,,England,,3,2001,2005,UKBMS
1089,Hamble Common,SU482061,448200,106100,1995,England,6,22,2001,2022,UKBMS
1090,Itchen Valley Country Park 3 Copses,SU465165,446500,116500,1000,England,8,16,2003,2018,UKBMS
1091,Peartree Green,SU438118,443800,111800,1500,England,8,8,2003,2023,UKBMS
1092,Titchfield Haven 2,SU53300240,453300,102400,,England,6,2,2001,2002,UKBMS
1093,Broughton Down 2,SU290330,429000,133000,2720,England,13,18,2004,2023,UKBMS
1094,Catherington Lith,SU700143,470000,114300,1980,England,10,16,2000,2021,UKBMS
1095,Dell Piece West,SU701126,470100,112600,500,England,7,16,2002,2023,UKBMS
1096,Hazleton Common,SU703120,470300,112000,,England,10,3,2000,2003,UKBMS
1098,"Windmill Hill, Chalton",SU712147,471200,114700,3280,England,7,19,2003,2023,UKBMS
1099,Parsonage Field,SU694144,469400,114400,100,England,1,19,2003,2023,UKBMS
1100,Gait Barrows NNR (Warden's),SD483774,348300,477400,1900,England,5,22,1982,2003,UKBMS
1101,Heald Brow NT,SD468739,346800,473900,2600,England,10,27,1996,2023,UKBMS
1102,Heathwaite NT,SD448768,344800,476800,3500,England,7,31,1993,2023,UKBMS
1103,Helsington Barrows NT,SD491902,349100,490200,2600,England,15,25,1996,2021,UKBMS
1104,Hutton Roof (CWT),SD54507740,354500,477400,2300,England,16,8,1995,2003,UKBMS
1105,Hutton Roof (Dalton Crag FC),SD552763,355200,476300,2400,England,7,11,1996,2008,UKBMS
1106,Hutton Roof Common,SD560780,356000,478000,4600,England,8,17,2000,2018,UKBMS
1107,Jack Scout NT,SD459736,345900,473600,1150,England,11,29,1994,2023,UKBMS
1108,Latterbarrow CWT,SD440828,344000,482800,1100,England,6,26,1996,2023,UKBMS
1110,Trowbarrow Quarry LNR,SD480758,348000,475800,2031,England,14,14,1996,2009,UKBMS
1111,Warton Crag LNR,SD495725,349500,472500,3181,England,15,28,1989,2018,UKBMS
1112,Warton Crag LWT,SD491731,349100,473100,5400,England,15,18,1992,2010,UKBMS
1113,Warton Crag RSPB,SD488731,348800,473100,2800,England,7,33,1990,2023,UKBMS
1114,Whitbarrow - Howe Ridding pNNR,SD435880,343500,488000,1410,England,15,27,1996,2022,UKBMS
1116,Witherslack Woods LNR,SD437863,343700,486300,3800,England,15,23,1985,2010,UKBMS
1117,Whitbarrow NNR - Wakebarrow,SD450870,345000,487000,3505,England,15,23,1996,2023,UKBMS
1118,Whitbarrow NNR - Farrer's Allotment,SD454856,345400,485600,4100,England,15,23,1996,2019,UKBMS
1119,Whitbarrow NNR - Hervey CWT,SD441862,344100,486200,4000,England,11,25,1995,2023,UKBMS
1120,Lambhowe Plantation North,SD41609150,341600,491500,2450,England,11,5,1996,2002,UKBMS
1121,Ainsdale NNR,SD285105,328500,410500,,England,7,18,1980,1997,UKBMS
1122,Arnside Knott NT,SD453776,345300,477600,4700,England,12,31,1991,2023,UKBMS
1123,Barkbooth Lot (CWT),SD417907,341700,490700,1460,England,10,23,1993,2023,UKBMS
1124,Brigsteer Park Wood (NT),SD486880,348600,488000,3000,England,6,26,1992,2023,UKBMS
1125,Dick Fell,SD473797,347300,479700,1295,England,7,24,1996,2023,UKBMS
1126,Eaves Wood NT,SD465763,346500,476300,4500,England,11,32,1991,2023,UKBMS
1127,Flash Bank Wood NT,SD489880,348900,488000,950,England,5,25,1992,2023,UKBMS
1129,Seaforth Nature Reserve,SJ319970,331900,397000,1300,England,1,9,1990,2001,UKBMS
1130,Heysham Local Nature Reserve,SD40506000,340500,460000,,England,10,8,1988,1998,UKBMS
1131,Teddy Heights (old),SD474791,347400,479100,,England,7,2,1998,1999,UKBMS
1132,Clints Quarry,NY008123,300800,512300,1205,England,15,8,2011,2018,UKBMS
1134,Waitby Greenriggs,NY760083,376000,508300,1400,England,14,16,1998,2023,UKBMS
1135,Campfield Marsh,NY20506020,320500,560200,1810,England,,4,1997,2001,UKBMS
1136,Martin Mere,SD422145,342200,414500,3600,England,6,18,1995,2012,UKBMS
1138,Mere Sands Wood New,SD447157,344700,415700,1905,England,8,4,2004,2007,UKBMS
1139,"Radbrook, Downham",SD781430,378100,443000,2570,England,14,2,2002,2003,UKBMS
1140,Brant Whetland,SD337937,333700,493700,295,England,4,13,2001,2019,UKBMS
1141,Field of Dreams,SD473750,347300,475000,1030,England,9,22,2002,2023,UKBMS
1142,Holme Park Fell,SD539792,353900,479200,3315,England,10,21,2002,2022,UKBMS
1143,Yealand Hall Allotment,SD490764,349000,476400,4000,England,14,22,2002,2023,UKBMS
1144,Holme Park Quarry Reserve,SD539782,353900,478200,1092,England,11,15,2003,2017,UKBMS
1145,Coldwell Parrock,SD480778,348000,477800,955,England,3,22,2002,2023,UKBMS
1146,Lancelot Clark Storth,SD546772,354600,477200,2285,England,15,26,1995,2023,UKBMS
1147,Gait Barrows NNR (Warden's),SD483774,348300,477400,1900,England,15,31,1993,2023,UKBMS
1148,Lambhowe Plantation North,SD411916,341100,491600,1360,England,8,3,2003,2005,UKBMS
1149,Teddy Heights,SD475792,347500,479200,2200,England,6,21,1998,2023,UKBMS
1150,Beetham Fell,SD487793,348700,479300,3190,England,12,13,2005,2018,UKBMS
1151,Burton Fell,SD545778,354500,477800,2290,England,10,20,2002,2023,UKBMS
1153,Dobshall Wood,SD450780,345000,478000,1095,England,7,17,2006,2023,UKBMS
1155,North Walney NNR,SD170723,317000,472300,4000,England,12,3,2007,2010,UKBMS
1156,Foulshaw Moss,SD460860,346000,486000,2700,England,5,2,2006,2007,UKBMS
1157,Witherslack Hall Woods,SD435868,343500,486800,2233,England,10,14,2007,2023,UKBMS
1158,Marble Quarry,SD497788,349700,478800,2005,England,6,1,2008,2008,UKBMS
1159,Meathop Moss,SD447821,344700,482100,1980,England,8,10,2008,2017,UKBMS
1161,Seven Acres,SD737094,373700,409400,2959,England,10,8,2009,2019,UKBMS
1162,Hampsfield Allotment,SD398807,339800,480700,2010,England,5,3,2009,2011,UKBMS
1163,Trowbarrow Quarry - New (2010),SD480758,348000,475800,2092,England,12,14,2010,2023,UKBMS
1164,Middlebarrow Wood,SD464769,346400,476900,2890,England,13,14,2010,2023,UKBMS
1165,Burton Fell Extension,SD543777,354300,477700,400,England,2,3,2010,2012,UKBMS
1166,Warton Crag LWT2,SD491731,349100,473100,4020,England,15,8,2011,2023,UKBMS
1167,Thack Beck,NY506307,350600,530700,,England,8,1,2012,2012,UKBMS
1168,Ainsdale Sand Dunes NNR,SD288106,328800,410600,5325,England,13,11,2013,2023,UKBMS
1169,Myers Allotment Two,SD474750,347400,475000,850,England,10,11,2013,2023,UKBMS
1171,Hartsop Dodd,NY413115,341300,511500,1540,England,10,10,2013,2023,UKBMS
1172,Wartbarrow SSSI,SD390767,339000,476700,2200,England,10,2,2014,2015,UKBMS
1173,South Walney Nature Reserve,SD225620,322500,462000,2962,England,7,8,2014,2021,UKBMS
1174,Smardale Gill Extension,NY734081,373400,508100,1000,England,2,10,2014,2023,UKBMS
1175,Hampsfell 2,SD398805,339800,480500,2615,England,10,6,2014,2019,UKBMS
1176,Halecat,SD431833,343100,483300,3000,England,12,10,2014,2023,UKBMS
1179,Heysham Nature Reserve,SD406600,340600,460000,1000,England,10,7,2015,2023,UKBMS
1181,Marble Quarry 2,SD499779,349900,477900,2384,England,10,1,2015,2015,UKBMS
1183,Nob End SSSI,SD749063,374900,406300,1251,England,10,3,2016,2018,UKBMS
1184,Crosby Coastguard Station,SD298008,329800,400800,1700,England,9,7,2017,2023,UKBMS
1185,Brockholes NR,SD587307,358700,430700,1739,England,14,6,2017,2023,UKBMS
1186,Brockholes NR 2,SD586308,358600,430800,840,England,7,3,2017,2019,UKBMS
1187,Dove Stone East,SE019037,401900,403700,3343,England,10,4,2017,2022,UKBMS
1188,Dove Stone West,SE019047,401900,404700,2659,England,6,4,2017,2022,UKBMS
1189,Meathop Moss 2,SD443820,344300,482000,1900,England,8,2,2018,2019,UKBMS
1190,St Annes LNR,SD310306,331000,430600,2080,England,14,6,2018,2023,UKBMS
1191,Coldwell Meadows,SD348478,334800,447800,2730,England,11,2,2019,2022,UKBMS
1192,Middlebarrow Wood section 14,SD464769,346400,476900,,England,1,2,2019,2023,UKBMS
1193,Ainsdale NNR specific species,SD302112,330200,411200,1320,England,4,5,2019,2023,UKBMS
1194,Brockholes NR 3,SD582303,358200,430300,2308,England,15,1,2019,2019,UKBMS
1195,Cabin Hill / Ravenmeols,SD283054,328300,405400,2328,England,8,3,2021,2023,UKBMS
1196,Formby NT Lifeboat Road,SD273061,327300,406100,2000,England,7,1,2021,2021,UKBMS
1197,Duddon Mosses National Nature Reserve,SD223851,322300,485100,1101,England,3,3,2021,2023,UKBMS
1198,Heathwaite Moss,SD242876,324200,487600,463,England,1,3,2021,2023,UKBMS
1199,Warton Crag LNR (Upper),SD493727,349300,472700,1737,England,7,2,2022,2023,UKBMS
1200,Barton Hills,TL086296,508600,229600,2700,England,8,13,1987,2000,UKBMS
1201,Blows Downs West,TL034217,503400,221700,3900,England,,2,1995,1996,UKBMS
1202,Blows Downs North,TL034211,503400,221100,2900,England,,3,1995,1997,UKBMS
1203,"Blows Downs, Old walk",TL030215,503000,221500,6800,England,,1,1994,1994,UKBMS
1204,Bradgers Hill,TL097244,509700,224400,1900,England,,4,1995,2000,UKBMS
1205,Coronation Pit,TL03304340,503300,243400,,England,,3,1995,1997,UKBMS
1206,"Dallow Downs, Winsdon Hill",TL07802110,507800,221100,,England,,2,1999,2000,UKBMS
1207,"Dallow Downs, Runley Woods",TL07302150,507300,221500,,England,,2,1999,2000,UKBMS
1208,Dunstable Downs,TL007201,500700,220100,2000,England,9,20,1993,2023,UKBMS
1209,Hill Rise,TL046510,504600,251000,400,England,1,18,1994,2023,UKBMS
1210,Priory Country Park,TL075493,507500,249300,2000,England,5,26,1993,2023,UKBMS
1211,Sundon New Chalk Quarry,TL04102710,504100,227100,5400,England,,5,1995,2003,UKBMS
1212,Sundon Old Quarry,TL03902810,503900,228100,2600,England,,2,1995,1996,UKBMS
1213,Totternhoe Old Chalk Quarry,SP986224,498600,222400,2450,England,9,22,1993,2016,UKBMS
1214,Galley & Warden Hills,TL090263,509000,226300,6000,England,14,6,1995,2000,UKBMS
1215,Harlington Road,TL04602880,504600,228800,300,England,,2,2001,2002,UKBMS
1220,Sharpenhoe Clappers,TL066297,506600,229700,2300,England,11,32,1989,2023,UKBMS
1221,Whipsnade Downs,TL000185,500000,218500,2500,England,11,28,1987,2023,UKBMS
1222,Totternhoe Knolls,SP979220,497900,222000,1800,England,10,19,1987,2005,UKBMS
1223,Foster Hill Cemetery,TL04905120,504900,251200,,England,,1,2003,2003,UKBMS
1224,Old Warden Tunnel,TL112447,511200,244700,1188,England,8,18,2006,2023,UKBMS
1226,Bedford Old Cemetery,TL050512,505000,251200,1940,England,5,7,2006,2022,UKBMS
1227,Totternhoe Old Chalk Quarry SSSI Section 10,SP980225,498000,222500,400,England,1,4,2006,2015,UKBMS
1229,Knocking hoe,TL131307,513100,230700,1508,England,8,9,2013,2023,UKBMS
1230,Whipsnade SSSI,SP998179,499800,217900,2000,England,9,7,2013,2019,UKBMS
1231,Ring Haw,TL053973,505300,297300,2325,England,6,10,2014,2023,UKBMS
1232,Mowsbury Hillfort,TL065532,506500,253200,1200,England,9,10,2014,2023,UKBMS
1233,Sulby Gardens with Sulby Covert,SP662818,466200,281800,1840,England,7,1,2015,2015,UKBMS
1234,Whitestones Twywell Hills & Dales,SP939775,493900,277500,1362,England,10,7,2016,2023,UKBMS
1235,Bucknell Woods,SP658448,465800,244800,1000,England,10,8,2016,2023,UKBMS
1236,Sulby Gardens and environs,SP661818,466100,281800,2000,England,10,6,2016,2021,UKBMS
1237,Bradgers Hill,TL095245,509500,224500,1700,England,8,5,2016,2021,UKBMS
1238,Harrold Odell Country Park,SP956566,495600,256600,2160,England,6,5,2017,2021,UKBMS
1239,Wellingborough,SP903674,490300,267400,1300,England,5,5,2017,2022,UKBMS
1240,Nene Wetlands Nature Reserve,SP939679,493900,267900,3410,England,4,5,2018,2023,UKBMS
1243,Salcey Forest North,SP809520,480900,252000,3000,England,10,3,2020,2022,UKBMS
1244,Salcey Forest South,SP805505,480500,250500,2560,England,10,3,2020,2022,UKBMS
1246,Salcey Forest,SP802516,480200,251600,2508,England,7,1,2021,2021,UKBMS
1248,Stanwick Lakes,SP967714,496700,271400,2720,England,10,2,2022,2023,UKBMS
1249,Fermyn Woods Country Park,SP954850,495400,285000,1519,England,9,2,2022,2023,UKBMS
1250,Old Sulehay including Stonepit Quarry,TL057979,505700,297900,1947,England,6,2,2022,2023,UKBMS
1252,RSPB The Lodge,TL191484,519100,248400,2665,England,7,2,2022,2023,UKBMS
1253,Weldon Woodland Park,SP922891,492200,289100,2232,England,10,2,2022,2023,UKBMS
1254,Rectory Wood,SP966416,496600,241600,1659,England,7,1,2023,2023,UKBMS
1255,MCP Callow Mounds,TL005420,500500,242000,1727,England,7,1,2023,2023,UKBMS
1256,MCP Marston Meadow,TL001414,500100,241400,2063,England,7,1,2023,2023,UKBMS
1257,Strawberry Hill,TL012625,501200,262500,4219,England,10,1,2023,2023,UKBMS
1258,Ridgeway Woods,TL014463,501400,246300,1564,England,7,1,2023,2023,UKBMS
1259,Shocott Spring,TL078454,507800,245400,2191,England,7,1,2023,2023,UKBMS
1300,Holtspur Bank LNR,SU91609030,491600,190300,2000,England,,3,1995,1997,UKBMS
1301,Grendon & Doddershall Woods,SP700210,470000,221000,3800,England,13,29,1995,2023,UKBMS
1302,Homefield Wood,SU813867,481300,186700,1109,England,,7,1993,2000,UKBMS
1303,Black Boy Field,SP78202150,478200,221500,,England,,5,1996,2000,UKBMS
1304,Little Wittenham Nature Reserve,SU568925,456800,192500,4900,England,15,12,1989,2014,UKBMS
1305,College Lake,SP935139,493500,213900,2450,England,6,23,2001,2023,UKBMS
1306,Aston Clinton Ragpits,SP888108,488800,210800,900,England,2,28,1996,2023,UKBMS
1307,Finemere Wood,SP722216,472200,221600,2820,England,8,29,1994,2022,UKBMS
1308,Pitstone Fen,SP93701410,493700,214100,1800,England,,3,1990,1996,UKBMS
1309,Coombe Hill,SP846065,484600,206500,650,England,4,29,1994,2023,UKBMS
1310,"Little Wittenham, Hill Farm",SU562923,456200,192300,3445,England,10,23,1996,2021,UKBMS
1311,Bowdown (Baynes/Bomb Site),SU508650,450800,165000,1750,England,8,37,1986,2023,UKBMS
1312,Aston Upthorpe Downs,SU545837,454500,183700,3500,England,8,31,1993,2023,UKBMS
1313,Blue Lagoon,SP868327,486800,232700,1695,England,14,5,1996,2000,UKBMS
1314,Howbery Park,SU615900,461500,190000,1000,England,1,25,1995,2019,UKBMS
1315,M40 Compensation Area,SP629102,462900,210200,1620,England,7,33,1991,2023,UKBMS
1316,Burnham Beeches (Old walk),SU954850,495400,185000,5500,England,15,3,1989,1991,UKBMS
1317,Burnham Beeches (New walk),SU949848,494900,184800,7100,England,15,30,1992,2023,UKBMS
1318,Crong,SP904088,490400,208800,1035,England,2,22,2001,2023,UKBMS
1319,Moor Copse Nature Reserve,SU637741,463700,174100,1800,England,5,22,2001,2022,UKBMS
1320,Carmel College Marsh,SU610874,461000,187400,1400,England,8,19,1995,2014,UKBMS
1321,Lardon Chase,SU587809,458700,180900,1000,England,6,27,1997,2023,UKBMS
1323,Dancersend,SP900095,490000,209500,2800,England,14,23,2001,2023,UKBMS
1324,Foundation Park,SU857795,485700,179500,1635,England,10,4,2003,2006,UKBMS
1325,Carrinton's New Farm,SU884900,488400,190000,2580,England,10,21,2003,2023,UKBMS
1326,Prestwood Picnic Site,SU867992,486700,199200,500,England,4,1,2003,2003,UKBMS
1327,Kindersley Centre Sheepdrove,SU352818,435200,181800,2000,England,10,1,2003,2003,UKBMS
1328,"Brush Hill, Princes Risborough",SP821034,482100,203400,1320,England,10,18,2004,2023,UKBMS
1329,College Lake New 2003,SP929147,492900,214700,1250,England,5,23,2001,2023,UKBMS
1330,Howe Park Wood,SP83303440,483300,234400,2021,England,11,1,2002,2002,UKBMS
1331,Linford Wood,SP850401,485000,240100,2038,England,10,1,2002,2002,UKBMS
1332,Monkstone & Oakgrove Park,SP878385,487800,238500,2010,England,11,1,2002,2002,UKBMS
1333,Rushbeds Wood,SP650155,465000,215500,,England,9,1,2002,2002,UKBMS
1334,Stonepits Park,SP846420,484600,242000,2005,England,12,1,2002,2002,UKBMS
1335,Hosehill LNR,SU649697,464900,169700,1685,England,15,15,2005,2023,UKBMS
1336,Ardley Quarry,SP536273,453600,227300,957,England,4,21,2003,2023,UKBMS
1337,Butler's Hangings,SU818959,481800,195900,1015,England,6,7,2003,2009,UKBMS
1339,Hartslock,SU618795,461800,179500,1405,England,7,21,2003,2023,UKBMS
1340,Severn Barrows,SU329828,432900,182800,650,England,4,21,2003,2023,UKBMS
1341,Hazeley Wood North Bucks Way and Oakhill Wood,SP813365,481300,236500,2118,England,7,1,2002,2002,UKBMS
1342,Shenley Wood,SP825361,482500,236100,2044,England,9,1,2002,2002,UKBMS
1343,Decoy Heath,SU615635,461500,163500,1100,England,8,22,2002,2023,UKBMS
1344,Hurley,SU812821,481200,182100,984,England,6,22,2002,2023,UKBMS
1345,Loddon,SU785758,478500,175800,1592,England,5,13,2002,2016,UKBMS
1346,Wildmoor Heath,SU843630,484300,163000,4426,England,10,25,1998,2023,UKBMS
1347,Arrowhead,SU654708,465400,170800,1195,England,12,4,2005,2008,UKBMS
1348,Car Park Pit,SU671703,467100,170300,988,England,12,5,2005,2009,UKBMS
1349,Brill Common,SP653143,465300,214300,3000,England,10,18,2003,2023,UKBMS
1351,Prestwood Nature,SU866991,486600,199100,5020,England,15,18,2006,2023,UKBMS
1352,Greenham Common,SU495648,449500,164800,3220,England,9,1,2007,2007,UKBMS
1353,Padworth Common,SU620647,462000,164700,2534,England,11,5,2007,2011,UKBMS
1354,Holtspur Bottom Reserve,SU917904,491700,190400,1125,England,9,17,2007,2023,UKBMS
1355,Calvert Jubilee,SP682252,468200,225200,1900,England,7,14,2007,2021,UKBMS
1356,Chinnor Hill,SP766002,476600,200200,2343,England,7,11,2005,2015,UKBMS
1357,Homefield Wood,SU812867,481200,186700,1000,England,11,17,2007,2023,UKBMS
1358,Oakley Hill,SU758995,475800,199500,1000,England,6,19,2005,2023,UKBMS
1359,Moor Copse Extension,SU640735,464000,173500,,England,6,1,2007,2007,UKBMS
1360,Shepperlands Farm,SU778641,477800,164100,,England,4,3,2006,2008,UKBMS
1361,Warburg 1 (central),SU719880,471900,188000,1700,England,6,26,1998,2023,UKBMS
1362,Watts Bank,SU329772,432900,177200,376,England,3,18,2006,2023,UKBMS
1363,White Horse Hill,SU293865,429300,186500,,England,12,3,2007,2009,UKBMS
1366,New Greenham Park Small Blue transect,SU500645,450000,164500,1200,England,1,6,2008,2016,UKBMS
1367,Waterperry Wood 2,SP605092,460500,209200,1800,England,6,3,2008,2010,UKBMS
1368,Hartslock Extension,SU620793,462000,179300,560,England,2,15,2008,2022,UKBMS
1369,Moor Copse Extension,SU638737,463800,173700,1625,England,8,15,2008,2022,UKBMS
1370,Rushbeds Wood,SP672154,467200,215400,2856,England,8,16,2007,2022,UKBMS
1371,Sydlings Copse,SP553094,455300,209400,1345,England,5,16,2008,2023,UKBMS
1372,Greenham Common 2,SU495648,449500,164800,3220,England,9,14,2008,2023,UKBMS
1373,Sands Bank,SU833933,483300,193300,950,England,5,13,2006,2023,UKBMS
1374,Chiltern Woodland Burial Park,SU965901,496500,190100,1000,England,10,8,2009,2016,UKBMS
1375,Ewelme Watercress Beds LNR,SU640917,464000,191700,850,England,15,15,2009,2023,UKBMS
1376,Thatcham Lakes and Reedbeds,SU503668,450300,166800,3850,England,10,8,2009,2017,UKBMS
1377,Dancers End Extension,SP896096,489600,209600,820,England,3,20,2004,2023,UKBMS
1378,Little Linford Wood,SP831453,483100,245300,2650,England,6,15,2009,2023,UKBMS
1379,Hook Norton,SP360322,436000,232200,345,England,2,15,2009,2023,UKBMS
1380,Glyme Valley,SP334260,433400,226000,646,England,2,15,2009,2023,UKBMS
1381,Hughenden,SP856958,485600,295800,,England,9,3,2009,2011,UKBMS
1382,Paizes Wood,SU586638,458600,163800,2630,England,12,13,2010,2023,UKBMS
1383,Chilswell Valley,SP502038,450200,203800,2800,England,10,13,2009,2023,UKBMS
1384,Barton Fields Transect C,SU507972,450700,197200,1945,England,11,8,2011,2019,UKBMS
1385,Radley Transect D,SU516971,451600,197100,2371,England,10,8,2011,2019,UKBMS
1386,Gomms Wood,SU895931,489500,193100,1175,England,7,3,2011,2013,UKBMS
1387,Maidenhead Thicket,SU851811,485100,181100,2550,England,8,7,2012,2022,UKBMS
1388,Fobney,SU702711,470200,171100,2500,England,5,5,2012,2016,UKBMS
1389,Sheepdrove,SU358817,435800,181700,1340,England,7,9,2012,2020,UKBMS
1390,Wallingford Castle Meadows,SU610898,461000,189800,2000,England,12,9,2013,2023,UKBMS
1391,Crowmarsh Riverside Meadows,SU611892,461100,189200,1430,England,9,11,2013,2023,UKBMS
1392,Mowbray Fields,SU522887,452200,188700,670,England,9,8,2013,2023,UKBMS
1393,Pyle Hill,SU483650,448300,165000,1577,England,10,3,2013,2015,UKBMS
1394,Crookham,SU522643,452200,164300,1418,England,11,4,2013,2016,UKBMS
1395,Cliveden,SU912853,491200,185300,1900,England,8,7,2014,2023,UKBMS
1396,Bacombe Hill,SP861072,486100,207200,2639,England,9,10,2014,2023,UKBMS
1397,Grangelands,SP828048,482800,204800,2040,England,8,10,2014,2023,UKBMS
1398,Swains wood,SU738921,473800,192100,764,England,3,4,2014,2023,UKBMS
1399,The Rifle Range,SP829052,482900,205200,934,England,9,10,2014,2023,UKBMS
1401,Cissbury Ring,TQ140080,514000,108000,4193,England,7,29,1995,2023,UKBMS
1402,Deep Dean,TQ540025,554000,102500,2445,England,8,23,1998,2023,UKBMS
1403,Devil's Dyke (Ramparts),TQ260114,526000,111400,2500,England,,2,1997,1998,UKBMS
1404,Levin Down,SU885137,488500,113700,4025,England,11,34,1990,2023,UKBMS
1405,Newtimber Hill,TQ270115,527000,111500,2400,England,6,13,1988,2000,UKBMS
1406,Wolstonbury Hill,TQ284138,528400,113800,2900,England,11,4,1998,2002,UKBMS
1407,Frog Firle Farm,TQ512014,551200,101400,2765,England,6,15,1999,2014,UKBMS
1408,Fulking Down,TQ240112,524000,111200,4000,England,,1,1998,1998,UKBMS
1409,Devil's Dyke (Valley),TQ265110,526500,111000,2200,England,10,6,1997,2003,UKBMS
1410,Harting Down,SU796182,479600,118200,4200,England,6,29,1989,2022,UKBMS
1411,Bevendean A,TQ338068,533800,106800,1517,England,10,25,1997,2023,UKBMS
1412,Bevendean B,TQ335065,533500,106500,1576,England,5,24,1998,2023,UKBMS
1413,Bevendean C,TQ343066,534300,106600,788,England,4,23,1997,2022,UKBMS
1414,Malling Down,TQ428107,542800,110700,2650,England,12,40,1984,2023,UKBMS
1415,Ashdown Forest (Millbrook Hill),TQ443297,544300,129700,217,England,14,20,1996,2015,UKBMS
1419,Loder Valley 1 (Ardingley Reservoir 1),TQ342305,534200,130500,1500,England,15,33,1991,2023,UKBMS
1420,Loder Valley 2 (Ardingley Reservoir 2),TQ335302,533500,130200,1500,England,12,23,2001,2023,UKBMS
1421,Butts Brow,TQ580018,558000,101800,2280,England,10,8,1999,2008,UKBMS
1422,Arlington Reservoir,TQ534074,553400,107400,3030,England,4,23,2001,2023,UKBMS
1423,"Beacon Hill, Sussex",TQ364028,536400,102800,1435,England,6,22,2001,2023,UKBMS
1424,Costells Wood,TQ366237,536600,123700,2095,England,5,7,2000,2006,UKBMS
1425,Henfield Wood,TQ370243,537000,124300,2495,England,11,6,2000,2005,UKBMS
1426,Moat Wood,TQ516159,551600,115900,1284,England,7,3,2000,2002,UKBMS
1427,Bedelands Farm Nature Reserve,TQ319218,531900,121800,2345,England,10,11,2001,2011,UKBMS
1428,"Beech Farm, Whiteman's Green, Cuckfield",TQ302254,530200,125400,1200,England,10,7,2003,2009,UKBMS
1429,Hat Hill,SU875245,487500,124500,,England,7,5,1999,2003,UKBMS
1430,Ashdown Forest - Warren Car Park,TQ414321,541400,132100,1765,England,12,12,2003,2014,UKBMS
1431,Ashdown Forest - Wrens Warren Car Park,TQ467323,546700,132300,1835,England,11,13,2003,2015,UKBMS
1432,Stumbleholm Farm,TQ236371,523600,137100,2319,England,7,14,2003,2017,UKBMS
1433,Ashpark Wood,SU995317,499500,131700,3690,England,9,21,2003,2023,UKBMS
1434,Kingspark Wood,SU985306,498500,130600,6000,England,15,21,2003,2023,UKBMS
1435,Park Wood,TQ604123,560400,112300,2930,England,9,8,2003,2010,UKBMS
1436,Williams/Views Wood,TQ482222,548200,122200,2106,England,10,3,2000,2002,UKBMS
1437,Crowlink,TV545974,554500,97400,2700,England,7,20,2003,2022,UKBMS
1438,Burton & Chingford Ponds LNR,SU973174,497300,117400,2970,England,12,17,2004,2023,UKBMS
1439,Longlands Wood,TQ219120,521900,112000,1925,England,9,13,2001,2013,UKBMS
1440,Park Corner Heath,TQ513147,551300,114700,1141,England,4,8,2002,2009,UKBMS
1441,Woods Mill,TQ21701350,521700,113500,1512,England,14,5,1998,2003,UKBMS
1442,Friarsgate,TQ498329,549800,132900,1500,England,7,3,2003,2005,UKBMS
1444,West Grinstead Old Station,TQ184225,518400,122500,600,England,3,6,2004,2011,UKBMS
1445,Hollies carpark,TQ464284,546400,128400,1650,England,10,11,2004,2014,UKBMS
1446,Poundgate carpark,TQ478289,547800,128900,1500,England,12,12,2004,2015,UKBMS
1447,Smugglers,TQ473295,547300,129500,1615,England,10,13,2004,2023,UKBMS
1448,Brownings Farm,TQ530208,553000,120800,2550,England,14,11,2004,2015,UKBMS
1449,Downslink - Copsale to West Grinstead,TQ178237,517800,123700,1800,England,5,6,2004,2011,UKBMS
1450,Downs Link between Slinfold and Rudgwick (TQ 09043,TQ095327,509500,132700,1400,England,3,1,2004,2004,UKBMS
1451,Black Cap,TQ378125,537800,112500,1991,England,8,17,2005,2023,UKBMS
1452,Friends,TQ456289,545600,128900,1600,England,10,4,2004,2007,UKBMS
1453,Anchor Bottom,TQ202094,520200,109400,2650,England,4,16,2004,2023,UKBMS
1454,Fore Wood,TQ752131,575200,113100,2442,England,10,35,1987,2023,UKBMS
1455,Ditchling Beacon SWT Reserve,TQ331133,533100,113300,1565,England,12,1,2007,2007,UKBMS
1456,Blunts Wood & Paiges Meadows,TQ317245,531700,124500,3500,England,14,9,2007,2015,UKBMS
1457,Whiteman's Green,TQ255302,525500,130200,875,England,5,4,2001,2009,UKBMS
1458,Friston Forest Project Area,TQ545010,554500,101000,4720,England,13,9,2008,2016,UKBMS
1459,Broadwater Warren 1,TQ556370,555600,137000,1000,England,10,16,2008,2023,UKBMS
1460,Broadwater Warren 2,TQ553368,555300,136800,1000,England,10,16,2008,2023,UKBMS
1461,Southerham A,TQ430098,543000,109800,,England,10,1,2009,2009,UKBMS
1462,Southerham B,TQ436101,543600,110100,,England,10,1,2009,2009,UKBMS
1463,Graffham Down Long Meadow,SU919162,491900,116200,500,England,4,15,2009,2023,UKBMS
1464,Graffham Down Scotts Corner,SU922162,492200,116200,390,England,3,14,2009,2022,UKBMS
1465,Paterson Reserve,SU915162,491500,116200,1000,England,1,5,2009,2014,UKBMS
1466,Graffham Down - Bowley's Field,SU918163,491800,116300,900,England,9,12,2009,2020,UKBMS
1467,Moulescombe Wildpark LNR,TQ329081,532900,108100,1895,England,9,9,2008,2023,UKBMS
1468,Butterfly Haven,TQ309072,530900,107200,454,England,10,3,2010,2012,UKBMS
1469,Minepits - Hartley Green Copse,SU872284,487200,128400,1550,England,9,17,2007,2023,UKBMS
1470,"Bignor Hill, Slindon Estate (NT)",SU972128,497200,112800,1890,England,10,13,2010,2023,UKBMS
1471,Chapel Common,SU820285,482000,128500,5000,England,6,14,2010,2023,UKBMS
1472,Friston Hill,TV550997,555000,99700,2900,England,10,2,2010,2011,UKBMS
1473,Graffham Down - Parish A,SU920160,492000,116000,100,England,1,3,2010,2012,UKBMS
1474,"Tilletts Lane Fields, Warnham",TQ153339,515300,133900,1200,England,7,14,2010,2023,UKBMS
1475,Lodge Copse,SU973167,497300,116700,850,England,8,11,2010,2023,UKBMS
1476,West Kingston Reserve,TQ079016,507900,101600,1550,England,1,13,2010,2023,UKBMS
1477,Roundstone Nurseries Newlands,SU898017,489800,101700,1960,England,6,3,2010,2013,UKBMS
1478,Rowland Wood and Park Corner Heath,TQ515147,551500,114700,1900,England,9,3,2010,2012,UKBMS
1479,Whitehawk Hill LNR,TQ332047,533200,104700,1040,England,8,2,2011,2012,UKBMS
1480,Hollingdean,TQ321072,532100,107200,1900,England,5,13,2011,2023,UKBMS
1481,Shoreham Beach,TQ222045,522200,104500,1200,England,1,1,2011,2011,UKBMS
1482,Mill Hill,TQ211072,521100,107200,1629,England,8,13,2011,2023,UKBMS
1483,"Blackjack Wood, Slindon Estste",SU969119,496900,111900,2285,England,11,13,2011,2023,UKBMS
1484,Markstakes Common,TQ398180,539800,118000,1677,England,12,11,2012,2022,UKBMS
1486,Brede High Woods,TQ790203,579000,120300,3277,England,7,3,2013,2016,UKBMS
1487,Fairmile Bottom LNR,SU988094,498800,109400,1200,England,2,10,2014,2023,UKBMS
1488,Iping & Stedham Commons,SU852219,485200,121900,4000,England,5,10,2014,2023,UKBMS
1490,Pulborough Brooks RSPB,TQ059167,505900,116700,1880,England,8,8,2015,2023,UKBMS
1491,Graffham Down - Paterson,SU915162,491500,116200,1000,England,4,9,2015,2023,UKBMS
1492,"Graffham Down, Dimmer",SU911163,491100,116300,380,England,1,6,2015,2020,UKBMS
1493,"Graffham Down, Parish",SU914163,491400,116300,140,England,1,6,2015,2020,UKBMS
1494,Nymans,TQ270296,527000,129600,2860,England,8,6,2016,2022,UKBMS
1495,Courthill Farm,SU953091,495300,109100,1800,England,12,4,2016,2020,UKBMS
1496,Broadwater Warren Wildlife Corridor,TQ551363,555100,136300,1600,England,1,2,2016,2017,UKBMS
1497,University of Sussex,TQ346091,534600,109100,3520,England,13,5,2017,2021,UKBMS
1498,Kithurst Field,TQ071125,507100,112500,1072,England,1,1,2017,2017,UKBMS
1499,Rowland Wood & Park Corner Heath 2018,TQ515147,551500,114700,2500,England,10,6,2018,2023,UKBMS
1500,Cowden Pound Pastures,TQ459433,545900,143300,1300,England,1,7,2008,2014,UKBMS
1501,Darland Banks West,TQ783663,578300,166300,2350,England,15,6,1995,2001,UKBMS
1502,Darland Banks Main,TQ792654,579200,165400,,England,15,5,1997,2001,UKBMS
1503,Hothfield Common,TQ968458,596800,145800,3100,England,15,20,1990,2023,UKBMS
1504,"Polhill Banks, Sevenoaks",TQ508604,550800,160400,1250,England,8,1,2003,2003,UKBMS
1505,Lydden Temple Ewell Downs,TR285447,628500,144700,2850,England,12,10,1992,2021,UKBMS
1508,Wrotham Water Farm,TQ62706030,562700,160300,1640,England,,3,1999,2001,UKBMS
1510,Burham Down,TQ735624,573500,162400,2500,England,14,6,1995,2001,UKBMS
1511,Burnt Oak Wood,TQ991348,599100,134800,2450,England,13,38,1984,2023,UKBMS
1514,Kemsing Downs,TQ550594,555000,159400,2100,England,,3,1997,1999,UKBMS
1519,Sandwich Bay,TR352616,635200,161600,5000,England,15,16,1984,2003,UKBMS
1520,"Colepit Lane, Torry Hill",TQ907565,590700,156500,1900,England,8,19,1992,2023,UKBMS
1521,"Mintching Wood, Torry Hill",TQ916586,591600,158600,1700,England,12,19,1992,2023,UKBMS
1522,"Warren Bank, Torry Hill",TQ918567,591800,156700,1000,England,4,19,1992,2023,UKBMS
1523,"Wrinsted, Torry Hill",TQ897553,589700,155300,1850,England,8,19,1992,2023,UKBMS
1524,Orlestone Forest,TQ985353,598500,135300,2500,England,13,29,1992,2023,UKBMS
1525,Tudeley Woods - The Plants,TQ626444,562600,144400,2000,England,10,37,1987,2023,UKBMS
1526,Tudeley Woods - Brakey Bank,TQ615435,561500,143500,2350,England,10,37,1987,2023,UKBMS
1527,Thornden Meadows,TR14906440,614900,164400,,England,,2,1997,1998,UKBMS
1528,Queendown Warren L.N.R,TQ827629,582700,162900,,England,14,3,1999,2001,UKBMS
1529,Larkey Valley Wood,TR125555,612500,155500,1950,England,10,22,1995,2022,UKBMS
1530,Broadham Down,TR08505300,608500,153000,2000,England,12,3,2000,2002,UKBMS
1532,Fackenden Down,TQ530608,553000,160800,1552,England,9,1,2003,2003,UKBMS
1533,White Hill Shoreham,TQ528613,552800,161300,880,England,6,3,2001,2004,UKBMS
1535,High Elms,TQ446635,544600,163500,,England,8,9,1997,2007,UKBMS
1536,Jubilee Country Park,TQ437679,543700,167900,2019,England,9,18,2004,2023,UKBMS
1537,Scadbury Park,TQ455700,545500,170000,1667,England,8,16,2004,2023,UKBMS
1538,Hawkshill Common,TR373498,637300,149800,1141,England,6,13,2005,2019,UKBMS
1539,Downe Bank,TQ438609,543800,160900,1720,England,10,14,2005,2023,UKBMS
1540,Palm Bay,TR384714,638400,171400,1342,England,8,10,2005,2016,UKBMS
1541,Down House Estate,TQ431611,543100,161100,1680,England,7,13,2005,2017,UKBMS
1542,Tudeley Woods - The Plants (2),TQ626444,562600,144400,2000,England,10,37,1987,2023,UKBMS
1544,Pegwell Bay CP,TR341630,634100,163000,1750,England,10,11,2005,2018,UKBMS
1545,Stonelees,TR338625,633800,162500,2320,England,15,11,2005,2018,UKBMS
1546,Cole Wood - Broad Oak/Blean,TR155620,615500,162000,3560,England,11,16,2006,2023,UKBMS
1547,Sandwich Bay,TR349623,634900,162300,3538,England,10,5,2007,2017,UKBMS
1548,Cliffside Drive/Dumpton walk,TR392663,639200,166300,3150,England,5,5,2010,2014,UKBMS
1550,Well Wood,TQ396643,539600,164300,1632,England,6,4,2005,2013,UKBMS
1551,Darrick Woods & Newstead Common,TQ444649,544400,164900,1138,England,6,2,2009,2010,UKBMS
1552,West Blean Wood West,TR157636,615700,163600,2265,England,9,11,2010,2023,UKBMS
1553,West Blean Wood East,TR166635,616600,163500,4190,England,15,11,2011,2023,UKBMS
1554,Hothfield Common Extension,TQ964458,596400,145800,2000,England,10,9,2014,2023,UKBMS
1555,CT10 1RX to Montefiore Woodland,TR389656,638900,165600,2500,England,6,3,2012,2014,UKBMS
1556,West Wickham Common,TQ398652,539800,165200,300,England,13,15,2001,2023,UKBMS
1557,Wraik Hill Nature Reserve,TR097638,609700,163800,2436,England,13,8,2012,2020,UKBMS
1558,Thornden Woods,TR144635,614400,163500,5194,England,14,1,2012,2012,UKBMS
1559,Reculver Country Park,TR214689,621400,168900,3981,England,12,11,2012,2023,UKBMS
1560,Fox's Cross Nature Reserve,TR093634,609300,163400,1071,England,8,8,2012,2020,UKBMS
1561,Sandwich Bay Estate,TR361573,636100,157300,6248,England,12,11,2013,2023,UKBMS
1563,Telegraph Farm,TR307513,630700,151300,1250,England,5,9,2014,2023,UKBMS
1564,Darland Banks A,TQ791655,579100,165500,2323,England,14,10,2014,2023,UKBMS
1565,Darland Banks B,TQ781661,578100,166100,2522,England,13,10,2014,2023,UKBMS
1566,Tonbridge Water Meadows,TQ611472,561100,147200,200,England,6,2,2014,2015,UKBMS
1567,Highlands Farm,TQ962345,596200,134500,3117,England,12,6,2014,2019,UKBMS
1568,Bedgebury Pinetum,TQ719335,571900,133500,6000,England,9,5,2014,2023,UKBMS
1569,Westgate Parks,TR143577,614300,157700,1630,England,5,5,2014,2018,UKBMS
1570,Sevenoaks Wildlife Reserve,TQ522569,552200,156900,2700,England,11,6,2014,2019,UKBMS
1571,Sprivers,TQ693399,569300,139900,2891,England,13,2,2014,2021,UKBMS
1575,Covert Wood,TR183481,618300,148100,1650,England,4,9,2015,2023,UKBMS
1576,Kemsing Down,TQ555593,555500,159300,2372,England,8,9,2015,2023,UKBMS
1577,Lydden Hill,TR254461,625400,146100,1180,England,5,9,2015,2023,UKBMS
1578,Montefiore Wood & Dumpton (2015 route),TR392662,639200,166200,4425,England,9,9,2015,2023,UKBMS
1579,Tarn Park,TQ427733,542700,173300,1000,England,2,8,2015,2023,UKBMS
1580,Tudeley Woods - Pembury Heath,TQ616422,561600,142200,2000,England,10,9,2015,2023,UKBMS
1581,Queendown Warren 2,TQ829628,582900,162800,3000,England,7,3,2015,2021,UKBMS
1582,Wouldham,TQ725633,572500,163300,600,England,3,8,2015,2023,UKBMS
1583,The Larches,TQ789588,578900,158800,2000,England,4,8,2015,2023,UKBMS
1584,Tonbridge Water Meadows 2,TQ608472,560800,147200,1990,England,6,2,2016,2017,UKBMS
1585,Peters Pit,TQ717626,571700,162600,3104,England,8,7,2016,2023,UKBMS
1586,Conningbrook Lakes Country Park,TR031433,603100,143300,2500,England,12,7,2016,2023,UKBMS
1587,"Luton Rec, Medway",TQ778663,577800,166300,1300,England,10,8,2016,2023,UKBMS
1588,Gravesend Marling Cross,TQ656705,565600,170500,1170,England,11,8,2016,2023,UKBMS
1589,Hilly Wood,TQ776391,577600,139100,800,England,4,2,2016,2017,UKBMS
1590,Warren Plain,TQ691682,569100,168200,1000,England,1,4,2016,2021,UKBMS
1591,St Margaret's Bay (new),TR373451,637300,145100,4000,England,7,7,2017,2023,UKBMS
1592,Langdon Cliffs,TR341424,634100,142400,2500,England,8,6,2017,2022,UKBMS
1593,"Orlestone Forest, Packing Wood",TR004352,600400,135200,1660,England,5,6,2017,2022,UKBMS
1594,Dering Wood,TQ899443,589900,144300,3000,England,7,3,2017,2021,UKBMS
1595,Bredhurst Woods and Strawberry Banks,TQ800617,580000,161700,4400,England,7,5,2017,2023,UKBMS
1596,"Manor Park, West Malling",TQ680573,568000,157300,2500,England,4,6,2017,2023,UKBMS
1597,Lesnes Abbey,TQ478785,547800,178500,4200,England,10,1,2017,2017,UKBMS
1598,Garthorne Road Nature Reserve,TQ357736,535700,173600,850,England,12,5,2017,2022,UKBMS
1599,Magpie Bottom (sect 14a),TQ542609,554200,160900,90,England,1,3,2017,2019,UKBMS
1601,Hartsholme Country Park,SK944697,494400,369700,3555,England,10,10,1993,2002,UKBMS
1602,Swanholme Lakes LNR,SK94306850,494300,368500,1730,England,,10,1993,2002,UKBMS
1603,Chambers Farm Wood,TF150740,515000,374000,3660,England,6,10,1994,2003,UKBMS
1607,Snakeholme Pit,TF115716,511500,371600,400,England,11,36,1988,2023,UKBMS
1608,Twyford Glades,SK954225,495400,322500,830,England,7,23,2000,2023,UKBMS
1609,Twyford North,SK963233,496300,323300,,England,6,1,2000,2000,UKBMS
1610,Twyford Sanctuary,SK942233,494200,323300,580,England,6,24,1999,2023,UKBMS
1611,Twyford South,SK954225,495400,322500,,England,7,1,2000,2000,UKBMS
1612,Twyford West,SK943233,494300,323300,,England,6,1,2000,2000,UKBMS
1614,Red Hill Nature Reserve,TF267806,526700,380600,1740,England,7,17,2000,2016,UKBMS
1615,Southrey Wood,TF128682,512800,368200,2390,England,9,10,2007,2019,UKBMS
1616,Whisby Nature Park,SK911670,491100,367000,1282,England,6,8,2009,2023,UKBMS
1617,FRAMPTON MARSH RSPB,TF356392,535600,339200,2450,England,8,1,2012,2012,UKBMS
1618,Frampton Marsh (2015 route),TF356391,535600,339100,2000,England,9,1,2015,2015,UKBMS
1619,Quarry Cottage,TF045204,504500,320400,913,England,6,7,2016,2022,UKBMS
1620,Londonthorpe Eastern Meadow,SK946381,494600,338100,2382,England,11,3,2018,2022,UKBMS
1621,Londonthorpe Western Meadow,SK942380,494200,338000,1995,England,7,3,2018,2022,UKBMS
1622,Belton House - River Witham,SK926383,492600,338300,2961,England,7,3,2018,2022,UKBMS
1623,Belton House - East Avenue & Old Wood,SK934388,493400,338800,3186,England,7,2,2018,2019,UKBMS
1624,Kettlethorpe,SK846750,484600,375000,2681,England,5,5,2019,2023,UKBMS
1625,Heath's Meadows,TF484639,548400,363900,1630,England,8,4,2020,2023,UKBMS
1627,Londonthorpe Alma Park,SK942370,494200,337000,2124,England,9,1,2022,2022,UKBMS
1628,Ashing Lane Nature Reserve,TF043790,504300,379000,3773,England,9,2,2022,2023,UKBMS
1629,Thorne Moors Transect F,SE748151,474800,415100,4421,England,5,2,2022,2023,UKBMS
1630,Ingleby Clay community nature site,SK875768,487500,376800,1080,England,5,1,2023,2023,UKBMS
1631,Hardwick Scrub community nature site,SK881764,488100,376400,772,England,3,1,2023,2023,UKBMS
1701,Piddledown Common,SX729899,272900,89900,620,England,10,22,1997,2023,UKBMS
1703,Aish Tor,SX705711,270500,71100,2100,England,12,29,1993,2023,UKBMS
1704,Trentishoe Combe (Heddon Valley),SS64604840,264600,148400,,England,,5,1993,1999,UKBMS
1705,Little Breach,ST114154,311400,115400,400,England,7,26,1997,2023,UKBMS
1706,Haldon Forest,SX872845,287200,84500,2767,England,8,8,1995,2006,UKBMS
1707,Dunsdon Farm 1 (MF transect),SS296082,229600,108200,1300,England,5,9,1998,2006,UKBMS
1708,Ashclyst Forest,SX997991,299700,99100,400,England,1,14,2002,2023,UKBMS
1709,North Wyke ECN,SX660985,266000,98500,4144,England,15,13,1993,2006,UKBMS
1710,Lydford,SX490836,249000,83600,1500,England,6,25,1994,2021,UKBMS
1711,Dunsford Meadow,SX78508920,278500,89200,1450,England,,7,1991,2003,UKBMS
1712,Trentishoe Transect (Heddon Valley),SS64604830,264600,148300,,England,,5,1993,1999,UKBMS
1713,Heddonsmouth (Heddon Valley),SS65204850,265200,148500,,England,,6,1994,1999,UKBMS
1714,Dunsdon Farm 2,SS297078,229700,107800,1374,England,8,3,2000,2003,UKBMS
1715,Fowlescombe Farm,SX695552,269500,55200,2160,England,9,3,2001,2003,UKBMS
1716,Start Farm South Hams,SX820370,282000,37000,4600,England,1,1,2000,2000,UKBMS
1717,West Down (Dartmoor),SX483702,248300,70200,900,England,6,19,2001,2022,UKBMS
1718,"Ruggadon, Trusham",SX856816,285600,81600,1680,England,7,4,2002,2005,UKBMS
1719,Lustleigh Cleave,SX762820,276200,82000,1200,England,6,2,2003,2004,UKBMS
1720,Kerswell Down,SX872676,287200,67600,1345,England,10,21,2003,2023,UKBMS
1721,Bovey Heath,SX824765,282400,76500,1140,England,7,17,2003,2021,UKBMS
1722,Waterleat,SX753724,275300,72400,540,England,13,5,2002,2006,UKBMS
1723,Stover Country Park,SX831753,283100,75300,1000,England,6,11,2003,2019,UKBMS
1724,Staddon Moor,SS680025,268000,102500,2050,England,12,2,2003,2004,UKBMS
1725,Torrington Commons,SS480190,248000,119000,2280,England,6,2,2003,2004,UKBMS
1726,Dunsford Wood,SX785892,278500,89200,1100,England,3,6,2002,2007,UKBMS
1727,Corner Wood and Kiln Close,SX755722,275500,72200,530,England,6,1,2005,2005,UKBMS
1728,Blackdown Common 2005 route,ST115162,311500,116200,1700,England,4,13,2005,2017,UKBMS
1729,Bovey Heath cmpt 2,SX824768,282400,76800,1855,England,15,1,2006,2006,UKBMS
1730,Slapton Ley NNR - Loworthy,SX825465,282500,46500,,England,4,2,2006,2007,UKBMS
1731,Slapton Ley NNR - Nature Trail,SX820442,282000,44200,,England,5,2,2006,2007,UKBMS
1733,Park Farm,SY299951,329900,95100,2500,England,9,12,2007,2018,UKBMS
1734,Bovey Heath comp 2 new,SX824768,282400,76800,770,England,11,1,2007,2007,UKBMS
1735,Yarner Wood extension,SX787789,278700,78900,250,England,2,13,2009,2023,UKBMS
1736,Clennon Hill,SX880594,288000,59400,1712,England,10,14,2008,2023,UKBMS
1737,Primley wood and meadow,SX878602,287800,60200,1143,England,6,13,2008,2023,UKBMS
1738,Ideford Common SSSI,SX900787,290000,78700,956,England,5,6,2010,2015,UKBMS
1739,Yeo Valley Community Woodland,SS572337,257200,133700,1410,England,6,7,2010,2017,UKBMS
1740,Bovey Heath comp 2 (2010 route),SX825769,282500,76900,1150,England,7,12,2010,2021,UKBMS
1741,Slapton Ley NNR,SX823463,282300,46300,1263,England,7,7,2011,2018,UKBMS
1742,Exminster Marshes RSPB Reserve,SX956867,295600,86700,1460,England,5,7,2011,2017,UKBMS
1743,Saltram Park,SX522549,252200,54900,1225,England,6,13,2011,2023,UKBMS
1744,Upcott Farm,SS823130,282300,113000,1825,England,10,13,2011,2023,UKBMS
1745,"Bowden Hill, Ashburton",SX753698,275300,69800,1561,England,9,12,2011,2022,UKBMS
1746,Berry Head Transect 3,SX939562,293900,56200,1711,England,10,12,2011,2023,UKBMS
1747,Primley Wood and Meadow extension,SX878602,287800,60200,297,England,2,9,2012,2023,UKBMS
1748,Waterleat extension,SX751723,275100,72300,250,England,2,10,2012,2023,UKBMS
1749,West Down Shaugh Prior,SX542636,254200,63600,1880,England,9,1,2012,2012,UKBMS
1750,Home Farm Marsh Reserve,SS498329,249800,132900,2300,England,6,2,2011,2012,UKBMS
1751,Churchills Local Nature Reserve,SX851720,285100,72000,1000,England,5,5,2012,2017,UKBMS
1752,Weston,SY169885,316900,88500,2325,England,8,4,2013,2017,UKBMS
1753,Northam Burrows,SS439309,243900,130900,1900,England,8,6,2013,2022,UKBMS
1756,Meeth Quarry,SS536084,253600,108400,2000,England,9,8,2014,2022,UKBMS
1757,Dartington River Walk,SX800630,280000,63000,1000,England,10,1,2014,2014,UKBMS
1758,Andrew's Wood,SX704516,270400,51600,925,England,8,9,2014,2023,UKBMS
1760,Cookworthy Forest,SS417017,241700,101700,2890,England,10,5,2015,2019,UKBMS
1761,Andrew's Wood 3,SX711516,271100,51600,1000,England,7,8,2015,2023,UKBMS
1762,Park Farm Kingsbridge,SX734427,273400,42700,1800,England,7,9,2015,2023,UKBMS
1763,Sigford,SX777741,277700,74100,1810,England,9,3,2015,2017,UKBMS
1764,Clifford Bridge,SX768896,276800,89600,3750,England,11,1,2015,2015,UKBMS
1765,Kelley's Cove,SX909501,290900,50100,1500,England,6,8,2016,2023,UKBMS
1766,Dawlish Warren NNR,SX984796,298400,79600,2000,England,12,3,2016,2018,UKBMS
1767,Ashclyst Merry Downs,SY000999,300000,99900,1600,England,1,8,2016,2023,UKBMS
1768,Ashclyst Snaffel Park,SY006996,300600,99600,1700,England,1,8,2016,2023,UKBMS
1769,Ashclyst Caddihoe,SY010999,301000,99900,320,England,1,8,2016,2023,UKBMS
1770,Ashclyst Deadlands,SX995999,299500,99900,1150,England,1,8,2016,2023,UKBMS
1771,Ashclyst White Down,ST005011,300500,101100,1200,England,1,7,2016,2023,UKBMS
1773,Knapp Copse Local Nature Reserve,SY154956,315400,95600,2410,England,7,6,2017,2023,UKBMS
1774,Bradley Manor,SX849707,284900,70700,2000,England,6,5,2017,2022,UKBMS
1776,Firebeacon Hill,SY114909,311400,90900,2168,England,5,2,2017,2018,UKBMS
1777,The Knapp Community Nature Reserve,SY123884,312300,88400,684,England,4,2,2017,2018,UKBMS
1778,Holyford Woods Local Nature Reserve,SY231919,323100,91900,1900,England,3,2,2017,2018,UKBMS
1779,East Soar,SX729366,272900,36600,3500,England,8,5,2017,2023,UKBMS
1780,Waterleat 2006,SX753724,275300,72400,930,England,13,16,2006,2023,UKBMS
1781,Trinity Hill Local Nature Reserve,SY307959,330700,95900,2200,England,4,2,2017,2018,UKBMS
1782,Rickham,SX738378,273800,37800,1826,England,6,5,2017,2022,UKBMS
1783,Bolberry,SX686384,268600,38400,1670,England,4,7,2017,2023,UKBMS
1784,"Grove Woods, Brixham",SX915568,291500,56800,1815,England,8,4,2018,2021,UKBMS
1785,Saltram Gardens,SX519556,251900,55600,832,England,3,6,2018,2023,UKBMS
1786,Orcombe Point,SY020795,302000,79500,1845,England,14,4,2019,2023,UKBMS
1787,Ashclyst Caddihoe Extension,ST009000,300900,100000,680,England,3,5,2019,2023,UKBMS
1788,Lincombe & Dunscombe,SY160881,316000,88100,2500,England,15,4,2019,2023,UKBMS
1789,Elbury Farm,SY002959,300200,95900,2350,England,5,2,2019,2021,UKBMS
1790,Killerton Garden,SS972001,297200,100100,850,England,3,4,2019,2023,UKBMS
1791,Lundy Island - Upper East Side,SS139440,213900,144000,1496,England,9,5,2019,2023,UKBMS
1792,Seaton Wetlands,SY251918,325100,91800,1910,England,12,1,2020,2020,UKBMS
1793,Home Farm Marsh (old route),SS495329,249500,132900,2250,England,2,1,2020,2020,UKBMS
1794,Dumpdon Hill Fort,ST174042,317400,104200,1886,England,13,3,2021,2023,UKBMS
1795,Godborough Castle,SS438274,243800,127400,1136,England,14,3,2021,2023,UKBMS
1796,Home Marsh Farm,SS495328,249500,132800,2000,England,6,3,2021,2023,UKBMS
1797,Scobbiscombe,SX621468,262100,46800,2029,England,4,3,2021,2023,UKBMS
1798,Ashclyst Forest Cottage,SY0009499100,300094,99100,1339,England,3,3,2021,2023,UKBMS
1799,Ausewell Wood,SX737721,273700,72100,1326,England,10,2,2022,2023,UKBMS
1801,"Bunnys Hill, Cardinham",SX117676,211700,67600,800,England,10,5,1999,2004,UKBMS
1802,"Tuckingmill, St Breward",SX095775,209500,77500,500,England,8,5,1999,2004,UKBMS
1803,Gwithian Common (Green),SW587413,158700,41300,937,England,8,27,1997,2023,UKBMS
1804,Gwithian Towans,SW58404160,158400,41600,,England,,3,1997,1999,UKBMS
1805,Gwithian Sandpit,SW584416,158400,41600,1558,England,9,3,1998,2000,UKBMS
1806,Holywell Dunes,SW76605950,176600,59500,,England,,2,1995,1996,UKBMS
1807,Godolphin Manor,SW603323,160300,32300,881,England,10,3,1999,2001,UKBMS
1808,Deer Park Wood,SX379734,237900,73400,2378,England,11,29,1980,2008,UKBMS
1809,Greenscombe Wood - Ridge,SX393725,239300,72500,2000,England,13,43,1981,2023,UKBMS
1810,Bodmin Beacon,SX06706650,206700,66500,1843,England,8,4,1999,2003,UKBMS
1811,Lundy Bay,SW958798,195800,79800,2301,England,10,22,2000,2023,UKBMS
1812,Valency Valley,SX108911,210800,91100,100,England,,2,1999,2000,UKBMS
1813,"Butterfly Lane (Trewartha, St Ives)",SW518378,151800,37800,500,England,5,23,2001,2023,UKBMS
1814,Marsland,SS21601730,221600,117300,2900,England,,16,1988,2003,UKBMS
1815,Welcombe,SS22401840,222400,118400,1300,England,,2,1998,2000,UKBMS
1820,Watch House Field & Penlee Battery,SX437490,243700,49000,1531,England,6,6,2005,2010,UKBMS
1821,Steeple Woods,SW518388,151800,38800,750,England,6,11,2009,2019,UKBMS
1822,De Lank Quarry,SX103753,210300,75300,,England,7,2,2009,2010,UKBMS
1823,Cape Cornwall,SW352318,135200,31800,1505,England,11,4,2009,2018,UKBMS
1824,Kenidjack,SW358325,135800,32500,2835,England,14,2,2009,2012,UKBMS
1825,Treen Cliffs,SW396223,139600,22300,1575,England,6,2,2009,2012,UKBMS
1826,Trevean Farm,SW411356,141100,35600,2231,England,12,1,2009,2009,UKBMS
1827,Upton Towans 2010,SW579396,157900,39600,2900,England,10,14,2010,2023,UKBMS
1828,Cubert,SW785599,178500,59900,2500,England,4,2,2010,2011,UKBMS
1829,Dodman,SX000394,200000,39400,3500,England,9,2,2010,2011,UKBMS
1830,Drakewalls Mine,SX424706,242400,70600,550,England,3,6,2010,2016,UKBMS
1831,Gaverigan,SW935581,193500,58100,1500,England,2,2,2010,2011,UKBMS
1832,"Roskestal West Cliff, Porthgwarra",SW364224,136400,22400,2725,England,8,12,2010,2023,UKBMS
1833,Heligan Gardens,SW997464,199700,46400,1402,England,11,2,2011,2012,UKBMS
1834,Valency Valley,SX108911,210800,91100,,England,4,2,2010,2011,UKBMS
1835,Ruan Lanihorne,SW894419,189400,41900,1050,England,5,12,2012,2023,UKBMS
1836,Godolphin Warren,SW599321,159900,32100,2325,England,6,12,2012,2023,UKBMS
1837,St Martins Isles of Scilly,SV921162,92100,16200,1000,England,5,12,2012,2023,UKBMS
1838,Cotehele,SX423682,242300,68200,2938,England,14,10,2012,2023,UKBMS
1839,Looe Island,SX257514,225700,51400,1000,England,14,10,2013,2023,UKBMS
1840,"Erisey Barton, Lizard NNR",SW710180,171000,18000,3236,England,9,10,2013,2023,UKBMS
1841,Treluggan Cliffs,SW890378,189000,37800,2000,England,11,11,2013,2023,UKBMS
1842,Nare Head,SW918375,191800,37500,1500,England,11,11,2013,2023,UKBMS
1843,Little Treleaver,SW761181,176100,18100,1610,England,7,9,2014,2023,UKBMS
1844,Valency Valley,SX103913,210300,91300,450,England,3,9,2014,2023,UKBMS
1846,Kilkhampton Common,SS246117,224600,111700,2240,England,1,9,2014,2023,UKBMS
1847,Allet,SW795485,179500,48500,1000,England,4,6,2014,2019,UKBMS
1848,Watch House Field & Penlee Battery (2015 route),SX438490,243800,49000,1531,England,6,2,2015,2016,UKBMS
1849,Treen,SW397223,139700,22300,2800,England,10,3,2015,2017,UKBMS
1850,Lower Lewdon,SS256095,225600,109500,1058,England,15,9,2015,2023,UKBMS
1851,Kilkhampton Common (Fields),SS244118,224400,111800,1300,England,3,2,2015,2016,UKBMS
1852,Pentire,SW938800,193800,80000,3500,England,12,9,2015,2023,UKBMS
1853,Dodman Point,SX001398,200100,39800,4625,England,15,8,2016,2023,UKBMS
1854,Tidna Valley,SS203147,220300,114700,2656,England,10,8,2016,2023,UKBMS
1855,"The Meadow, Tehidy Country Park",SW637433,163700,43300,636,England,8,6,2016,2022,UKBMS
1856,Treveal,SW471403,147100,40300,2331,England,7,7,2016,2023,UKBMS
1857,Mexico Towans,SW562385,156200,38500,960,England,8,6,2016,2023,UKBMS
1858,Mayon Lookout,SW347262,134700,26200,2159,England,6,4,2016,2019,UKBMS
1859,Foage Farm,SW465375,146500,37500,2197,England,6,6,2016,2023,UKBMS
1860,Porkellis Moor,SW688327,168800,32700,995,England,6,1,2016,2016,UKBMS
1861,Trencrom Hill,SW518362,151800,36200,1592,England,5,7,2016,2023,UKBMS
1862,Boswednack,SW441378,144100,37800,774,England,7,3,2017,2019,UKBMS
1864,Antony House,SX416562,241600,56200,1640,England,3,3,2017,2019,UKBMS
1865,Lanhydrock,SX089640,208900,64000,3500,England,9,3,2017,2019,UKBMS
1866,Respryn,SX099636,209900,63600,3200,England,9,2,2017,2019,UKBMS
1867,Stithians,SW709366,170900,36600,900,England,5,7,2016,2023,UKBMS
1868,Trevose,SW855761,185500,76100,4896,England,14,3,2017,2019,UKBMS
1869,Trythall School,SW452342,145200,34200,2275,England,12,6,2018,2023,UKBMS
1870,Teacoombe,SX172585,217200,58500,2300,England,6,1,2018,2018,UKBMS
1871,Trecarne-Delabole,SX064839,206400,83900,2060,England,6,6,2018,2023,UKBMS
1872,Kynance and Caerthillian,SW688131,168800,13100,1390,England,8,5,2018,2023,UKBMS
1873,Chapel Porth,SW697495,169700,49500,2200,England,12,3,2018,2023,UKBMS
1874,Wilsey Woods,SX185888,218500,88800,1940,England,4,3,2018,2020,UKBMS
1875,Kendijack Valley,SW368319,136800,31900,1725,England,6,3,2018,2020,UKBMS
1876,Marazion Marsh,SW512312,151200,31200,1300,England,7,5,2019,2023,UKBMS
1877,Lower Portmellon Valley,SX009438,200900,43800,2949,England,7,5,2019,2023,UKBMS
1878,Upper Portmellon Valley,SX003433,200300,43300,2195,England,11,5,2019,2023,UKBMS
1879,Rosewall Hill,SW488393,148800,39300,1800,England,5,2,2019,2023,UKBMS
1880,Boswednack Mire,SW439380,143900,38000,805,England,5,2,2019,2023,UKBMS
1881,Cape Cornwall - new route,SW352318,135200,31800,1040,England,5,3,2019,2023,UKBMS
1882,Trebant,SX172584,217200,58400,1930,England,7,2,2019,2020,UKBMS
1883,Lamledra,SX013412,201300,41200,2533,England,12,4,2020,2023,UKBMS
1884,Wilsey Woods,SX189881,218900,88100,3500,England,6,4,2020,2023,UKBMS
1885,Trencrom Hill - hillsides,SW517362,151700,36200,1250,England,9,3,2020,2023,UKBMS
1886,Messack,SW840364,184000,36400,2764,England,6,3,2021,2023,UKBMS
1887,Godrevy Warren Red River Ascent,SW588421,158800,42100,770,England,7,2,2021,2022,UKBMS
1888,Godrevy Warren Lifeguard Hut,SW583423,158300,42300,1030,England,9,1,2021,2021,UKBMS
1889,"Coosebean, Comprigney Hill",SW813454,181300,45400,1280,England,9,1,2022,2022,UKBMS
1890,Treveddoe,SX152694,215200,69400,1448,England,5,2,2022,2023,UKBMS
1891,Portreath New Walk and Cliffs,SW661455,166100,45500,1338,England,8,2,2022,2023,UKBMS
1892,Dolcoath Mine and Brea Valley,SW661404,166100,40400,1142,England,5,2,2022,2023,UKBMS
1893,Bakesdown Farm,SS247006,224700,100600,2030,England,4,1,2022,2022,UKBMS
1894,St Gothians,SW583417,158300,41700,1857,England,10,2,2022,2023,UKBMS
1895,Godolphin Woods and Riverside,SW602322,160200,32200,2369,England,10,2,2022,2023,UKBMS
1896,Nanspean,SW656240,165600,24000,1052,England,5,2,2022,2023,UKBMS
1897,Maer Down,SS202076,220200,107600,2024,England,5,1,2023,2023,UKBMS
1898,Bakesdown Farm (2023),SS247006,224700,100600,2057,England,8,1,2023,2023,UKBMS
1899,Mount Douglas,SW522376,152200,37600,440,England,2,1,2023,2023,UKBMS
1900,Forty Hill,TQ340986,534000,198600,,England,4,7,1996,2002,UKBMS
1901,Marshalls Heath,TL161149,516100,214900,2478,England,5,31,1990,2023,UKBMS
1902,Colney Heath,TL203057,520300,205700,,England,6,18,1992,2009,UKBMS
1903,Gobians Woodland,TL246036,524600,203600,2000,England,15,12,1990,2001,UKBMS
1904,Aldbury Nowers,SP952129,495200,212900,1200,England,14,30,1992,2023,UKBMS
1905,Beane Hill,TQ199873,519900,187300,1900,England,10,36,1988,2023,UKBMS
1906,Danesbury Park,TL230170,523000,217000,3100,England,9,27,1996,2022,UKBMS
1907,Trent Park Country Park,TQ285965,528500,196500,2205,England,7,13,1998,2019,UKBMS
1908,Millhoppers,SP900148,490000,214800,500,England,5,23,1998,2023,UKBMS
1909,Markyate,TL074170,507400,217000,4000,England,4,7,1995,2001,UKBMS
1910,New House Park,TL16500530,516500,205300,5250,England,6,7,1977,2001,UKBMS
1911,Patmore Heath,TL442257,544200,225700,1800,England,6,28,1996,2023,UKBMS
1912,Tring Park,SP930105,493000,210500,1895,England,6,11,1996,2006,UKBMS
1913,Smallford,TL19800750,519800,207500,,England,,6,1996,2001,UKBMS
1914,Bedfont Lakes,TQ082727,508200,172700,4050,England,15,9,1996,2010,UKBMS
1915,Astonbury Wood,TL276216,527600,221600,1600,England,15,2,1997,1999,UKBMS
1916,Blackbridge,TL192147,519200,214700,,England,4,3,1996,1998,UKBMS
1918,Holcroft Springs,TL146164,514600,216400,2500,England,4,8,1995,2003,UKBMS
1920,"Therfield Heath, Lancaster Hill (5)",TL353404,535300,240400,300,England,3,22,2001,2023,UKBMS
1921,Standalone Farm,TL209338,520900,233800,,England,5,9,1996,2004,UKBMS
1922,Fryent Country Park,TQ195876,519500,187600,3550,England,14,38,1986,2023,UKBMS
1925,"Therfield heath, Rifle Range",TL348401,534800,240100,300,England,3,24,1999,2023,UKBMS
1926,"Therfield Heath, Top of Rifle Range (2)",TL349398,534900,239800,500,England,5,22,2001,2023,UKBMS
1927,"Therfield Heath, Church Hill (3)",TL333396,533300,239600,300,England,3,24,1999,2023,UKBMS
1928,"Therfield Heath, Base of Church Hill (4)",TL333395,533300,239500,200,England,2,22,2001,2023,UKBMS
1929,Bayfordbury,TL319103,531900,210300,4200,England,15,7,1994,2000,UKBMS
1930,Commons Nature Reserve,TL258108,525800,210800,,England,13,4,1997,2000,UKBMS
1931,Highdown,TL140310,514000,231000,,England,11,5,1996,2001,UKBMS
1932,Gutteridge Wood,TQ091843,509100,184300,1550,England,15,27,1990,2023,UKBMS
1933,North Enfield,TQ31609880,531600,198800,3820,England,5,7,1994,2003,UKBMS
1934,Knebworth,TL221208,522100,220800,4250,England,8,22,1996,2023,UKBMS
1935,Stevenage,TL246234,524600,223400,2800,England,12,29,1994,2023,UKBMS
1936,Nicky Line,TL116140,511600,214000,4000,England,8,11,1994,2004,UKBMS
1937,The Warren,TL204053,520400,205300,1200,England,5,27,1995,2023,UKBMS
1938,South Mimms,TL219004,521900,200400,,England,5,7,1994,2004,UKBMS
1939,Tottenham Marsh,TQ353910,535300,191000,,England,6,3,1997,1999,UKBMS
1940,Ware Park,TL347143,534700,214300,3200,England,14,28,1996,2023,UKBMS
1941,Balls Wood,TL344106,534400,210600,2800,England,10,28,1996,2023,UKBMS
1942,Brickett Wood,TL131009,513100,200900,4100,England,9,26,1997,2023,UKBMS
1943,Cranford Park South,TQ101779,510100,177900,2900,England,9,25,1997,2021,UKBMS
1944,Kings Langley,TL06800390,506800,203900,,England,,9,1997,2005,UKBMS
1945,Railway Fields,TQ317881,531700,188100,780,England,3,26,1997,2023,UKBMS
1946,Smallford Lake,TL19400710,519400,207100,,England,1,8,1995,2004,UKBMS
1947,Stockers Lake,TQ04709350,504700,193500,3000,England,,5,1995,1999,UKBMS
1948,Brides Hall Wood,TL20201560,520200,215600,,England,,2,1995,1996,UKBMS
1949,Syon Park,TQ17507650,517500,176500,1420,England,,1,1999,1999,UKBMS
1950,Clifford Road Allotments,TQ260967,526000,196700,,England,9,12,1994,2005,UKBMS
1951,Abney Park Cemetry,TQ336868,533600,186800,2500,England,10,5,1999,2023,UKBMS
1952,Chestnut Avenue,TL36901520,536900,215200,,England,,7,1997,2003,UKBMS
1953,Long Dean,TL00200640,500200,206400,,England,,1,2003,2003,UKBMS
1954,Bunkers Park,TL079058,507900,205800,4160,England,9,12,1999,2010,UKBMS
1955,Minet Country Park,TQ109802,510900,180200,1996,England,7,9,2002,2022,UKBMS
1956,Minet Site -British Waterways Land,TQ110795,511000,179500,1396,England,6,3,2002,2004,UKBMS
1957,Clay Lane,TQ153942,515300,194200,,England,12,2,1998,1999,UKBMS
1958,Belmont Railway,TQ161897,516100,189700,1200,England,12,6,2000,2022,UKBMS
1959,Cranebank,TQ103760,510300,176000,,England,10,5,1999,2004,UKBMS
1960,Cranford Park (North),TQ104785,510400,178500,1000,England,5,1,1997,1997,UKBMS
1961,Elthorne Rough,TQ157794,515700,179400,,England,7,1,2000,2000,UKBMS
1962,Elthorne Waterside,TQ157794,515700,179400,1700,England,10,4,2000,2003,UKBMS
1964,Highgate Cemetery,TQ284871,528400,187100,1733,England,8,2,2002,2003,UKBMS
1965,Horsenden Hill - East,TQ162843,516200,184300,1945,England,11,21,2003,2023,UKBMS
1966,Horsendon Hill - West,TQ163844,516300,184400,1705,England,8,21,2003,2023,UKBMS
1967,Roxbourne Rough,TQ120875,512000,187500,1250,England,11,12,1999,2023,UKBMS
1968,Shrubhill Common,TL036072,503600,207200,2170,England,10,23,2001,2023,UKBMS
1969,Telegraph Hill,TL117288,511700,228800,,England,12,3,2002,2004,UKBMS
1970,Tower Hamlets Cemetery,TQ366823,536600,182300,1200,England,12,25,1999,2023,UKBMS
1971,Waterford Heath North,TL315152,531500,215200,1000,England,10,23,2001,2023,UKBMS
1972,Birklands Meadow,TL16900510,516900,205100,610,England,,2,2004,2005,UKBMS
1973,Brent Reservoir,TQ214876,521400,187600,,England,10,2,2004,2005,UKBMS
1974,Long Green,TL005065,500500,206500,,England,8,4,1996,1999,UKBMS
1975,Manor Crescent,TL196285,519600,228500,,England,10,3,2003,2005,UKBMS
1976,Northaw Great Wood,TL280040,528000,204000,,England,5,7,2003,2010,UKBMS
1977,Miswell lane,SP914117,491400,211700,300,England,10,20,1999,2021,UKBMS
1978,Pishiobury Park,TL477138,547700,213800,,England,11,3,2003,2005,UKBMS
1979,Templewood,TL235143,523500,214300,,England,4,3,2003,2005,UKBMS
1980,Long Deans,TL073048,507300,204800,1700,England,3,2,2003,2004,UKBMS
1981,Gunnersbury,TQ201786,520100,178600,2000,England,14,19,2004,2023,UKBMS
1982,Lemsford Springs,TL223121,522300,212100,600,England,6,19,2004,2023,UKBMS
1983,Oughtonhead,TL169303,516900,230300,,England,4,5,2004,2009,UKBMS
1984,Pryors Wood,TL265265,526500,226500,1400,England,5,19,2004,2022,UKBMS
1985,Regents Canal,TQ363824,536300,182400,,England,,5,2001,2009,UKBMS
1986,Regents Park,TQ28108280,528100,182800,,England,,2,2004,2005,UKBMS
1987,Kenwood Estate,TQ271874,527100,187400,2350,England,13,9,2005,2014,UKBMS
1988,Sherrards Park Wood (Templewood),TL230139,523000,213900,,England,,1,2004,2004,UKBMS
1989,Bishops Stortford Southern Country Park,TL473193,547300,219300,1800,England,9,20,2004,2023,UKBMS
1990,Sherrards Park Reddings,TL230135,523000,213500,,England,5,5,2004,2009,UKBMS
1991,Perivale Wood,TQ159837,515900,183700,1210,England,10,19,2005,2023,UKBMS
1992,Wood Lane Pirton,TL143312,514300,231200,1609,England,5,15,2008,2023,UKBMS
1993,Mardley Heath,TL248184,524800,218400,2480,England,10,16,2006,2023,UKBMS
1994,Northaw Great Wood Bridleway,TL285043,528500,204300,,England,9,4,2006,2010,UKBMS
1995,Camley Street Natural Park,TQ299834,529900,183400,425,England,13,3,2010,2017,UKBMS
1997,Tring Park (new),SP930105,493000,210500,,England,3,5,2006,2010,UKBMS
1998,Templewood (new),TL235143,523500,214300,700,England,7,16,2007,2022,UKBMS
1999,Bencroft Wood,TL335065,533500,206500,400,England,1,16,2008,2023,UKBMS
2000,Ashtead Common A,TQ180594,518000,159400,1500,England,5,17,1992,2008,UKBMS
2001,Banstead Downs,TQ257615,525700,161500,1800,England,7,38,1986,2023,UKBMS
2002,Bennetts Holt,TQ27506750,527500,167500,,England,,1,1995,1995,UKBMS
2003,"Box Hill, Dukes",TQ185510,518500,151000,1740,England,7,25,1994,2023,UKBMS
2004,"Box Hill, Viewpoint",TQ179510,517900,151000,1720,England,9,30,1994,2023,UKBMS
2005,Box Hill South Slope,TQ18305100,518300,151000,,England,,4,1990,1993,UKBMS
2006,"Box Hill, Zig Zag",TQ177520,517700,152000,1985,England,8,33,1990,2023,UKBMS
2007,Brentmoor Heath,SU938611,493800,161100,2229,England,11,29,1990,2023,UKBMS
2008,Coulsdon Common,TQ324571,532400,157100,2592,England,15,34,1990,2023,UKBMS
2009,Cucknells Wood,TQ03904320,503900,143200,,England,,2,1996,1998,UKBMS
2010,Denbies Hillside,TQ150500,515000,150000,991,England,8,36,1988,2023,UKBMS
2011,Denbies Landbarn,TQ135498,513500,149800,1165,England,8,14,1995,2008,UKBMS
2012,Earlswood Common,TQ273486,527300,148600,2630,England,5,8,1996,2003,UKBMS
2013,Farthing Downs,TQ300576,530000,157600,2728,England,15,33,1990,2023,UKBMS
2014,Hackhurst Down,TQ093485,509300,148500,661,England,8,35,1988,2023,UKBMS
2015,Headley Heath,TQ195533,519500,153300,1498,England,10,32,1990,2023,UKBMS
2016,Headley Warren,TQ191539,519100,153900,1750,England,7,20,1998,2023,UKBMS
2017,Hutchinson's Bank,TQ382615,538200,161500,3400,England,6,27,1997,2023,UKBMS
2018,Juniper Hill,TQ221570,522100,157000,1965,England,9,22,1997,2023,UKBMS
2019,Kenley Common,TQ333584,533300,158400,4097,England,15,33,1990,2023,UKBMS
2020,Mitcham Common A,TQ287678,528700,167800,3356,England,11,25,1994,2019,UKBMS
2021,Mitcham Common B,TQ291675,529100,167500,4033,England,13,20,1994,2023,UKBMS
2022,Mynthurst,TQ228454,522800,145400,2500,England,9,5,1996,2000,UKBMS
2023,Newdigate,TQ19504280,519500,142800,3150,England,6,3,1996,1998,UKBMS
2024,Oaken Wood,SU991339,499100,133900,1500,England,10,28,1995,2023,UKBMS
2025,"Oxted Downs, Grangers Hill",TQ375542,537500,154200,1250,England,12,16,1994,2009,UKBMS
2026,"Oxted Downs, Whistlers Steep",TQ385542,538500,154200,1380,England,7,18,1994,2011,UKBMS
2027,Park Downs,TQ267585,526700,158500,3250,England,8,26,1998,2023,UKBMS
2028,Riddlesdown,TQ337594,533700,159400,2480,England,15,34,1990,2023,UKBMS
2029,Rushett Farm,TQ17206070,517200,160700,,England,,1,1998,1998,UKBMS
2030,Sayes Court,TQ050636,505000,163600,890,England,7,6,1990,1995,UKBMS
2031,Sheepleas,TQ088515,508800,151500,3550,England,10,15,1992,2006,UKBMS
2032,South Norwood,TQ352682,535200,168200,3150,England,6,22,1998,2019,UKBMS
2033,Wallis Wood,TQ121388,512100,138800,375,England,11,3,1999,2001,UKBMS
2034,White Down,TQ103487,510300,148700,655,England,8,18,1988,2006,UKBMS
2035,Wingate Hill,TQ266523,526600,152300,2150,England,6,16,1994,2009,UKBMS
2037,Nore Hill,TQ377573,537700,157300,1900,England,10,24,2000,2023,UKBMS
2038,Cole Kitchen,TQ084488,508400,148800,711,England,7,18,1999,2023,UKBMS
2039,Chapel Bank,TQ386605,538600,160500,2383,England,6,16,1997,2023,UKBMS
2040,Wandsworth Common Woodland,TQ273735,527300,173500,3689,England,12,11,1999,2023,UKBMS
2041,London Wetland Centre,TQ227769,522700,176900,1000,England,10,27,1996,2023,UKBMS
2042,Riddlesdown Quarry,TQ337594,533700,159400,930,England,6,24,2000,2023,UKBMS
2043,Chobham Common,SU975632,497500,163200,2120,England,10,22,2002,2023,UKBMS
2044,Happy Valley,TQ308568,530800,156800,3248,England,13,24,2000,2023,UKBMS
2045,Howell Hill,TQ238620,523800,162000,1820,England,8,21,2002,2023,UKBMS
2046,Lingfield Wildlife Area and Centenary Fields,TQ387442,538700,144200,1000,England,8,11,2002,2012,UKBMS
2047,Swan Barn Farm,SU912327,491200,132700,2405,England,15,22,2002,2023,UKBMS
2048,Featherbed Lane Roadside verge The Gallops,TQ376621,537600,162100,1372,England,1,7,1999,2007,UKBMS
2049,Ashtead Common B,TQ180593,518000,159300,1899,England,8,21,2002,2023,UKBMS
2050,Frensham Common (Little Pond),SU854411,485400,141100,3000,England,6,8,2005,2023,UKBMS
2051,Farnham Park,SU840480,484000,148000,1580,England,6,18,2004,2023,UKBMS
2052,Chobhan Common North-east,SU974657,497400,165700,2034,England,11,19,2004,2023,UKBMS
2053,Denbies Landbarn B,TQ134499,513400,149900,2000,England,10,22,2002,2023,UKBMS
2054,FD New Hill,TQ305576,530500,157600,3183,England,15,20,2003,2023,UKBMS
2055,Richmond Park,TQ194740,519400,174000,2701,England,8,21,2003,2023,UKBMS
2056,Pewley Down,TQ008489,500800,148900,1600,England,11,19,2005,2023,UKBMS
2057,Wimbledon Common,TQ230728,523000,172800,1817,England,10,10,2005,2014,UKBMS
2058,Witley,SU927404,492700,140400,2500,England,7,17,2005,2023,UKBMS
2059,Prey Heath trial,SU989555,498900,155500,1920,England,15,9,2006,2014,UKBMS
2060,Smarts Heath trial,SU985558,498500,155800,1920,England,15,9,2006,2014,UKBMS
2061,Fairmile Common,TQ118617,511800,161700,1000,England,7,18,2006,2023,UKBMS
2062,Roundshaw Downs,TQ308627,530800,162700,1895,England,7,17,2007,2023,UKBMS
2063,Devils Punch Bowl,SU891373,489100,137300,2120,England,15,2,2008,2010,UKBMS
2064,Frensham Common,SU844403,484400,140300,1900,England,11,4,2008,2011,UKBMS
2065,Bealeswood Common,SU823409,482300,140900,1143,England,7,16,2008,2023,UKBMS
2066,Quarry Hangers Nature Reserve,TQ317537,531700,153700,2265,England,12,16,2008,2023,UKBMS
2067,Epsom Common,TQ188608,518800,160800,2594,England,11,15,2009,2023,UKBMS
2068,Nower Wood,TQ195548,519500,154800,3450,England,10,14,2010,2023,UKBMS
2069,Frensham (2009),SU859415,485900,141500,3338,England,15,2,2009,2010,UKBMS
2070,Hindhead Common,SU894351,489400,135100,3500,England,12,2,2009,2010,UKBMS
2071,Spring Park,TQ379647,537900,164700,500,England,15,18,2000,2018,UKBMS
2072,Sydenham Hill Wood LNR,TQ344726,534400,172600,1860,England,11,12,2010,2023,UKBMS
2073,Horton Country Park,TQ187620,518700,162000,2885,England,11,12,2010,2023,UKBMS
2074,Betchworth Quarry Nature Reserve,TQ205514,520500,151400,960,England,6,9,2011,2019,UKBMS
2075,Holmwood Common,TQ178459,517800,145900,3215,England,12,14,2010,2023,UKBMS
2077,Brockham Lime Kilns,TQ198510,519800,151000,940,England,12,11,2013,2023,UKBMS
2078,Hydon Heath,SU978395,497800,139500,2050,England,6,2,2013,2014,UKBMS
2079,Thursley Common,SU906405,490600,140500,3454,England,8,11,2013,2023,UKBMS
2080,Blatchford Down,TQ106486,510600,148600,4000,England,9,11,2013,2023,UKBMS
2081,Lingfield Wildlife Area B,TQ387441,538700,144100,1000,England,10,11,2013,2023,UKBMS
2082,"Hogsmill LNR, Ewell",TQ210636,521000,163600,3331,England,10,10,2014,2023,UKBMS
2083,"Warren Farm, Ewell",TQ232629,523200,162900,2705,England,8,10,2014,2023,UKBMS
2084,"Hill Park, Tatsfield",TQ423560,542300,156000,1500,England,9,1,2014,2014,UKBMS
2085,"Norbury Park grassland, Fetcham",TQ154539,515400,153900,1580,England,10,10,2014,2023,UKBMS
2086,"Norbury Park woodland, Fetcham",TQ151538,515100,153800,775,England,7,10,2014,2023,UKBMS
2087,"Priest Hill, Ewell",TQ230613,523000,161300,2115,England,10,10,2014,2023,UKBMS
2088,Morden Hall Park,TQ261688,526100,168800,2040,England,12,9,2014,2023,UKBMS
2089,"Dollypers Hill, Coulsdon/Kenley",TQ315585,531500,158500,1000,England,10,10,2014,2023,UKBMS
2090,"Tice's Meadow, Badshot Lea",SU871487,487100,148700,1500,England,6,8,2014,2023,UKBMS
2091,"Runnymede, Egham",TQ004718,500400,171800,2000,England,8,1,2014,2014,UKBMS
2092,Sheepleas (2015 route),TQ087517,508700,151700,3000,England,12,9,2015,2023,UKBMS
2093,"Hill Park, Tatsfield (2015 route)",TQ422560,542200,156000,1990,England,10,9,2015,2023,UKBMS
2094,"Royal and Bagmoor Commons, Elstead",SU924423,492400,142300,2421,England,7,9,2015,2023,UKBMS
2095,Newlands Corner West,TQ039491,503900,149100,2100,England,11,9,2015,2023,UKBMS
2096,Newlands Corner East,TQ046490,504600,149000,1750,England,10,9,2015,2023,UKBMS
2097,Ashtead Common North,TQ175602,517500,160200,1770,England,8,9,2015,2023,UKBMS
2098,Tooting Common,TQ292723,529200,172300,2680,England,12,9,2015,2023,UKBMS
2099,"West End Farm, Frensham",SU826424,482600,142400,1820,England,10,9,2015,2023,UKBMS
2100,Finham Brook,SP290726,429000,272600,,England,1,3,1997,2000,UKBMS
2101,Hampton Wood 1,SP256599,425600,259900,1695,England,10,9,1991,1999,UKBMS
2102,Hampton Wood 2,SP25505980,425500,259800,,England,10,6,1994,1999,UKBMS
2104,Ryton Wood East,SP385724,438500,272400,2100,England,8,29,1995,2023,UKBMS
2105,Ryton Wood North,SP383728,438300,272800,849,England,5,33,1991,2023,UKBMS
2106,Ryton Wood West,SP377724,437700,272400,1598,England,6,26,1998,2023,UKBMS
2107,Stockton Cutting,SP438649,443800,264900,850,England,8,7,1998,2006,UKBMS
2108,Weddington Disused Railway,SP36209420,436200,294200,,England,,1,1995,1995,UKBMS
2109,Wolfhampcote Cutting,SP525642,452500,264200,1200,England,1,9,1998,2006,UKBMS
2110,Newdigate Pit,SP344865,434400,286500,,England,1,13,1999,2012,UKBMS
2111,Ryton Landfill,SP37807280,437800,272800,,England,2,1,2002,2002,UKBMS
2112,Oxhouse Farm,SP30405070,430400,250700,,England,,3,1997,1999,UKBMS
2113,Navigation Cutting,SP523686,452300,268600,1200,England,1,11,1993,2004,UKBMS
2114,Malpass Spoilbank,SP489759,448900,275900,,England,1,10,1998,2007,UKBMS
2115,Ryton Wood & Pool PH Walk,SP383726,438300,272600,1500,England,5,33,1990,2022,UKBMS
2116,Sutton Park Trans 1,SP103977,410300,297700,,England,6,6,1998,2006,UKBMS
2117,Sutton Park Trans 2,SP105975,410500,297500,,England,5,6,1998,2006,UKBMS
2118,Whitacre Heath NR,SP208930,420800,293000,,England,8,10,2003,2012,UKBMS
2119,Windmill Blast Bank,SP335936,433500,293600,,England,10,8,2003,2010,UKBMS
2120,Windmill Hill Community Nature Area,SP340935,434000,293500,515,England,7,10,2003,2012,UKBMS
2121,Windmill Spoilheap,SP337939,433700,293900,,England,5,10,2003,2012,UKBMS
2122,Horticulture Research Int.,SP268568,426800,256800,1565,England,6,10,2002,2011,UKBMS
2123,Ryton Wood North PH walk,SP383729,438300,272900,535,England,3,31,1992,2022,UKBMS
2124,Ryton Wood Landfill 1,SP379728,437900,272800,1362,England,2,2,2002,2003,UKBMS
2125,Oversley Wood,SP108565,410800,256500,1000,England,8,21,2000,2020,UKBMS
2126,Parliament Piece,SP290730,429000,273000,,England,1,1,2000,2000,UKBMS
2127,Snitterfield Bushes,SP200603,420000,260300,1000,England,8,21,1999,2019,UKBMS
2128,Wappenbury Wood,SP377709,437700,270900,,England,5,4,1999,2002,UKBMS
2129,Wappenbury Wood 1,SP377709,437700,270900,,England,1,1,2003,2003,UKBMS
2130,Wolford Wood,SP239335,423900,233500,,England,5,2,1999,2000,UKBMS
2131,Ryton Meadows,SP376726,437600,272600,2531,England,6,34,1990,2023,UKBMS
2132,Baddesley Spoilheap,SP273976,427300,297600,972,England,5,13,2006,2018,UKBMS
2133,Ryton Meadows (Species),SP380728,438000,272800,335,England,1,19,2005,2023,UKBMS
2134,Ryton Wood (Purple Emperor),SP382726,438200,272600,,England,4,17,2005,2022,UKBMS
2135,Leam Valley Reserve,SP336652,433600,265200,2070,England,8,10,2013,2023,UKBMS
2136,Harbury Spoilbank,SP385598,438500,259800,1300,England,5,18,2006,2023,UKBMS
2200,Avon Heath Country Park North,SU131035,413100,103500,5295,England,13,17,1992,2009,UKBMS
2201,Avon Heath Country Park South,SU121024,412100,102400,2525,England,7,16,1992,2007,UKBMS
2202,Badbury Rings (NT),ST964030,396400,103000,3303,England,14,32,1992,2023,UKBMS
2204,Bracketts Coppice (DTNC),ST515075,351500,107500,2861,England,15,24,1990,2013,UKBMS
2205,Cashmoor,ST986142,398600,114200,2556,England,5,8,1997,2004,UKBMS
2206,Cerne Abbas Giant,ST668020,366800,102000,3715,England,11,30,1994,2023,UKBMS
2207,Clubmens Down (NT),ST883187,388300,118700,2324,England,9,33,1991,2023,UKBMS
2208,Corfe Castle Mound,SY959822,395900,82200,700,England,3,5,2000,2010,UKBMS
2209,"Corfe, West Hill",SY954823,395400,82300,1100,England,5,16,2007,2023,UKBMS
2210,Deadmoor Common,ST752112,375200,111200,2900,England,13,22,1994,2016,UKBMS
2211,Duncliffe Wood (WT),ST824222,382400,122200,4000,England,8,38,1986,2023,UKBMS
2212,Durlston Country Park East,SZ031773,403100,77300,3625,England,8,35,1989,2023,UKBMS
2213,Durlston Country Park West,SZ028771,402800,77100,1580,England,8,32,1992,2023,UKBMS
2214,Fifehead Magdafen Wood (WT),ST778217,377800,121700,1964,England,5,38,1986,2023,UKBMS
2215,Garston Wood (RSPB),SU002191,400200,119100,2155,England,9,32,1990,2023,UKBMS
2216,Girdler's Coppice (DTNC),ST79601330,379600,113300,,England,,3,1989,1991,UKBMS
2217,Hambledon Hill (NT),ST84501230,384500,112300,,England,,7,1986,1992,UKBMS
2218,Ham Common,SY978907,397800,90700,1550,England,,5,1999,2003,UKBMS
2219,Hethfelton Wood,SY857880,385700,88000,3680,England,7,23,2000,2023,UKBMS
2220,Higher Hyde Heath (DTNC),SY855904,385500,90400,2130,England,7,12,1991,2005,UKBMS
2221,Hod Hill (NT),ST855106,385500,110600,2781,England,12,38,1985,2023,UKBMS
2222,Hog Cliff,SY63109670,363100,96700,2950,England,,3,1995,1997,UKBMS
2223,Holton Lee,SY960917,396000,91700,2390,England,,7,1999,2023,UKBMS
2224,Iford Landfill,SZ138935,413800,93500,2200,England,13,10,1992,2004,UKBMS
2225,Jerry's Hole (DTNC),ST874164,387400,116400,400,England,2,38,1985,2023,UKBMS
2226,Kingcombe Pound 'A' (DTNC),SY556988,355600,98800,1070,England,6,26,1989,2014,UKBMS
2227,Kingcombe Redholm 'B' (DTNC),SY549991,354900,99100,2955,England,14,35,1989,2023,UKBMS
2228,Kingcombe Stones 'C' (DTNC),SY549980,354900,98000,2500,England,12,35,1989,2023,UKBMS
2229,Kinson Common,SZ069965,406900,96500,2270,England,9,22,2000,2023,UKBMS
2230,Lorton Meadows,SY674827,367400,82700,1935,England,9,22,2000,2023,UKBMS
2231,Lulworth Lake,SY860835,386000,83500,1800,England,12,24,1999,2022,UKBMS
2232,Lydlinch Common (Private),ST734133,373400,113300,2175,England,13,17,1987,2003,UKBMS
2233,Melbury Down & Wood,ST910195,391000,119500,2480,England,9,28,1996,2023,UKBMS
2234,Milldown (NDDC),ST882074,388200,107400,2400,England,6,27,1991,2023,UKBMS
2235,Moors Valley,SU107057,410700,105700,2045,England,8,32,1992,2023,UKBMS
2237,Oaker's Wood (Private),SY809915,380900,91500,1880,England,10,12,1987,2000,UKBMS
2238,Pamphill Moors (NT),ST994006,399400,100600,1578,England,8,31,1993,2023,UKBMS
2239,Piddle's Wood (DTNC),ST792126,379200,112600,3329,England,11,34,1989,2023,UKBMS
2240,Portland Broadcroft (DBC),SY696718,369600,71800,1060,England,7,32,1992,2023,UKBMS
2241,Portland Perryfields,SY695713,369500,71300,400,England,5,23,2000,2023,UKBMS
2242,Portland Tout (DCC),SY684726,368400,72600,1580,England,7,30,1992,2022,UKBMS
2243,"Portland, High Angle Battery",SY69507350,369500,73500,1150,England,,1,1995,1995,UKBMS
2244,Powerstock Bridleway,SY540970,354000,97000,1800,England,8,29,1991,2023,UKBMS
2245,Powerstock North (DTNC),SY543974,354300,97400,1400,England,7,39,1985,2023,UKBMS
2246,Powerstock Poorwood,SY536968,353600,96800,3100,England,10,27,1991,2019,UKBMS
2247,Powerstock Railway,SY536971,353600,97100,1600,England,8,27,1994,2023,UKBMS
2248,Sopley Common,SZ129971,412900,97100,2560,England,10,26,1995,2023,UKBMS
2249,Sovell Down (DTNC),ST992107,399200,110700,945,England,5,39,1985,2023,UKBMS
2250,Stour Valley,SZ087963,408700,96300,3895,England,11,29,1994,2023,UKBMS
2251,Stubhampton Bottom (Private),ST900157,390000,115700,2900,England,5,39,1985,2023,UKBMS
2252,Studland (NNR),SZ025850,402500,85000,3659,England,,13,1991,2003,UKBMS
2253,"Swanage, Ballard Down",SZ020811,402000,81100,,England,15,10,1990,2000,UKBMS
2254,Townsend Quarry (DWT),SZ024781,402400,78100,1600,England,10,30,1994,2023,UKBMS
2255,Upton Heath North,SY987950,398700,95000,1780,England,8,25,1999,2023,UKBMS
2256,Upton Heath South,SY990942,399000,94200,1450,England,7,25,1999,2023,UKBMS
2257,West Moors (RAOC),SU090045,409000,104500,3030,England,1,26,1985,2010,UKBMS
2259,"Coombe Track, Arne",SY97208730,397200,87300,900,England,,13,1983,1995,UKBMS
2260,"Salterns, Arne",SY96208690,396200,86900,700,England,,11,1983,1995,UKBMS
2261,Winspit Valley,SY976770,397600,77000,1970,England,7,21,2001,2023,UKBMS
2262,"Court Farm, Sydling St Nicholas",SY630990,363000,99000,,England,,2,1993,1996,UKBMS
2263,"Manor Farm, Ebbesbourne Wake",ST99402390,399400,123900,,England,,2,1993,1996,UKBMS
2264,Grimstone Down,SY64309500,364300,95000,,England,,2,1993,1996,UKBMS
2265,"Zig Zag Hill, Shaftesbury",ST89402040,389400,120400,,England,,2,1993,1996,UKBMS
2266,Cashmoor New Route,ST986141,398600,114100,2470,England,8,25,1999,2023,UKBMS
2267,Lankham Bottom,ST610003,361000,100300,2000,England,15,21,2003,2023,UKBMS
2268,Wareham Walls,SY921872,392100,87200,1290,England,9,23,1999,2023,UKBMS
2270,Southfield Hog Cliff,SY628969,362800,96900,2700,England,8,21,2003,2023,UKBMS
2271,Langton Westwood,SY991794,399100,79400,1600,England,8,19,2002,2022,UKBMS
2272,Mude Valley,SZ183931,418300,93100,2171,England,9,21,2003,2023,UKBMS
2273,Lydlinch Common (New),ST735135,373500,113500,2590,England,15,27,1996,2023,UKBMS
2274,Stonebarrow Hill,SY385933,338500,93300,2900,England,9,19,2005,2023,UKBMS
2278,Alners Gorse,ST736100,373600,110000,1727,England,9,19,2005,2023,UKBMS
2279,Corfe Common,SY955810,395500,81000,2450,England,5,19,2005,2023,UKBMS
2280,Stoborough Heath,SY924852,392400,85200,1585,England,5,18,2006,2023,UKBMS
2281,Thorncombe Wood,SY727922,372700,92200,2241,England,10,3,2005,2007,UKBMS
2282,Redhill Common LNR,SZ088955,408800,95500,1475,England,7,16,2006,2023,UKBMS
2284,Stanpit Marsh LNR,SZ168921,416800,92100,2764,England,8,18,2006,2023,UKBMS
2285,Grange Arch,SY915816,391500,81600,3000,England,3,16,2007,2022,UKBMS
2286,Ridgeway Hill,SY928819,392800,81900,2454,England,4,17,2007,2023,UKBMS
2287,Bindon Hill,SY828802,382800,80200,2030,England,6,16,2008,2023,UKBMS
2289,Turbary Common,SZ059947,405900,94700,3701,England,9,7,2017,2023,UKBMS
2290,Knowle Hill(1),SY941823,394100,82300,811,England,5,15,2008,2022,UKBMS
2291,Knowle Hill 2,SY935823,393500,82300,1348,England,3,16,2007,2022,UKBMS
2292,Nine Barrow Down,SZ005809,400500,80900,1301,England,4,17,2007,2023,UKBMS
2293,Ailwood Down,SY994814,399400,81400,2200,England,4,16,2007,2023,UKBMS
2294,Binbarrow,SY494886,349400,88600,1600,England,8,13,2010,2023,UKBMS
2295,Chard Junction,ST345044,334500,104400,1676,England,10,14,2010,2023,UKBMS
2297,Slop Bog,SU078017,407800,101700,2000,England,6,17,2007,2023,UKBMS
2298,Ferry Road West,SZ025845,402500,84500,2180,England,7,13,2011,2023,UKBMS
2299,Black Hill,ST668005,366800,100500,2130,England,9,13,2011,2023,UKBMS
2300,Baginton,SP34607590,434600,275900,,England,,1,1991,1991,UKBMS
2301,Bircher Common,SO460663,346000,266300,1480,England,11,13,1993,2006,UKBMS
2302,Breakheart Hill,ST75709660,375700,196600,,England,10,5,1989,1993,UKBMS
2303,Breakheart Quarry,ST75409670,375400,196700,,England,10,5,1989,1993,UKBMS
2304,Bredon Hill,SO945381,394500,238100,3535,England,15,13,1987,2000,UKBMS
2305,Bringsty Common,SO699546,369900,254600,1600,England,15,21,1991,2015,UKBMS
2306,Broadway Railway Line,SP092387,409200,238700,1475,England,10,2,1995,1996,UKBMS
2307,Brotheridge Green,SO815412,381500,241200,710,England,6,21,1998,2023,UKBMS
2308,Brown Hills,SK03200640,403200,306400,,England,,1,1991,1991,UKBMS
2309,Castlemorton Common,SO781394,378100,239400,2500,England,9,24,1998,2023,UKBMS
2310,Chaddesley Wood,SO912735,391200,273500,1420,England,10,38,1984,2023,UKBMS
2311,Chase End Hill,SO759358,375900,235800,2800,England,7,29,1992,2023,UKBMS
2312,Cleeve Prior,SP075489,407500,248900,1300,England,15,19,1984,2003,UKBMS
2313,Colemere,SJ430333,343000,333300,,England,,2,1992,1993,UKBMS
2314,Common Hill,SO590347,359000,234700,3550,England,11,9,1995,2005,UKBMS
2315,Coppet Hill,SO576180,357600,218000,3200,England,11,28,1994,2023,UKBMS
2316,Crickley Hill,SO931163,393100,216300,3600,England,9,25,1996,2023,UKBMS
2317,Croft Farm,SO757463,375700,246300,,England,15,2,2000,2002,UKBMS
2318,Ewyas Harold Common,SO387295,338700,229500,1780,England,13,24,1999,2023,UKBMS
2319,Grafton Wood,SO975560,397500,256000,1380,England,15,25,1998,2023,UKBMS
2320,Harbury Spoilbank,SP386596,438600,259600,1300,England,5,15,1988,2006,UKBMS
2321,Haugh Wood North,SO595370,359500,237000,1060,England,10,16,1987,2004,UKBMS
2322,Haugh Wood South,SO590360,359000,236000,3700,England,12,37,1987,2023,UKBMS
2323,Hearsall Common,SP30807880,430800,278800,,England,,1,1992,1992,UKBMS
2324,Highnam Woods,SO77801940,377800,219400,,England,,6,1991,1996,UKBMS
2325,Knapp & Papermill,SO748517,374800,251700,3850,England,15,40,1984,2023,UKBMS
2326,Knowle Hill,SP300727,430000,272700,1100,England,2,10,1992,2007,UKBMS
2327,Lake View Park,SP314795,431400,279500,1310,England,15,15,1991,2009,UKBMS
2328,Lineover Wood,SO987189,398700,218900,2620,England,10,33,1991,2023,UKBMS
2329,Loxley Meadow,SP25805340,425800,253400,,England,,5,1993,1997,UKBMS
2330,Malvern Hills North,SO76504550,376500,245500,2735,England,15,4,1999,2002,UKBMS
2331,Malvern Hills South,SO760382,376000,238200,3150,England,15,17,1987,2003,UKBMS
2332,Miserden (Bull Banks),SO948084,394800,208400,1050,England,12,34,1988,2023,UKBMS
2333,Monk Wood 1,SO803603,380300,260300,1980,England,12,37,1986,2023,UKBMS
2334,Monk Wood 2,SO803604,380300,260400,1500,England,15,7,1996,2002,UKBMS
2335,Mons Hill,SO935925,393500,292500,1430,England,9,12,1988,2005,UKBMS
2336,Old Hawne Colliery,SO957848,395700,284800,2500,England,15,4,1999,2002,UKBMS
2338,Perry Wood,SO866547,386600,254700,1574,England,14,16,1985,2000,UKBMS
2339,Prestbury Hill,SO992244,399200,224400,3500,England,12,20,1992,2023,UKBMS
2340,Rodborough Common,SO848027,384800,202700,800,England,11,23,1993,2023,UKBMS
2341,Ryton Wood & Pool,SP379726,437900,272600,1500,England,5,34,1990,2023,UKBMS
2342,Stinchcombe A,ST740983,374000,198300,,England,15,21,1988,2023,UKBMS
2343,Stinchcombe B,ST740984,374000,198400,,England,15,22,1988,2023,UKBMS
2344,Shelfheld Coppice,SO755759,375500,275900,4519,England,15,10,1991,2000,UKBMS
2345,Trench Wood,SO927587,392700,258700,2200,England,15,15,1987,2002,UKBMS
2346,Uffmoor Wood,SO955810,395500,281000,3550,England,15,7,1996,2002,UKBMS
2347,Ufton Fields 1,SP383615,438300,261500,1995,England,15,15,1992,2006,UKBMS
2348,Ufton Fields 2,SP382614,438200,261400,200,England,2,10,1997,2006,UKBMS
2349,Uley Bury,ST786994,378600,199400,2160,England,10,8,1991,2011,UKBMS
2350,Wallbrook Wood,SO515329,351500,232900,4400,England,8,5,2000,2004,UKBMS
2351,Weddington North East 1,SP362942,436200,294200,280,England,4,14,1995,2012,UKBMS
2352,Weddington South West 1,SP358937,435800,293700,550,England,5,14,1995,2012,UKBMS
2353,Wetmoor,ST744876,374400,187600,2293,England,15,19,1988,2023,UKBMS
2354,Wigmore Rolls,SO393695,339300,269500,2670,England,12,16,2000,2019,UKBMS
2355,Windmill Hill,SP070472,407000,247200,1520,England,15,33,1982,2023,UKBMS
2356,Woodlands Quarry,SP32309480,432300,294800,,England,,3,1996,1998,UKBMS
2357,Wren's Nest,SO93709190,393700,291900,,England,,9,1988,1996,UKBMS
2358,Wyre Forest West,SO735761,373500,276100,1500,England,15,35,1989,2023,UKBMS
2359,Westhope,SO469866,346900,286600,2750,England,11,9,2001,2009,UKBMS
2360,Painswick Beacon,SO868120,386800,212000,,England,15,1,1996,1996,UKBMS
2361,Barr Beacon,SP06209700,406200,297000,1832,England,,2,2001,2002,UKBMS
2362,Stinchcombe C,ST74109830,374100,198300,,England,15,5,1991,1996,UKBMS
2363,Prees Heath,SJ558373,355800,337300,1000,England,14,21,1983,2020,UKBMS
2365,Honeybourne,SP126440,412600,244000,1481,England,7,11,1998,2009,UKBMS
2366,Blackminster,SP074447,407400,244700,1531,England,11,11,2001,2011,UKBMS
2367,"Briar Hill, Droitwich Spa",SO884626,388400,262600,2850,England,13,4,2001,2004,UKBMS
2368,Hagley Wood,SO935815,393500,281500,,England,15,3,1997,1999,UKBMS
2369,"University to Selly Oak Canal, Birmingham",SP043832,404300,283200,1890,England,9,4,2001,2004,UKBMS
2370,St Wulstans LNR,SO784414,378400,241400,2120,England,7,22,2002,2023,UKBMS
2371,Melrose Meadow,SO818410,381800,241000,600,England,5,2,2001,2002,UKBMS
2372,Tedsmere,SJ423232,342300,323200,1300,England,9,16,2001,2016,UKBMS
2373,Fibbersley,SO95509950,395500,299500,1624,England,10,2,2001,2002,UKBMS
2374,Park Lime Pits,SP030999,403000,299900,2016,England,13,2,2001,2002,UKBMS
2375,Shire Oak Park,SK060037,406000,303700,,England,,1,2001,2001,UKBMS
2376,Rough Wood,SJ98400070,398400,300700,2124,England,11,2,2001,2002,UKBMS
2377,Chaddesley Wood Original,SO912735,391200,273500,,England,15,2,1984,1985,UKBMS
2378,Malvern Hills South A,SO760382,376000,238200,200,England,15,13,1991,2004,UKBMS
2379,Shelfheld Coppice B,SO755759,375500,275900,4519,England,2,8,1991,2000,UKBMS
2380,Doley Common,SJ817215,381700,321500,1645,England,5,12,2003,2015,UKBMS
2381,Stiperstones,SO378996,337800,299600,1300,England,13,1,2002,2002,UKBMS
2383,Harbury Spoilbank Trans 2,SP385596,438500,259600,,England,1,4,2002,2005,UKBMS
2384,Ryton Woods Landfill 2,SP378728,437800,272800,2744,England,4,2,2003,2004,UKBMS
2385,Stockton Cutting Ruins,SP442648,444200,264800,120,England,8,5,2000,2006,UKBMS
2386,Weddington North East 2,SP363946,436300,294600,260,England,3,10,2003,2012,UKBMS
2387,Weddington South West 2,SP357935,435700,293500,360,England,7,10,2003,2012,UKBMS
2388,Bishops Heaps,SP393582,439300,258200,1250,England,4,24,1999,2023,UKBMS
2389,Hearsall Common 04,SP308786,430800,278600,1440,England,9,18,2004,2023,UKBMS
2390,Lake View Park 2,SP314793,431400,279300,460,England,8,6,2003,2009,UKBMS
2391,Eastnor Park North,SO765382,376500,238200,1540,England,8,3,2004,2006,UKBMS
2393,Old Hills,SO828487,382800,248700,2240,England,13,1,2004,2004,UKBMS
2397,Llynclys Common,SJ273237,327300,323700,,England,10,2,1998,1999,UKBMS
2401,Bentley Wood - Barnridge,SU242295,424200,129500,1350,England,9,36,1988,2023,UKBMS
2402,Bentley Wood - Eastern,SU258291,425800,129100,750,England,7,36,1988,2023,UKBMS
2403,Bentley Wood - North,SU250300,425000,130000,3200,England,12,38,1986,2023,UKBMS
2404,Bentley Wood - South,SU251283,425100,128300,1850,England,11,37,1987,2023,UKBMS
2405,Biss Wood,ST877567,387700,156700,600,England,1,36,1987,2023,UKBMS
2406,Blackmoor Copse (WWT),SU235291,423500,129100,2000,England,14,37,1983,2023,UKBMS
2407,Boscombe Down A (MOD),SU177411,417700,141100,500,England,2,28,1989,2019,UKBMS
2408,Boscombe Down O (WCC),SU185408,418500,140800,1500,England,2,24,1995,2023,UKBMS
2409,Bratton Castle Earthworks (EH),ST905514,390500,151400,1500,England,5,44,1980,2023,UKBMS
2410,Dean Hill (West) (NT),SU226259,422600,125900,900,England,1,23,1996,2023,UKBMS
2411,Green Lane Wood (WWT),ST882576,388200,157600,3070,England,12,33,1991,2023,UKBMS
2412,"Hartmoor, Devizes",ST998599,399800,159900,,England,4,10,1988,1997,UKBMS
2413,"KAC towpath, Bradford-on-Avon",ST828597,382800,159700,500,England,5,43,1980,2023,UKBMS
2414,Little Langford Down (WWT),SU04603840,404600,138400,1130,England,,5,1994,1998,UKBMS
2415,"Middle Street Meadow, Salisbury",SU134295,413400,129500,1350,England,10,26,1994,2023,UKBMS
2416,"Murhill Bank, Winsley (LNR)",ST79106090,379100,160900,,England,,4,1998,2001,UKBMS
2417,Park Bottom,ST953376,395300,137600,1125,England,12,16,1997,2012,UKBMS
2418,Porton Dn.2 (Tower Hill Wood),SU238387,423800,138700,2700,England,12,27,1995,2023,UKBMS
2419,"Prickmoor Wood, Chittoe",ST951661,395100,166100,1300,England,5,10,1998,2008,UKBMS
2420,Ravensroost Wood (WWT),SU02308810,402300,188100,,England,,6,1993,1998,UKBMS
2421,Roundway Hill Covert (WWT),SU003641,400300,164100,1500,England,5,26,1981,2023,UKBMS
2422,Savernake Forest (FC),SU220660,422000,166000,,England,10,2,1999,2000,UKBMS
2423,Somerford Common extended,SU025685,402500,168500,2641,England,,13,1989,2003,UKBMS
2424,Upton Cow Down (MOD),ST871484,387100,148400,650,England,7,23,1983,2011,UKBMS
2425,Vagg's Hill,ST807560,380700,156000,800,England,2,32,1982,2023,UKBMS
2426,Webb's Wood (FC),SU045857,404500,185700,3500,England,14,21,1996,2023,UKBMS
2427,West Yatton Down,ST853759,385300,175900,3500,England,15,26,1996,2023,UKBMS
2428,White Sheet Hill Quarry (NT),ST799351,379900,135100,1100,England,8,20,1999,2023,UKBMS
2429,Bentley Wood - Frenchmoor,SU275285,427500,128500,1620,England,7,15,2000,2019,UKBMS
2430,Bentley Wood - Compartment Four,SU252317,425200,131700,1330,England,5,21,1999,2019,UKBMS
2431,Bentley Wood Hawksgrove,SU237281,423700,128100,2270,England,8,26,1998,2023,UKBMS
2432,Morgan's Hill SSSI,SU027671,402700,167100,2270,England,11,12,2004,2023,UKBMS
2433,Netherhampton,SU115295,411500,129500,,England,,1,2001,2001,UKBMS
2434,Wadswick Common,ST837676,383700,167600,700,England,5,12,2004,2023,UKBMS
2436,Barbury Castle,SU149762,414900,176200,1000,England,6,19,2005,2023,UKBMS
2437,Danks Down,ST839766,383900,176600,1500,England,8,2,2005,2006,UKBMS
2438,Figsbury Ring,SU188338,418800,133800,2500,England,9,15,2006,2023,UKBMS
2439,Red Lodge Wood,SU054887,405400,188700,1200,England,6,10,2007,2023,UKBMS
2440,The Batters,ST876698,387600,169800,200,England,3,2,2007,2008,UKBMS
2441,Tucking Mill Tisbury,ST936290,393600,129000,4000,England,15,16,2006,2023,UKBMS
2442,Sutton Lane Meadows,ST946777,394600,177700,600,England,1,1,2008,2008,UKBMS
2443,Blakehill Farm,SU074915,407400,191500,2700,England,3,14,2009,2023,UKBMS
2444,Sutton Lane Meadows 2009,ST946777,394600,177700,1350,England,5,4,2009,2012,UKBMS
2445,Dean Hill Park,SU252261,425200,126100,,England,2,1,2012,2012,UKBMS
2446,Hinton Parva Coombe,SU227825,422700,182500,2100,England,7,2,2012,2013,UKBMS
2447,Upton Scudamore Embankment,ST869483,386900,148300,500,England,1,3,2012,2018,UKBMS
2448,Ravens Roost Wood,SU023881,402300,188100,2000,England,7,12,2011,2023,UKBMS
2449,Somerford Common 13,SU028867,402800,186700,1360,England,15,2,2013,2014,UKBMS
2450,Vernditch,SU035206,403500,120600,1260,England,8,11,2013,2023,UKBMS
2451,"Fitzmaurice School Field, Bradford-on-Avon",ST828601,382800,160100,450,England,5,10,2014,2023,UKBMS
2452,Hinton Parva Combe,SU227825,422700,182500,2145,England,2,6,2015,2023,UKBMS
2453,Stratton Wood,SU165891,416500,189100,1750,England,4,9,2015,2023,UKBMS
2454,Langley Wood,SU225203,422500,120300,1321,England,6,9,2015,2023,UKBMS
2455,Coombe Bissett SSSI,SU111248,411100,124800,2564,England,12,9,2015,2023,UKBMS
2456,Beaumonts,SU214401,421400,140100,1245,England,4,1,2015,2015,UKBMS
2458,Danks Down (2015 route),ST842748,384200,174800,2945,England,13,9,2015,2023,UKBMS
2459,Winterbourne Downs Loop 2013,SU223394,422300,139400,1300,England,3,8,2015,2023,UKBMS
2460,Winterbourne Downs Beaumont's,SU213403,421300,140300,1190,England,5,7,2016,2023,UKBMS
2462,Clouts Complex,SU136796,413600,179600,2055,England,11,1,2016,2016,UKBMS
2463,"Newton Tony, RSPB",SU224394,422400,139400,2000,England,4,7,2017,2023,UKBMS
2464,"North Meadow, Bradford-on-Avon (1)",ST820605,382000,160500,450,England,2,7,2017,2023,UKBMS
2465,SPTA Larkhill LACGEN2,SU133453,413300,145300,200,England,1,7,2017,2023,UKBMS
2466,"SPTA Larkhill, Horne Barracks",SU123445,412300,144500,240,England,1,7,2017,2023,UKBMS
2467,Parsonage Down,SU037414,403700,141400,1550,England,7,6,2018,2023,UKBMS
2468,Avebury Waden Hill,SU107688,410700,168800,2000,England,5,5,2018,2023,UKBMS
2469,Normanton Down,SU117412,411700,141200,1207,England,6,5,2018,2023,UKBMS
2470,Cholderton,SU226421,422600,142100,1280,England,3,5,2019,2023,UKBMS
2471,Lime Kiln Down,SU144281,414400,128100,1630,England,5,5,2019,2023,UKBMS
2472,Hazel Hill Wood,SU219283,421900,128300,2400,England,8,5,2019,2023,UKBMS
2473,Calstone 1,SU041692,404100,169200,3750,England,15,4,2019,2022,UKBMS
2474,Calstone 2,SU046685,404600,168500,3950,England,15,4,2019,2022,UKBMS
2475,Cloatley Meadows,ST979912,397900,191200,1030,England,6,4,2020,2023,UKBMS
2476,Coombe Bissett Down,SU111256,411100,125600,2887,England,3,2,2020,2023,UKBMS
2477,Pewsey Downs West (Milk Hill),SU098643,409800,164300,2967,England,7,4,2020,2023,UKBMS
2478,Pimlico Fields,SU218188,421800,118800,2022,England,8,3,2021,2023,UKBMS
2479,Cloven Hill,SU230178,423000,117800,2000,England,8,3,2021,2023,UKBMS
2480,Dinton Park,SU005316,400500,131600,2719,England,6,3,2021,2023,UKBMS
2481,High Clear Down (WWT),SU236764,423600,176400,1458,England,4,2,2022,2023,UKBMS
2482,Hazeland,ST975719,397500,171900,2297,England,8,2,2022,2023,UKBMS
2483,Sherston,ST842854,384200,185400,2367,England,9,1,2023,2023,UKBMS
2484,Helix Farm 1,SU027381,402700,138100,4471,England,12,1,2023,2023,UKBMS
2485,Ranscombe Bottom,SU041686,404100,168600,4415,England,15,1,2023,2023,UKBMS
2486,Cherhill - Little Down,SU044691,404400,169100,4711,England,15,1,2023,2023,UKBMS
2487,Pepperbox,SU212248,421200,124800,1496,England,7,1,2023,2023,UKBMS
2488,Laverstock Water Meadows,SU154307,415400,130700,2733,England,9,1,2023,2023,UKBMS
2500,Bannerdown,ST791685,379100,168500,2000,England,5,27,1996,2023,UKBMS
2501,Compton Hill,ST39505600,339500,156000,2220,England,,5,1992,1996,UKBMS
2502,Stoke Camp,ST492512,349200,151200,1710,England,7,29,1995,2023,UKBMS
2503,Mount Fancy East,ST250164,325000,116400,680,England,3,1,2000,2000,UKBMS
2504,Mount Fancy West - Shutes Farm,ST247168,324700,116800,1130,England,7,3,1998,2000,UKBMS
2505,Haddon Moor,SS996290,299600,129000,520,England,5,18,1996,2020,UKBMS
2506,Cross Plain,ST415555,341500,155500,1000,England,9,29,1993,2023,UKBMS
2507,Bincombe,SS906410,290600,141000,1300,England,6,15,1985,2005,UKBMS
2508,Halsecombe,SS893455,289300,145500,3100,England,12,14,1984,2005,UKBMS
2509,Mounsey,SS885295,288500,129500,3150,England,3,6,1997,2003,UKBMS
2510,Buckland Wood,ST187178,318700,117800,1210,England,8,27,1997,2023,UKBMS
2511,Hartley Field,ST188181,318800,118100,250,England,1,10,1998,2007,UKBMS
2512,Ruttersleigh Common,ST261163,326100,116300,650,England,6,8,1998,2005,UKBMS
2513,Thurlbear Quarrylands,ST273210,327300,121000,2060,England,10,17,1996,2012,UKBMS
2514,Witch Lodge Fields,ST252199,325200,119900,1080,England,5,15,1997,2011,UKBMS
2515,Shute Shelve Hill,ST42605550,342600,155500,2050,England,,1,1993,1993,UKBMS
2516,Folly Farm,ST60506050,360500,160500,1500,England,10,5,1990,1994,UKBMS
2517,Cheddar Cliffs,ST475545,347500,154500,1622,England,8,8,1996,2003,UKBMS
2518,Aller Wood & Turn Hill,ST405305,340500,130500,2200,England,12,2,2000,2002,UKBMS
2519,Newton Park,ST693638,369300,163800,2900,England,7,1,2000,2000,UKBMS
2520,Draycott Sleights,ST485515,348500,151500,3800,England,5,16,1988,2007,UKBMS
2521,Coleford Butterfly Walk,ST686488,368600,148800,,England,1,6,1998,2003,UKBMS
2522,Noone Cottage Meadows,ST684486,368400,148600,620,England,10,10,1995,2007,UKBMS
2523,Dolebury Warren,ST455589,345500,158900,1850,England,10,5,2015,2023,UKBMS
2524,East Poldens,ST497317,349700,131700,3250,England,10,11,1999,2010,UKBMS
2525,Ham Wall,ST450394,345000,139400,4700,England,10,21,1998,2021,UKBMS
2526,Hinkley Point Power Station,ST208458,320800,145800,4400,England,6,10,2000,2009,UKBMS
2527,Langford Heathfield,ST100235,310000,123500,2600,England,12,33,1991,2023,UKBMS
2528,Rodney Stoke,ST489502,348900,150200,3000,England,12,21,1989,2009,UKBMS
2530,West Sedgemoor,ST347239,334700,123900,3002,England,7,24,1994,2019,UKBMS
2531,Kings Weston Down,ST550779,355000,177900,1000,England,10,9,2001,2013,UKBMS
2533,Blackdown Common,ST112154,311200,115400,600,England,1,1,2000,2000,UKBMS
2534,Overland Copse,ST177194,317700,119400,1500,England,9,1,2002,2002,UKBMS
2536,Blackdown Common New,ST112154,311200,115400,700,England,2,3,2001,2003,UKBMS
2537,Mount Fancy Combined,ST248167,324800,116700,2240,England,8,22,2002,2023,UKBMS
2538,Sand Point,ST325660,332500,166000,,England,6,3,2002,2004,UKBMS
2539,Ubley Warren,ST507554,350700,155400,4500,England,15,6,2002,2013,UKBMS
2540,Carymoor Environmental Centre,ST615308,361500,130800,1270,England,10,22,2001,2023,UKBMS
2541,Crook Peak,ST390551,339000,155100,3600,England,10,22,2002,2023,UKBMS
2542,Shapwick Heath,ST423412,342300,141200,4000,England,8,11,2003,2023,UKBMS
2543,Haddon Hill,SS979286,297900,128600,1500,England,3,18,2003,2020,UKBMS
2544,Middlehope,ST335662,333500,166200,,England,5,1,2003,2003,UKBMS
2546,Whiteleaze,ST273295,327300,129500,1000,England,5,14,2003,2016,UKBMS
2547,Congrove Field and Hanging Hill,ST715700,371500,170000,3000,England,8,4,2004,2007,UKBMS
2548,Browns Folly,ST794659,379400,165900,3300,England,7,3,2004,2006,UKBMS
2549,Dundon Beacon,ST485324,348500,132400,1938,England,9,21,2003,2023,UKBMS
2550,Ash Priors Common,ST155287,315500,128700,,England,10,2,2004,2005,UKBMS
2551,Babcary Meadows,ST565295,356500,129500,,England,6,1,2002,2002,UKBMS
2552,Brean Down,ST298583,329800,158300,1000,England,7,6,2002,2013,UKBMS
2554,Crowcombe Heathfield,ST138339,313800,133900,300,England,5,8,2006,2016,UKBMS
2556,Redding Pit Quarry,ST535637,353500,163700,1444,England,10,19,2005,2023,UKBMS
2557,Hatch Hill,ST501337,350100,133700,2000,England,9,16,2005,2021,UKBMS
2558,Hellenge Hill,ST345561,334500,156100,4600,England,6,1,2005,2005,UKBMS
2559,Purn Hill,ST332576,333200,157600,800,England,3,2,2005,2006,UKBMS
2560,Whiteball Quarry,ST044314,304400,131400,3500,England,10,1,2005,2005,UKBMS
2561,Line Wood Meadow,ST301210,330100,121000,700,England,6,3,2005,2007,UKBMS
2562,"Hucker's Bow, Sand Point",ST348665,334800,166500,1950,England,4,18,2006,2023,UKBMS
2563,Staple & Ruttersleigh Commons,ST266158,326600,115800,,England,5,3,2006,2008,UKBMS
2565,"Witcombe, Montacute",ST485160,348500,116000,2350,England,7,4,2007,2010,UKBMS
2566,Westbury Beacon,ST501507,350100,150700,1270,England,6,17,2007,2023,UKBMS
2567,Sharman Sanctuary,ST235152,323500,115200,340,England,4,1,2007,2007,UKBMS
2568,Hillfarrance Flood Diversion Channel,ST165245,316500,124500,,England,1,2,2006,2007,UKBMS
2569,Neroche Parish Hall,ST283187,328300,118700,100,England,1,1,2007,2007,UKBMS
2570,Walton Common,ST428738,342800,173800,2120,England,10,17,2007,2023,UKBMS
2571,Weston Moor Nature Reserve,ST440742,344000,174200,2200,England,9,17,2007,2023,UKBMS
2572,Carymoor: Upper Dauntsey Field,ST618319,361800,131900,650,England,4,16,2007,2023,UKBMS
2573,Brent Knoll,ST341510,334100,151000,2000,England,9,16,2008,2023,UKBMS
2574,Sand Point (2008),ST325660,332500,166000,2825,England,7,10,2008,2017,UKBMS
2575,Draycott Sleights (2008),ST483516,348300,151600,1943,England,6,16,2008,2023,UKBMS
2576,Hinkley Point Nature Reserve Revised,ST208458,320800,145800,,England,13,1,2008,2008,UKBMS
2577,Milton Hill,ST533472,353300,147200,2000,England,8,1,2008,2008,UKBMS
2578,Dunwell Fields,ST396372,339600,137200,1155,England,3,12,2008,2019,UKBMS
2579,Westfield Monument Strip,ST494339,349400,133900,2332,England,14,13,2008,2021,UKBMS
2581,Bossington,SS897482,289700,148200,2600,England,8,16,2008,2023,UKBMS
2582,Wookey Hole Fields,ST534480,353400,148000,2000,England,9,16,2008,2023,UKBMS
2583,Kings Castle Wood,ST568456,356800,145600,1750,England,6,14,2009,2022,UKBMS
2584,Dunball-Puriton Access Land,ST313411,331300,141100,3475,England,7,4,2009,2012,UKBMS
2585,"Church Farm, Stratton-on-the-Fosse",ST658506,365800,150600,2600,England,8,4,2009,2012,UKBMS
2586,Lords Wood,ST633632,363300,163200,2000,England,5,14,2009,2023,UKBMS
2587,Walton Hill,ST466350,346600,135000,2450,England,14,12,2009,2021,UKBMS
2588,Clifton-Durdham Down,ST566743,356600,174300,3510,England,10,14,2010,2023,UKBMS
2589,Charfield Meadow,ST717936,371700,193600,500,England,2,10,2010,2023,UKBMS
2590,Folly Farm,ST605605,360500,160500,1500,England,8,10,2009,2021,UKBMS
2591,Goblin Combe,ST476651,347600,165100,350,England,3,6,2010,2023,UKBMS
2592,Weston Big Wood,ST457752,345700,175200,1650,England,8,15,2008,2023,UKBMS
2594,"The Gulley & Walcombe Slade, Avon Gorge",ST563746,356300,174600,1320,England,10,14,2010,2023,UKBMS
2595,Green Down,ST517288,351700,128800,1411,England,8,10,2011,2023,UKBMS
2596,"Park Wood, Chaffcombe",ST357100,335700,110000,1630,England,5,10,2011,2020,UKBMS
2597,Lynchcombe,ST516490,351600,149000,1650,England,8,16,2008,2023,UKBMS
2598,Hinkley Point 2010,ST210460,321000,146000,3010,England,7,4,2010,2013,UKBMS
2599,Combe Hollow,ST498327,349800,132700,831,England,7,10,2011,2021,UKBMS
2601,Cashel,NS401941,240100,694100,5309,Scotland,10,9,1998,2007,UKBMS
2602,Loch Gruinart (Comp. AO60 - Craig Mhor),NR275695,127500,669500,1200,Scotland,7,23,1995,2020,UKBMS
2603,Loch Gruinart (AO48),NR277677,127700,667700,400,Scotland,8,16,2006,2023,UKBMS
2605,Falls of Clyde,NS882422,288200,642200,1454,Scotland,11,20,2001,2023,UKBMS
2608,Allt cheanna Muir,NN105913,210500,791300,1258,Scotland,5,15,2002,2017,UKBMS
2609,Allt Mhuic - Loch Arkaig,NN120911,212000,791100,1620,Scotland,7,15,2002,2017,UKBMS
2610,Polloch,NM792688,179200,768800,1644,Scotland,9,12,2002,2018,UKBMS
2612,The Lein,NJ332657,333200,865700,1100,Scotland,5,20,1997,2023,UKBMS
2613,Crombie Country Park,NO520400,352000,740000,6210,Scotland,13,20,2001,2023,UKBMS
2614,Kinghill Country Park,NS856567,285600,656700,2150,Scotland,7,1,2003,2003,UKBMS
2615,Baluain,NN840670,284000,767000,1000,Scotland,10,13,2002,2015,UKBMS
2616,Newhailes,NT328727,332800,672700,2458,Scotland,12,17,2003,2023,UKBMS
2617,Cathkin Braes,NS614583,261400,658300,,Scotland,13,3,1998,2000,UKBMS
2618,Cathkin Braes (2),NS614583,261400,658300,1450,Scotland,15,16,2001,2023,UKBMS
2619,Arienas Wood,NM672522,167200,752200,2250,Scotland,15,24,1989,2023,UKBMS
2620,Auchtermuchty Common,NO240129,324000,712900,2000,Scotland,10,14,2003,2023,UKBMS
2621,Gailes Marsh,NS327357,232700,635700,2001,Scotland,10,1,2003,2003,UKBMS
2622,Harestanes,NT641244,364100,624400,1860,Scotland,8,5,2003,2007,UKBMS
2623,Rockcliffe,NX843542,284300,554200,2883,Scotland,10,9,2003,2018,UKBMS
2624,Greenhead Moss,NS81305490,281300,654900,2500,Scotland,10,1,2003,2003,UKBMS
2625,Beinn Leamhaid,NM965615,196500,761500,,Scotland,15,1,2003,2003,UKBMS
2626,Doire Donn,NN055705,205500,770500,,Scotland,15,1,2003,2003,UKBMS
2627,Mugdock CP (Mugdock 1 Craigend Field & Peitches Mr,NS549777,254900,677700,179,Scotland,6,10,2001,2010,UKBMS
2628,Commonhead Moss,NS699665,269900,666500,1700,Scotland,6,19,1999,2023,UKBMS
2629,Acharn Hill,NM518691,151800,769100,1720,Scotland,15,9,1989,2002,UKBMS
2630,RSPB Scotland Baron's Haugh reserve,NS750550,275000,655000,2350,Scotland,12,16,2003,2023,UKBMS
2631,CAERLAVEROCK NATIONAL NATURE RESERVE,NY044651,304400,565100,1780,Scotland,5,3,2004,2006,UKBMS
2632,Caerlaverock WWT,NY057663,305700,566300,1760,Scotland,4,7,2004,2012,UKBMS
2634,Cam Chreag,NN375335,237500,733500,1200,Scotland,12,3,2001,2003,UKBMS
2635,"Carr Brae, Dornie",NG888252,188800,825200,650,Scotland,5,8,2004,2011,UKBMS
2636,Clunes,NN785672,278500,767200,1375,Scotland,14,5,2004,2008,UKBMS
2637,Dunnet butterfly transect,ND223698,322300,969800,1250,Scotland,11,32,1986,2023,UKBMS
2638,Cream o' Galloway,NX599518,259900,551800,1036,Scotland,12,1,2004,2004,UKBMS
2639,Dalbeattie Forest - 'Lovers Loup',NX865569,286500,556900,1300,Scotland,8,6,2004,2009,UKBMS
2640,Eglinton Park,NS330410,233000,641000,1400,Scotland,10,16,2003,2023,UKBMS
2641,Glencoe,NN118567,211800,756700,3640,Scotland,9,19,2003,2023,UKBMS
2642,Knockman Wood,NX407685,240700,568500,1900,Scotland,5,1,2004,2004,UKBMS
2643,Knowetop Lochs,NX705785,270500,578500,1350,Scotland,5,16,2004,2019,UKBMS
2644,Mugdock CP 3 - Castle Park,NS552769,255200,676900,650,Scotland,3,9,2001,2010,UKBMS
2645,Mugdock CP 4 - Khyber Fields,NS544773,254400,677300,121,Scotland,5,9,2001,2010,UKBMS
2646,Mugdock CP 5 - Mugdock Wood,NS547768,254700,676800,114,Scotland,5,9,2001,2010,UKBMS
2647,Sorbie,NX445454,244500,545400,2270,Scotland,10,1,2004,2004,UKBMS
2648,South Haugh,NS731554,273100,655400,1601,Scotland,9,19,2005,2023,UKBMS
2649,Langlands Moss,NS638510,263800,651000,2140,Scotland,10,8,2005,2012,UKBMS
2650,Ardersier,NH779558,277900,855800,1975,Scotland,13,7,2003,2014,UKBMS
2651,Glen Girnaig,NN940660,294000,766000,,Scotland,5,6,2005,2010,UKBMS
2652,Holyrood Park - Hunters Bog,NT274734,327400,673400,1860,Scotland,6,19,2005,2023,UKBMS
2654,Darnley Mill,NS525588,252500,658800,2500,Scotland,10,1,2006,2006,UKBMS
2655,Dornoch Beach,NH805892,280500,889200,2326,Scotland,8,7,2006,2013,UKBMS
2656,Dunsapie Crag,NT282732,328200,673200,1330,Scotland,10,22,2002,2023,UKBMS
2657,Salisbury Crags,NT267732,326700,673200,2570,Scotland,11,17,2002,2018,UKBMS
2658,Killean Lismore,NM849417,184900,741700,1031,Scotland,10,2,2006,2007,UKBMS
2660,Forfar Loch C.P,NO401504,340100,750400,3614,Scotland,12,2,2005,2006,UKBMS
2661,Bowhill,NT428277,342800,627700,1460,Scotland,8,5,2007,2012,UKBMS
2662,Isle of Eigg,NM482846,148200,784600,2100,Scotland,5,32,1988,2023,UKBMS
2663,Nethy Bridge,NJ001205,300100,820500,2675,Scotland,8,1,2008,2008,UKBMS
2664,Ben Lomond - Ptarmigan path,NN362001,236200,700100,1911,Scotland,8,1,2007,2007,UKBMS
2665,Sanford Moor,NS723434,272300,643400,1535,Scotland,9,17,2007,2023,UKBMS
2666,Balblair Wood,NH599942,259900,894200,1775,Scotland,15,17,2007,2023,UKBMS
2668,Polymaily,NH483305,248300,830500,1350,Scotland,11,15,2007,2021,UKBMS
2669,Aberlady Bay,NT465815,346500,681500,3924,Scotland,12,17,2007,2023,UKBMS
2670,John Muir Country Park,NT650790,365000,679000,2937,Scotland,5,13,2009,2023,UKBMS
2671,Yellowcraig,NT515856,351500,685600,1050,Scotland,8,14,2009,2023,UKBMS
2672,Levenhall,NT358735,335800,673500,3240,Scotland,9,10,2013,2023,UKBMS
2673,Gullane East,NT481834,348100,683400,1887,Scotland,12,12,2009,2023,UKBMS
2674,Alva Glen,NS885978,288500,697800,2260,Scotland,9,2,2008,2009,UKBMS
2675,SWT Gailes Marsh,NS323359,232300,635900,2000,Scotland,6,8,2009,2023,UKBMS
2676,Clune,NT170954,317000,695400,2540,Scotland,10,10,2007,2023,UKBMS
2677,Craigmillar Castle Park,NT286712,328600,671200,2130,Scotland,8,12,2008,2020,UKBMS
2678,Meadows Yard LNR,NT293753,329300,675300,550,Scotland,6,13,2008,2021,UKBMS
2679,"Cocksburn Reservoir, Bridge of Allan",NS805985,280500,698500,1500,Scotland,10,14,2009,2023,UKBMS
2680,Blackness Transect,NT055797,305500,679700,1650,Scotland,8,6,2007,2012,UKBMS
2681,Linlithgow Loch Transect 1 - Fiddlers Croft,NT008776,300800,677600,960,Scotland,7,11,2006,2022,UKBMS
2682,Linlithgow Loch Transect 2 - North Side,NT002777,300200,677700,1590,Scotland,7,12,2006,2023,UKBMS
2683,Loch Gruinart - Creag Mhor North,NR272697,127200,669700,1000,Scotland,14,13,2006,2020,UKBMS
2684,David Marshall Lodge Transect,NN520014,252000,701400,2585,Scotland,9,5,2009,2013,UKBMS
2685,Cullaloe Local Nature Reserve,NT187875,318700,687500,1300,Scotland,7,9,2009,2023,UKBMS
2686,Glen Fender,NN895678,289500,767800,1085,Scotland,7,6,2009,2015,UKBMS
2687,Archerfield & Renaissance,NT502851,350200,685100,2940,Scotland,13,1,2009,2009,UKBMS
2688,Cammo Estate,NT175747,317500,674700,2175,Scotland,9,11,2009,2023,UKBMS
2689,Gullane West,NT468830,346800,683000,1877,Scotland,11,8,2009,2023,UKBMS
2690,Barns Ness,NT718771,371800,677100,2283,Scotland,6,15,2009,2023,UKBMS
2691,Hailes ROW,NT592774,359200,677400,2568,Scotland,10,14,2009,2023,UKBMS
2692,South Glendale,NF791145,79100,814500,3710,Scotland,6,3,2009,2011,UKBMS
2693,Loch Leven - Burleigh (1-4),NO131036,313100,703600,700,Scotland,4,3,2008,2018,UKBMS
2694,Loch Leven - Findatie (5-7),NT166992,316600,699200,650,Scotland,3,3,2008,2018,UKBMS
2695,Loch Leven - Railway (8-10),NO122010,312200,701000,900,Scotland,3,7,2008,2023,UKBMS
2696,Loch Leven - Vane (11-14),NT155993,315500,699300,400,Scotland,4,1,2009,2009,UKBMS
2697,Jupiter Urban Wildlife Centre,NS918810,291800,681000,1173,Scotland,11,13,2010,2023,UKBMS
2698,Alva Glen revised,NS885978,288500,697800,1370,Scotland,6,13,2010,2023,UKBMS
2699,Glasgow Museums Resource Centre,NS518601,251800,660100,725,Scotland,7,12,2009,2021,UKBMS
2700,Crewe Business Park,SJ724550,372400,355000,2014,England,15,6,1996,2001,UKBMS
2701,Hall Dale,SK134535,413400,353500,2275,England,8,15,1992,2017,UKBMS
2702,Bradburys (Huberts) Bank,SK151561,415100,356100,2000,England,9,16,1994,2023,UKBMS
2705,Dane-in-Shaw Pasture,SJ878626,387800,362600,1864,England,13,24,2000,2023,UKBMS
2706,Thurstaston Common,SJ24808460,324800,384600,,England,,10,1995,2004,UKBMS
2707,Crewe Business Park New Route,SJ724550,372400,355000,1879,England,15,2,2002,2003,UKBMS
2708,Swettenham Meadows,SJ804675,380400,367500,1670,England,7,18,2005,2023,UKBMS
2709,Woolston Eyes,SJ652881,365200,388100,1920,England,11,17,2006,2023,UKBMS
2710,Inner Marsh Farm,SJ305738,330500,373800,919,England,5,5,2006,2011,UKBMS
2711,Far Hill Hollow. Wetton Hills,SK098355,409800,335500,2071,England,10,7,2005,2011,UKBMS
2712,Reddish Vale,SJ905933,390500,393300,1460,England,9,6,2007,2012,UKBMS
2713,Brereton Heath Country Park,SJ797651,379700,365100,2420,England,12,14,2010,2023,UKBMS
2714,Parkgate Old Quay,SJ286767,328600,376700,3960,England,6,4,2010,2014,UKBMS
2715,Parkgate School,SJ282792,328200,379200,2600,England,2,1,2010,2010,UKBMS
2716,Marbury,SJ651777,365100,377700,2120,England,13,9,2011,2019,UKBMS
2717,Parkgate School (2011),SJ282792,328200,379200,2680,England,3,3,2011,2014,UKBMS
2718,Teggs Nose,SJ947723,394700,372300,2350,England,6,11,2013,2023,UKBMS
2719,Danes Moss to Sutton Reservoir,SJ910706,391000,370600,2500,England,7,9,2015,2023,UKBMS
2720,Tytherington - Marlborough Drive Woods,SJ918756,391800,375600,900,England,5,9,2015,2023,UKBMS
2721,Red Rocks,SJ207876,320700,387600,1735,England,9,7,2017,2023,UKBMS
2722,Cleaver Heath,SJ257826,325700,382600,1980,England,9,6,2017,2023,UKBMS
2723,RSPB Burton Mere Wetlands - Burton Point and marsh,SJ302735,330200,373500,800,England,1,2,2017,2018,UKBMS
2724,RSPB Burton Mere Wetlands,SJ314734,331400,373400,2500,England,6,5,2017,2023,UKBMS
2725,New Ferry Butterfly Park,SJ333850,333300,385000,783,England,8,7,2017,2023,UKBMS
2726,Bickerton Hills,SJ498530,349800,353000,1300,England,8,2,2017,2018,UKBMS
2727,Hatchmere,SJ551721,355100,372100,1380,England,9,6,2017,2023,UKBMS
2728,Sankey Valley Park,SJ592894,359200,389400,3000,England,7,7,2017,2023,UKBMS
2730,Owley Woods,SJ624743,362400,374300,1449,England,8,1,2017,2017,UKBMS
2731,Nantwich Lake and River Weaver,SJ648516,364800,351600,1700,England,8,4,2017,2020,UKBMS
2732,Marshall's Arm LNR,SJ649719,364900,371900,1225,England,4,4,2017,2020,UKBMS
2733,Leftwich Woods,SJ666717,366600,371700,620,England,13,7,2017,2023,UKBMS
2734,"Ashton's Flash, Northwich",SJ666749,366600,374900,1200,England,9,7,2017,2023,UKBMS
2735,Quarry Bank,SJ834830,383400,383000,2000,England,5,1,2018,2018,UKBMS
2736,Cluse Hey (Lyme Park),SJ958814,395800,381400,1324,England,11,4,2018,2022,UKBMS
2737,Caldecott,SJ435522,343500,352200,800,England,8,6,2018,2023,UKBMS
2738,White Oak Wood,SJ732880,373200,388000,3080,England,13,2,2018,2019,UKBMS
2739,Elmerhurst (Lyme Park),SJ963837,396300,383700,1391,England,5,5,2018,2023,UKBMS
2740,Riverside Park Macclesfield,SJ913745,391300,374500,1473,England,5,6,2018,2023,UKBMS
2741,Yew Tree Farm,SJ723876,372300,387600,1685,England,12,4,2018,2023,UKBMS
2742,Kelsall 1,SJ523681,352300,368100,1130,England,5,5,2019,2023,UKBMS
2743,Caldy Nature Park,SJ423649,342300,364900,1400,England,9,5,2019,2023,UKBMS
2744,Quarry Bank Revised,SJ834830,383400,383000,2896,England,5,5,2019,2023,UKBMS
2745,Tatton Park,SJ758819,375800,381900,3956,England,7,5,2019,2023,UKBMS
2746,Countess of Chester Country Park,SJ397693,339700,369300,2500,England,9,3,2019,2021,UKBMS
2747,Bickerton Hills 2,SJ495527,349500,352700,2350,England,8,5,2019,2023,UKBMS
2748,Wallasey Sandhills,SJ276925,327600,392500,1750,England,11,5,2019,2023,UKBMS
2749,Whiteoak Wood (revised),SJ732880,373200,388000,3180,England,14,2,2019,2022,UKBMS
2750,The Cloud,SJ903635,390300,363500,1300,England,9,2,2019,2021,UKBMS
2751,Kerridge Hill,SJ944759,394400,375900,2334,England,10,5,2019,2023,UKBMS
2752,Dunham Massey Gardens,SJ736874,373600,387400,1800,England,15,2,2022,2023,UKBMS
2753,Crown Farm Sand Quarry,SJ572704,357200,370400,1250,England,5,4,2020,2023,UKBMS
2754,Marshall's Arm Revision 2021,SJ649721,364900,372100,1980,England,7,3,2021,2023,UKBMS
2755,Marbury (Including Flashes and Big Wood),SJ660758,366000,375800,6153,England,11,3,2021,2023,UKBMS
2756,Garden (Lyme Park),SJ965823,396500,382300,1628,England,5,3,2021,2023,UKBMS
2757,Hatchmere (Beaver Enclosure),SJ547723,354700,372300,450,England,6,3,2021,2023,UKBMS
2758,Macclesfield Forest,SJ959710,395900,371000,2308,England,12,3,2021,2023,UKBMS
2759,Nantwich Lake and River Weaver (Revised),SJ648515,364800,351500,1602,England,8,3,2021,2023,UKBMS
2760,Alderley Edge Stormy Point,SJ860770,386000,377000,3890,England,7,2,2021,2022,UKBMS
2761,Jacksons' Brickworks Local Nature Reserve,SJ947845,394700,384500,1407,England,9,3,2021,2023,UKBMS
2762,Cross Lane,SJ289916,328900,391600,1370,England,3,3,2021,2023,UKBMS
2763,Alderley Edge Mottram Quarry,SJ862776,386200,377600,2714,England,5,2,2021,2022,UKBMS
2764,Hare Hill,SJ875763,387500,376300,3363,England,7,1,2021,2021,UKBMS
2766,Countess of Chester Country Park 2,SJ396687,339600,368700,2556,England,6,2,2022,2023,UKBMS
2767,St Michael's Eco Park,SJ499849,349900,384900,2000,England,15,2,2022,2023,UKBMS
2768,Macclesfield Leisure Centre & Athletics Track,SJ891745,389100,374500,1116,England,8,2,2022,2023,UKBMS
2769,Bosley Cloud,SJ902635,390200,363500,3176,England,5,2,2022,2023,UKBMS
2770,Red Rocks - South,SJ207875,320700,387500,,England,3,1,2022,2022,UKBMS
2771,Hoylake Willows,SJ223892,322300,389200,376,England,3,1,2023,2023,UKBMS
2772,"Roman Road, Meols",SJ226901,322600,390100,606,England,7,1,2023,2023,UKBMS
2773,Chester Meadows,SJ416661,341600,366100,1452,England,8,1,2023,2023,UKBMS
2774,Alderley Edge Mottram Quarry (revised),SJ859771,385900,377100,3383,England,5,1,2023,2023,UKBMS
2775,Alderley Edge Stormy Point (revised),SJ860778,386000,377800,2716,England,5,1,2023,2023,UKBMS
2776,Macclesfield South Park,SJ914726,391400,372600,1333,England,5,1,2023,2023,UKBMS
2777,Lower Swanscoe,SJ938758,393800,375800,1072,England,8,1,2023,2023,UKBMS
2778,Poynton Coppice & Middlewood Way,SJ942826,394200,382600,1907,England,8,1,2023,2023,UKBMS
2800,Breadsall Cutting,SK385397,438500,339700,2000,England,1,42,1982,2023,UKBMS
2801,Friargate Station,SK345363,434500,336300,2000,England,1,31,1981,2011,UKBMS
2802,West Hallam Ash Tip,SK439424,443900,342400,1500,England,1,37,1987,2023,UKBMS
2805,Carsington Water,SK248528,424800,352800,1600,England,10,30,1994,2023,UKBMS
2806,Aston Brickyard Plantation,SK413303,441300,330300,1000,England,1,24,2000,2023,UKBMS
2807,Daneshill Gravel Pits (North),SK66608670,466600,386700,1400,England,,3,1994,2000,UKBMS
2809,Fosse Meadows,SP489911,448900,291100,2500,England,,2,1997,1998,UKBMS
2811,Gunthorpe Gravel Pits,SK672444,467200,344400,2600,England,12,1,2000,2000,UKBMS
2813,Sherwood Forest,SK62506250,462500,362500,,England,,4,1997,2000,UKBMS
2817,Derbyshire Dales Section 12,SK161661,416100,366100,500,England,1,23,2001,2023,UKBMS
2818,"Shiningford, Carsington Water",SK239517,423900,351700,1900,England,10,16,2008,2023,UKBMS
2819,"Cinderhill, Shipley Country Park, Heanor",SK431452,443100,345200,2400,England,1,16,2008,2023,UKBMS
2820,"Darley and Nutwood Wildlife Site, Derby",SK355388,435500,338800,1350,England,8,15,2009,2023,UKBMS
2821,"Eyes Meadow, Duffield",SK348432,434800,343200,1000,England,1,14,2010,2023,UKBMS
2822,"Brocks Hill Country Park, Leicester",SP619996,461900,299600,3200,England,10,15,2009,2023,UKBMS
2824,Crich Chase Meadows,SK352523,435200,352300,2000,England,10,10,2012,2023,UKBMS
2825,Millers Dale Quarry,SK140731,414000,373100,2057,England,10,12,2012,2023,UKBMS
2826,Chee Dale NR,SK128735,412800,373500,3950,England,10,12,2012,2023,UKBMS
2827,"Woodside NR, Shipley",SK448436,444800,343600,3650,England,10,12,2012,2023,UKBMS
2828,"Avenue Washlands NR, Wingerworth",SK398668,439800,366800,1850,England,10,12,2012,2023,UKBMS
2829,Saffron Acres,SK589013,458900,301300,480,England,6,1,2012,2012,UKBMS
2830,Beeston Sidings,SK545375,454500,337500,600,England,3,10,2014,2023,UKBMS
2831,"Potwell Dyke Grasslands, Southwell",SK702534,470200,353400,730,England,7,10,2014,2023,UKBMS
2832,"Hammersmith Meadows LNR, Ripley",SK398515,439800,351500,665,England,4,10,2014,2023,UKBMS
2833,"Carr Wood LNR, Ripley",SK402511,440200,351100,890,England,7,10,2014,2023,UKBMS
2834,"Erewash Field, Long Eaton",SK506332,450600,333200,1400,England,1,6,2013,2018,UKBMS
2835,Attenborough Nature Reserve,SK521341,452100,334100,2625,England,6,1,2013,2013,UKBMS
2836,Drakelow NR North,SK226204,422600,320400,1250,England,1,10,2013,2023,UKBMS
2837,Drakelow NR South,SK225197,422500,319700,950,England,1,7,2013,2019,UKBMS
2838,Bingham Linear Park,SK715385,471500,338500,3000,England,8,11,2013,2023,UKBMS
2839,Poulter Country Park,SK525706,452500,370600,2095,England,11,11,2013,2023,UKBMS
2840,Creswell Crags,SK532741,453200,374100,1569,England,10,11,2013,2023,UKBMS
2841,Hollinhill & Markland Grips,SK507751,450700,375100,1910,England,10,11,2013,2023,UKBMS
2842,Whitwell Woods,SK524780,452400,378000,2180,England,10,11,2013,2023,UKBMS
2843,Radcliffe Wood,SK650381,465000,338100,4060,England,10,11,2013,2023,UKBMS
2844,"Greenfields, Buxworth",SK027822,402700,382200,1452,England,7,11,2013,2023,UKBMS
2845,Jim Mart Nature Reserve,SK368648,436800,364800,350,England,6,11,2013,2023,UKBMS
2846,Toton Washlands,SK485346,448500,334600,2882,England,6,11,2013,2023,UKBMS
2847,Toton Railway Sidings,SK492343,449200,334300,777,England,7,5,2013,2017,UKBMS
2848,Ticknall Limeyards,SK359234,435900,323400,2050,England,8,7,2013,2023,UKBMS
2849,Findern Footpaths,SK314303,431400,330300,2085,England,10,11,2013,2023,UKBMS
2850,Calke Park,SK363229,436300,322900,2450,England,6,6,2013,2023,UKBMS
2851,Rosliston Forestry Centre,SK245177,424500,317700,2163,England,8,11,2013,2023,UKBMS
2852,Hartshorne Wood,SK330218,433000,321800,2088,England,10,11,2013,2023,UKBMS
2853,Gresley Wood,SK296173,429600,317300,1876,England,8,11,2013,2023,UKBMS
2854,Markham North Tip,SK453729,445300,372900,2720,England,10,11,2013,2023,UKBMS
2855,Hartington Meadows,SK152611,415200,361100,2012,England,10,11,2013,2023,UKBMS
2856,Kedleston Park,SK313412,431300,341200,2190,England,8,11,2013,2023,UKBMS
2857,Nestles Meadow Hatton,SK215295,421500,329500,917,England,4,7,2013,2019,UKBMS
2858,Clough Wood (Darley Bridge),SK257617,425700,361700,1190,England,8,10,2014,2023,UKBMS
2859,Belper Parks LNR,SK352472,435200,347200,2251,England,10,10,2014,2023,UKBMS
2860,"Wyver Lane, Belper",SK343493,434300,349300,2130,England,4,10,2014,2023,UKBMS
2861,"Sturgess Fields, Derby",SK339372,433900,337200,1215,England,10,4,2014,2019,UKBMS
2862,Willington Power Station,SK302288,430200,328800,1900,England,4,1,2014,2014,UKBMS
2863,Pleasley Pit LNR,SK498644,449800,364400,3120,England,10,10,2014,2023,UKBMS
2864,Allestree Park LNR,SK350405,435000,340500,1800,England,4,10,2014,2023,UKBMS
2865,Doe Lea & Glapwell Pit,SK467671,446700,367100,2800,England,10,10,2014,2023,UKBMS
2866,Blackwell Trail,SK430576,443000,357600,2003,England,8,10,2014,2023,UKBMS
2867,Alsop Moor,SK158571,415800,357100,2775,England,4,10,2014,2023,UKBMS
2868,Denby Footpaths,SK393465,439300,346500,1610,England,5,3,2014,2016,UKBMS
2869,Mickleover Meadows LNR,SK314357,431400,335700,1545,England,8,8,2014,2023,UKBMS
2870,Carr Vale NR,SK461702,446100,370200,2300,England,10,10,2014,2023,UKBMS
2871,"Forbes Hole LNR, Long Eaton",SK495324,449500,332400,1205,England,7,10,2014,2023,UKBMS
2872,"Longsidings Quarry, Buxton",SK095758,409500,375800,1235,England,6,1,2014,2014,UKBMS
2873,Hardwick Hall Gardens,SK462636,446200,363600,1450,England,8,10,2014,2023,UKBMS
2874,Northwood Carr,SK270648,427000,364800,2125,England,8,10,2014,2023,UKBMS
2875,Kirk Hallam Lakes & Meadows,SK453408,445300,340800,2120,England,6,3,2014,2016,UKBMS
2876,Seale Wood,SK301142,430100,314200,1318,England,6,10,2014,2023,UKBMS
2877,Pick Triangle Wood,SK308177,430800,317700,1609,England,10,10,2014,2023,UKBMS
2878,Sence Valley Country Park,SK400112,440000,311200,2410,England,10,10,2014,2023,UKBMS
2879,"Hicks Lodge, Leicestershire",SK329156,432900,315600,1670,England,9,10,2014,2023,UKBMS
2880,Bardon Hill Quarry,SK463130,446300,313000,2464,England,8,1,2014,2014,UKBMS
2881,Hardwick Hall,SK461633,446100,363300,2050,England,10,8,2014,2023,UKBMS
2882,Hardwick Park,SK453640,445300,364000,2450,England,10,10,2014,2023,UKBMS
2883,"Hoe Grange Quarry, Longcliffe",SK222561,422200,356100,850,England,1,9,2015,2023,UKBMS
2884,"Deep Dale NR, Sheldon",SK168701,416800,370100,1580,England,5,9,2015,2023,UKBMS
2885,"National Stone Centre, Wirksworth",SK285554,428500,355400,1060,England,10,9,2015,2023,UKBMS
2886,Rose End Meadows NR,SK291566,429100,356600,956,England,10,9,2015,2023,UKBMS
2887,Cromford Canal - North,SK305566,430500,356600,1700,England,8,9,2015,2023,UKBMS
2888,Cromford Canal - Centre,SK324556,432400,355600,2500,England,10,9,2015,2023,UKBMS
2889,Cromford Canal - South,SK339535,433900,353500,1800,England,10,9,2015,2023,UKBMS
2890,Swadlincote Woodlands,SK307195,430700,319500,2472,England,10,9,2015,2023,UKBMS
2891,Williamthorpe LNR,SK434666,443400,366600,3442,England,10,7,2015,2021,UKBMS
2892,"Grin Low Wood, Buxton",SK052721,405200,372100,3200,England,8,9,2015,2023,UKBMS
2893,Allestree Park Woodlands (North),SK342408,434200,340800,815,England,7,9,2015,2023,UKBMS
2894,ANR Corbetts & Glebe,SK524349,452400,334900,1500,England,6,2,2015,2016,UKBMS
2895,ANR-Riverside Path,SK525335,452500,333500,1000,England,4,2,2015,2016,UKBMS
2896,Clumber Park,SK634742,463400,374200,2748,England,8,4,2015,2018,UKBMS
2897,Netherfield Lagoons,SK635400,463500,340000,2820,England,6,9,2015,2023,UKBMS
2898,Newstead Abbey Park,SK547545,454700,354500,900,England,9,1,2015,2015,UKBMS
2899,Wollaton Hall Park,SK527393,452700,339300,700,England,7,9,2015,2023,UKBMS
2900,Hart Warren Dunes,NZ490365,449000,536500,2250,England,8,3,1998,2000,UKBMS
2901,Cowpen Bewley 2 (Woodland Park),NZ481253,448100,525300,3246,England,9,26,1996,2023,UKBMS
2902,Cassop Vale,NZ326385,432600,538500,1443,England,14,2,1990,1991,UKBMS
2903,Sherburn Hill,NZ331417,433100,541700,1304,England,14,7,1990,2022,UKBMS
2905,Thrislington Plantation,NZ315327,431500,532700,2024,England,14,24,1999,2023,UKBMS
2906,Trimdon Railway Walk (Raisby Way),NZ365355,436500,535500,2900,England,13,6,1999,2004,UKBMS
2909,The Whinnies,NZ352137,435200,513700,2200,England,14,22,2001,2022,UKBMS
2910,Rainton Meadows,NZ325485,432500,548500,3582,England,14,3,2000,2002,UKBMS
2911,Raisby Hill Grassland,NZ335354,433500,535400,1850,England,9,21,2001,2023,UKBMS
2912,Great Whittington,NZ005708,400500,570800,2500,England,3,2,2002,2003,UKBMS
2913,Kelloe Way,NZ341360,434100,536000,1950,England,15,6,2002,2007,UKBMS
2915,Tees Railway Walk,NZ001197,400100,519700,2215,England,10,21,2003,2023,UKBMS
2916,Trimdon Pit Heap,NZ365357,436500,535700,1400,England,11,5,2000,2004,UKBMS
2917,Cow Plantation,NZ257347,425700,534700,1500,England,6,5,2003,2007,UKBMS
2918,Trimdon Grange Quarry,NZ366358,436600,535800,350,England,1,6,1999,2004,UKBMS
2919,Billingham Beck Valley Country Park,NZ454228,445400,522800,4180,England,12,1,2003,2003,UKBMS
2920,Derwent Walk Country Park,NZ179598,417900,559800,2230,England,12,8,2003,2011,UKBMS
2921,Greencroft Heath LNR,NZ165511,416500,551100,1500,England,7,3,2003,2005,UKBMS
2922,Strother Hills,NZ146579,414600,557900,2323,England,11,1,2003,2003,UKBMS
2923,Watergate,NZ220600,422000,560000,4425,England,14,3,2003,2011,UKBMS
2924,Stillington Forest Park,NZ375239,437500,523900,1910,England,8,22,2002,2023,UKBMS
2925,Castle Eden Dene Denehome South Bank,NZ457407,445700,540700,436,England,10,1,2003,2003,UKBMS
2926,Castle Eden Dene Denehome North Bank,NZ457407,445700,540700,1218,England,10,1,2003,2003,UKBMS
2928,Tanfield Lea,NZ194543,419400,554300,2490,England,12,19,2003,2022,UKBMS
2929,bbvcp,NZ454230,445400,523000,4180,England,15,7,2004,2013,UKBMS
2930,Castle Eden Dene NNR - West end,NZ411389,441100,538900,1027,England,7,20,2004,2023,UKBMS
2931,Burn Hill,NZ067444,406700,544400,3400,England,15,18,2004,2022,UKBMS
2932,Wingate Quarry,NZ373374,437300,537400,2445,England,15,15,2002,2021,UKBMS
2933,Tunstall Hills LNR,NZ395541,439500,554100,1535,England,7,3,2004,2007,UKBMS
2934,Inkerman,NZ120400,412000,540000,2455,England,10,15,2005,2019,UKBMS
2935,Hedleyhope Fell,NZ149419,414900,541900,2900,England,10,15,2005,2019,UKBMS
2936,Newton Hall Junction,NZ283448,428300,544800,1722,England,7,17,2005,2023,UKBMS
2937,Havannah LNR,NZ220718,422000,571800,2880,England,7,18,2006,2023,UKBMS
2938,Stargate Ponds and Bewes Hills,NZ164632,416400,563200,2134,England,11,17,2006,2023,UKBMS
2939,Morrison Busty Pit Yard,NZ176503,417600,550300,1152,England,9,15,2006,2020,UKBMS
2940,Tommy-the-Miller's Field (Carlin Brae/Spring Garde,NT991535,399100,653500,1025,England,5,12,2006,2017,UKBMS
2941,Brass Castle - Waldridge North,NZ257496,425700,549600,1273,England,5,16,2006,2023,UKBMS
2942,Inner Farne,NU217359,421700,635900,794,England,10,3,2016,2019,UKBMS
2943,Bakethin Reservoir,NY637920,363700,592000,1756,England,7,2,2007,2008,UKBMS
2944,West Park Nature Reserve,NZ268166,426800,516600,1360,England,15,16,2007,2022,UKBMS
2945,Newton Point,NU244253,424400,625300,4360,England,12,14,2007,2020,UKBMS
2946,Dunstan Heughs,NU257208,425700,620800,3100,England,10,13,2007,2019,UKBMS
2947,Gibside,NZ174585,417400,558500,3230,England,10,12,2008,2019,UKBMS
2948,Cocklawburn Dunes,NU032480,403200,648000,1450,England,5,16,2008,2023,UKBMS
2949,Greenabella Marsh,NZ519266,451900,526600,3330,England,9,5,2010,2023,UKBMS
2950,Wynayard Woodlands Park,NZ403239,440300,523900,1660,England,6,3,2009,2012,UKBMS
2952,Wynyard Woodland Park - Pickard's Meadow,NZ400273,440000,527300,1445,England,3,13,2010,2022,UKBMS
2953,Weetslade Country Park,NZ254724,425400,572400,2138,England,7,9,2011,2019,UKBMS
2954,Sherburn Railway,NZ323417,432300,541700,1190,England,9,11,2011,2022,UKBMS
2955,Littlewood LNR,NZ340376,434000,537600,2070,England,10,5,2011,2015,UKBMS
2956,North Gare - Teesmouth NNR,NZ536274,453600,527400,3032,England,9,9,2011,2020,UKBMS
2957,Cater House Colliery,NZ258452,425800,545200,860,England,9,7,2011,2018,UKBMS
2958,Milkwellburn Wood,NZ111579,411100,557900,2652,England,11,1,2012,2012,UKBMS
2959,Dolly's Wood,NZ101461,410100,546100,547,England,3,5,2012,2016,UKBMS
2960,Byerley House,NZ103442,410300,544200,324,England,2,9,2012,2020,UKBMS
2961,Lane Head Quarry,NY987403,398700,540300,1500,England,10,10,2013,2023,UKBMS
2962,Hart to Haswell,NZ475367,447500,536700,1700,England,8,1,2013,2013,UKBMS
2963,RSPB Saltholme,NZ500230,450000,523000,4149,England,11,7,2013,2019,UKBMS
2964,Milkwellburn Wood (2013 route),NZ107577,410700,557700,3358,England,12,1,2013,2013,UKBMS
2965,Bearpark Woods,NZ242433,424200,543300,1600,England,8,9,2015,2023,UKBMS
2967,Black Plantation,NZ137449,413700,544900,1380,England,7,9,2014,2023,UKBMS
2969,Gosforth Park Nature Reserve,NZ259700,425900,570000,2250,England,6,10,2014,2023,UKBMS
2971,"Hamsterley Forest, Euden Beck",NZ041294,404100,529400,2100,England,5,3,2015,2017,UKBMS
2972,Druridge Bay,NZ275965,427500,596500,1500,England,10,3,2015,2018,UKBMS
2973,Murton Fields,NZ329707,432900,570700,1855,England,5,8,2015,2022,UKBMS
2974,Horsleyhope Burn,NZ060467,406000,546700,970,England,5,9,2015,2023,UKBMS
2976,Nanny Mayors,NZ069470,406900,547000,1810,England,9,4,2016,2019,UKBMS
2977,Hunting Hall Farm,NU028410,402800,641000,1300,England,5,8,2016,2023,UKBMS
2978,Low Barns,NZ164313,416400,531300,3200,England,14,4,2017,2021,UKBMS
2979,Hardwick Park,NZ341290,434100,529000,1570,England,7,6,2017,2023,UKBMS
2980,Beadnell 1,NU235287,423500,628700,1440,England,5,2,2018,2019,UKBMS
2981,Kyo,NZ177512,417700,551200,2190,England,12,3,2018,2020,UKBMS
2982,Doxford Farm Walk A,NU186232,418600,623200,1550,England,7,6,2018,2023,UKBMS
2983,Doxford Farm Walk B,NU190236,419000,623600,1960,England,5,6,2018,2023,UKBMS
2984,Tughall Mill,NU223275,422300,627500,2673,England,7,3,2018,2022,UKBMS
2985,East Park - Hardwick Park,NZ350295,435000,529500,1497,England,5,5,2018,2023,UKBMS
2986,"Phoenix Site, Billingham",NZ463218,446300,521800,960,England,9,4,2020,2023,UKBMS
2987,Marsden Old Hall Quarry LNR,NZ396645,439600,564500,1497,England,9,4,2020,2023,UKBMS
2988,Embleton Quarry,NU231228,423100,622800,1350,England,8,3,2021,2023,UKBMS
2989,Castle Eden Dene NNR - Bellister Park,NZ427393,442700,539300,1393,England,7,3,2021,2023,UKBMS
2990,Teesmouth,NZ534273,453400,527300,1783,England,5,3,2021,2023,UKBMS
2991,Weetslade Country Park 2,NZ253726,425300,572600,2836,England,7,3,2021,2023,UKBMS
2992,Cassop NNR,NZ325385,432500,538500,1610,England,14,2,2021,2022,UKBMS
2993,Denemouth NNR,NZ454405,445400,540500,897,England,6,2,2021,2022,UKBMS
2994,Denemouth South Bank,NZ456406,445600,540600,379,England,6,2,2021,2022,UKBMS
2995,Path Head,NZ166634,416600,563400,1815,England,11,1,2023,2023,UKBMS
2996,Low Newton Junction extension (entrance path),NZ286451,428600,545100,271,England,1,1,2023,2023,UKBMS
2997,Six Fields,NZ428175,442800,517500,2232,England,3,1,2023,2023,UKBMS
3001,Cwm Clydach,SN677036,267700,203600,3000,Wales,15,10,2002,2023,UKBMS
3002,Greenfield Valley Nature Reserve,SJ187764,318700,376400,300,Wales,8,17,2003,2021,UKBMS
3004,Trawscoed,SH846326,284600,332600,1831,Wales,8,23,2001,2023,UKBMS
3005,Rushmoor garden to Landshipping Quay,SN018111,201800,211100,2750,Wales,10,23,2001,2023,UKBMS
3006,Cae'n-y-coed,SH738248,273800,324800,660,Wales,8,1,2001,2001,UKBMS
3007,Glasdir Picnic Site,SH737225,273700,322500,1110,Wales,7,1,2001,2001,UKBMS
3008,Llanfairfechan,SH699735,269900,373500,1850,Wales,8,20,2002,2021,UKBMS
3009,Somerton,SM931005,193100,200500,2420,Wales,12,21,2002,2023,UKBMS
3010,Westfield Pill,SM965065,196500,206500,,Wales,9,7,1995,2002,UKBMS
3011,Dowrog Common,SM770268,177000,226800,4300,Wales,10,13,1991,2003,UKBMS
3012,"Parc Slip Nature Reserve, Tondu,",SS880840,288000,184000,4500,Wales,8,17,2003,2019,UKBMS
3019,Flat Holm Island,ST221649,322100,164900,1400,Wales,10,7,2004,2011,UKBMS
3021,Pen-y-Gelli,SJ137761,313700,376100,300,Wales,1,13,2004,2018,UKBMS
3022,Cwm Soden,SN357577,235700,257700,,Wales,10,4,2000,2004,UKBMS
3023,Llandrillo Village,SJ035365,303500,336500,3100,Wales,10,1,2003,2003,UKBMS
3024,Llangrannog,SN312542,231200,254200,,Wales,5,1,2000,2000,UKBMS
3025,Morfa Dyffryn (Benar dunes),SH574224,257400,322400,1600,Wales,5,20,2004,2023,UKBMS
3026,Rhos Llawrcwrt - Single Species,SN410495,241000,249500,,Wales,11,5,1993,2000,UKBMS
3027,Wepre Park,SJ292680,329200,368000,1500,Wales,6,5,2005,2009,UKBMS
3028,Teifi Marshes,SN188452,218800,245200,1900,Wales,10,6,2000,2005,UKBMS
3029,Teifi Marshes (Section 15),SN182459,218200,245900,180,Wales,1,3,2003,2005,UKBMS
3030,Coed Maidie B Goddard,SN210437,221000,243700,985,Wales,6,10,2002,2011,UKBMS
3033,Caban Coch,SN917640,291700,264000,1805,Wales,10,12,2002,2014,UKBMS
3034,Newport Wetlands,ST334834,333400,183400,3804,Wales,6,30,1990,2023,UKBMS
3035,Teifi Marshes,SN188452,218800,245200,1600,Wales,10,4,2006,2009,UKBMS
3036,Nine Wells,SM787248,178700,224800,1950,Wales,9,14,2003,2017,UKBMS
3037,Ramsey Island,SM705236,170500,223600,1700,Wales,11,16,2007,2023,UKBMS
3038,Cefn Coed & Trefechan,SO034087,303400,208700,2950,Wales,9,6,2007,2012,UKBMS
3039,"Ty Mawr, Llangasty",SO122263,312200,226300,1961,Wales,10,16,2003,2018,UKBMS
3040,Rhydymwym Valley Nature Reserve,SJ208660,320800,366000,1800,Wales,7,17,2005,2023,UKBMS
3041,Cerrig-y-Gwaenydd,SH583318,258300,331800,1467,Wales,8,5,2007,2011,UKBMS
3042,Bwlch Quarry,SO159223,315900,222300,890,Wales,10,11,2006,2017,UKBMS
3043,Clytha,SO370080,337000,208000,3000,Wales,5,4,2007,2012,UKBMS
3044,Cwm Sere,SO025224,302500,222400,1200,Wales,6,4,2007,2012,UKBMS
3045,BUTE PARK,ST176773,317600,177300,3000,Wales,10,8,2007,2019,UKBMS
3046,"Stackpole Warren, Stackpole NNR",SR982945,198200,194500,3620,Wales,10,17,2007,2023,UKBMS
3047,Aberedw,SO077474,307700,247400,1250,Wales,6,9,2007,2015,UKBMS
3048,Breakwater Country Park,SH226833,222600,383300,1606,Wales,13,3,2007,2009,UKBMS
3049,Harlech Forest,SH572327,257200,332700,2400,Wales,8,12,2007,2019,UKBMS
3050,Bronydd - improved grazing,SN880310,288000,231000,2575,Wales,10,4,2005,2008,UKBMS
3051,Bronydd - improved silage,SN880310,288000,231000,2223,Wales,10,4,2005,2008,UKBMS
3052,Bronydd - SNRG,SN880310,288000,231000,4000,Wales,6,4,2005,2008,UKBMS
3053,Cors Fochno,SN630910,263000,291000,1857,Wales,5,21,2001,2023,UKBMS
3054,Mill Wood,SS488881,248800,188100,2450,Wales,14,1,2007,2007,UKBMS
3055,Marford Quarry,SJ357560,335700,356000,1000,Wales,14,12,2012,2023,UKBMS
3056,Lanlay,ST079760,307900,176000,1420,Wales,8,8,2008,2019,UKBMS
3057,Gilfach Farm,SN965715,296500,271500,2200,Wales,8,9,2008,2017,UKBMS
3058,Ty Mawr country park,SJ283415,328300,341500,1325,Wales,7,1,2009,2009,UKBMS
3059,"Hafod Garregog, Talyrni",SH605447,260500,344700,665,Wales,15,17,1996,2019,UKBMS
3060,"Hafod Garregog, Hafod-y-llyn",SH601447,260100,344700,317,Wales,8,17,1996,2019,UKBMS
3061,Mynydd Marian,SH891774,289100,377400,2090,Wales,11,17,2005,2023,UKBMS
3062,Bryngarw Country Park,SS905865,290500,186500,3600,Wales,13,1,2010,2010,UKBMS
3064,Brynprydydd,SH740229,274000,322900,5360,Wales,14,2,2011,2012,UKBMS
3065,Teifi Marshes 2011,SN188450,218800,245000,1231,Wales,7,5,2011,2018,UKBMS
3067,Calypso - Wrexham,SJ381490,338100,349000,1000,Wales,9,2,2012,2013,UKBMS
3068,Bryn Lane Wrexham Ind Estate,SJ388501,338800,350100,1000,Wales,10,2,2012,2013,UKBMS
3069,DNS Reserve_Wetland,SJ266720,326600,372000,1841,Wales,5,3,2013,2015,UKBMS
3070,DNS Reserve_Nature Trail,SJ281711,328100,371100,1325,Wales,5,2,2013,2014,UKBMS
3071,Brechfa Forest,SN503303,250300,230300,800,Wales,4,11,2013,2023,UKBMS
3072,Llanymynech SSSI,SJ267218,326700,321800,3900,Wales,7,10,2013,2022,UKBMS
3073,Silent Valley,SO188064,318800,206400,2635,Wales,15,10,2014,2023,UKBMS
3074,Merthyr Mawr NNR,SS867767,286700,176700,1928,Wales,6,6,2014,2019,UKBMS
3075,Roundton Hill,SO293949,329300,294900,2674,Wales,7,9,2015,2023,UKBMS
3076,St Madoc Centre,SS431936,243100,193600,1000,Wales,6,4,2014,2017,UKBMS
3077,Welshmoor,SS520927,252000,192700,1650,Wales,5,9,2014,2023,UKBMS
3078,Sand and gravel pit,SJ367521,336700,352100,2920,Wales,11,1,2015,2015,UKBMS
3079,Lake Vyrnwy Quarry Transect,SJ020208,302000,320800,1920,Wales,9,3,2015,2023,UKBMS
3080,Aberduna Nature Reserve,SJ199613,319900,361300,1000,Wales,12,8,2015,2023,UKBMS
3081,Shirenewton,ST485943,348500,194300,1500,Wales,8,5,2015,2022,UKBMS
3082,Magor Marsh (Barecroft Common),ST416862,341600,186200,3612,Wales,5,2,2015,2016,UKBMS
3083,Magor Marsh Nature Reserve,ST425866,342500,186600,1700,Wales,5,8,2015,2023,UKBMS
3084,Orielton Field Centre,SR954991,195400,199100,1000,Wales,6,2,2015,2016,UKBMS
3085,Great Traston Meadows,ST343846,334300,184600,1770,Wales,4,9,2015,2023,UKBMS
3086,Gwenffrwd Dinas,SN752458,275200,245800,1700,Wales,14,4,2015,2022,UKBMS
3087,WWT Llanelli Millennium Wetlands,SS535983,253500,198300,3700,Wales,10,8,2016,2023,UKBMS
3088,Blackrock Quarry,SO219128,321900,212800,400,Wales,7,8,2016,2023,UKBMS
3089,Central Valley,SO172081,317200,208100,1900,Wales,7,8,2016,2023,UKBMS
3090,Borras Quarry,SJ362527,336200,352700,7000,Wales,8,3,2016,2023,UKBMS
3091,Sychpant,SN044352,204400,235200,1470,Wales,7,8,2016,2023,UKBMS
3092,Gogarth,SH760831,276000,383100,591,Wales,3,3,2016,2023,UKBMS
3093,Rhiwledyn,SH813821,281300,382100,1003,Wales,7,8,2016,2023,UKBMS
3094,Bryn Pydew,SH818798,281800,379800,700,Wales,4,8,2016,2023,UKBMS
3095,Whitford Burrows,SS443945,244300,194500,3234,Wales,12,5,2016,2020,UKBMS
3096,Magor Marsh -Barecroft 2016 onwards,ST415863,341500,186300,2000,Wales,3,4,2016,2019,UKBMS
3097,Holyhead Mountain,SH209824,220900,382400,3642,Wales,15,3,2017,2019,UKBMS
3098,Loggerheads Country Park,SJ198627,319800,362700,923,Wales,7,6,2017,2023,UKBMS
3099,Marloes Mere,SM772079,177200,207900,2711,Wales,8,6,2017,2023,UKBMS
3101,Minsmere,TM469672,646900,267200,3250,England,15,33,1988,2023,UKBMS
3102,Spring Lane,TL847652,584700,265200,1165,England,4,22,2000,2021,UKBMS
3103,Fynn Valley,TM205482,620500,248200,6840,England,15,9,2000,2009,UKBMS
3104,Bradfield Woods,TL935581,593500,258100,6020,England,12,14,2003,2017,UKBMS
3106,Elveden Center Parcs,TL800806,580000,280600,4690,England,11,25,1996,2023,UKBMS
3107,Purple Hairstreak at Bradfield Woods,TL935575,593500,257500,800,England,6,13,2004,2017,UKBMS
3108,Barham Picnic Site,TM124512,612400,251200,1690,England,8,2,2005,2006,UKBMS
3109,Upper Abbey Farm,TM456648,645600,264800,1000,England,11,19,2004,2022,UKBMS
3110,Wolves Wood,TM053440,605300,244000,1580,England,8,20,2004,2023,UKBMS
3111,Newsons Farm,TL933549,593300,254900,725,England,5,19,2005,2023,UKBMS
3112,Combs Wood,TM056571,605600,257100,700,England,8,4,2006,2009,UKBMS
3113,Tythe Farm,TM271777,627100,277700,790,England,6,10,2006,2015,UKBMS
3114,Alton Water,TM148357,614800,235700,1565,England,5,18,2006,2023,UKBMS
3115,Ramsey & Hintlesham Wood,TM067432,606700,243200,730,England,5,18,2006,2023,UKBMS
3116,"Manor Farm, Coddenham",TM131543,613100,254300,1600,England,11,19,2005,2023,UKBMS
3117,Landguard,TM284319,628400,231900,850,England,6,2,2006,2007,UKBMS
3118,Minsmere (Silver-studded Blue),TM465685,646500,268500,1000,England,12,2,2007,2008,UKBMS
3119,Blaxhall Common Silver-studded Blue,TM379567,637900,256700,930,England,8,16,2008,2023,UKBMS
3120,Newsons Farm extension,TL931550,593100,255000,250,England,1,29,1995,2023,UKBMS
3121,Arger Fen,TL931352,593100,235200,1868,England,6,4,2010,2013,UKBMS
3122,Dunwich Forest 1,TM460722,646000,272200,3100,England,9,14,2010,2023,UKBMS
3123,Dunwich Forest 2,TM468717,646800,271700,2855,England,11,8,2010,2017,UKBMS
3124,Nowton Country Park,TL867616,586700,261600,2265,England,9,12,2010,2023,UKBMS
3125,Black Heath,TM427749,642700,274900,1000,England,1,14,2010,2023,UKBMS
3126,RSPB Lakenheath Fen,TL722864,572200,286400,,England,7,1,2012,2012,UKBMS
3127,Knettishall Heath 1,TL951804,595100,280400,321,England,14,8,2014,2023,UKBMS
3128,Purdis Heath,TM212425,621200,242500,1370,England,8,10,2013,2023,UKBMS
3129,Sizewell Belts,TM461635,646100,263500,2730,England,11,10,2013,2022,UKBMS
3130,Minsmere SSB (new),TM455690,645500,269000,828,England,5,2,2015,2020,UKBMS
3131,Dunwich Forest SSB,TM460700,646000,270000,470,England,3,2,2015,2020,UKBMS
3132,Lackford Lakes,TL800706,580000,270600,1391,England,7,8,2016,2023,UKBMS
3133,Church Farm (SWT),TM423743,642300,274300,1800,England,11,7,2017,2023,UKBMS
3134,Reydon Wood (SWT),TM475789,647500,278900,1608,England,7,7,2017,2023,UKBMS
3135,"Lark Path, Bury St Edmunds",TL861636,586100,263600,2013,England,6,7,2017,2023,UKBMS
3136,Little Ouse headwaters,TM020787,602000,278700,2134,England,6,6,2018,2023,UKBMS
3137,Lakenheath Fen (RSPB),TL718862,571800,286200,1560,England,6,5,2018,2023,UKBMS
3138,Rookery Farm,TL742577,574200,257700,587,England,5,3,2018,2020,UKBMS
3139,Blaxhall Common (SSB)(SWT2),TM381561,638100,256100,555,England,4,5,2019,2023,UKBMS
3140,Foxearth Meadows,TL833460,583300,246000,790,England,8,1,2019,2019,UKBMS
3141,Darsham Marshes (SWT),TM421687,642100,268700,1533,England,6,4,2020,2023,UKBMS
3142,Hen Reed Beds,TM470771,647000,277100,,England,5,2,2022,2023,UKBMS
3143,Blaxhall Common (SSB)(SWT3),TM385561,638500,256100,181,England,1,1,2023,2023,UKBMS
3144,Winks Meadow (SWT),TM303798,630300,279800,416,England,6,1,2023,2023,UKBMS
3145,Berry Farm,TM383877,638300,287700,1410,England,14,1,2023,2023,UKBMS
3202,The Chase (Dagenham),TQ51508550,551500,185500,3943,England,,4,1997,2000,UKBMS
3203,Dunton Hill,TQ663878,566300,187800,453,England,6,2,1999,2000,UKBMS
3208,Langdon Hills -Knightsfield,TQ688876,568800,187600,525,England,6,4,1999,2002,UKBMS
3209,Langdon Hills -Little Lodge Field,TQ688874,568800,187400,611,England,8,4,1999,2002,UKBMS
3211,"Countryside Restoration Land, Barton",TL415550,541500,255000,1000,England,7,25,1999,2023,UKBMS
3212,Westfield Farm (Countryside Restoration Trust),TL378549,537800,254900,2850,England,9,22,2002,2023,UKBMS
3213,Hawkwood Nursery,TQ383954,538300,195400,600,England,6,7,2002,2008,UKBMS
3214,Cotom countryside reserve,TL41305800,541300,258000,2100,England,12,10,2003,2014,UKBMS
3215,"Devil's Dyke, near Newmarket",TL612620,561200,262000,1150,England,3,20,2003,2023,UKBMS
3216,Gunners Park Shoeburyness,TQ932845,593200,184500,2780,England,6,5,2003,2020,UKBMS
3217,"Moverons, near Brightlingsea",TM065185,606500,218500,6000,England,6,2,2003,2004,UKBMS
3218,"Vange Hill, Basildon",TQ720875,572000,187500,1105,England,9,1,2003,2003,UKBMS
3219,Werrington railway verge,TF160030,516000,303000,1000,England,3,3,2001,2003,UKBMS
3220,Abbotts Hall Farm,TL963146,596300,214600,2250,England,10,22,2002,2023,UKBMS
3221,"Grange Farm, Benwick",TL325925,532500,292500,865,England,7,1,2003,2003,UKBMS
3223,"d'Engaynes Fen, Quy",TL513594,551300,259400,1300,England,4,3,2004,2006,UKBMS
3224,Addenbrookes - Nine Wells Wood,TL462546,546200,254600,2300,England,10,1,2004,2004,UKBMS
3225,"Ivy Farm, Swaffham Prior",TL570644,557000,264400,1650,England,5,1,2004,2004,UKBMS
3226,Hatfield Forest,TL535195,553500,219500,2265,England,13,16,2008,2023,UKBMS
3228,"Hillcrest Avenue, Langdon N.R.",TQ664874,566400,187400,,England,8,1,1999,1999,UKBMS
3229,Little Paxton Gravel Pits,TL200640,520000,264000,2117,England,7,5,2005,2009,UKBMS
3230,Belton Hills LNR,TQ820850,582000,185000,1865,England,10,3,2005,2007,UKBMS
3231,Brampton Wood,TL181700,518100,270000,2950,England,8,16,2004,2019,UKBMS
3232,Cambourne,TL318597,531800,259700,900,England,8,18,2005,2023,UKBMS
3233,Danbury Country Park,TL769048,576900,204800,1728,England,10,8,2005,2012,UKBMS
3234,Hardwick Wood,TL353572,535300,257200,1555,England,11,18,2005,2023,UKBMS
3235,Hadleigh Great Wood and Dodd's Grove SSSI,TQ820876,582000,187600,2630,England,10,16,2005,2023,UKBMS
3236,"Wetlands NR, Genome Campus, Hinxton",TL496442,549600,244200,500,England,4,6,2005,2015,UKBMS
3237,Fleam Dyke,TL541549,554100,254900,2250,England,8,17,2007,2023,UKBMS
3238,Abbotts Hall Farm 2,TL958144,595800,214400,1560,England,7,18,2006,2023,UKBMS
3239,Granta Park,TL525490,552500,249000,975,England,4,10,2006,2015,UKBMS
3242,Thrift Wood Bicknacre,TL792018,579200,201800,2040,England,8,9,2007,2015,UKBMS
3243,Roman Road,TL527520,552700,252000,3225,England,8,17,2007,2023,UKBMS
3244,Hatfield Forest 5320,TL535200,553500,220000,2815,England,13,16,2008,2023,UKBMS
3245,Hatfield Forest TR5420,TL545205,554500,220500,1630,England,11,9,2008,2023,UKBMS
3248,Sandford Mill,TL738061,573800,206100,,England,8,4,2004,2009,UKBMS
3249,Devils Dyke Stetchworth estate 2,TL622612,562200,261200,1100,England,4,1,2009,2009,UKBMS
3250,Great Warley,TQ574910,557400,191000,2020,England,15,15,2009,2023,UKBMS
3251,Orwell Clunch Pit,TL363506,536300,250600,1050,England,11,14,2008,2023,UKBMS
3252,"Ramsey Island, Essex",TL942060,594200,206000,1755,England,15,15,2009,2023,UKBMS
3253,Fairmead,TQ404959,540400,195900,3640,England,15,14,2009,2023,UKBMS
3254,Fernhills,TQ392973,539200,197300,2880,England,14,15,2009,2023,UKBMS
3255,Woodford Golf Course,TQ399938,539900,193800,3050,England,13,14,2009,2023,UKBMS
3256,Lee Valley Waterworks,TQ361867,536100,186700,1625,England,9,16,2008,2023,UKBMS
3257,Wicken Fen Plantation,TL560710,556000,271000,905,England,8,14,2010,2023,UKBMS
3258,Benfleet Downs,TQ783857,578300,185700,1610,England,8,14,2010,2023,UKBMS
3259,Swaines Green Epping,TL455026,545500,202600,2757,England,6,9,2011,2019,UKBMS
3260,Hockley Woods,TQ837917,583700,191700,1950,England,12,12,2011,2022,UKBMS
3261,Cornmill Tree Park,TL380015,538000,201500,1800,England,6,18,2005,2023,UKBMS
3262,Gunpowder Park,TQ385994,538500,199400,3780,England,10,20,2004,2023,UKBMS
3263,Langdon Hillcrest,TQ663875,566300,187500,1270,England,14,12,2011,2023,UKBMS
3264,Langdon Lake & Meadows,TQ662878,566200,187800,920,England,13,12,2011,2023,UKBMS
3265,Willow Park,TQ688872,568800,187200,3400,England,15,13,2011,2023,UKBMS
3266,Hatfield Forest 5318,TL534187,553400,218700,2965,England,12,13,2011,2023,UKBMS
3267,Barking Riverside,TQ472821,547200,182100,3100,England,6,1,2011,2011,UKBMS
3268,Woodwalton Marsh,TL212813,521200,281300,,England,1,12,2012,2023,UKBMS
3269,Lee Valley Turnford,TL368043,536800,204300,1830,England,8,4,2012,2017,UKBMS
3271,Belfairs Park Woodland,TQ829876,582900,187600,2000,England,8,10,2013,2023,UKBMS
3272,Lee Valley - Walthamstow Marshes,TQ352875,535200,187500,3140,England,7,11,2013,2023,UKBMS
3273,Hinchingbrooke Country Park,TL218716,521800,271600,2135,England,9,10,2013,2023,UKBMS
3274,Belfairs Park Golf Course,TQ832872,583200,187200,2480,England,7,9,2014,2023,UKBMS
3276,Strawberry Hill,TQ412964,541200,196400,1439,England,13,6,2014,2019,UKBMS
3277,Yardley Hill,TQ382959,538200,195900,1692,England,12,6,2014,2019,UKBMS
3279,Hampton Nature Reserve,TL164945,516400,294500,4775,England,10,2,2015,2016,UKBMS
3280,Canvey Wick SSSI,TQ766833,576600,183300,2500,England,7,6,2015,2023,UKBMS
3281,Church Lane LNR,TL495046,549500,204600,990,England,7,9,2015,2023,UKBMS
3282,Pheasanthouse Farm EssexWT,TL786069,578600,206900,1750,England,8,9,2015,2023,UKBMS
3283,Layer Breton Heath,TL945186,594500,218600,980,England,8,5,2015,2019,UKBMS
3284,Bobbingworth NR,TL536064,553600,206400,1515,England,7,9,2015,2023,UKBMS
3285,RSPB Fen Drayton Lakes,TL342699,534200,269900,1830,England,6,7,2015,2023,UKBMS
3286,Tiptree Heath,TL884147,588400,214700,1745,England,10,5,2015,2021,UKBMS
3287,Stebbing Green and adjacent meadow,TL683233,568300,223300,979,England,8,9,2015,2023,UKBMS
3290,Chafford Gorges Nature Park Grays Gorge,TQ605789,560500,178900,1476,England,8,7,2016,2023,UKBMS
3291,LBCP - Woodland and Lakes,TQ581826,558100,182600,1334,England,8,7,2016,2023,UKBMS
3292,LBCP - East and North Field,TQ583827,558300,182700,1960,England,6,7,2016,2023,UKBMS
3293,Phyllis Currie Reserve,TL721181,572100,218100,2420,England,1,8,2016,2023,UKBMS
3294,Highams Park Lake,TQ392919,539200,191900,1250,England,8,4,2016,2021,UKBMS
3295,Boardwalks Nature Reserve,TL176983,517600,298300,3150,England,6,1,2016,2016,UKBMS
3296,EWT Roding Valley Meadows,TQ434951,543400,195100,3512,England,12,5,2017,2023,UKBMS
3297,Sandon Valley Meadows,TQ746993,574600,199300,1100,England,1,3,2017,2019,UKBMS
3298,Tropical Wings Zoo,TQ794977,579400,197700,1600,England,8,1,2017,2017,UKBMS
3299,Weeleyhall Wood,TM159210,615900,221000,1294,England,10,3,2017,2019,UKBMS
3300,Stow Bedon Common,TL938958,593800,295800,4600,England,11,12,2002,2013,UKBMS
3301,Mousehold Heath,TG244103,624400,310300,2000,England,11,20,2003,2023,UKBMS
3302,"UEA, Norwich",TG18900750,618900,307500,1650,England,8,2,2002,2003,UKBMS
3303,Blakeney Point,TF999461,599900,346100,2700,England,10,14,2008,2023,UKBMS
3305,Winterton Dunes,TG491208,649100,320800,2170,England,8,16,2008,2023,UKBMS
3306,Strumpshaw Fen TG341065,TG340065,634000,306500,1904,England,8,16,2008,2023,UKBMS
3308,Sculthorpe Moor 1,TF899301,589900,330100,1300,England,6,2,2013,2014,UKBMS
3309,Roydon Common,TF679226,567900,322600,2630,England,7,11,2009,2019,UKBMS
3311,Narborough Railway Line,TF753113,575300,311300,1570,England,11,4,2009,2016,UKBMS
3312,Thompson Common,TL935963,593500,296300,1990,England,9,1,2009,2009,UKBMS
3313,Swanton Novers Great Wood 1,TG015310,601500,331000,2240,England,6,26,1992,2023,UKBMS
3314,Marston Marshes,TG212055,621200,305500,2460,England,9,15,2009,2023,UKBMS
3315,Dersingham Bog,TF675290,567500,329000,2841,England,9,12,2012,2023,UKBMS
3316,Scolt Head Island,TF800465,580000,346500,3503,England,8,15,2009,2023,UKBMS
3318,Tomas's pightle,TG358082,635800,308200,373,England,5,15,2009,2023,UKBMS
3319,Swanton Novers Great Wood 2,TG015315,601500,331500,1375,England,4,21,1998,2023,UKBMS
3320,Swanton Novers Great Wood 3,TG006317,600600,331700,1100,England,4,21,1998,2023,UKBMS
3321,Strumpshaw Fen Swallowtail,TG339070,633900,307000,1300,England,8,14,2010,2023,UKBMS
3322,Wheatfen Broad,TG326060,632600,306000,2680,England,4,14,2010,2023,UKBMS
3323,Sutton Fen,TG370233,637000,323300,2733,England,13,14,2010,2023,UKBMS
3324,UEA Dry Transect,TG185072,618500,307200,2804,England,5,1,2010,2010,UKBMS
3325,Ranworth,TG357149,635700,314900,1000,England,4,6,2010,2019,UKBMS
3326,Buxton Heath,TG175221,617500,322100,1690,England,12,14,2010,2023,UKBMS
3327,How Hill,TG369194,636900,319400,1180,England,6,1,2011,2011,UKBMS
3328,Pensthorpe,TF950287,595000,328700,3690,England,10,8,2011,2023,UKBMS
3329,Middle Harling Heath,TL984834,598400,283400,3095,England,8,10,2011,2021,UKBMS
3330,Marlingford Nature Reserve,TG129089,612900,308900,960,England,7,8,2011,2019,UKBMS
3331,"Gaywood Valley, Kings Lynn",TF654216,565400,321600,2405,England,5,9,2011,2022,UKBMS
3332,How Hill Full Transect,TG370194,637000,319400,1500,England,8,3,2012,2014,UKBMS
3333,Upton Fen,TG384138,638400,313800,1955,England,6,2,2012,2013,UKBMS
3334,Syderstone Common,TF832316,583200,331600,1540,England,10,9,2012,2020,UKBMS
3335,Mousehold Heath East,TG249102,624900,310200,1990,England,9,12,2012,2023,UKBMS
3336,Ludham Marshes,TG409178,640900,317800,1700,England,9,12,2012,2023,UKBMS
3337,Dersingham Village Railway Line,TF681320,568100,332000,1880,England,6,12,2012,2023,UKBMS
3338,Cranwich Camp,TL774941,577400,294100,2790,England,8,7,2012,2018,UKBMS
3339,Catfield Fen,TG366214,636600,321400,1450,England,7,12,2012,2023,UKBMS
3340,Barnham Cross Common,TL864811,586400,281100,2040,England,8,11,2012,2023,UKBMS
3342,Sculthorpe 2,TF902299,590200,329900,1160,England,5,10,2013,2023,UKBMS
3343,Sculthorpe Moor 3,TF899301,589900,330100,1592,England,8,10,2014,2023,UKBMS
3344,Holt Country Park,TG082377,608200,337700,1760,England,10,8,2015,2023,UKBMS
3345,Courtyard Farm,TF722403,572200,340300,1800,England,7,9,2015,2023,UKBMS
3346,How Hill New,TG370194,637000,319400,1955,England,6,9,2015,2023,UKBMS
3347,Blakeney Friary Hills,TG033441,603300,344100,2634,England,7,9,2015,2023,UKBMS
3348,Felbrigg Hall,TG192395,619200,339500,1040,England,6,8,2015,2023,UKBMS
3349,Foxley Wood,TG055227,605500,322700,2700,England,9,7,2016,2023,UKBMS
3350,Redgrave and Lopham Fen,TM053799,605300,279900,2700,England,9,8,2016,2023,UKBMS
3351,Reffley Wood,TF655219,565500,321900,2600,England,10,8,2016,2023,UKBMS
3352,Burgh Doles/Common,TG440126,644000,312600,1200,England,3,8,2016,2023,UKBMS
3353,Natural Surroundings,TG047407,604700,340700,592,England,5,4,2016,2019,UKBMS
3354,Foulden common,TL762999,576200,299900,1262,England,5,8,2016,2023,UKBMS
3356,Lynford Water,TL824946,582400,294600,2000,England,10,6,2017,2023,UKBMS
3357,Bintree Wood,TG000223,600000,322300,3432,England,8,3,2017,2019,UKBMS
3358,East Ruston Common,TG345283,634500,328300,1200,England,8,5,2017,2023,UKBMS
3359,Orchard House,TG296047,629600,304700,250,England,1,2,2017,2018,UKBMS
3360,Blickling Lakeside,TG175290,617500,329000,2200,England,8,6,2018,2023,UKBMS
3361,Snettisham Coastal Park,TF651342,565100,334200,3734,England,5,5,2018,2023,UKBMS
3362,Blickling Mausoleum,TG169291,616900,329100,1920,England,5,5,2019,2023,UKBMS
3363,Oxburgh Hall 1,TF742012,574200,301200,1900,England,10,4,2019,2023,UKBMS
3364,Oxburgh Hall 2,TF741007,574100,300700,1420,England,4,4,2019,2023,UKBMS
3365,Cley Marshes,TG059441,605900,344100,2280,England,3,5,2019,2023,UKBMS
3366,Abbey Farm,TF742272,574200,327200,2900,England,15,5,2019,2023,UKBMS
3367,"Waterloo Park, Norwich",TG226103,622600,310300,1970,England,6,2,2020,2021,UKBMS
3368,Bintree Wood North,TG003219,600300,321900,2600,England,5,3,2020,2022,UKBMS
3369,Marriott's Way,TG191112,619100,311200,2602,England,8,3,2021,2023,UKBMS
3370,Wheatfen Full Transect,TG326060,632600,306000,3081,England,5,3,2021,2023,UKBMS
3371,Broadland Country Park,TG179172,617900,317200,2737,England,10,3,2021,2023,UKBMS
3372,Sheringham Park,TG139412,613900,341200,2150,England,10,3,2021,2023,UKBMS
3373,Cockleycley Wood,TF777051,577700,305100,2886,England,8,2,2021,2022,UKBMS
3374,"Wensum Way, Lenwade",TG086183,608600,318300,2180,England,6,2,2021,2022,UKBMS
3375,Buxton 2,TG170219,617000,321900,442,England,1,3,2021,2023,UKBMS
3376,Cranwich 2,TL774942,577400,294200,1647,England,7,3,2021,2023,UKBMS
3377,Oxburgh Hall 3,TF741002,574100,300200,2900,England,10,3,2021,2023,UKBMS
3378,Stoke Holy Cross - Jubilee Meadow,TG238019,623800,301900,308,England,4,2,2022,2023,UKBMS
3379,Middle Harling New,TL983832,598300,283200,2368,England,7,2,2022,2023,UKBMS
3381,Roydon Common 2,TF678225,567800,322500,3207,England,10,1,2023,2023,UKBMS
3382,Grimston Warren & THMR,TF679216,567900,321600,3376,England,10,1,2023,2023,UKBMS
3383,Cranwich 2 (PHS),TL776943,577600,294300,,England,4,1,2023,2023,UKBMS
3400,Walton Nature Park,SE359182,435900,418200,3000,England,5,19,1995,2015,UKBMS
3401,Ellerburn Bank,SE854848,485400,484800,400,England,1,5,2000,2010,UKBMS
3402,Slingsby,SE710755,471000,475500,1400,England,7,7,2003,2009,UKBMS
3403,Sun Lane Nature Reserve,SE155467,415500,446700,930,England,1,16,2003,2023,UKBMS
3404,Thorpe Marsh Nature Reserve,SE585095,458500,409500,3550,England,12,22,2002,2023,UKBMS
3405,"Swarth Moor SSSI, Settle",SD807693,380700,469300,1504,England,13,20,2003,2023,UKBMS
3406,Middlethorpe,SE585485,458500,448500,520,England,5,2,2003,2004,UKBMS
3407,Foxglove Covert,SE160970,416000,497000,2500,England,12,3,2003,2005,UKBMS
3408,Yedmandale,SE980856,498000,485600,1125,England,2,12,2003,2016,UKBMS
3409,Bootham Stray,SE597543,459700,454300,1790,England,8,6,2004,2016,UKBMS
3410,"Threshfield, Long Ashes",SD977647,397700,464700,1650,England,11,15,2004,2023,UKBMS
3411,Priory Fields,TA053314,505300,431400,1100,England,6,17,2007,2023,UKBMS
3412,Lea Green Bastow Wood,SD996652,399600,465200,2950,England,9,20,2004,2023,UKBMS
3413,Ballowfield LNR,SD987899,398700,489900,831,England,9,14,2007,2023,UKBMS
3414,Craven Limeworks - Langcliffe Quarry,SD824663,382400,466300,1027,England,9,11,2007,2017,UKBMS
3415,Scar Close NNR,SD750775,375000,477500,2389,England,15,19,2004,2023,UKBMS
3416,Long Causeway Lane,SE979816,497900,481600,560,England,1,10,2007,2016,UKBMS
3417,Burniston-Cloughton,TA015932,501500,493200,1050,England,7,5,2007,2022,UKBMS
3418,Millington Wood,SE835535,483500,453500,1800,England,9,2,2007,2008,UKBMS
3419,Nostell Priory & Parkland,SE405180,440500,418000,1586,England,5,6,2008,2013,UKBMS
3420,Broad Heads Farm,SE903882,490300,488200,1805,England,7,13,2008,2023,UKBMS
3421,Hawnby Hill,SE539917,453900,491700,2481,England,11,14,2009,2023,UKBMS
3422,Eston Moor,NZ562177,456200,517700,1278,England,11,3,2009,2011,UKBMS
3423,Ashberry pastures,SE567851,456700,485100,1157,England,8,9,2010,2021,UKBMS
3424,Fen Bog,SE855981,485500,498100,1352,England,8,10,2010,2023,UKBMS
3425,Burton Leonard Lime Quarry,SE324632,432400,463200,674,England,9,13,2010,2023,UKBMS
3426,Deep Dale South,TA044840,504400,484000,1000,England,10,3,2010,2012,UKBMS
3427,Deep Dale North,TA044844,504400,484400,1200,England,12,3,2010,2012,UKBMS
3428,Pexton Bank,SE854855,485400,485500,900,England,6,10,2010,2023,UKBMS
3429,Bishop Monkton railway Cutting,SE315663,431500,466300,600,England,6,13,2011,2023,UKBMS
3430,Silpho Quarry,SE962920,496200,492000,1000,England,10,12,2011,2023,UKBMS
3431,Catterstye,NZ694198,469400,519800,2317,England,10,1,2011,2011,UKBMS
3432,Rosedale East,SE704990,470400,499000,3352,England,9,5,2011,2015,UKBMS
3433,Askham Bog,SE572482,457200,448200,1200,England,8,9,2011,2023,UKBMS
3434,Staveley East,SE370630,437000,463000,3402,England,9,13,2011,2023,UKBMS
3435,Staveley West,SE362628,436200,462800,2015,England,8,13,2011,2023,UKBMS
3436,South Gare,NZ556275,455600,527500,2316,England,7,8,2011,2018,UKBMS
3437,Yockenthwaite,SD912788,391200,478800,2192,England,11,7,2012,2021,UKBMS
3438,Stirley Farm,SE145136,414500,413600,1788,England,13,3,2013,2019,UKBMS
3439,Malham Tarn NNR,SD890672,389000,467200,3175,England,14,8,2013,2023,UKBMS
3440,"Low Ox Pasture, Kilnsey",SD970685,397000,468500,1460,England,7,8,2014,2023,UKBMS
3441,Ingleborough High Brae,SD791738,379100,473800,2459,England,12,9,2014,2023,UKBMS
3442,Lower Winskill,SD826666,382600,466600,2210,England,8,3,2014,2016,UKBMS
3443,Oxenber Wood,SD782684,378200,468400,2090,England,6,3,2014,2016,UKBMS
3444,Flatts Lane Eston Moor,NZ551168,455100,516800,5411,England,8,9,2015,2023,UKBMS
3446,Millfield Meadow Saltburn,NZ662204,466200,520400,775,England,8,6,2015,2021,UKBMS
3447,Yorkshire Arboretum at Castle Howard,SE698698,469800,469800,990,England,8,3,2015,2017,UKBMS
3449,Riddings Field & St Josephs Wood,SE016888,401600,488800,1025,England,11,3,2015,2017,UKBMS
3450,Ellerburn new,SE853849,485300,484900,925,England,7,9,2015,2023,UKBMS
3451,Brae Pasture,SD791740,379100,474000,1193,England,8,8,2015,2022,UKBMS
3452,Burton Riggs,TA029831,502900,483100,700,England,6,3,2015,2021,UKBMS
3453,Cropton Forest,SE768910,476800,491000,4000,England,10,3,2015,2018,UKBMS
3454,Grass Wood,SD986656,398600,465600,1800,England,10,9,2015,2023,UKBMS
3455,Leyburn Old Glebe,SE101897,410100,489700,1200,England,8,8,2015,2023,UKBMS
3456,Littlebeck Wood,NZ880045,488000,504500,780,England,9,3,2015,2018,UKBMS
3457,Ripon Loop,SE317738,431700,473800,2665,England,10,3,2015,2017,UKBMS
3458,Southerscales,SD743762,374300,476200,2210,England,8,9,2015,2023,UKBMS
3459,Barlow Common,SE630286,463000,428600,2920,England,9,8,2016,2023,UKBMS
3460,Wheldrake Ings,SE701441,470100,444100,2550,England,7,8,2016,2023,UKBMS
3461,Kiplingcotes Chalk Pit,SE914434,491400,443400,1610,England,8,6,2016,2023,UKBMS
3462,Upper Dunsforth Carrs,SE442628,444200,462800,1540,England,7,8,2016,2023,UKBMS
3463,Whitcliffe,NZ137024,413700,502400,3000,England,9,8,2016,2023,UKBMS
3464,Wooldale,SE150087,415000,408700,3000,England,10,8,2016,2023,UKBMS
3465,Green Hammerton,SE470570,447000,457000,3590,England,10,7,2017,2023,UKBMS
3466,Widdop,SD965311,396500,431100,2750,England,6,7,2017,2023,UKBMS
3467,Hollin Hall,SD987295,398700,429500,2040,England,5,7,2017,2023,UKBMS
3468,Roundhay-Shadwell,SE336396,433600,439600,1170,England,6,7,2017,2023,UKBMS
3470,Strensall Common and World's End,SE660603,466000,460300,3160,England,9,7,2017,2023,UKBMS
3471,Pickering Woods,SE814858,481400,485800,2886,England,6,1,2017,2017,UKBMS
3472,Calley Heath,SE751496,475100,449600,1200,England,4,6,2018,2023,UKBMS
3473,Spurn Point (part 1),TA406116,540600,411600,1560,England,4,3,2018,2020,UKBMS
3474,Spurn Point (part 2),TA399109,539900,410900,1400,England,4,3,2018,2020,UKBMS
3475,Appleton Mill Farm,SE744881,474400,488100,1720,England,6,1,2018,2018,UKBMS
3476,Littleworth Park,SE371078,437100,407800,2000,England,8,1,2019,2019,UKBMS
3477,Three Hagges Woodmeadow,SE626396,462600,439600,2900,England,9,5,2019,2023,UKBMS
3478,Ripon City Wetlands,SE332688,433200,468800,1355,England,6,5,2019,2023,UKBMS
3479,East Riddlesden Hall,SE082416,408200,441600,1310,England,7,4,2019,2023,UKBMS
3480,"Langrickgate, East Cottingwith",SE719425,471900,442500,2200,England,4,5,2019,2023,UKBMS
3481,Potteric Carr visitor centre,SE589005,458900,400500,1370,England,9,1,2019,2019,UKBMS
3482,Sutherland Beck,SE772905,477200,490500,1760,England,10,5,2019,2023,UKBMS
3483,Maze Park,NZ468191,446800,519100,1800,England,10,5,2019,2023,UKBMS
3485,Main Bay Heath,SE453276,445300,427600,1400,England,11,5,2019,2023,UKBMS
3486,Bishop Wood,SE554336,455400,433600,4260,England,8,5,2019,2023,UKBMS
3487,Foxglove Covert,SE160973,416000,497300,3600,England,11,3,2019,2023,UKBMS
3488,Lin Dyke Link,SE443269,444300,426900,3250,England,10,5,2019,2023,UKBMS
3489,Riverbank Trail,SE461275,446100,427500,3000,England,14,4,2019,2023,UKBMS
3490,Bolton Percy Station,SE528417,452800,441700,480,England,5,5,2019,2023,UKBMS
3491,"Forest of Flowers, Home Farm, Huby",SE543657,454300,465700,3020,England,8,4,2020,2023,UKBMS
3492,Brockadale,SE507174,450700,417400,2988,England,10,3,2021,2023,UKBMS
3493,Rodley Nature Reserve,SE235363,423500,436300,1680,England,13,3,2021,2023,UKBMS
3494,Meanwood Park Trail,SE278378,427800,437800,1859,England,7,3,2021,2023,UKBMS
3495,Sprotborough Flash,SE533012,453300,401200,1625,England,8,3,2021,2023,UKBMS
3496,Allerthorpe Common,SE760477,476000,447700,2867,England,7,3,2021,2023,UKBMS
3497,Fordon Chalk Bank SSSI,TA057751,505700,475100,1718,England,13,3,2021,2023,UKBMS
3498,Wharram Quarry,SE859653,485900,465300,832,England,11,3,2021,2023,UKBMS
3499,Nosterfield Quarry,SE277808,427700,480800,3052,England,6,2,2021,2023,UKBMS
3500,Oxford Island,J055610,116891,518931,,Northern Ireland,13,15,1990,2004,UKBMS
3501,Ecos Park,D119035,126901,560746,2040,Northern Ireland,14,12,2005,2023,UKBMS
3502,Lagan Meadows,J336704,145699,525904,2148,Northern Ireland,10,14,2005,2023,UKBMS
3504,Slievenacloy,J245712,136698,527477,1705,Northern Ireland,11,17,2006,2023,UKBMS
3511,Banagher Glen,C672045,82425,565572,1230,Northern Ireland,11,17,2006,2023,UKBMS
3523,Minnowburn,J325685,144441,524104,2817,Northern Ireland,6,14,2006,2023,UKBMS
3538,Belvoir Park Forest,J335695,145523,525016,2500,Northern Ireland,5,14,2007,2023,UKBMS
3539,Crom Estate,H355239,43933,487893,3140,Northern Ireland,5,14,2007,2023,UKBMS
3541,Craigavon Lakes,J052579,116328,515866,2710,Northern Ireland,11,15,2009,2023,UKBMS
3542,Crossgar,J461521,156596,506604,,Northern Ireland,11,1,2008,2008,UKBMS
3543,Milford Railway Cutting (new),H859428,95802,502456,200,Northern Ireland,4,2,2008,2009,UKBMS
3544,Portstewart Strand,C795362,97409,596121,2500,Northern Ireland,12,14,2009,2023,UKBMS
3545,Portinode Kesh,H146645,26542,530176,1800,Northern Ireland,7,1,2009,2009,UKBMS
3546,Oxford Island (new),J048614,116228,519389,2070,Northern Ireland,14,15,2009,2023,UKBMS
3548,Whitepark Bay,D014437,119885,601715,2667,Northern Ireland,14,10,2010,2023,UKBMS
3549,Sir Thomas and Lady Dixon Park,J307677,142579,523461,2094,Northern Ireland,5,2,2010,2011,UKBMS
3550,McIlroy Park,J292669,141016,522791,2063,Northern Ireland,5,2,2010,2011,UKBMS
3551,Shaw's Bridge (Lagan Valley Regional Park),J326692,144600,524794,2149,Northern Ireland,5,8,2010,2023,UKBMS
3552,Woodland Trust (Lagan Valley Regional Park),J341696,146129,525064,1901,Northern Ireland,5,2,2010,2011,UKBMS
3553,Garry Bog NR,C935302,110850,588937,1520,Northern Ireland,5,13,2011,2023,UKBMS
3554,Magilligan Point NR,C661389,84282,599966,1450,Northern Ireland,7,11,2011,2023,UKBMS
3555,Breen Oakwood,D121336,129681,590728,2390,Northern Ireland,8,18,2006,2023,UKBMS
3556,Killykeeghan & Crossmurrin Nature Reserve,H107341,20059,500178,2890,Northern Ireland,8,12,2011,2023,UKBMS
3557,Giant's Causeway,C946443,113159,602898,1650,Northern Ireland,12,13,2011,2023,UKBMS
3558,Cave Hill,J322788,145020,534394,4000,Northern Ireland,12,11,2013,2023,UKBMS
3559,Murlough (single-species),J401341,149087,489177,4414,Northern Ireland,3,10,2014,2023,UKBMS
3560,Portmore Lough,J105689,122549,526379,1200,Northern Ireland,8,6,2016,2023,UKBMS
3561,Portmore Lough (Brannigans),J102678,122156,525308,917,Northern Ireland,7,5,2016,2023,UKBMS
3562,Glasswater Wood,J446537,155238,508326,1197,Northern Ireland,6,3,2017,2019,UKBMS
3563,Quoile Pondage,J513484,161463,502475,2000,Northern Ireland,9,4,2017,2021,UKBMS
3564,Killard Nature Reserve (New),J606434,170304,496702,2405,Northern Ireland,10,1,2017,2017,UKBMS
3565,Killard Nature Reserve (2018),J608433,170494,496586,2700,Northern Ireland,11,6,2018,2023,UKBMS
3566,Mount Stewart - National Trust ? 01 ? South Fields,J561694,168033,522989,1440,Northern Ireland,5,6,2018,2023,UKBMS
3567,Mount Stewart - National Trust - 02 - Ploughmans Hill,J550702,167005,523880,1600,Northern Ireland,6,6,2018,2023,UKBMS
3568,Castle Ward (Temple Water),J573498,167560,503359,2100,Northern Ireland,9,4,2018,2023,UKBMS
3569,Marble Arch,H121344,21481,500358,625,Northern Ireland,9,1,2018,2018,UKBMS
3570,Colin Glen Forest Park,J272711,139381,527148,1100,Northern Ireland,6,2,2018,2019,UKBMS
3571,Belvoir Top,J342694,146212,524856,1200,Northern Ireland,7,5,2019,2023,UKBMS
3572,Crawfordsburn Country Park,J465821,159552,536462,3595,Northern Ireland,13,5,2019,2023,UKBMS
3573,Bog Meadows,J315726,143794,528276,1867,Northern Ireland,10,3,2019,2023,UKBMS
3574,"Springhill House, National Trust",H867828,100010,542267,2000,Northern Ireland,8,5,2019,2023,UKBMS
3575,Brackfield Wood,C504102,66161,572696,1800,Northern Ireland,10,4,2019,2023,UKBMS
3576,Derrymore,J055279,114075,485936,2075,Northern Ireland,6,3,2020,2022,UKBMS
3577,O'Neills Farm margins,J154837,128696,540712,1220,Northern Ireland,8,3,2021,2023,UKBMS
3578,"Mullenakill, Peatlands Park",H893611,100750,520412,966,Northern Ireland,8,3,2021,2023,UKBMS
3579,Burntollet Wood,C507108,66512,573268,1721,Northern Ireland,12,2,2022,2023,UKBMS
3580,Orlock Coastal Path,J564832,169509,536713,2194,Northern Ireland,6,2,2022,2023,UKBMS
3581,Killeter Bog,H085821,21960,548256,1577,Northern Ireland,6,2,2022,2023,UKBMS
3582,Ballymacricket,J148701,126937,527209,2202,Northern Ireland,6,1,2023,2023,UKBMS
3583,Carnmoney Hill,J339826,147039,538036,2593,Northern Ireland,10,1,2023,2023,UKBMS
3584,Castle Espie,J493671,161062,521277,1941,Northern Ireland,13,1,2023,2023,UKBMS
3585,Drumkeeran,H201717,32644,536889,1450,Northern Ireland,3,1,2023,2023,UKBMS
3586,Montiaghs Moss,J092653,120946,522902,2457,Northern Ireland,6,1,2023,2023,UKBMS
3587,Orloch Farm,J557832,168812,536773,1764,Northern Ireland,7,1,2023,2023,UKBMS
3589,Reilly Wood NNR (PHS),H337255,42273,489642,63,Northern Ireland,7,1,2023,2023,UKBMS
3590,Umbra,C726358,90496,596316,2411,Northern Ireland,11,1,2023,2023,UKBMS
3591,The Argory,H874581,98600,517583,,Northern Ireland,7,1,2023,2023,UKBMS
3601,Severn Valley Country Park,SJ753840,375300,384000,4000,England,8,1,2005,2005,UKBMS
3602,Ravensgate Hill,SO980186,398000,218600,585,England,4,19,2005,2023,UKBMS
3603,West Malvern,SO765458,376500,245800,2860,England,13,18,2006,2023,UKBMS
3604,"Coombe Hill, Wotton-u-Edge, code 3604",ST764941,376400,194100,2020,England,11,18,2006,2023,UKBMS
3605,Titterells,SO477860,347700,286000,1960,England,8,4,2006,2009,UKBMS
3606,Old Hills Revised,SO826488,382600,248800,1960,England,10,14,2006,2023,UKBMS
3607,Gorsty Knoll,SO588088,358800,208800,2100,England,15,14,2007,2022,UKBMS
3608,Lord's Wood,SO552151,355200,215100,2750,England,10,10,2006,2022,UKBMS
3609,Masts Reserve,SO993246,399300,224600,1480,England,12,17,2007,2023,UKBMS
3610,Haugh Woods North 2007,SO590370,359000,237000,3036,England,14,17,2007,2023,UKBMS
3611,Eastnor,SO756381,375600,238100,2247,England,12,4,2008,2012,UKBMS
3612,Merbach Common,SO306447,330600,244700,2847,England,12,16,2008,2023,UKBMS
3613,Bury Ditches,SO334839,333400,283900,3180,England,8,16,2007,2023,UKBMS
3614,Purslow Wood,SO368788,336800,278800,2550,England,5,6,2008,2013,UKBMS
3615,Northhill Malvern,SO769474,376900,247400,2076,England,5,2,2007,2008,UKBMS
3616,Radnor Wood,SO320812,332000,281200,2320,England,5,5,2007,2012,UKBMS
3617,Garway Hill Common,SO437251,343700,225100,5718,England,12,3,2007,2009,UKBMS
3618,Hammerwich Hall Farm - an eco-farm,SK074070,407400,307000,2000,England,6,3,2009,2011,UKBMS
3619,Prees Heath Common Reserve,SJ560370,356000,337000,3631,England,12,15,2009,2023,UKBMS
3620,Trench Wood2,SO926587,392600,258700,2318,England,7,14,2009,2023,UKBMS
3621,Tiddesley Wood,SO927453,392700,245300,1958,England,6,13,2009,2022,UKBMS
3622,Wrens Nest National Nature Reserve,SO937914,393700,291400,1830,England,11,18,2004,2023,UKBMS
3623,Melrose Farm Meadows,SO816410,381600,241000,697,England,4,15,2009,2023,UKBMS
3624,Daneway Banks,SO936034,393600,203400,2568,England,10,1,2023,2023,UKBMS
3625,Lower Woods South,ST742865,374200,186500,2913,England,10,7,2015,2023,UKBMS
3627,Strawberry Banks,SO910033,391000,203300,1157,England,10,10,2014,2023,UKBMS
3628,"Clemcroft, Nr Hazler Hill",SO461924,346100,292400,600,England,7,19,2005,2023,UKBMS
3629,Kilkenny,SP004186,400400,218600,1300,England,9,12,2010,2023,UKBMS
3630,Birches Farm & Cother Wood,SO760465,376000,246500,2970,England,15,1,2010,2010,UKBMS
3631,Feckenham Wylde Moor,SP011606,401100,260600,2204,England,6,14,2010,2023,UKBMS
3632,Hill Court Farm,SO825345,382500,234500,3300,England,9,14,2010,2023,UKBMS
3633,North Hill Malvern (2010),SO770470,377000,247000,2621,England,7,14,2010,2023,UKBMS
3634,Hurst Coppice,SO752795,375200,279500,1840,England,6,8,2010,2023,UKBMS
3635,Nagshead extension - meadows,SO607086,360700,208600,510,England,4,1,2011,2011,UKBMS
3636,Wilden Marsh,SO825730,382500,273000,1640,England,15,12,2011,2023,UKBMS
3637,Newtown Green and Meadow,SO872545,387200,254500,1309,England,9,4,2011,2014,UKBMS
3638,Lynton Moss,SJ789243,378900,324300,2187,England,8,1,2011,2011,UKBMS
3639,Highgate Common,SO836895,383600,289500,3841,England,15,4,2011,2022,UKBMS
3640,Avon Meadows Community Wetland,SO950465,395000,246500,1380,England,7,12,2011,2023,UKBMS
3641,Hartlebury Common and Charlton,SO824707,382400,270700,3098,England,15,11,2011,2022,UKBMS
3642,Harper Adams,SJ204712,320400,371200,2661,Wales,12,1,2011,2011,UKBMS
3643,Bathpool Park,SJ836527,383600,352700,3161,England,14,13,2011,2023,UKBMS
3644,Rowley Hills. Land to south of Bury Hill Park,SO975896,397500,289600,2250,England,15,11,2011,2023,UKBMS
3645,Pound Green Common,SO752787,375200,278700,900,England,11,13,2011,2023,UKBMS
3646,Queenswood Country Park,SO505515,350500,251500,3347,England,14,12,2012,2023,UKBMS
3647,Lower Kites Wood,SO978564,397800,256400,1293,England,9,11,2013,2023,UKBMS
3648,Hollybed Farm,SO778382,377800,238200,1722,England,12,11,2013,2023,UKBMS
3649,The Leasowes,SO976838,397600,283800,2000,England,10,4,2013,2018,UKBMS
3650,Coombeswood Wedge,SO975848,397500,284800,1200,England,4,11,2013,2023,UKBMS
3651,Woodgate Valley,SP008833,400800,283300,3000,England,10,11,2013,2023,UKBMS
3652,Besford Court,SO914452,391400,245200,2000,England,12,10,2014,2023,UKBMS
3653,Stiperstones,SJ367002,336700,300200,3500,England,7,7,2016,2023,UKBMS
3656,Mottey Meadows NNR,SJ840134,384000,313400,1595,England,6,7,2014,2023,UKBMS
3657,Highgate Common (2014 route),SO840900,384000,290000,2800,England,8,7,2014,2023,UKBMS
3658,"Cherry Orchard, Worcester",SO851529,385100,252900,400,England,1,3,2014,2016,UKBMS
3659,North Hill Balcony Malvern,SO768470,376800,247000,133,England,2,8,2014,2021,UKBMS
3660,Loynton Moss,SJ788246,378800,324600,1612,England,8,1,2014,2014,UKBMS
3661,Aqualate Mere,SJ782204,378200,320400,1106,England,5,5,2014,2023,UKBMS
3662,Gawcombe North,SP207210,420700,221000,4525,England,12,2,2014,2015,UKBMS
3663,Gawcombe South,SP230214,423000,221400,4782,England,12,2,2014,2015,UKBMS
3664,Rough Bank,SO907087,390700,208700,2528,England,10,9,2014,2023,UKBMS
3665,Linear Park Cinderford,SO649134,364900,213400,3750,England,9,9,2015,2023,UKBMS
3666,Blackhouse Wood,SO733521,373300,252100,3000,England,5,8,2015,2023,UKBMS
3667,Preston Montford Field Centre,SJ432143,343200,314300,2000,England,13,2,2017,2018,UKBMS
3668,Stoulton M & J Wood,SO912493,391200,249300,1057,England,8,5,2015,2019,UKBMS
3670,Moseley Green,SO633091,363300,209100,3270,England,9,9,2015,2023,UKBMS
3671,Loynton Moss (2015 route),SJ788242,378800,324200,1490,England,7,1,2015,2015,UKBMS
3672,The Bog,SO357978,335700,297800,1000,England,10,4,2015,2023,UKBMS
3673,Bellpit Meadows,SK004488,400400,348800,1113,England,10,4,2015,2018,UKBMS
3674,Monkwood North,SO803608,380300,260800,2000,England,9,8,2016,2023,UKBMS
3675,Highnam Woods (new),SO778192,377800,219200,2724,England,10,8,2016,2023,UKBMS
3676,Batch Valley 2 National Trust,SO445960,344500,296000,4625,England,9,3,2016,2020,UKBMS
3677,Droitwich Woods,SO882626,388200,262600,1300,England,9,7,2016,2022,UKBMS
3679,Mortimer Forest (Vinnals),SO475732,347500,273200,2232,England,5,1,2017,2017,UKBMS
3680,Malvern Pinnacle Hill,SO769419,376900,241900,4300,England,7,7,2017,2023,UKBMS
3681,Malvern Poolbrook Common,SO786442,378600,244200,2970,England,3,7,2017,2023,UKBMS
3682,Lower Smite Farm,SO890590,389000,259000,1200,England,7,6,2017,2023,UKBMS
3683,Sandwell RSPB,SP034926,403400,292600,860,England,3,4,2017,2023,UKBMS
3684,Walsall Old Golf Course,SP037984,403700,298400,2200,England,7,5,2017,2022,UKBMS
3685,Stowell Park Gardens,SP087130,408700,213000,1159,England,3,5,2017,2022,UKBMS
3686,Sutton Park - Streetly Heath,SP091984,409100,298400,4000,England,9,7,2017,2023,UKBMS
3687,Joy's Wood,SP091820,409100,282000,3271,England,1,7,2017,2023,UKBMS
3688,Trittiford,SP097803,409700,280300,4845,England,1,7,2017,2023,UKBMS
3689,Blackberry Way,SP099821,409900,282100,6416,England,1,7,2017,2023,UKBMS
3690,Budgehill,SP173120,417300,212000,2000,England,5,3,2017,2019,UKBMS
3691,Westonbirt Downs,ST847898,384700,189800,2550,England,12,2,2017,2018,UKBMS
3692,Sheepscombe Common,SO894106,389400,210600,1430,England,10,5,2018,2022,UKBMS
3693,Bredon Hill (2018 route),SO945391,394500,239100,2800,England,8,4,2018,2021,UKBMS
3694,Llynclys Common,SJ268234,326800,323400,2840,England,6,6,2018,2023,UKBMS
3695,Malvern Swinyard Hill,SO762388,376200,238800,3700,England,5,6,2018,2023,UKBMS
3696,Bodenham Lake,SO525513,352500,251300,3050,England,9,6,2018,2023,UKBMS
3697,Ifton Meadows,SJ317374,331700,337400,1633,England,7,5,2019,2023,UKBMS
3698,Hartlebury Common,SO823708,382300,270800,3500,England,15,5,2019,2023,UKBMS
3699,Shatterford Wood,SO802824,380200,282400,2640,England,12,5,2019,2023,UKBMS
3700,Ayres NNR,NX420032,242000,503200,3930,Isle of Man,10,5,2002,2006,UKBMS
3701,Calf of Man,SC156656,215600,465600,5420,Isle of Man,8,11,1996,2006,UKBMS
3702,Calf of Man (new),SC156657,215600,465700,2660,Isle of Man,5,6,2018,2023,UKBMS
3703,Manx BirdLife Point of Ayre National Reserve,NX459042,245900,504200,2077,Isle of Man,5,1,2023,2023,UKBMS
3800,Sims Wood,SU408015,440800,101500,3280,England,9,28,1995,2023,UKBMS
3801,Portsdown (compartments 1-3),SU628067,462800,106700,1480,England,7,18,2005,2023,UKBMS
3802,Lakeside Eastleigh,SU446176,444600,117600,1000,England,6,17,2002,2018,UKBMS
3803,Testwood Lakes - Lakeside,SU351151,435100,115100,2795,England,4,19,2004,2023,UKBMS
3804,Testwood Lakes - North,SU343156,434300,115600,1788,England,9,20,2004,2023,UKBMS
3805,Magdalen Hill Down North,SU508292,450800,129200,1000,England,8,19,2005,2023,UKBMS
3806,Waverley (Chilbolton),SU390392,439000,139200,100,England,1,22,1990,2015,UKBMS
3807,Wildgrounds Meadow,SU580010,458000,101000,,England,,1,2005,2005,UKBMS
3808,Wildgrounds Red Trail,SU580010,458000,101000,,England,,1,2005,2005,UKBMS
3809,Park Woood Cowplain,SU685104,468500,110400,100,England,1,3,2006,2008,UKBMS
3810,YOELLS COPSE,SU685128,468500,112800,1000,England,6,2,2006,2007,UKBMS
3814,Pilot Hill,SU398595,439800,159500,1600,England,10,17,2007,2023,UKBMS
3815,Bramshott Common,SU857335,485700,133500,5000,England,9,17,2007,2023,UKBMS
3816,Hazleton Common (new),SU703121,470300,112100,1000,England,8,18,2006,2023,UKBMS
3817,St Catherine's Hill,SU482274,448200,127400,980,England,12,14,2007,2023,UKBMS
3818,Swanmore Village,SU573165,457300,116500,2125,England,7,13,2005,2017,UKBMS
3819,Dibden Bottom (north),SU393071,439300,107100,720,England,4,17,2007,2023,UKBMS
3820,Keeping Marsh,SU401011,440100,101100,2582,England,5,13,2006,2021,UKBMS
3822,Great Copse Woods,SU320287,432000,128700,1140,England,9,9,1989,2007,UKBMS
3823,Bushfield Camp 2,SU470275,447000,127500,,England,10,2,2006,2007,UKBMS
3824,Southampton Old Cemetery,SU414136,441400,113600,1800,England,8,18,2006,2023,UKBMS
3825,The HOLT-Soakfield Row and Broadwalk,SU709123,470900,112300,1710,England,6,16,2008,2023,UKBMS
3826,Danebury Hill Fort Hampshire,SU325377,432500,137700,2300,England,12,16,2008,2023,UKBMS
3827,Hocombe Mead 2,SU430227,443000,122700,814,England,7,16,2008,2023,UKBMS
3828,"Hillier Gardens, Ampfield",SU383235,438300,123500,1000,England,10,13,2007,2019,UKBMS
3829,Staunton Country Park,SU723093,472300,109300,2900,England,8,3,2008,2010,UKBMS
3830,Ashford Hill Woods & Meadows,SU564616,456400,161600,2650,England,6,16,2008,2023,UKBMS
3831,Sparsholt (Ower Wood & Grassland),SU419321,441900,132100,1305,England,7,15,2008,2023,UKBMS
3832,Normandy Marshes,SZ332938,433200,93800,3800,England,10,6,2008,2013,UKBMS
3833,The Commons Roydon,SU315005,431500,100500,1000,England,14,18,2005,2023,UKBMS
3834,Testwood North Perimeter,SU344157,434400,115700,2550,England,10,12,2009,2021,UKBMS
3835,Southwood Meadows,SU855553,485500,155300,1700,England,10,5,2010,2014,UKBMS
3836,Spearywell Mottisfont,SU309270,430900,127000,2000,England,9,14,2010,2023,UKBMS
3837,"Down Grange Meadow, Kempshott",SU607497,460700,149700,840,England,4,14,2010,2023,UKBMS
3838,Jeffereys Copse,SU591493,459100,149300,1460,England,5,1,2010,2010,UKBMS
3839,Janesmoor Plain,SU247133,424700,113300,1137,England,9,8,2010,2023,UKBMS
3840,Priors Hill Copse,SU468092,446800,109200,908,England,6,13,2011,2023,UKBMS
3841,Lepe Country Park,SZ456987,445600,98700,1623,England,8,11,2011,2021,UKBMS
3842,Kings Copse,SU426017,442600,101700,2800,England,7,13,2011,2023,UKBMS
3843,Great Copse,SU320282,432000,128200,1554,England,9,11,2011,2023,UKBMS
3844,Shipton Bellinger (West),SU218456,421800,145600,3547,England,10,12,2012,2023,UKBMS
3845,Sunderton & South Lane Meadows (Clanfield),SU698163,469800,116300,1336,England,6,1,2012,2012,UKBMS
3846,BEAULIEU HEATH NORTH,SU350018,435000,101800,1400,England,7,12,2012,2023,UKBMS
3847,Hawkhill,SU351019,435100,101900,3080,England,7,12,2012,2023,UKBMS
3848,Pondhead,SU307073,430700,107300,1738,England,6,12,2012,2023,UKBMS
3849,Standing Hat,SU315036,431500,103600,3119,England,6,12,2012,2023,UKBMS
3850,Warren Farm,SZ419972,441900,97200,2440,England,6,12,2012,2023,UKBMS
3851,Browndown N2 12 section,SZ582996,458200,99600,2560,England,12,7,2013,2019,UKBMS
3852,Barton Common,SZ247932,424700,93200,2015,England,9,11,2013,2023,UKBMS
3854,Godshill,SU177161,417700,116100,3400,England,7,11,2013,2023,UKBMS
3855,Perrywood Ivy,SU320034,432000,103400,3200,England,10,11,2013,2023,UKBMS
3856,Magdalen Hill Down (Old Allotments),SU497293,449700,129300,1086,England,7,11,2013,2023,UKBMS
3857,Trinley Estate,SU392495,439200,149500,4600,England,13,2,2013,2014,UKBMS
3858,Anton Lakes Local Nature Reserve,SU360469,436000,146900,2535,England,10,11,2013,2023,UKBMS
3859,Portchester Common,SU621067,462100,106700,1800,England,8,8,2013,2020,UKBMS
3860,Hazeley Heath,SU756578,475600,157800,1400,England,14,1,2013,2013,UKBMS
3861,"Old Down, Basingstoke",SU597488,459700,148800,2250,England,13,11,2013,2023,UKBMS
3862,Ladies Walk Down,SU371447,437100,144700,1080,England,5,11,2013,2023,UKBMS
3863,Rooksbury Mill Local Nature Reserve,SU355445,435500,144500,1457,England,5,11,2013,2023,UKBMS
3864,Coulters Dean,SU747191,474700,119100,1000,England,6,7,2013,2023,UKBMS
3865,Tadburn Meadows Local Nature Reserve,SU369215,436900,121500,1085,England,6,11,2013,2023,UKBMS
3866,Zionshill Copse Local Nature Reserve,SU419204,441900,120400,1853,England,6,11,2013,2023,UKBMS
3867,Spearywell North,SU313281,431300,128100,2000,England,10,10,2013,2023,UKBMS
3868,LANGLEY WOOD (MARCHWOOD),SU358103,435800,110300,4150,England,10,1,2013,2013,UKBMS
3869,STAPLEWOOD FARM,SU370091,437000,109100,4150,England,10,1,2013,2013,UKBMS
3870,Normandy Marsh,SZ331944,433100,94400,2700,England,6,10,2014,2023,UKBMS
3871,Foxbury,SU296167,429600,116700,2660,England,10,9,2014,2023,UKBMS
3872,Hale Purlieu,SU200186,420000,118600,1500,England,8,6,2014,2019,UKBMS
3873,Speltham Down,SU647149,464700,114900,1000,England,7,9,2014,2023,UKBMS
3876,Broadley Inclosure,SZ252993,425200,99300,2520,England,8,10,2014,2023,UKBMS
3877,Hook Heath,SU645079,464500,107900,2000,England,11,10,2014,2023,UKBMS
3878,Wendleholme (new),SU491075,449100,107500,1200,England,5,10,2014,2023,UKBMS
3879,Rockford Common,SU173089,417300,108900,2540,England,6,10,2014,2023,UKBMS
3880,Ibsley Common,SU173089,417300,108900,1980,England,4,10,2014,2023,UKBMS
3881,Broxhead Common,SU803373,480300,137300,2000,England,4,10,2014,2023,UKBMS
3882,Fields Heath,SU456018,445600,101800,610,England,4,1,2014,2014,UKBMS
3883,RSPB Hazeley Heath North,SU748586,474800,158600,2553,England,14,8,2015,2023,UKBMS
3884,RSPB Hazeley Heath South,SU757579,475700,157900,2000,England,9,8,2015,2023,UKBMS
3885,Breamore,SU144200,414400,120000,3200,England,9,9,2015,2023,UKBMS
3886,Portsdown SSSI East 7 - 10,SU657063,465700,106300,2037,England,9,9,2015,2023,UKBMS
3887,Holmsley,SU225004,422500,100400,2850,England,10,9,2015,2023,UKBMS
3888,Ridge Copse,SU347181,434700,118100,3000,England,9,9,2015,2023,UKBMS
3889,Hasley,SU195119,419500,111900,2850,England,6,9,2015,2023,UKBMS
3890,Hollybank Woods Transect 1,SU745081,474500,108100,1000,England,6,9,2015,2023,UKBMS
3891,Mottisfont Park and Gardens,SU326270,432600,127000,2508,England,6,5,2015,2019,UKBMS
3892,Pondhead Wood,SU308070,430800,107000,2539,England,10,9,2015,2023,UKBMS
3893,Tidpit Common,SU067180,406700,118000,2700,England,9,9,2015,2023,UKBMS
3894,Morn Hill (Mound Meadow),SU518292,451800,129200,403,England,5,2,2015,2016,UKBMS
3895,Manor Farm & Country Park,SU490112,449000,111200,1000,England,1,1,2015,2015,UKBMS
3896,Fields Heath,SU451023,445100,102300,3200,England,10,9,2015,2023,UKBMS
3897,Mockbeggar,SU158088,415800,108800,2997,England,10,8,2016,2023,UKBMS
3898,Magdalen Hill Down (Tree & Shrub East),SU510293,451000,129300,767,England,5,8,2016,2023,UKBMS
3899,Pitt Down,SU417293,441700,129300,1282,England,8,8,2016,2023,UKBMS
3900,Bubbenhall Meadow,SP373717,437300,271700,1214,England,5,16,2008,2023,UKBMS
3901,Bubbenhall Wood,SP369717,436900,271700,1112,England,5,16,2008,2023,UKBMS
3902,HARBURY SPOILBANK NORTH,SP385602,438500,260200,780,England,3,16,2008,2023,UKBMS
3903,Ryton Meadows Bund (Species),SP376727,437600,272700,504,England,1,16,2008,2023,UKBMS
3904,STOCKTON,SP439649,443900,264900,1420,England,4,10,2008,2020,UKBMS
3905,Ufton Fields,SP381615,438100,261500,1150,England,4,2,2008,2009,UKBMS
3906,Wappenbury Wood,SP379710,437900,271000,923,England,5,16,2008,2023,UKBMS
3907,Weston and Waverley Woods,SP355707,435500,270700,1250,England,5,3,2008,2010,UKBMS
3908,RSPB Middleton Lakes 1 (old),SP195984,419500,298400,1303,England,4,3,2009,2011,UKBMS
3909,RSPB Middleton Lakes 2 (old),SP202989,420200,298900,1179,England,3,3,2009,2011,UKBMS
3910,Hartshill Hayes,SP321939,432100,293900,3728,England,8,2,2009,2010,UKBMS
3911,Deans Green,SP132682,413200,268200,600,England,3,14,2010,2023,UKBMS
3912,Welches Meadow,SP326658,432600,265800,1230,England,8,10,2010,2019,UKBMS
3913,Draycote Water,SP466693,446600,269300,1232,England,4,13,2011,2023,UKBMS
3914,Ufton Fields NR (2011 route),SP378615,437800,261500,2169,England,7,13,2011,2023,UKBMS
3915,Ryton Pools Country Park,SP374725,437400,272500,962,England,6,13,2011,2023,UKBMS
3916,South Cubbington,SP349689,434900,268900,1566,England,8,1,2012,2012,UKBMS
3917,Lighthorne Quarry,SP345565,434500,256500,350,England,6,3,2011,2013,UKBMS
3918,Brandon Marsh,SP385755,438500,275500,1848,England,8,11,2012,2023,UKBMS
3919,Brandon Wood,SP394766,439400,276600,2900,England,10,12,2012,2023,UKBMS
3920,Coombe Abbey Country Park Meadows,SP401796,440100,279600,1300,England,4,12,2012,2023,UKBMS
3921,Coombe Abbey Country Park Poolside,SP392789,439200,278900,2340,England,4,12,2012,2023,UKBMS
3922,Coombe Abbey Country Park Woodland,SP395799,439500,279900,2055,England,7,12,2012,2023,UKBMS
3923,Drayote Water Treatment,SP453703,445300,270300,1030,England,6,12,2012,2023,UKBMS
3924,Hampton Wood,SP254600,425400,260000,2181,England,9,13,2011,2023,UKBMS
3925,Long Itchington (SUSTRANS),SP408646,440800,264600,231,England,4,12,2012,2023,UKBMS
3926,New Hall Valley Country Park,SP134946,413400,294600,3300,England,10,2,2012,2013,UKBMS
3927,Southam Old Quarry,SP420642,442000,264200,1350,England,9,12,2012,2023,UKBMS
3928,Sutton Park Banners Gate,SP092956,409200,295600,,England,1,1,2012,2012,UKBMS
3929,Sutton Park Blackroot,SP103975,410300,297500,470,England,2,2,2012,2013,UKBMS
3930,Sutton Park Bracebridge,SP103976,410300,297600,410,England,2,2,2012,2013,UKBMS
3931,Sutton Park Gun Targets,SP088966,408800,296600,100,England,1,2,2012,2013,UKBMS
3932,Sutton Park Little Bracebridge,SP095984,409500,298400,,England,1,2,2012,2013,UKBMS
3933,Sutton Park Lower Longmoor,SP094961,409400,296100,100,England,1,2,2012,2013,UKBMS
3934,Sutton Park Lower Nut Hurst,SP103967,410300,296700,120,England,1,2,2012,2013,UKBMS
3935,Sutton Park Streetly Heath,SP090982,409000,298200,,England,1,1,2012,2012,UKBMS
3936,RSPB Middleton Lakes 1,SP193982,419300,298200,2432,England,8,11,2012,2023,UKBMS
3937,RSPB Middleton Lakes 2,SP202989,420200,298900,2410,England,5,11,2012,2023,UKBMS
3938,Weston and Waverley Woods (2013 route),SP353700,435300,270000,4700,England,11,11,2013,2023,UKBMS
3939,Fenny Compton Tunnels,SP438522,443800,252200,1663,England,9,11,2013,2023,UKBMS
3940,Swift Valley Country Park,SP505775,450500,277500,2730,England,9,11,2013,2023,UKBMS
3941,Tasker's Meadow,SP438651,443800,265100,710,England,5,10,2014,2023,UKBMS
3942,Binswood Allotments,SP307668,430700,266800,966,England,8,10,2014,2023,UKBMS
3943,Old Nun Wood,SP382709,438200,270900,480,England,4,9,2015,2023,UKBMS
3944,Ashlawn Cutting,SP516731,451600,273100,3634,England,9,8,2016,2023,UKBMS
3946,Stockton Locks,SP433648,443300,264800,1070,England,7,2,2016,2017,UKBMS
3948,Charlecote Place's & Hill Park,SP260566,426000,256600,1970,England,5,7,2016,2023,UKBMS
3949,Southam Bypass North,SP421626,442100,262600,815,England,4,8,2016,2023,UKBMS
3950,Charlecote Gardens,SP259563,425900,256300,1100,England,7,7,2016,2023,UKBMS
3951,Newton Cutting,SP531787,453100,278700,965,England,11,2,2016,2017,UKBMS
3952,Blue Lias Meadows,SP426647,442600,264700,780,England,9,2,2016,2017,UKBMS
3953,Charlecote West Park,SP259562,425900,256200,2217,England,7,7,2016,2023,UKBMS
3956,Haseley Gathering Grounds,SP235684,423500,268400,2015,England,7,3,2016,2018,UKBMS
3957,Haseley Mill,SP235684,423500,268400,822,England,8,3,2016,2018,UKBMS
3958,Fenny Compton Tunnels Copse,SP434524,443400,252400,519,England,4,8,2016,2023,UKBMS
3960,Weston & Waverley (Purple Emperor),SP354702,435400,270200,200,England,1,7,2016,2023,UKBMS
3961,Hay Wood,SP208710,420800,271000,2152,England,9,3,2017,2021,UKBMS
3962,Foundry Wood,SP310653,431000,265300,414,England,2,3,2017,2019,UKBMS
3963,Sun Rising Natural Burial Ground,SP350459,435000,245900,1000,England,10,7,2017,2023,UKBMS
3964,Wolvey Meadows,SP423879,442300,287900,1196,England,7,5,2017,2022,UKBMS
3965,Wolvey Old Cricket Field,SP430881,443000,288100,404,England,3,4,2017,2021,UKBMS
3966,Stockton Cutting (New),SP439649,443900,264900,814,England,3,7,2017,2023,UKBMS
3967,Malpass,SP487759,448700,275900,1583,England,12,7,2017,2023,UKBMS
3968,Ettington Cutting North,SP264491,426400,249100,1008,England,3,6,2018,2023,UKBMS
3969,Packwood House,SP174722,417400,272200,2427,England,12,6,2018,2023,UKBMS
3970,Ettington Cutting South,SP264486,426400,248600,611,England,4,6,2018,2023,UKBMS
3971,HoEF Noleham A,SP144484,414400,248400,1075,England,4,6,2018,2023,UKBMS
3972,HoEF Noleham B,SP144490,414400,249000,330,England,2,6,2018,2023,UKBMS
3973,HoEF Noleham C,SP142491,414200,249100,800,England,4,6,2018,2023,UKBMS
3974,Southam Bypass South,SP418611,441800,261100,131,England,2,6,2018,2023,UKBMS
3975,Napton Church Meadow,SP462613,446200,261300,724,England,4,6,2018,2023,UKBMS
3976,Napton Church,SP463612,446300,261200,202,England,4,6,2018,2023,UKBMS
3977,HoEF Alne Wood,SP107614,410700,261400,1500,England,7,5,2019,2023,UKBMS
3978,HoEF Alne Park,SP105612,410500,261200,548,England,4,5,2019,2023,UKBMS
3979,HoEF Alne Plantations,SP103612,410300,261200,444,England,3,5,2019,2023,UKBMS
3980,HoEF Coughton Park,SP064608,406400,260800,2300,England,5,5,2019,2023,UKBMS
3981,Newton Cutting,SP531787,453100,278700,750,England,8,5,2019,2023,UKBMS
3982,Newton Cutting South,SP529785,452900,278500,620,England,4,5,2019,2023,UKBMS
3983,HoEF College Wood,SP082636,408200,263600,2186,England,5,4,2020,2023,UKBMS
3984,HoEF Morgrove Coppice,SP098627,409800,262700,290,England,2,4,2020,2023,UKBMS
3985,HoEF Spernal Park,SP101626,410100,262600,1600,England,7,4,2020,2023,UKBMS
3986,HoEF Spernal Plantations,SP098629,409800,262900,1350,England,5,4,2020,2023,UKBMS
3987,HoEF Netherstead Options Field,SP105642,410500,264200,1350,England,4,4,2020,2023,UKBMS
3988,HoEF Netherstead Plantations,SP109638,410900,263800,1650,England,7,2,2020,2021,UKBMS
3989,HoEF Bannam's Wood,SP112639,411200,263900,650,England,3,4,2020,2023,UKBMS
3990,Luddington Nature Reserve,SP160528,416000,252800,333,England,3,3,2021,2023,UKBMS
3991,Compton Verney Old Town Meadow onwards,SP313528,431300,252800,2437,England,7,2,2022,2023,UKBMS
3992,HOEF Gorcott Hill Grassland,SP089678,408900,267800,860,England,5,2,2022,2023,UKBMS
3993,HoEF Oak Wood,SP098696,409800,269600,1545,England,7,2,2022,2023,UKBMS
3995,Ladywalk NR,SP213917,421300,291700,3349,England,8,2,2022,2023,UKBMS
3996,Ryton Pools Country Park: Offsetting Meadow 1,SP369723,436900,272300,818,England,5,2,2022,2023,UKBMS
3997,HoEF Newnham,SP155596,415500,259600,1508,England,6,2,2022,2023,UKBMS
3998,HoEF Gorcott Hill Woodland,SP091679,409100,267900,1006,England,6,2,2022,2023,UKBMS
3999,HoEF Colletts Farm,SP126503,412600,250300,1673,England,7,2,2022,2023,UKBMS
4000,BRONZEFIELD,TQ055715,505500,171500,2020,England,8,3,2008,2010,UKBMS
4001,Great Ashby Park,TL267269,526700,226900,,England,9,2,2008,2009,UKBMS
4002,Waterford Heath South,TL317149,531700,214900,1985,England,7,16,2008,2023,UKBMS
4003,Wingrave Road to Marshcroft Lane,SP926127,492600,212700,10250,England,5,4,2009,2012,UKBMS
4004,Butterfly World,TL127043,512700,204300,3150,England,8,7,2009,2016,UKBMS
4005,Hounslow Heath,TQ121749,512100,174900,1000,England,10,4,2010,2013,UKBMS
4006,Templewood - Muddy Bottom to Pentley Park Entrance,TL235142,523500,214200,300,England,6,7,2010,2016,UKBMS
4007,Sherrards Park Wood - Red Lion to Reddings,TL224140,522400,214000,800,England,7,7,2010,2016,UKBMS
4008,Sherrards Park Wood Reddings - 2010 route,TL230135,523000,213500,500,England,4,6,2010,2016,UKBMS
4009,Heartwood Forest,TL163109,516300,210900,4150,England,7,14,2010,2023,UKBMS
4010,Northaw Great Wood Middleway,TL280040,528000,204000,662,England,4,2,2011,2012,UKBMS
4011,Northaw Great Wood Bridleway (single section),TL285043,528500,204300,519,England,1,2,2011,2012,UKBMS
4012,Tring Park (9 sections),SP927100,492700,210000,900,England,9,10,2011,2023,UKBMS
4013,Lake Farm Country Park,TQ090804,509000,180400,1000,England,8,11,2011,2022,UKBMS
4014,Bedfont Lakes (shortened route),TQ080724,508000,172400,1400,England,14,3,2011,2013,UKBMS
4015,Lakeside Nature Reserve,SP922124,492200,212400,300,England,1,11,2011,2021,UKBMS
4016,Parkland Walk South,TQ289879,528900,187900,1394,England,6,7,2012,2018,UKBMS
4017,Dane Farm Field Kimpton,TL153173,515300,217300,,England,15,1,2012,2012,UKBMS
4018,Sherrards Park Wood (six ways mid section),TL230134,523000,213400,100,England,1,5,2012,2016,UKBMS
4019,Harpenden Common,TL137134,513700,213400,1000,England,10,11,2011,2023,UKBMS
4020,Stocker's Lake 2012,TQ045935,504500,193500,3150,England,12,12,2012,2023,UKBMS
4021,Roughdown Common (Lower),TL048055,504800,205500,1370,England,10,12,2012,2023,UKBMS
4022,Gravel Hill,TL216170,521600,217000,,England,15,11,2013,2023,UKBMS
4023,St James's Park / Green Park,TQ295798,529500,179800,3310,England,12,10,2013,2023,UKBMS
4024,Walpole Park,TQ173802,517300,180200,975,England,10,6,2013,2020,UKBMS
4025,Wormwood Scrubs,TQ224818,522400,181800,2280,England,13,1,2013,2013,UKBMS
4026,Denis Bland Nature Reserve,TQ235969,523500,196900,190,England,11,1,2013,2013,UKBMS
4027,Danemead Nature Reserve,TL346079,534600,207900,1300,England,9,11,2013,2023,UKBMS
4028,Broxbourne Wood,TL324072,532400,207200,1700,England,8,2,2014,2015,UKBMS
4029,Panshanger Park,TL299124,529900,212400,4390,England,10,1,2014,2014,UKBMS
4030,Great Ashby Park 2014,TL267267,526700,226700,800,England,7,1,2014,2014,UKBMS
4031,Tottenham Wildmarsh West,TQ351905,535100,190500,1750,England,7,6,2014,2023,UKBMS
4032,Fir and Pond Woods,TL277006,527700,200600,2500,England,7,1,2014,2014,UKBMS
4034,Sherrardspark Wood - Sefton,TL228138,522800,213800,1000,England,3,2,2014,2016,UKBMS
4035,Halsey Field,TL042088,504200,208800,1810,England,8,9,2015,2023,UKBMS
4036,Batford Springs,TL145150,514500,215000,2000,England,10,3,2015,2019,UKBMS
4037,Heartwood Forest - Transect 2,TL171123,517100,212300,3100,England,5,9,2015,2023,UKBMS
4038,Panshanger - Arable field west,TL298129,529800,212900,500,England,3,3,2015,2017,UKBMS
4039,Panshanger - Lady Hughes Wood,TL300125,530000,212500,500,England,4,6,2015,2023,UKBMS
4040,Panshanger - Rifle Butts,TL299122,529900,212200,500,England,4,6,2015,2023,UKBMS
4041,Panshanger - Chisel Shelf,TL294121,529400,212100,500,England,3,5,2015,2023,UKBMS
4042,London Zoo,TQ281834,528100,183400,1600,England,5,5,2015,2019,UKBMS
4043,Pinn Meadow,TQ094880,509400,188000,1300,England,5,2,2015,2023,UKBMS
4044,Totteridge Fields,TQ222940,522200,194000,1065,England,6,7,2016,2023,UKBMS
4045,Hedgeswood Common to Hoo Wood,TL031131,503100,213100,2250,England,9,8,2016,2023,UKBMS
4046,Broxbourne west ride,TL325070,532500,207000,800,England,2,8,2016,2023,UKBMS
4047,Harmondsworth Moor,TQ050775,505000,177500,3000,England,15,1,2016,2016,UKBMS
4048,Aldbury Nowers N1,SP949138,494900,213800,230,England,4,8,2016,2023,UKBMS
4050,Bencroft Field,TL330062,533000,206200,300,England,1,8,2016,2023,UKBMS
4051,London Zoo Car Park,TQ283836,528300,183600,780,England,4,7,2016,2023,UKBMS
4052,Knebworth Woods,TL227227,522700,222700,1800,England,5,7,2017,2023,UKBMS
4053,Wolf Fields,TQ128786,512800,178600,317,England,1,1,2017,2017,UKBMS
4054,Osterley Park,TQ145780,514500,178000,1748,England,7,6,2018,2023,UKBMS
4055,Long Deans Nature Reserve,TL074048,507400,204800,1870,England,10,1,2019,2019,UKBMS
4056,Chorleywood Common 2019,TQ029958,502900,195800,3500,England,15,5,2019,2023,UKBMS
4058,Northaw Great Wood Bridleway,TL282039,528200,203900,1900,England,6,2,2019,2020,UKBMS
4059,Northaw Great Wood Middleway,TL280043,528000,204300,900,England,5,2,2019,2020,UKBMS
4060,Alexandra Park,TQ302903,530200,190300,1600,England,6,5,2019,2023,UKBMS
4061,Norton Common LGC,TL218333,521800,233300,1971,England,15,3,2020,2022,UKBMS
4062,Greenwood Park,TL139051,513900,205100,2000,England,9,3,2021,2023,UKBMS
4063,London Zoo amended 2021,TQ281834,528100,183400,,England,4,3,2021,2023,UKBMS
4064,Greater Stanmore Country Park,TQ171932,517100,193200,3096,England,11,3,2021,2023,UKBMS
4065,Highgate Cemetery West,TQ284870,528400,187000,1374,England,6,3,2021,2023,UKBMS
4066,Highgate Cemetery East,TQ286869,528600,186900,1412,England,5,3,2021,2023,UKBMS
4067,Golders Hill Park,TQ256868,525600,186800,1257,England,5,2,2021,2022,UKBMS
4068,Hampstead Heath Highgate Ponds,TQ275867,527500,186700,,England,9,2,2021,2023,UKBMS
4069,Marble Hill Park,TQ173736,517300,173600,1189,England,7,1,2021,2021,UKBMS
4070,Mount Vernon Cancer Centre,TQ077917,507700,191700,795,England,8,2,2021,2022,UKBMS
4071,Chadwell Bank,TL349136,534900,213600,900,England,4,2,2022,2023,UKBMS
4072,Panshanger - Great Oak,TL288130,528800,213000,1387,England,3,2,2022,2023,UKBMS
4073,Westbrook Hay Fields,TL030058,503000,205800,2283,England,5,2,2022,2023,UKBMS
4074,Bovingdon Brickworks,TL007029,500700,202900,1681,England,5,2,2022,2023,UKBMS
4075,Gladstone Park,TQ223857,522300,185700,2399,England,7,2,2022,2023,UKBMS
4076,Panshanger- Cole Green,TL280122,528000,212200,716,England,4,2,2022,2023,UKBMS
4077,Wormwood Scrubs,TQ223817,522300,181700,3123,England,15,2,2022,2023,UKBMS
4078,Panshanger- Brocket Hill,TL283127,528300,212700,1728,England,4,2,2022,2023,UKBMS
4079,Bunchley's Pond,TL226065,522600,206500,2359,England,8,2,2022,2023,UKBMS
4080,Kempton Nature Reserve,TQ117709,511700,170900,,England,4,2,2022,2023,UKBMS
4081,"St Mary's, Standon churchyard",TL396222,539600,222200,799,England,9,1,2023,2023,UKBMS
4082,Kenwood 2023,TQ270873,527000,187300,2030,England,8,1,2023,2023,UKBMS
4083,Hampstead Heath Highgate Ponds 2022,TQ275869,527500,186900,2331,England,9,1,2023,2023,UKBMS
4100,Bonne Terre,WA567074,384708,-20415,1500,Channel Islands,6,13,2008,2023,UKBMS
4101,Longis,WA599084,387921,-19458,3500,Channel Islands,12,14,2008,2023,UKBMS
4102,Trois Vaux,WA555060,383489,-21799,2500,Channel Islands,6,14,2008,2023,UKBMS
4103,Blaye,WA574063,385393,-21524,2929,Channel Islands,10,12,2009,2023,UKBMS
4104,Community Woodland,WA584075,386409,-20337,1400,Channel Islands,12,10,2010,2023,UKBMS
4200,Castle Semple Country Park,NS367600,236700,660000,3207,Scotland,10,14,2010,2023,UKBMS
4201,Earshaig,NT048026,304800,602600,1200,Scotland,12,5,2010,2015,UKBMS
4202,Glasdrum Mountain Ringlet,NM996463,199600,746300,2000,Scotland,2,16,2002,2022,UKBMS
4203,Greenock Cut,NS247720,224700,672000,2300,Scotland,12,14,2010,2023,UKBMS
4204,Lower Meadow Valleyfield,NT004862,300400,686200,1392,Scotland,9,2,2010,2011,UKBMS
4205,RSPB Lochwinnoch,NS358581,235800,658100,1800,Scotland,7,1,2010,2010,UKBMS
4206,Castlehill,ND194684,319400,968400,3498,Scotland,12,13,2010,2023,UKBMS
4207,Haddington Clerkington,NT508732,350800,673200,2646,Scotland,8,11,2011,2023,UKBMS
4208,Glen Ogle,NN580256,258000,725600,1900,Scotland,10,4,2008,2011,UKBMS
4209,Garscube Colliery,NS571696,257100,669600,1000,Scotland,6,1,2011,2011,UKBMS
4210,Hurlethill,NS513614,251300,661400,2100,Scotland,8,13,2011,2023,UKBMS
4211,Robroyston Park LNR,NS629683,262900,668300,1845,Scotland,10,11,2011,2022,UKBMS
4212,Lochgoin Reservoir,NS535472,253500,647200,1040,Scotland,8,7,2011,2023,UKBMS
4213,Southannan Sands,NS195522,219500,652200,3100,Scotland,10,4,2011,2014,UKBMS
4214,Archerfield,NT517841,351700,684100,2149,Scotland,8,11,2012,2023,UKBMS
4215,Hopetoun House Transect one,NT088790,308800,679000,2225,Scotland,12,9,2012,2023,UKBMS
4216,Hopetoun House Transect Two,NT088790,308800,679000,1620,Scotland,9,9,2012,2023,UKBMS
4217,Uphall to Almondell Viaduct,NT075697,307500,669700,3050,Scotland,8,1,2012,2012,UKBMS
4218,"Ettrick Water, Selkirk",NT467293,346700,629300,1740,Scotland,11,1,2012,2012,UKBMS
4219,Kelvingrove Park,NS568662,256800,666200,1977,Scotland,13,1,2012,2012,UKBMS
4220,Malls Mire,NS603621,260300,662100,790,Scotland,7,1,2012,2012,UKBMS
4221,Langlands Moss LNR,NS634514,263400,651400,2000,Scotland,8,11,2013,2023,UKBMS
4222,Ballinlaggan,NH948245,294800,824500,1000,Scotland,5,11,2013,2023,UKBMS
4223,Hogganfield Park LNR,NS645671,264500,667100,2050,Scotland,9,10,2013,2023,UKBMS
4224,Rogart Quarry,NC742015,274200,901500,400,Scotland,3,11,2013,2023,UKBMS
4225,Lein - Binn Hill forest,NJ320660,332000,866000,1700,Scotland,3,2,2013,2014,UKBMS
4226,Ardochrig Hill,NS637469,263700,646900,3034,Scotland,8,11,2013,2023,UKBMS
4227,Beinn Eighe,NH025620,202500,862000,3390,Scotland,12,8,2013,2023,UKBMS
4228,Inverinan,NM990179,199000,717900,2215,Scotland,15,4,2013,2016,UKBMS
4229,"Leanachan, Spean Bridge",NN240796,224000,779600,2968,Scotland,11,6,2013,2018,UKBMS
4230,Loch Avich,NM961147,196100,714700,1076,Scotland,15,4,2013,2016,UKBMS
4231,Torlundy,NN160782,216000,778200,3417,Scotland,13,6,2013,2018,UKBMS
4232,Glen Loy Oakwood,NN138828,213800,782800,1000,Scotland,3,5,2013,2020,UKBMS
4233,Clunes Forest,NN205886,220500,788600,2110,Scotland,4,4,2013,2017,UKBMS
4234,Allean Forest West,NN852601,285200,760100,1700,Scotland,8,6,2013,2018,UKBMS
4235,Allean Forest East,NN874604,287400,760400,1770,Scotland,7,4,2013,2017,UKBMS
4236,Callop River,NM922794,192200,779400,1000,Scotland,10,8,2013,2020,UKBMS
4237,"Cadderlie, Loch Etive",NN056387,205600,738700,2900,Scotland,11,5,2013,2018,UKBMS
4238,Cambus O' May,NO400982,340000,798200,2055,Scotland,10,8,2013,2023,UKBMS
4240,Dahl,NM790683,179000,768300,1440,Scotland,6,6,2013,2018,UKBMS
4241,Loch Achonachie,NH435551,243500,855100,1120,Scotland,7,5,2013,2017,UKBMS
4242,"Barrs, Loch Etive",NN071401,207100,740100,2010,Scotland,10,5,2013,2018,UKBMS
4243,Tummel Bridge West,NN771594,277100,759400,1100,Scotland,5,6,2013,2018,UKBMS
4244,Kippen - Settie/Claylands,NS637943,263700,694300,2000,Scotland,10,1,2013,2013,UKBMS
4245,Loch Garve,NH411602,241100,860200,880,Scotland,5,5,2013,2017,UKBMS
4246,Black Craig PBF Timed Count 1,NN578925,257800,792500,1000,Scotland,1,6,2013,2018,UKBMS
4247,Black Craig PBF Timed Count 2,NN575922,257500,792200,400,Scotland,1,6,2013,2018,UKBMS
4248,Tummel Bridge East,NN791596,279100,759600,2530,Scotland,9,5,2013,2018,UKBMS
4249,"Inver Plantation, Braemar",NO212923,321200,792300,1580,Scotland,13,6,2013,2018,UKBMS
4250,The Black Wood Laggan,NN573912,257300,791200,1000,Scotland,5,6,2013,2018,UKBMS
4251,Mersehead RSPB,NX930556,293000,555600,2700,Scotland,6,9,2014,2023,UKBMS
4252,Glen Creran - Powerline,NN039487,203900,748700,3500,Scotland,13,6,2014,2019,UKBMS
4253,Cardowan Moss LNR,NS654672,265400,667200,2600,Scotland,11,7,2014,2022,UKBMS
4254,Ullapool,NH125944,212500,894400,1680,Scotland,10,7,2014,2023,UKBMS
4255,"Kincraig, Fife",NT468999,346800,699900,1130,Scotland,6,7,2015,2023,UKBMS
4256,Glen Creran - Clansman Trail,NN033490,203300,749000,850,Scotland,4,6,2014,2019,UKBMS
4257,Preston Mill,NT594778,359400,677800,1995,Scotland,8,7,2014,2022,UKBMS
4259,Cambus Village Pools,NS853935,285300,693500,1000,Scotland,3,10,2014,2023,UKBMS
4260,"Balanton, Aberfoyle",NN530005,253000,700500,1810,Scotland,9,1,2014,2014,UKBMS
4261,Red Fox Valley,NS779738,277900,673800,698,Scotland,12,1,2014,2014,UKBMS
4262,Skinflats Pools,NS920832,292000,683200,2480,Scotland,5,5,2014,2018,UKBMS
4263,Gathering Stone,NN812021,281200,702100,1000,Scotland,4,4,2014,2021,UKBMS
4264,Cambusmore GP,NN643058,264300,705800,1500,Scotland,5,3,2014,2016,UKBMS
4265,Darnrigg Moss,NS870752,287000,675200,2000,Scotland,5,3,2014,2016,UKBMS
4266,Kinneil,NS963812,296300,681200,1300,Scotland,1,10,2014,2023,UKBMS
4267,Whitesands Quarry,NT702768,370200,676800,4130,Scotland,9,1,2015,2015,UKBMS
4268,Cathkin Marsh,NS621574,262100,657400,1770,Scotland,11,9,2015,2023,UKBMS
4269,Sustrans Lochwinnoch Visitor Centre to St Brydes,NS372598,237200,659800,3000,Scotland,10,2,2015,2016,UKBMS
4270,Kirkconnel Flow,NX963703,296300,570300,1063,Scotland,11,1,2015,2015,UKBMS
4271,Coulter's Wood,NS606574,260600,657400,1200,Scotland,4,9,2015,2023,UKBMS
4272,Barclye,NX392692,239200,569200,3727,Scotland,6,1,2015,2015,UKBMS
4273,Kingshill LNR,NS856567,285600,656700,3260,Scotland,8,8,2016,2023,UKBMS
4274,Lower Killeyan to Giol,NR280435,128000,643500,3377,Scotland,10,8,2016,2023,UKBMS
4275,Blacklaw Wood,NS923484,292300,648400,1600,Scotland,5,8,2016,2023,UKBMS
4276,Upper Killeyan,NR275425,127500,642500,2848,Scotland,4,8,2016,2023,UKBMS
4277,Aberarder,NN479875,247900,787500,1500,Scotland,6,1,2016,2016,UKBMS
4278,Sustrans-Old Avon Bridge-Strathclyde Park,NS734554,273400,655400,2000,Scotland,5,4,2016,2019,UKBMS
4279,Longcarse,NS865924,286500,692400,1800,Scotland,2,8,2016,2023,UKBMS
4280,Gordon Castle victorian walled garden,NJ348590,334800,859000,800,Scotland,3,4,2016,2019,UKBMS
4281,Polldubh,NN158684,215800,768400,1500,Scotland,3,6,2016,2023,UKBMS
4282,Belleisle Park,NS330194,233000,619400,2184,Scotland,8,3,2016,2021,UKBMS
4283,Fochabers CC,NJ340591,334000,859100,1000,Scotland,4,4,2016,2019,UKBMS
4284,South River Nevis,NN145684,214500,768400,1500,Scotland,3,6,2016,2023,UKBMS
4285,Rouken Glen Park,NS547579,254700,657900,1000,Scotland,9,4,2016,2019,UKBMS
4286,Fallin Bing & Wester Moss,NS836910,283600,691000,2600,Scotland,11,3,2017,2019,UKBMS
4287,Plean Country Park,NS829866,282900,686600,1820,Scotland,9,7,2017,2023,UKBMS
4288,Ken Dee Marshes,NX693691,269300,569100,2523,Scotland,6,5,2018,2023,UKBMS
4289,Queensbury,NX848992,284800,599200,2809,Scotland,8,3,2017,2019,UKBMS
4290,Sustrans NCN77 Dunkeld and Birnam,NO030418,303000,741800,1652,Scotland,10,5,2017,2022,UKBMS
4291,Sustrans Orchard Brae - Roseburn,NT229737,322900,673700,1760,Scotland,5,3,2017,2019,UKBMS
4293,Dun Coilich,NN765528,276500,752800,2800,Scotland,11,1,2017,2017,UKBMS
4294,Loch Leven - Vane (2012 route),NT159989,315900,698900,900,Scotland,4,6,2018,2023,UKBMS
4295,Dundee Law,NO391313,339100,731300,1200,Scotland,8,5,2018,2022,UKBMS
4296,Glen Rosa,NR985384,198500,638400,3330,Scotland,14,2,2018,2022,UKBMS
4297,Dighty Burn,NO447326,344700,732600,1900,Scotland,7,6,2018,2023,UKBMS
4298,Sustrans NCN77 Section 2,NO112256,311200,725600,1380,Scotland,7,6,2018,2023,UKBMS
4299,Greenhead Moss LNR,NS810548,281000,654800,3000,Scotland,6,6,2018,2023,UKBMS
4301,Fern Valley,WV639511,391160,-76805,785,Channel Islands,4,17,2004,2023,UKBMS
4302,Les Landes,WV548562,382128,-71585,2435,Channel Islands,14,20,2004,2023,UKBMS
4303,St Catherine's Wood,WV704523,397675,-75691,2541,Channel Islands,8,20,2004,2023,UKBMS
4304,Les Blanches Banques,WV569501,384147,-77712,3189,Channel Islands,8,19,2004,2023,UKBMS
4305,Ruth Skinner Fields,WV550552,382315,-72587,621,Channel Islands,4,19,2004,2023,UKBMS
4306,The Elms,WV607532,387988,-74662,2109,Channel Islands,11,17,2004,2023,UKBMS
4307,La Ville Machon,WV680540,395298,-73959,1261,Channel Islands,7,19,2004,2023,UKBMS
4308,Howard Davis Farm: Field 823,WV661535,393391,-74434,251,Channel Islands,3,18,2004,2023,UKBMS
4309,Howard Davis Farm: Field 851,WV660530,393285,-74933,261,Channel Islands,2,6,2004,2009,UKBMS
4310,Howard Davis Farm: Field 567,WV660540,393298,-73933,257,Channel Islands,2,6,2004,2009,UKBMS
4311,Ouaisne Fields,WV598474,387011,-80450,686,Channel Islands,6,18,2005,2023,UKBMS
4312,Les Creux Country Park,WV576480,384820,-79821,876,Channel Islands,7,17,2004,2023,UKBMS
4313,Eversely Farm: Field 421,WV696518,396868,-76180,84,Channel Islands,1,16,2004,2023,UKBMS
4314,St Germains,WV640532,391288,-74706,500,Channel Islands,10,18,2004,2023,UKBMS
4315,Brian Adair: Field 1114,WV643519,391570,-76010,330,Channel Islands,4,18,2004,2023,UKBMS
4316,Vermont Farm: Fields 864-829,WV596489,386831,-78948,559,Channel Islands,5,13,2004,2023,UKBMS
4317,Vermont Farm: Field 885,WV592494,386438,-78442,234,Channel Islands,3,13,2004,2023,UKBMS
4318,Waterland: Field 692,WV572534,384491,-74416,476,Channel Islands,2,12,2004,2019,UKBMS
4319,Magris Home: Field 280,WV574543,384703,-73519,678,Channel Islands,2,12,2004,2019,UKBMS
4320,Howard Davis Farm: Field 827,WV659536,393193,-74331,492,Channel Islands,1,19,2004,2023,UKBMS
4321,RJA: Field 848,WV650530,392285,-74919,482,Channel Islands,3,6,2004,2009,UKBMS
4322,Grouville Golf Course,WV703490,397531,-78989,3569,Channel Islands,10,20,2004,2023,UKBMS
4323,Les Mielles,WV562528,383483,-75003,805,Channel Islands,6,20,2004,2023,UKBMS
4324,La Commune,WV666516,393866,-76340,686,Channel Islands,6,19,2004,2023,UKBMS
4325,West Park,WV643487,391528,-79210,988,Channel Islands,7,20,2004,2023,UKBMS
4326,Swiss Valley,WV667489,393930,-79041,1231,Channel Islands,9,4,2004,2009,UKBMS
4327,Green Street Cemetery,WV654480,392619,-79924,494,Channel Islands,6,16,2004,2023,UKBMS
4328,Howard Davis Park,WV658478,393016,-80129,874,Channel Islands,10,13,2008,2023,UKBMS
4329,St Ouen's Pond,WV564518,383670,-76006,1098,Channel Islands,7,19,2005,2023,UKBMS
4330,L'Oeillere Headland,WV560485,383226,-79300,1096,Channel Islands,12,16,2007,2023,UKBMS
4331,Grainville School,WV663499,393544,-78036,384,Channel Islands,6,6,2007,2013,UKBMS
4332,Victoria Tower,WV713503,398548,-77702,442,Channel Islands,6,14,2008,2022,UKBMS
4333,South Hill Park,WV650476,392213,-80319,529,Channel Islands,5,13,2010,2023,UKBMS
4334,St John's Monument,WV627558,390022,-72089,979,Channel Islands,8,13,2010,2023,UKBMS
4335,Rue Graut,WV689474,396110,-80570,1220,Channel Islands,7,10,2014,2023,UKBMS
4336,Noirmont,WV605468,387703,-81059,1974,Channel Islands,7,10,2013,2023,UKBMS
4337,Upper Sand Dunes,WV574502,384649,-77619,1982,Channel Islands,7,11,2013,2023,UKBMS
4338,Sorel,WV612564,388530,-71469,2308,Channel Islands,10,8,2014,2023,UKBMS
4340,Faldouet,WV709502,398147,-77797,687,Channel Islands,5,10,2013,2023,UKBMS
4341,Grouville Depot,WV690487,396228,-79272,640,Channel Islands,7,10,2014,2023,UKBMS
4342,Le Hurel,WV700470,397205,-80985,1093,Channel Islands,6,9,2015,2023,UKBMS
4343,Plemont,WV562564,383531,-71403,1380,Channel Islands,8,7,2017,2023,UKBMS
4344,Fern Valley Extension,WV640512,391261,-76706,440,Channel Islands,2,10,2012,2023,UKBMS
4345,La Sarsonnerie,WV587484,385975,-79386,725,Channel Islands,9,1,2011,2011,UKBMS
4400,Durlston Meadows,SZ024773,402400,77300,2031,England,8,12,2011,2023,UKBMS
4401,Durlston NORTH meadows,SZ025778,402500,77800,1632,England,8,4,2011,2014,UKBMS
4403,Canford Heath NNR,SZ024964,402400,96400,2000,England,10,1,2013,2013,UKBMS
4404,Bracketts Coppice II (DWT),ST515066,351500,106600,2660,England,10,10,2014,2023,UKBMS
4405,Avon Heath North 2014,SU125032,412500,103200,2000,England,6,10,2014,2023,UKBMS
4406,Ryewater Nursery,ST665105,366500,110500,2800,England,9,9,2015,2023,UKBMS
4407,Higher Hyde Heath (DWT) II,SY855903,385500,90300,1720,England,9,8,2016,2023,UKBMS
4408,Hambledon Hill,ST843126,384300,112600,2044,England,7,6,2018,2023,UKBMS
4409,Weymouth Relief Road,SY672856,367200,85600,2130,England,9,6,2018,2023,UKBMS
4410,RSPB Arne Coombe Heath,SY971872,397100,87200,2100,England,6,4,2018,2023,UKBMS
4411,Hogchester,SY352945,335200,94500,1900,England,10,2,2019,2022,UKBMS
4412,RSPB Chafey’s Weymouth,SY669801,366900,80100,750,England,2,5,2019,2023,UKBMS
4413,Durlston Woodland,SZ033775,403300,77500,500,England,2,4,2019,2023,UKBMS
4414,Wyke Regis,SY651778,365100,77800,2676,England,10,3,2021,2023,UKBMS
4415,Bishops Court North,ST934030,393400,103000,2629,England,7,2,2022,2023,UKBMS
4416,Bishops Court South,ST938028,393800,102800,2904,England,6,2,2022,2023,UKBMS
4417,Wild Woodbury South,SY860935,386000,93500,3136,England,10,2,2022,2023,UKBMS
4418,Wild Woodbury,SY852941,385200,94100,3668,England,8,2,2022,2023,UKBMS
4419,Hooke Farm,ST532006,353200,100600,1222,England,7,2,2022,2023,UKBMS
4420,Hicks,SZ103966,410300,96600,2811,England,11,2,2022,2023,UKBMS
4421,Brownsea South,SZ019876,401900,87600,2230,England,8,2,2022,2023,UKBMS
4422,Brownsea North,SZ019880,401900,88000,1679,England,7,2,2022,2023,UKBMS
4423,"Wyke Woodland, Chedington",ST500070,350000,107000,1716,England,5,1,2023,2023,UKBMS
4424,"Wyke Farmland, Chedington",ST501079,350100,107900,1876,England,5,1,2023,2023,UKBMS
4425,Slape Manor,SY471984,347100,98400,3586,England,9,1,2023,2023,UKBMS
4426,Portland Tout 23,SY685727,368500,72700,1434,England,6,1,2023,2023,UKBMS
4428,Southbourne Seafront,SZ147911,414700,91100,3788,England,7,1,2023,2023,UKBMS
4500,Saltlands Community Woodland,ST300382,330000,138200,2440,England,5,2,2011,2012,UKBMS
4501,Royate Hill,ST618748,361800,174800,400,England,5,5,2011,2015,UKBMS
4502,Leigh Woods,ST561733,356100,173300,2000,England,8,6,2011,2023,UKBMS
4503,Gilling Down,ST497324,349700,132400,1250,England,7,6,2011,2016,UKBMS
4504,Collard Hill,ST487340,348700,134000,1278,England,7,10,2011,2023,UKBMS
4505,Black Rock Quarry Portishead,ST457747,345700,174700,550,England,4,1,2011,2011,UKBMS
4506,Shute Shelve Hill,ST423549,342300,154900,2750,England,7,13,2011,2023,UKBMS
4507,Avon Gorge 3,ST560730,356000,173000,1412,England,4,2,2011,2012,UKBMS
4508,Ebbor Gorge 2011,ST528488,352800,148800,,England,9,2,2011,2012,UKBMS
4509,East Field,ST437305,343700,130500,1400,England,9,10,2012,2021,UKBMS
4510,Higher Vexford,ST109353,310900,135300,1280,England,7,4,2012,2015,UKBMS
4511,Ash Priors Common (2013),ST152289,315200,128900,1250,England,6,11,2013,2023,UKBMS
4512,Netherclay,ST197250,319700,125000,1500,England,6,10,2013,2022,UKBMS
4513,New Hill & Tannager,ST498318,349800,131800,2544,England,9,8,2013,2020,UKBMS
4514,Wych Lodge Valley,ST251199,325100,119900,2500,England,9,11,2013,2023,UKBMS
4515,Lordleaze,ST331081,333100,108100,500,England,1,2,2013,2014,UKBMS
4516,Shapwick Heath East,ST426406,342600,140600,3700,England,7,11,2013,2023,UKBMS
4517,Shapwick Heath Canada Farm,ST417406,341700,140600,2800,England,6,11,2013,2023,UKBMS
4518,Cheddar Wood 2013,ST448556,344800,155600,2300,England,15,11,2013,2023,UKBMS
4519,Ubley Warren 2013,ST505556,350500,155600,910,England,10,4,2013,2016,UKBMS
4521,Lower Chelmsine,ST192185,319200,118500,1500,England,7,10,2014,2023,UKBMS
4522,Edford Meadows,ST674489,367400,148900,1727,England,11,4,2014,2017,UKBMS
4523,West Sedgemoor (North),ST377283,337700,128300,2120,England,5,6,2014,2019,UKBMS
4524,Steart Marsh North,ST273454,327300,145400,1700,England,6,7,2014,2020,UKBMS
4525,Plotgate,ST546327,354600,132700,530,England,4,3,2014,2017,UKBMS
4526,Bennett's Patch and White's Paddock,ST551752,355100,175200,1300,England,8,9,2015,2023,UKBMS
4527,Nettlecombe,ST053377,305300,137700,2100,England,7,3,2015,2017,UKBMS
4528,Priddy Mineries,ST546510,354600,151000,3641,England,11,9,2015,2023,UKBMS
4529,Single Hill & Stony Littleton,ST722563,372200,156300,2229,England,7,2,2015,2016,UKBMS
4530,Steart Marshes: Stockland Marsh (BT1),ST247440,324700,144000,1260,England,6,6,2015,2020,UKBMS
4531,Steart Marshes: Wetland Walkway (BT2),ST257438,325700,143800,3000,England,6,6,2015,2020,UKBMS
4532,Knyfton's Firs,ST500501,350000,150100,330,England,3,9,2015,2023,UKBMS
4533,Church Hill and Wain's Hill,ST395709,339500,170900,2300,England,9,6,2016,2021,UKBMS
4534,Meads Eco Park,ST292362,329200,136200,3130,England,12,6,2016,2022,UKBMS
4535,Long Run and Roughmoor,ST213253,321300,125300,3200,England,9,6,2016,2021,UKBMS
4536,Uphill and Walborough,ST315582,331500,158200,2850,England,6,2,2016,2017,UKBMS
4537,Lusty Hill Farm,ST681341,368100,134100,1120,England,9,4,2016,2023,UKBMS
4538,Narroways and Ashley Hill Allotments,ST599751,359900,175100,1800,England,5,7,2017,2023,UKBMS
4539,Packhorse Meadow,ST751614,375100,161400,895,England,5,7,2017,2023,UKBMS
4540,Ubley Warren 2018,ST505555,350500,155500,1826,England,9,6,2018,2023,UKBMS
4541,Fyne Court 2,ST222320,322200,132000,2050,England,13,6,2018,2023,UKBMS
4542,Cadbury Camp,ST454724,345400,172400,1750,England,3,6,2018,2023,UKBMS
4543,Cothelstone Hill,ST191326,319100,132600,3100,England,4,6,2018,2023,UKBMS
4544,Tyntesfield Truckle Wood/Abrahams,ST499716,349900,171600,1200,England,3,5,2018,2023,UKBMS
4545,Bathwick Fields,ST760644,376000,164400,1480,England,6,4,2019,2023,UKBMS
4546,Smallcombe Vale,ST763639,376300,163900,1650,England,10,4,2019,2023,UKBMS
4547,Rainbow Wood Fields,ST764633,376400,163300,2500,England,9,4,2019,2023,UKBMS
4548,Sham Castle Down,ST764652,376400,165200,1500,England,9,5,2019,2023,UKBMS
4549,Thurlbear Quarrylands 2019,ST272209,327200,120900,2450,England,5,5,2019,2023,UKBMS
4550,Kingswood Warren,ST747359,374700,135900,3360,England,6,4,2019,2022,UKBMS
4551,Hinkley 2015,ST210456,321000,145600,2733,England,7,3,2020,2022,UKBMS
4552,Fairview,ST470529,347000,152900,750,England,10,4,2020,2023,UKBMS
4553,Lytes Cary Manor,ST533266,353300,126600,2000,England,10,2,2020,2021,UKBMS
4554,Lamplighters Marsh LNR,ST524765,352400,176500,1670,England,6,2,2020,2021,UKBMS
4555,Westhay Moor (The Mire),ST454439,345400,143900,1150,England,5,3,2021,2023,UKBMS
4556,Westhay Moor (Viridor Transect),ST456440,345600,144000,1190,England,5,3,2021,2023,UKBMS
4557,RSPB Ham Wall 2020+,ST452399,345200,139900,2420,England,7,3,2021,2023,UKBMS
4558,Jubilee Stone & Badgers Wood,ST499677,349900,167700,1578,England,10,3,2021,2023,UKBMS
4559,Gordano Valley,ST439733,343900,173300,2200,England,5,3,2021,2023,UKBMS
4560,Hengrove Mounds,ST590685,359000,168500,1602,England,5,3,2021,2023,UKBMS
4561,Montacute,ST499171,349900,117100,2780,England,9,1,2021,2021,UKBMS
4562,SWT Catcott Reserve,ST403412,340300,141200,2362,England,5,2,2022,2023,UKBMS
4563,Aller Wood & Turn Hill (2022 route),ST413315,341300,131500,1532,England,5,2,2022,2023,UKBMS
4564,Northern Slopes,ST592704,359200,170400,1984,England,10,2,2022,2023,UKBMS
4565,East Harptree Woods,ST557543,355700,154300,1948,England,4,1,2022,2022,UKBMS
4566,Grow Wilder,ST626770,362600,177000,1001,England,7,1,2022,2022,UKBMS
4567,Hellenge Hill,ST344571,334400,157100,1577,England,5,2,2022,2023,UKBMS
4568,Burrington Ham,ST487582,348700,158200,3073,England,5,1,2022,2022,UKBMS
4569,Over Stowey Customs Common,ST162382,316200,138200,3711,England,8,1,2023,2023,UKBMS
4570,Brean Down (revised),ST290589,329000,158900,4040,England,7,1,2023,2023,UKBMS
4571,Hutton Hill,ST358579,335800,157900,2219,England,5,1,2023,2023,UKBMS
4572,Shapwick Moor,ST406400,340600,140000,2786,England,5,1,2023,2023,UKBMS
4573,Bubwith Acres,ST476536,347600,153600,1505,England,1,1,2023,2023,UKBMS
4574,Goblin Combe Extension,ST476653,347600,165300,464,England,1,1,2023,2023,UKBMS
4575,Cheddar Cliffs,ST477547,347700,154700,2467,England,7,1,2023,2023,UKBMS
4576,Portbury Wharf Nature Reserve,ST484767,348400,176700,4319,England,10,1,2023,2023,UKBMS
4577,Watercress Farm Poplar Wood,ST499705,349900,170500,,England,6,1,2023,2023,UKBMS
4578,Watercress Farm Railway Siding,ST501704,350100,170400,,England,5,1,2023,2023,UKBMS
4580,Worley Hill 2023,ST523358,352300,135800,2314,England,7,1,2023,2023,UKBMS
4581,"Stoke Park, Bristol",ST616772,361600,177200,2746,England,11,1,2023,2023,UKBMS
4582,Greenbank Cemetery & Royate Hill LNR,ST617747,361700,174700,1503,England,8,1,2023,2023,UKBMS
4583,Prior Park Landscape Gardens,ST761633,376100,163300,2100,England,11,1,2023,2023,UKBMS
4584,Bathampton Meadows - Grosvenor,ST766663,376600,166300,2236,England,7,1,2023,2023,UKBMS
4585,Bathampton Meadows - Batheaston,ST777670,377700,167000,1881,England,5,1,2023,2023,UKBMS
4586,Browne's Folly 2,ST797663,379700,166300,1436,England,4,1,2023,2023,UKBMS
4587,Mount Fancy Shutes (PHS),ST246169,324600,116900,,England,9,1,2023,2023,UKBMS
4601,Chiddingfold Forest East,SU985344,498500,134400,4960,England,15,9,2015,2023,UKBMS
4602,Chiddingfold Forest West,SU982337,498200,133700,3750,England,14,9,2015,2023,UKBMS
4603,"Foxley Wood, Purley",TQ315604,531500,160400,1990,England,11,9,2015,2023,UKBMS
4604,"West Hanger, Shere Woodlands",TQ066490,506600,149000,1830,England,7,9,2015,2023,UKBMS
4605,"Runnymede, Egham (2015 route)",TQ005718,500500,171800,2200,England,9,9,2015,2023,UKBMS
4606,"Bay Pond, Godstone",TQ353516,535300,151600,1030,England,8,4,2015,2018,UKBMS
4607,Wimbledon Common SW and Fishponds Wood,TQ219712,521900,171200,3390,England,12,9,2015,2023,UKBMS
4608,"Shortfield Common, Frensham",SU841422,484100,142200,1000,England,6,9,2015,2023,UKBMS
4609,Wimbledon Common (2015 route),TQ231725,523100,172500,2810,England,12,9,2015,2023,UKBMS
4610,RHS Wisley - Wild Area and Pinetum,TQ063590,506300,159000,620,England,2,2,2015,2017,UKBMS
4611,RHS Wisley - Main Garden,TQ062581,506200,158100,1130,England,5,4,2015,2023,UKBMS
4612,Chiddingfold Forest South,SU981323,498100,132300,1530,England,4,9,2015,2023,UKBMS
4613,"Rodborough Common, Milford",SU935417,493500,141700,2500,England,11,5,2015,2020,UKBMS
4614,Brentmoor Heath Cuckoo Hill,SU933610,493300,161000,1330,England,5,9,2015,2023,UKBMS
4615,Tolworth Court Farm,TQ198649,519800,164900,2550,England,10,9,2015,2023,UKBMS
4616,"Pilgrim's Meadow, Farnham",SU856475,485600,147500,440,England,4,1,2015,2015,UKBMS
4617,Chobham Grazing South,SU974645,497400,164500,1545,England,6,5,2015,2023,UKBMS
4618,Merrow Downs,TQ026498,502600,149800,3347,England,15,8,2016,2023,UKBMS
4619,Blindley Heath,TQ367448,536700,144800,2090,England,9,4,2016,2019,UKBMS
4620,Chipstead Downs and Fames Rough,TQ268573,526800,157300,3771,England,12,8,2016,2023,UKBMS
4621,Horton Country Park North,TQ194630,519400,163000,3208,England,14,8,2016,2023,UKBMS
4622,"The Mount, Guildford",SU976487,497600,148700,2978,England,7,8,2016,2023,UKBMS
4623,Barnes Common,TQ222759,522200,175900,3006,England,10,7,2016,2023,UKBMS
4624,"Nonsuch Park, Cheam",TQ231637,523100,163700,3229,England,11,8,2016,2023,UKBMS
4625,Leith Hill Place,TQ130421,513000,142100,3285,England,15,8,2016,2023,UKBMS
4626,Reigate Heath,TQ235501,523500,150100,3358,England,12,7,2016,2023,UKBMS
4627,Spynes Mere,TQ306524,530600,152400,1688,England,8,8,2016,2023,UKBMS
4628,"Inholms Clay Pit, North Holmwood",TQ173471,517300,147100,1575,England,10,4,2016,2019,UKBMS
4629,Selsdon Wood,TQ362615,536200,161500,2953,England,13,8,2016,2023,UKBMS
4630,Water Colours/Moors,TQ291514,529100,151400,1225,England,4,8,2016,2023,UKBMS
4631,Dawney's Hill Common and Brookwood Cemetery,SU947565,494700,156500,3927,England,13,8,2016,2023,UKBMS
4632,Featherbed Lane GC,TQ377620,537700,162000,1227,England,3,2,2016,2023,UKBMS
4633,RSPB Farnham Heath - East,SU861438,486100,143800,2280,England,7,6,2016,2023,UKBMS
4634,"Oxted Downs, Gangers Hill (2017 route)",TQ376541,537600,154100,1404,England,10,7,2017,2023,UKBMS
4635,"Hurst Meadows, East Molesey",TQ144689,514400,168900,2465,England,7,6,2017,2023,UKBMS
4636,Clandon Wood Natural Burial Ground,TQ048512,504800,151200,1969,England,12,6,2017,2023,UKBMS
4637,"Smithwood Common, Cranleigh",TQ051411,505100,141100,1720,England,8,4,2017,2021,UKBMS
4638,Oaken Wood West,SU989338,498900,133800,689,England,5,7,2017,2023,UKBMS
4639,Barossa and Poors Allotment,SU886632,488600,163200,2921,England,10,7,2017,2023,UKBMS
4640,Polesden Lacey East,TQ142519,514200,151900,3409,England,9,7,2017,2023,UKBMS
4641,Polesden Lacey West,TQ131519,513100,151900,2351,England,8,3,2017,2019,UKBMS
4642,Langley Vale Wood A,TQ212564,521200,156400,2815,England,12,6,2018,2023,UKBMS
4643,"Stave Hill Ecology Park, Rotherhithe",TQ361798,536100,179800,1641,England,10,6,2018,2023,UKBMS
4644,"Gatwick Airport, North West Zone",TQ256407,525600,140700,2455,England,8,4,2018,2022,UKBMS
4645,"Denbies Hillside Secretaries, Dorking",TQ151501,515100,150100,1384,England,8,6,2018,2023,UKBMS
4646,Hatchlands Park,TQ067519,506700,151900,3957,England,14,4,2018,2023,UKBMS
4647,One Tree Hill and Brenchley Gardens,TQ354743,535400,174300,1810,England,11,6,2018,2023,UKBMS
4648,"Oxted Downs, Whistlers Steep (2018 route)",TQ386543,538600,154300,1365,England,10,6,2018,2023,UKBMS
4649,Streatham Common,TQ309708,530900,170800,1729,England,9,6,2018,2023,UKBMS
4650,"Lloyd Park, Croydon",TQ340649,534000,164900,1500,England,6,5,2018,2022,UKBMS
4651,"Gatwick Airport, Land East of the Railway",TQ293403,529300,140300,2431,England,10,5,2018,2023,UKBMS
4652,Whitmoor Common,SU986535,498600,153500,2990,England,10,5,2018,2023,UKBMS
4653,Ham Lands South,TQ166719,516600,171900,2752,England,13,6,2018,2023,UKBMS
4654,Hankley Common North,SU887415,488700,141500,2923,England,9,6,2018,2023,UKBMS
4655,Elstead Common,SU905420,490500,142000,3162,England,9,6,2018,2023,UKBMS
4656,Coulsdon Common Merlewood Far,TQ326574,532600,157400,192,England,2,6,2018,2023,UKBMS
4657,Bookham Common,TQ124565,512400,156500,2880,England,12,5,2019,2023,UKBMS
4658,Hooley Meadows,TQ287569,528700,156900,1279,England,10,5,2019,2023,UKBMS
4659,"Brockwell Park, Herne Hill",TQ316738,531600,173800,2597,England,10,5,2019,2023,UKBMS
4660,Earlswood Common (2019 route),TQ270486,527000,148600,3084,England,10,4,2019,2023,UKBMS
4661,Frensham Great Pond,SU845406,484500,140600,2500,England,10,5,2019,2023,UKBMS
4662,Mare Hill Common,SU936401,493600,140100,2046,England,8,5,2019,2023,UKBMS
4663,"Manor Park, Whyteleafe",TQ342571,534200,157100,1975,England,8,3,2019,2021,UKBMS
4664,Belair Park,TQ327733,532700,173300,2200,England,9,5,2019,2023,UKBMS
4665,"Burgess Park North, Walworth",TQ330777,533000,177700,2570,England,8,5,2019,2023,UKBMS
4666,"Burgess Park South, Walworth",TQ332776,533200,177600,2149,England,7,5,2019,2023,UKBMS
4667,"Hogsmill Nature Trail, Malden Manor",TQ207663,520700,166300,1988,England,9,4,2020,2023,UKBMS
4668,"Cannon Hill Common, Raynes Park",TQ238683,523800,168300,1800,England,10,4,2020,2023,UKBMS
4669,Polesden Lacey Stony Rock,TQ124503,512400,150300,2352,England,11,4,2020,2023,UKBMS
4670,"Dungeon Hill, Woodmansterne",TQ271592,527100,159200,2681,England,9,4,2020,2023,UKBMS
4671,Dulwich Park,TQ334737,533400,173700,2115,England,8,4,2020,2023,UKBMS
4672,West Norwood Cemetery,TQ323721,532300,172100,2617,England,10,2,2020,2023,UKBMS
4673,"Barnes Common, The Orchard",TQ222756,522200,175600,448,England,3,4,2020,2023,UKBMS
4674,"Leg O'Mutton Reservoir, Barnes",TQ217773,521700,177300,2037,England,7,4,2020,2023,UKBMS
4675,Sidney Wood and Park Copse,TQ024344,502400,134400,4842,England,15,3,2021,2023,UKBMS
4676,Ham Lands North,TQ164727,516400,172700,2460,England,12,3,2021,2023,UKBMS
4677,Polesden Lacey West (2021 route),TQ132519,513200,151900,3189,England,8,3,2021,2023,UKBMS
4678,Sanderstead to Whyteleafe Countryside Area,TQ339598,533900,159800,2638,England,15,3,2021,2023,UKBMS
4679,Millstock,TQ287577,528700,157700,1012,England,2,1,2022,2022,UKBMS
4680,Runnymede North,SU997726,499700,172600,1785,England,9,2,2022,2023,UKBMS
4681,Wandsworth Common Grassland,TQ270743,527000,174300,2883,England,7,2,2022,2023,UKBMS
4682,Croham Hurst,TQ337632,533700,163200,1587,England,7,2,2022,2023,UKBMS
4683,Molesey Reservoirs,TQ122687,512200,168700,2745,England,7,2,2022,2023,UKBMS
4684,Runnymede Riverside,SU999727,499900,172700,981,England,1,2,2022,2023,UKBMS
4685,"Thundry Meadows Nature Reserve, Elstead",SU895440,489500,144000,1313,England,6,2,2022,2023,UKBMS
4686,"Unstead Wetland Nature Reserve, Godalming",SU995456,499500,145600,1427,England,5,2,2022,2023,UKBMS
4687,Wingate Hill (2020 route),TQ265523,526500,152300,1256,England,6,2,2022,2023,UKBMS
4688,Bealeswood Common (PHS),SU822409,482200,140900,,England,12,1,2023,2023,UKBMS
4689,Weybourne Nature Reserve (PHS),SU855485,485500,148500,,England,12,1,2023,2023,UKBMS
4690,Runforld Ridge,SU879481,487900,148100,1663,England,5,1,2023,2023,UKBMS
4691,Seale Meadow,SU900482,490000,148200,679,England,4,1,2023,2023,UKBMS
4692,Hamtpon Downs,SU907481,490700,148100,2753,England,9,1,2023,2023,UKBMS
4693,Rodborough Common (PHS),SU938421,493800,142100,,England,11,1,2023,2023,UKBMS
4694,"Lammas Lands, Godalming",SU975442,497500,144200,2245,England,4,1,2023,2023,UKBMS
4695,"Blackheath, Chilworth",TQ038459,503800,145900,4007,England,12,1,2023,2023,UKBMS
4696,Richmond Park (PHS),TQ195737,519500,173700,,England,14,1,2023,2023,UKBMS
4697,Tolworth Court Farm (PHS),TQ199647,519900,164700,,England,6,1,2023,2023,UKBMS
4698,Newdigate Brickworks,TQ204427,520400,142700,1482,England,8,1,2023,2023,UKBMS
4699,"Nonsuch Park, Epsom (PHS)",TQ232637,523200,163700,,England,8,1,2023,2023,UKBMS
4700,Bushy Bank,SU583915,458300,191500,1010,England,7,8,2015,2023,UKBMS
4701,Marlow Common North,SU824870,482400,187000,,England,1,4,2015,2018,UKBMS
4702,Yoesden,SU788981,478800,198100,,England,8,1,2015,2015,UKBMS
4703,Yoesden 2016 route,SU788981,478800,198100,2000,England,11,8,2016,2023,UKBMS
4704,Merton Wood,SP585178,458500,217800,1880,England,11,2,2017,2021,UKBMS
4705,River Windrush Valley,SP341111,434100,211100,1437,England,1,4,2017,2021,UKBMS
4706,Fobney Island,SU702710,470200,171000,2000,England,6,7,2017,2023,UKBMS
4707,"Windmill Farm, Clanfield",SP278013,427800,201300,2405,England,6,2,2017,2018,UKBMS
4708,Cock Marsh,SU882867,488200,186700,2443,England,4,6,2017,2023,UKBMS
4709,Incombe Hole,SP959157,495900,215700,1280,England,11,5,2018,2023,UKBMS
4710,Lids Down,SU547849,454700,184900,1600,England,6,6,2018,2023,UKBMS
4711,Thrupp Lake,SU519975,451900,197500,1630,England,6,6,2018,2023,UKBMS
4712,Buckingham Railway Walk,SP692334,469200,233400,2237,England,9,6,2018,2023,UKBMS
4713,Stoke Common,SU986853,498600,185300,4490,England,10,6,2018,2023,UKBMS
4714,Abbey Fishponds LNR,SU512979,451200,197900,750,England,3,6,2018,2023,UKBMS
4715,Whiteleaf Hill,SP821040,482100,204000,710,England,8,1,2018,2018,UKBMS
4716,Gillotts Field,SU746813,474600,181300,2100,England,4,1,2019,2019,UKBMS
4717,West Wycombe Hill,SU827950,482700,195000,1898,England,8,4,2019,2023,UKBMS
4718,Hughenden Manor,SU860954,486000,195400,3450,England,8,1,2019,2019,UKBMS
4719,Sallow Copse,SP971135,497100,213500,2400,England,9,4,2019,2023,UKBMS
4720,"Bradfield, Mirams Copse",SU579728,457900,172800,1200,England,6,4,2020,2023,UKBMS
4721,Warwick Spinney,SU610920,461000,192000,552,England,6,4,2020,2023,UKBMS
4722,Holly Copse,SU596701,459600,170100,2360,England,7,4,2020,2023,UKBMS
4724,"Owlpit Copse, Bradfield",SU587732,458700,173200,1809,England,8,3,2021,2023,UKBMS
4726,Oxfordshire Golf Club,SP683043,468300,204300,3680,England,9,3,2021,2023,UKBMS
4728,Cholsey West End,SU583863,458300,186300,586,England,3,1,2021,2021,UKBMS
4729,Kings Barn Rogues,SU815867,481500,186700,1017,England,4,2,2022,2023,UKBMS
4730,Aston Upthorpe Downs extension,SU545835,454500,183500,197,England,1,2,2022,2023,UKBMS
4731,Floodplain Forest,SP806420,480600,242000,2591,England,6,2,2022,2023,UKBMS
4732,Linford Lakes Nature Reserve,SP838430,483800,243000,2699,England,8,2,2022,2023,UKBMS
4733,Whiteleaf Cross Nature Reserve,SP821040,482100,204000,1005,England,9,2,2022,2023,UKBMS
4735,Howe Park Wood (new),SP833343,483300,234300,2106,England,6,2,2022,2023,UKBMS
4736,Elfield Nature Park,SP853364,485300,236400,1207,England,6,2,2022,2023,UKBMS
4737,Stonepit Field,SP844421,484400,242100,1289,England,6,2,2022,2023,UKBMS
4738,Magna Park,SP918389,491800,238900,1134,England,5,2,2022,2023,UKBMS
4739,Tattenhoe Valley,SP827330,482700,233000,1964,England,5,2,2022,2023,UKBMS
4740,Stoneham Farm,SU649750,464900,175000,1912,England,6,1,2023,2023,UKBMS
4741,Foxholes 2023,SP251204,425100,220400,2158,England,8,1,2023,2023,UKBMS
4742,Wigwell,SP358199,435800,219900,2127,England,10,1,2023,2023,UKBMS
4743,Whitecross Green Wood 2023,SP602144,460200,214400,1599,England,9,1,2023,2023,UKBMS
4744,Whitecross Green Wood Route 2 2023,SP598146,459800,214600,1442,England,5,1,2023,2023,UKBMS
4745,Waterperry Wood 2023,SP610101,461000,210100,1174,England,5,1,2023,2023,UKBMS
4746,Rushbeds Wood 2023,SP667155,466700,215500,2471,England,7,1,2023,2023,UKBMS
4747,Finemere Wood 2023,SP720216,472000,221600,2403,England,7,1,2023,2023,UKBMS
4748,North Bucks Way & Shenley Wood,SP822355,482200,235500,3392,England,5,1,2023,2023,UKBMS
4749,Moor Copse Nature Reserve 2023,SU636741,463600,174100,1058,England,4,1,2023,2023,UKBMS
4750,Moor Copse Extension 2023,SU637737,463700,173700,1513,England,7,1,2023,2023,UKBMS
4751,Sadlers Farm,SU651742,465100,174200,1742,England,6,1,2023,2023,UKBMS
4800,Wollaton LNR,SK529402,452900,340200,800,England,8,9,2015,2023,UKBMS
4801,Ollerton Pit Wood,SK670673,467000,367300,4000,England,10,7,2015,2023,UKBMS
4802,Bardon Hill Quarry 2,SK460131,446000,313100,,England,8,9,2015,2023,UKBMS
4803,Donisthorpe Woodland Park,SK315140,431500,314000,,England,13,9,2015,2023,UKBMS
4804,Great Glen,SP655975,465500,297500,,England,10,9,2015,2023,UKBMS
4805,Croft Hill Nature Trail,SP513970,451300,297000,,England,10,8,2016,2023,UKBMS
4806,Sarah's Wood,SK313157,431300,315700,,England,9,8,2016,2023,UKBMS
4807,Elton Guide Campsite,SK765401,476500,340100,940,England,10,8,2016,2023,UKBMS
4808,Skylarks NR,SK623386,462300,338600,1600,England,5,6,2016,2023,UKBMS
4809,Gedling Country Park,SK621443,462100,344300,1399,England,8,1,2016,2016,UKBMS
4810,King's Meadow,SK558384,455800,338400,400,England,5,5,2016,2020,UKBMS
4811,Sandy Lane Open Space LNR Bramcote,SK518385,451800,338500,1300,England,1,3,2016,2018,UKBMS
4812,Toyota UK Burnaston Pond,SK288302,428800,330200,825,England,1,8,2016,2023,UKBMS
4813,Toyota UK Burnaston Meadow,SK289312,428900,331200,820,England,5,8,2016,2023,UKBMS
4814,Toyota UK Burnaston Grid 1 to Buildings,SK288307,428800,330700,1565,England,8,8,2016,2023,UKBMS
4815,Toyota UK Burnaston Grid 2 to Buildings,SK294307,429400,330700,802,England,6,8,2016,2023,UKBMS
4816,Rowthorne Trail,SK480647,448000,364700,4550,England,4,6,2016,2021,UKBMS
4817,Coton Park LNR,SK270180,427000,318000,1450,England,6,8,2016,2023,UKBMS
4818,"Seal Brook Wood, Netherseal",SK264124,426400,312400,1916,England,8,3,2016,2018,UKBMS
4819,"Lightwood, Buxton",SK054751,405400,375100,2260,England,8,8,2016,2023,UKBMS
4820,Hilton Gravel Pits NR,SK247314,424700,331400,2276,England,10,8,2016,2023,UKBMS
4821,"Gnathole Farm, Glossop",SK035926,403500,392600,990,England,9,8,2016,2023,UKBMS
4822,"Greenhead, Baslow",SK258727,425800,372700,850,England,8,3,2016,2018,UKBMS
4823,Hardwick Park - Section 11,SK456639,445600,363900,300,England,1,8,2016,2023,UKBMS
4824,Carr Vale 2,SK462695,446200,369500,1350,England,5,8,2016,2023,UKBMS
4825,Lawrence Field and Padley,SK256801,425600,380100,1300,England,7,7,2016,2023,UKBMS
4826,Sherwood Forest NNR,SK622682,462200,368200,1804,England,6,4,2016,2019,UKBMS
4827,Cotgrave Woods,SK646323,464600,332300,3060,England,10,7,2017,2023,UKBMS
4829,Newstead & Annesley CP,SK521530,452100,353000,2400,England,9,1,2017,2017,UKBMS
4830,Budby South Forest 2,SK618688,461800,368800,4038,England,11,3,2017,2019,UKBMS
4831,Sandy Banks LNR Bestwood,SK567451,456700,345100,600,England,1,7,2017,2023,UKBMS
4832,Alexandra Plantation Bramcote Hills,SK514386,451400,338600,764,England,1,1,2017,2017,UKBMS
4833,Nottingham City Hospital (Day Brook),SK567437,456700,343700,720,England,6,5,2017,2021,UKBMS
4834,Shireoaks Pit Tip,SK561806,456100,380600,1546,England,10,4,2017,2020,UKBMS
4835,University Park Campus Nottingham,SK539380,453900,338000,2100,England,7,5,2017,2023,UKBMS
4836,Leen Cutting,SK557383,455700,338300,433,England,2,4,2017,2020,UKBMS
4837,Brook Park Shirebrook,SK536667,453600,366700,2070,England,10,6,2017,2023,UKBMS
4838,Broomfield College,SK385401,438500,340100,1839,England,10,7,2017,2023,UKBMS
4839,Denby Footpaths 2,SK393465,439300,346500,1898,England,8,7,2017,2023,UKBMS
4840,Markham Vale North Seymour,SK450738,445000,373800,3570,England,9,7,2017,2023,UKBMS
4841,Sunnydale Park Littleover,SK335331,433500,333100,1350,England,10,5,2017,2021,UKBMS
4842,Bottom Moor Wood Matlock Moor,SK322626,432200,362600,1900,England,4,7,2017,2023,UKBMS
4843,Clowne Linear Park and Railway Line,SK498754,449800,375400,2200,England,10,7,2017,2023,UKBMS
4844,Holmebrook Valley Park,SK355730,435500,373000,3220,England,8,7,2017,2023,UKBMS
4845,Poolsbrook Country Park North,SK440741,444000,374100,3050,England,9,7,2017,2023,UKBMS
4846,Poolsbrook Country Park South,SK435733,443500,373300,3480,England,10,7,2017,2023,UKBMS
4847,Waingroves Woodland,SK413487,441300,348700,2785,England,6,1,2017,2017,UKBMS
4848,Clover Close Meadows Elvaston,SK407323,440700,332300,2200,England,6,7,2017,2023,UKBMS
4849,Codnor Park,SK441514,444100,351400,3962,England,8,1,2017,2017,UKBMS
4850,Denby Pottery,SK391473,439100,347300,850,England,1,4,2017,2021,UKBMS
4851,"Quaker House, Bamford",SK201829,420100,382900,2300,England,10,1,2017,2017,UKBMS
4852,Redhill Quarry Middleton Top,SK274553,427400,355300,600,England,1,1,2017,2017,UKBMS
4853,Manor Farm LNR Long Eaton,SK499341,449900,334100,1150,England,1,7,2017,2023,UKBMS
4854,Nether North Grain Snake Pass,SK103925,410300,392500,1960,England,7,4,2017,2021,UKBMS
4855,Old House Farm Upper Derwent Valley,SK177892,417700,389200,3143,England,8,4,2017,2021,UKBMS
4857,Willesley Wood,SK333142,433300,314200,,England,10,6,2017,2023,UKBMS
4858,Freckland Wood,SK524527,452400,352700,1250,England,5,6,2018,2023,UKBMS
4859,Newstead & Annesley CP 2,SK521530,452100,353000,2318,England,6,6,2018,2023,UKBMS
4860,"School Lane, Colston Bassett",SK693327,469300,332700,1400,England,8,6,2018,2023,UKBMS
4861,"Langar Lane, Colston Bassett",SK705333,470500,333300,1668,England,8,1,2018,2018,UKBMS
4862,"Washpit Lane, Colston Bassett",SK695337,469500,333700,2150,England,10,1,2018,2018,UKBMS
4863,Bevercotes Pit Wood,SK696734,469600,373400,1332,England,5,6,2018,2023,UKBMS
4864,Newark Mather Road,SK798544,479800,354400,1450,England,6,2,2018,2019,UKBMS
4865,Dene Quarry & Gang Mine NR,SK280550,428000,355000,3713,England,9,6,2018,2023,UKBMS
4866,Markham South Pit - Linear Route,SK450715,445000,371500,2810,England,7,6,2018,2023,UKBMS
4867,Markham South Pit - Perimeter Route,SK450710,445000,371000,2605,England,8,6,2018,2023,UKBMS
4868,Bamford 2,SK200820,420000,382000,2575,England,8,6,2018,2023,UKBMS
4869,Derby Canal Little Eaton,SK363406,436300,340600,1500,England,5,6,2018,2023,UKBMS
4870,The Forge Ironville,SK441512,444100,351200,1500,England,5,6,2018,2023,UKBMS
4871,Upper Longdendale,SK095995,409500,399500,3000,England,10,2,2018,2019,UKBMS
4872,Lower Longdendale,SK034972,403400,397200,2000,England,10,2,2018,2019,UKBMS
4873,Woodthorpe Grange Park,SK583434,458300,343400,1900,England,6,2,2018,2021,UKBMS
4874,"Brown's Hay, Sandhills",SK506109,450600,310900,,England,15,6,2018,2023,UKBMS
4875,Charnwood Lodge,SK468157,446800,315700,,England,9,6,2018,2023,UKBMS
4876,"Cover Cloud, Sandhills",SK497103,449700,310300,,England,15,6,2018,2023,UKBMS
4877,Fosse Meadows (2018),SP489910,448900,291000,,England,10,6,2018,2023,UKBMS
4878,"The Cordals, South Kilworth",SP611821,461100,282100,,England,8,1,2018,2018,UKBMS
4880,Quarry Lane Nature Reserve,SK534601,453400,360100,2500,England,9,4,2019,2022,UKBMS
4881,Ashbourne Town,SK175465,417500,346500,1703,England,10,5,2019,2023,UKBMS
4882,Spring Wood Unstone,SK391768,439100,376800,1000,England,10,1,2019,2019,UKBMS
4883,Norbriggs Flash,SK444754,444400,375400,2475,England,8,5,2019,2023,UKBMS
4884,Cunningdale,SK076732,407600,373200,1437,England,6,5,2019,2023,UKBMS
4885,Eastern Moors - Curbar,SK255755,425500,375500,3990,England,9,4,2019,2023,UKBMS
4886,Charnwood Lodge Timberwood Hill,SK471148,447100,314800,,England,12,5,2019,2023,UKBMS
4887,QEII Diamond Jubilee Wood,SK385123,438500,312300,,England,10,5,2019,2023,UKBMS
4888,East Leake - Meadow Park,SK551266,455100,326600,2100,England,10,1,2019,2019,UKBMS
4889,Mapleton,SK165482,416500,348200,2361,England,10,4,2019,2022,UKBMS
4890,Middle Hay Cressbrookdale,SK175739,417500,373900,2400,England,12,2,2019,2021,UKBMS
4891,Stoney Wood Wirksworth,SK284543,428400,354300,1000,England,5,5,2019,2023,UKBMS
4892,Tansley Dale,SK171747,417100,374700,1380,England,8,5,2019,2023,UKBMS
4893,BASF Factory Alfreton,SK415545,441500,354500,912,England,6,4,2019,2023,UKBMS
4894,Wilwell Farm Cutting,SK567350,456700,335000,1600,England,6,4,2020,2023,UKBMS
4895,Radcliffe On Trent (clifftop riverside and field margin),SK651406,465100,340600,3270,England,7,4,2020,2023,UKBMS
4896,"The Hook, Lady Bay",SK592385,459200,338500,2150,England,8,4,2020,2023,UKBMS
4897,Hucknall Ranges,SK532505,453200,350500,2920,England,10,4,2020,2023,UKBMS
4898,Lubrizol Estate Hazelwood,SK320455,432000,345500,941,England,6,4,2020,2023,UKBMS
4899,High Peak Quarry Longcliffe,SK231555,423100,355500,1720,England,7,1,2020,2020,UKBMS
4900,Studland Common,SZ276922,427600,92200,1800,England,10,8,2016,2023,UKBMS
4901,Frohawk,SU318048,431800,104800,2320,England,6,8,2016,2023,UKBMS
4902,Janesmoor,SU252135,425200,113500,2570,England,7,8,2016,2023,UKBMS
4903,RSPB Hazeley Heath East,SU745590,474500,159000,870,England,5,7,2016,2023,UKBMS
4904,RSPB Hazeley Heath West,SU750581,475000,158100,1365,England,6,7,2016,2023,UKBMS
4905,Acres Down,SU268093,426800,109300,2370,England,10,8,2016,2023,UKBMS
4906,Harmony Woods,SU371485,437100,148500,640,England,9,4,2016,2019,UKBMS
4907,Selborne Common,SU736331,473600,133100,1500,England,12,7,2017,2023,UKBMS
4908,Briddlesford Woods Nature Reserve 1,SZ549905,454900,90500,2483,England,15,7,2017,2023,UKBMS
4909,Briddlesford Woods Nature Reserve 2,SZ545908,454500,90800,2998,England,15,1,2017,2017,UKBMS
4910,Blashford Lakes South,SU150077,415000,107700,3490,England,7,7,2017,2023,UKBMS
4911,Kemphill Moor Copse,SZ569896,456900,89600,1484,England,10,7,2017,2023,UKBMS
4912,Blashford Lakes North,SU155084,415500,108400,1960,England,6,7,2017,2023,UKBMS
4913,Morn Hill (Mound & Percy Hobbs Meadows),SU518292,451800,129200,1000,England,10,7,2017,2023,UKBMS
4914,Gilbert White's House Garden and Meadow,SU740334,474000,133400,1617,England,6,7,2017,2023,UKBMS
4915,Blackwater New Forest,SU264047,426400,104700,2303,England,10,7,2017,2023,UKBMS
4916,Harewood Common,SU393452,439300,145200,1172,England,4,7,2017,2023,UKBMS
4917,Vales Moor,SU189040,418900,104000,2300,England,10,7,2017,2023,UKBMS
4918,Abbotswood,SU363225,436300,122500,1222,England,5,7,2017,2023,UKBMS
4919,Westend Copse,SU458145,445800,114500,1200,England,8,6,2017,2023,UKBMS
4920,The Chase,SU442628,444200,162800,3300,England,12,4,2017,2021,UKBMS
4921,Basing Wood,SU645555,464500,155500,2163,England,9,6,2018,2023,UKBMS
4922,Roe North,SU197094,419700,109400,2960,England,10,6,2018,2023,UKBMS
4923,Roe South,SU202086,420200,108600,2525,England,6,6,2018,2023,UKBMS
4924,Great Linford,SU182077,418200,107700,2500,England,8,6,2018,2023,UKBMS
4925,Romsey Allotment Holders Association Allotments,SU360210,436000,121000,1066,England,11,6,2018,2023,UKBMS
4926,Staunton Country Park (woods),SU721092,472100,109200,1504,England,7,5,2018,2022,UKBMS
4927,Staunton Country Park (meadow & lake),SU717090,471700,109000,2358,England,10,5,2018,2022,UKBMS
4928,Little Linford,SU185072,418500,107200,1920,England,5,6,2018,2023,UKBMS
4929,Yew Hill (Hill Top),SU453264,445300,126400,935,England,9,5,2018,2022,UKBMS
4931,Hightown Common,SU179054,417900,105400,1320,England,8,6,2018,2023,UKBMS
4932,The Wildgrounds,SU583010,458300,101000,1139,England,9,1,2018,2018,UKBMS
4933,Furzey Gardens,SU273113,427300,111300,2000,England,6,4,2019,2023,UKBMS
4934,Ballard Water Meadow,SZ240955,424000,95500,1850,England,7,5,2019,2023,UKBMS
4935,West Wood (Burrow Copse),SU423296,442300,129600,1190,England,6,5,2019,2023,UKBMS
4937,Arreton Down,SZ538871,453800,87100,2260,England,1,1,2019,2019,UKBMS
4938,Ox Drove Meadow,SU396469,439600,146900,750,England,4,5,2019,2023,UKBMS
4939,Black Down,SU352069,435200,106900,2080,England,8,5,2019,2023,UKBMS
4940,Broomy Plain,SU222114,422200,111400,2522,England,6,5,2019,2023,UKBMS
4941,Claypits Bottom,SU227162,422700,116200,2729,England,8,5,2019,2023,UKBMS
4942,Dur Hill,SU192013,419200,101300,2901,England,7,5,2019,2023,UKBMS
4943,Wilverley Plain,SU256020,425600,102000,2704,England,7,3,2019,2021,UKBMS
4945,Bouldnor Forest,SZ382902,438200,90200,1900,England,1,1,2019,2019,UKBMS
4946,Itchen Valley CP Woods-2,SU467165,446700,116500,1113,England,6,2,2019,2021,UKBMS
4947,Micheldever Wood,SU531369,453100,136900,3280,England,10,5,2019,2023,UKBMS
4948,"Skys Wood, Valley Park Local Nature Reserve",SU414210,441400,121000,1025,England,7,1,2019,2019,UKBMS
4949,Brockishill,SU300118,430000,111800,2541,England,9,4,2020,2023,UKBMS
4950,Martin Down Kitts Grave Extension,SU032206,403200,120600,700,England,5,4,2020,2023,UKBMS
4951,Yateley Common South Central,SU826589,482600,158900,970,England,4,4,2020,2023,UKBMS
4952,Yateley Common East,SU835595,483500,159500,1380,England,4,4,2020,2023,UKBMS
4953,Yateley Common West,SU814589,481400,158900,1450,England,5,4,2020,2023,UKBMS
4955,Bouldnor Forest 2,SZ379901,437900,90100,2410,England,3,4,2020,2023,UKBMS
4956,Hyden Hill,SU688196,468800,119600,2152,England,7,3,2021,2023,UKBMS
4958,Shawford Down,SU470249,447000,124900,1122,England,8,3,2021,2023,UKBMS
4959,Deacon Hill,SU494276,449400,127600,1499,England,6,3,2021,2023,UKBMS
4960,Whitchurch (Mill-trail),SU472478,447200,147800,4005,England,10,3,2021,2023,UKBMS
4961,Shepherd's Chine,SZ445799,444500,79900,1166,England,7,3,2021,2023,UKBMS
4962,Grange Chine,SZ420817,442000,81700,783,England,5,3,2021,2023,UKBMS
4963,Hillier Gardens 2,SU379238,437900,123800,1142,England,6,2,2022,2023,UKBMS
4964,Keeping Marsh 22,SU398011,439800,101100,2004,England,5,2,2022,2023,UKBMS
4965,Poulner Lakes,SU156068,415600,106800,1331,England,6,2,2022,2023,UKBMS
4966,Lepe Meadows and Nature Reserve,SZ456987,445600,98700,2066,England,10,2,2022,2023,UKBMS
4967,Brading Down LNR 2,SZ600867,460000,86700,1680,England,6,2,2022,2023,UKBMS
4968,Hillier Gardens 1,SU374239,437400,123900,1336,England,4,2,2022,2023,UKBMS
4969,Twyford Waterworks,SU492248,449200,124800,1567,England,6,2,2022,2023,UKBMS
4970,RSPB Hazeley Bottom,SU746585,474600,158500,1413,England,11,2,2022,2023,UKBMS
4971,Bere Copse,SU604148,460400,114800,270,England,1,2,2022,2023,UKBMS
4972,Bury Hill,SU345432,434500,143200,2000,England,5,2,2022,2023,UKBMS
4974,Broomy Walk,SU201111,420100,111100,3155,England,10,1,2023,2023,UKBMS
4975,Stockbridge Marsh,SU354342,435400,134200,2394,England,6,1,2023,2023,UKBMS
4976,Hillier Gardens 3,SU377237,437700,123700,443,England,6,1,2023,2023,UKBMS
4977,Harewood Common Extension,SU394455,439400,145500,,England,3,1,2023,2023,UKBMS
4978,Magdalen Hill Cemetery,SU514292,451400,129200,938,England,5,1,2023,2023,UKBMS
4979,CPRE Hedgerow Heroes 2022,SU523030,452300,103000,1321,England,3,1,2023,2023,UKBMS
4980,Blackwood Forest,SU536431,453600,143100,1328,England,8,1,2023,2023,UKBMS
4981,Beggarwood Park LNR,SU600485,460000,148500,2115,England,7,1,2023,2023,UKBMS
4982,Milton Common,SU672008,467200,100800,2527,England,12,1,2023,2023,UKBMS
4983,Farlington Marshes Route B2,SU687052,468700,105200,970,England,5,1,2023,2023,UKBMS
4984,Bordon Inclosure,SU802362,480200,136200,1710,England,12,1,2023,2023,UKBMS
4985,Blackbushe Airport,SU805595,480500,159500,2730,England,8,1,2023,2023,UKBMS
4986,Arreton Down 2,SZ534872,453400,87200,2280,England,5,1,2023,2023,UKBMS
4987,Newchurch Moors,SZ565857,456500,85700,4786,England,9,1,2023,2023,UKBMS
4988,Fishlake Meadows,SU358228,435800,122800,1600,England,9,1,2023,2023,UKBMS
5001,Skirrid,SO327167,332700,216700,1130,Wales,8,6,2017,2023,UKBMS
5002,Brockwells Meadows,ST470896,347000,189600,1300,Wales,7,4,2017,2021,UKBMS
5003,"Fenns, Whixall NNR transect C",SJ482371,348200,337100,3500,Wales,11,6,2018,2023,UKBMS
5004,"Bryn Euryn, Rhos-on-Sea",SH829800,282900,380000,1000,Wales,9,6,2018,2023,UKBMS
5005,Merthyr Mawr NNR 2,SS860770,286000,177000,867,Wales,3,6,2018,2023,UKBMS
5007,Forest Wood Quarry,ST013798,301300,179800,1681,Wales,8,1,2018,2018,UKBMS
5008,New Range Transect (South Stack),SH214799,221400,379900,2142,Wales,7,4,2018,2023,UKBMS
5009,Gwaith Powdwr,SH618389,261800,338900,2090,Wales,6,2,2018,2019,UKBMS
5010,Rogiet Poorland & Lower Minnetts Field,ST452884,345200,188400,1234,Wales,6,2,2018,2019,UKBMS
5011,The Gop,SJ088799,308800,379900,2560,Wales,6,1,2018,2018,UKBMS
5012,"Rhyd-y-Fen, Migneint",SH832397,283200,339700,2723,Wales,7,5,2018,2023,UKBMS
5013,Gilfach Nature Reserve,SN960713,296000,271300,2700,Wales,9,3,2019,2021,UKBMS
5014,Allt-yr-Esgair,SO125245,312500,224500,1600,Wales,10,2,2019,2020,UKBMS
5015,Minera Quarry,SJ257519,325700,351900,1400,Wales,4,1,2019,2019,UKBMS
5016,Slade Wood,ST454893,345400,189300,1550,Wales,6,1,2019,2019,UKBMS
5017,Hendre Woods,SO473127,347300,212700,1449,Wales,7,1,2019,2019,UKBMS
5018,Highmeadow Woods,SO544148,354400,214800,1780,Wales,9,1,2019,2019,UKBMS
5019,Llanmelin Wood Hillfort,ST462926,346200,192600,1100,Wales,7,1,2019,2019,UKBMS
5020,Cemlyn,SH330931,233000,393100,4751,Wales,9,1,2021,2021,UKBMS
5022,Plas Power LNR,SJ298518,329800,351800,2000,Wales,6,2,2020,2021,UKBMS
5023,Broad Haven Inland,SM864143,186400,214300,3480,Wales,7,2,2020,2021,UKBMS
5024,Cwm Ivy Tor,SS436940,243600,194000,1035,Wales,10,1,2020,2020,UKBMS
5025,Skrinkle - Manorbier,SS080975,208000,197500,1314,Wales,6,4,2020,2023,UKBMS
5026,Freshwater East,SS016979,201600,197900,1345,Wales,9,4,2020,2023,UKBMS
5027,Cwm Ivy Tor (2021 route),SS436941,243600,194100,1357,Wales,14,3,2021,2023,UKBMS
5028,Bishopston Valley,SS568877,256800,187700,1985,Wales,9,3,2021,2023,UKBMS
5029,Pwll Du - Brandy Cove,SS581872,258100,187200,1119,Wales,9,3,2021,2023,UKBMS
5030,Coed Bell,SJ088830,308800,383000,2195,Wales,11,3,2021,2023,UKBMS
5031,Tir Cethyn Farm,SS556952,255600,195200,1285,Wales,8,3,2021,2023,UKBMS
5032,Lavernock National Nature Reserve,ST180679,318000,167900,396,Wales,8,3,2021,2023,UKBMS
5033,Lydstep Point,SS088975,208800,197500,1561,Wales,4,2,2022,2023,UKBMS
5034,Centre for Alternative Technology Wales,SH755044,275500,304400,1229,Wales,7,1,2022,2022,UKBMS
5035,Giltar Point,SS120985,212000,198500,1731,Wales,6,2,2022,2023,UKBMS
5036,"Llandough Allotments, Corbett Road",ST166725,316600,172500,368,Wales,6,2,2022,2023,UKBMS
5037,Allt Forgan Wood (PHS),SH967246,296700,324600,,Wales,6,1,2023,2023,UKBMS
5038,Aberduna Nature Reserve (east),SJ203612,320300,361200,1595,Wales,11,1,2023,2023,UKBMS
5039,Llanymynech Golf Club,SJ264219,326400,321900,3421,Wales,8,1,2023,2023,UKBMS
5040,Llanymynech WT reserves,SJ264216,326400,321600,1776,Wales,4,1,2023,2023,UKBMS
5041,Carew Castle Meadows,SN045037,204500,203700,750,Wales,5,1,2023,2023,UKBMS
5042,Pentwyn North,SO182730,318200,273000,1855,Wales,9,1,2023,2023,UKBMS
5043,Pentwyn South,SO183726,318300,272600,1904,Wales,7,1,2023,2023,UKBMS
5044,Clyne Common North,SS596900,259600,190000,2613,Wales,9,1,2023,2023,UKBMS
5045,Clyne Common South,SS598894,259800,189400,1965,Wales,10,1,2023,2023,UKBMS
5046,West Cross Common,SS604897,260400,189700,1175,Wales,14,1,2023,2023,UKBMS
5100,Wandlebury Country Park,TL494533,549400,253300,3100,England,12,4,2017,2021,UKBMS
5101,"RSPB Old Hall Marshes, Essex",TL960123,596000,212300,12455,England,15,6,2017,2023,UKBMS
5102,Coton Countryside Reserve South (CPPF),TL413576,541300,257600,2800,England,6,1,2017,2017,UKBMS
5103,Coton Countryside Reserve North (CPPF),TL413583,541300,258300,2300,England,6,7,2017,2023,UKBMS
5104,Ferry Meadows,TL148974,514800,297400,1500,England,10,3,2017,2019,UKBMS
5105,Greenacres Epping,TL488033,548800,203300,2700,England,5,2,2016,2017,UKBMS
5106,Pods Wood,TL902177,590200,217700,2790,England,11,1,2017,2017,UKBMS
5107,Hyde Hall,TQ782997,578200,199700,6460,England,15,4,2018,2023,UKBMS
5108,Ferry Meadows 2,TL142972,514200,297200,2100,England,10,1,2018,2018,UKBMS
5109,Pound Wood EWT,TQ820888,582000,188800,2360,England,15,6,2018,2023,UKBMS
5110,Ferry Medows B 2019,TL142972,514200,297200,2300,England,10,5,2019,2023,UKBMS
5111,EWT Hanningfield Reserve,TQ726972,572600,197200,1800,England,10,5,2019,2023,UKBMS
5112,Ferry Medows A 2019,TL148975,514800,297500,2700,England,10,5,2019,2023,UKBMS
5113,Great Notley,TL732214,573200,221400,2950,England,9,1,2019,2019,UKBMS
5114,Ferry Meadows E,TL152977,515200,297700,2505,England,11,4,2020,2023,UKBMS
5115,Spaldwick Village,TL127723,512700,272300,3100,England,6,4,2020,2023,UKBMS
5116,Magog Down,TL490530,549000,253000,3500,England,10,1,2020,2020,UKBMS
5117,Little Baddow Heath,TL788063,578800,206300,2000,England,12,4,2020,2023,UKBMS
5118,Ferry Meadows C,TL149974,514900,297400,2291,England,9,4,2020,2023,UKBMS
5119,Ferry Meadows D,TL139981,513900,298100,1822,England,5,4,2020,2023,UKBMS
5120,Cambridge University Botanic Garden,TL454571,545400,257100,1600,England,9,3,2021,2023,UKBMS
5121,Warley Place NR,TQ583908,558300,190800,1778,England,15,3,2021,2023,UKBMS
5122,Magog Down 2021+,TL490530,549000,253000,3276,England,10,1,2021,2021,UKBMS
5123,RSPB Wallasea Island Marsh Flats Trail,TQ9594,595000,194000,4716,England,11,3,2021,2023,UKBMS
5124,Great Holland Pits EWT,TM203190,620300,219000,290,England,14,3,2021,2023,UKBMS
5125,Chafford Gorges Nature park Wouldham Cliffs,TQ601793,560100,179300,832,England,5,3,2021,2023,UKBMS
5126,Fingringhoe Wick 2,TM050193,605000,219300,1970,England,10,3,2021,2023,UKBMS
5127,Trumpington Meadows nature reserve (south),TL434536,543400,253600,2362,England,5,2,2022,2023,UKBMS
5128,Hainault Forest,TQ476926,547600,192600,2986,England,7,1,2022,2022,UKBMS
5129,Swadywell Pit,TF118034,511800,303400,1860,England,8,2,2022,2023,UKBMS
5130,Etton Maxey,TF138077,513800,307700,2236,England,8,1,2022,2022,UKBMS
5131,Garden on Meadgate Avenue,TL718058,571800,205800,119,England,9,1,2022,2022,UKBMS
5132,Abbess Roding,TL571112,557100,211200,500,England,4,1,2022,2022,UKBMS
5133,Meadgate Park & Meadow,TL726058,572600,205800,860,England,4,1,2022,2022,UKBMS
5134,"Park Wood, Chrishall",TL451390,545100,239000,2656,England,3,1,2022,2022,UKBMS
5135,Baddow Meads - River Chelmer,TL723062,572300,206200,3964,England,7,1,2022,2022,UKBMS
5136,Magog Downs,TL490530,549000,253000,3282,England,10,2,2022,2023,UKBMS
5137,Cely Woods,TQ560833,556000,183300,,England,12,1,2022,2022,UKBMS
5138,Lee Valley - Norman's Pond,TL378033,537800,203300,859,England,1,1,2022,2022,UKBMS
5139,West Wood,TL622332,562200,233200,2050,England,9,2,2022,2023,UKBMS
5140,Oak Meadow Tree Belt (PHS),TL145972,514500,297200,,England,7,1,2023,2023,UKBMS
5141,Wicken Fen Boardwalk,TL562705,556200,270500,1260,England,7,1,2023,2023,UKBMS
5142,Shadwell Wood,TL572413,557200,241300,887,England,8,1,2023,2023,UKBMS
5143,Baddow Meads,TL725064,572500,206400,5914,England,11,1,2023,2023,UKBMS
5144,Brookes Reserve,TL810267,581000,226700,1843,England,7,1,2023,2023,UKBMS
5145,Belhus Woods Country Park,TQ571823,557100,182300,1989,England,10,1,2023,2023,UKBMS
5146,Thorndon Country Park,TQ609906,560900,190600,,England,7,1,2023,2023,UKBMS
5147,Jury Hill,TQ618893,561800,189300,875,England,6,1,2023,2023,UKBMS
5148,Thameside Nature Discovery Park,TQ696806,569600,180600,3880,England,6,1,2023,2023,UKBMS
5149,Bowers Marsh RSPB,TQ758868,575800,186800,2801,England,5,1,2023,2023,UKBMS
5150,Little Haven Nature Reserve,TQ810891,581000,189100,2690,England,15,1,2023,2023,UKBMS
5151,Gunners Park and Shoebury Old Ranges 03,TQ931841,593100,184100,2147,England,6,1,2023,2023,UKBMS
5200,"Cheriton Hill, East",TR203381,620300,138100,1500,England,7,5,2018,2022,UKBMS
5201,Old Park Hill Nature Reserve,TR296436,629600,143600,3300,England,14,5,2018,2023,UKBMS
5202,Bockhill Farm and Kingsdown Leas,TR377474,637700,147400,4000,England,10,4,2018,2022,UKBMS
5203,Darland Banks C,TQ786658,578600,165800,1500,England,7,6,2018,2023,UKBMS
5204,Tonbridge Water Meadows 3,TQ608472,560800,147200,2000,England,6,1,2018,2018,UKBMS
5205,Hawk Wood and Alder Carr East,TQ843527,584300,152700,1300,England,4,3,2018,2020,UKBMS
5206,Alder Carr West and Great Water,TQ837527,583700,152700,914,England,3,2,2018,2019,UKBMS
5207,One Tree Hill (Greenwich Park),TQ390775,539000,177500,1350,England,10,5,2019,2023,UKBMS
5208,Darrick & Newstead Wood,TQ444650,544400,165000,1120,England,6,1,2019,2019,UKBMS
5209,"Broadham Woods, Scotney Castle",TQ690357,569000,135700,3372,England,12,5,2019,2023,UKBMS
5210,Claypits Wood Transect 2019,TQ684355,568400,135500,1200,England,4,2,2019,2020,UKBMS
5211,South Foreland Valley and Lighthouse Down,TR363438,636300,143800,2000,England,10,5,2019,2023,UKBMS
5212,"Parkland 2019, Scotney Castle",TQ686352,568600,135200,3174,England,15,5,2019,2023,UKBMS
5213,Shorne Woods Country Park,TQ683699,568300,169900,4600,England,12,4,2019,2023,UKBMS
5214,Aycliffe,TR301400,630100,140000,2100,England,6,1,2019,2019,UKBMS
5215,Lullingstone Country Park,TQ526638,552600,163800,3100,England,8,5,2019,2023,UKBMS
5216,Trosley Country Park,TQ632610,563200,161000,4100,England,6,5,2019,2023,UKBMS
5217,Crofton Woods,TQ441664,544100,166400,2200,England,6,5,2019,2023,UKBMS
5218,Devonshire Road Nature Reserve,TQ355736,535500,173600,800,England,8,3,2019,2022,UKBMS
5219,Hadlow College Estate,TQ627498,562700,149800,2875,England,13,3,2019,2021,UKBMS
5220,Saltbox Hill SSSI,TQ407611,540700,161100,1200,England,5,3,2019,2021,UKBMS
5221,West Kent Golf Course,TQ427609,542700,160900,1464,England,5,2,2020,2021,UKBMS
5222,"Crofton Heath, Clay & Sparrow Woods & Kyd Brook",TQ442667,544200,166700,4027,England,11,3,2021,2023,UKBMS
5223,Dover Castle,TR326418,632600,141800,1500,England,9,3,2021,2023,UKBMS
5224,Crockhamhill Common,TQ441517,544100,151700,1553,England,6,3,2021,2023,UKBMS
5225,Fackenden Down 2021,TQ529604,552900,160400,3587,England,9,3,2021,2023,UKBMS
5226,Hosey Common,TQ453530,545300,153000,,England,5,3,2021,2023,UKBMS
5227,Thornden Wood East,TR150638,615000,163800,2111,England,6,3,2021,2023,UKBMS
5228,Thornden Wood West,TR142637,614200,163700,3071,England,8,3,2021,2023,UKBMS
5229,Nemo Down,TR292417,629200,141700,1320,England,3,3,2021,2023,UKBMS
5230,Riverside Country Park,TQ809682,580900,168200,4954,England,15,2,2021,2022,UKBMS
5231,Park Gate Down,TR168459,616800,145900,1086,England,3,2,2021,2022,UKBMS
5232,Brenchley Wood,TQ648421,564800,142100,1001,England,4,1,2021,2021,UKBMS
5233,Maceys Meadow,TQ675580,567500,158000,1617,England,8,3,2021,2023,UKBMS
5234,Henley Down,TQ667665,566700,166500,1840,England,7,3,2021,2023,UKBMS
5236,Brockley and Ladywell Cemetery,TQ368749,536800,174900,2327,England,11,2,2022,2023,UKBMS
5237,Hoblingwell Wood,TQ459692,545900,169200,1849,England,9,2,2022,2023,UKBMS
5238,Braeburn Park Transect 1 Woodland & Scrub,TQ508739,550800,173900,2130,England,9,2,2022,2023,UKBMS
5239,Braeburn Park Transect 2 Grassland & Scrub,TQ511738,551100,173800,797,England,3,2,2022,2023,UKBMS
5240,Hayes Common,TQ411647,541100,164700,,England,5,2,2022,2023,UKBMS
5241,Chelsfield Green,TQ473641,547300,164100,1604,England,6,2,2022,2023,UKBMS
5242,Eltham Park,TQ438753,543800,175300,1481,England,5,2,2022,2023,UKBMS
5243,Prestson Hill,TQ529624,552900,162400,4080,England,8,2,2022,2023,UKBMS
5244,Sevenoaks Common,TQ529525,552900,152500,,England,8,1,2022,2022,UKBMS
5245,Farley Common,TQ437540,543700,154000,,England,8,1,2022,2022,UKBMS
5246,Jumping Downs,TR193486,619300,148600,1263,England,6,1,2022,2022,UKBMS
5248,Avery Hill Park,TQ439741,543900,174100,1241,England,5,1,2023,2023,UKBMS
5249,"Shrewsbury Park, London Borough of Greenwich",TQ443772,544300,177200,2084,England,10,1,2023,2023,UKBMS
5250,Tyland Barn,TQ753593,575300,159300,1076,England,12,1,2023,2023,UKBMS
5251,Roundshill Park Wood,TQ809380,580900,138000,2036,England,11,1,2023,2023,UKBMS
5252,Jubilee Country Park (PHS),TQ437679,543700,167900,,England,9,1,2023,2023,UKBMS
5253,Fort Burgoyne,TR324427,632400,142700,583,England,4,1,2023,2023,UKBMS
5300,Lancing Ring,TQ181062,518100,106200,2320,England,9,6,2018,2023,UKBMS
5302,Slindon Park Woods,SU954075,495400,107500,2661,England,6,5,2018,2023,UKBMS
5303,"The Ghyll LNR, Crowborough",TQ532306,553200,130600,3400,England,13,6,2018,2023,UKBMS
5304,Lane End Common,TQ402223,540200,122300,1570,England,6,6,2018,2023,UKBMS
5305,Northwood,SU956110,495600,111000,2490,England,10,6,2018,2023,UKBMS
5306,Pound Common,TQ378207,537800,120700,1800,England,14,6,2018,2023,UKBMS
5307,Slindon Common,SU963073,496300,107300,2641,England,11,4,2018,2021,UKBMS
5308,Seaford Head East 1,TV509975,550900,97500,2820,England,12,6,2018,2023,UKBMS
5309,Sheffield Park Woodlands,TQ420240,542000,124000,2967,England,3,1,2018,2018,UKBMS
5310,Bedelands Farm Local Nature Reserve,TQ319208,531900,120800,3000,England,11,1,2019,2019,UKBMS
5311,Seaford Head West,TV497981,549700,98100,2100,England,14,3,2019,2023,UKBMS
5312,Bateman's 01,TQ667239,566700,123900,2750,England,10,5,2019,2023,UKBMS
5313,Chanctonbury Ring,TQ140121,514000,112100,2440,England,4,5,2019,2023,UKBMS
5314,Nortwood Wood Pasture,SU959108,495900,110800,1850,England,7,1,2019,2019,UKBMS
5315,Jointer Copse,TQ327144,532700,114400,920,England,11,3,2020,2023,UKBMS
5316,Footpaths near Billingshurst,TQ095248,509500,124800,1950,England,5,4,2020,2023,UKBMS
5317,Verdley Wood,SU902260,490200,126000,1539,England,4,4,2020,2023,UKBMS
5318,Bepton Down,SU859174,485900,117400,1170,England,5,1,2020,2020,UKBMS
5319,Owlbeech Wood Horsham,TQ202317,520200,131700,1722,England,10,3,2021,2023,UKBMS
5320,The Liz Williams Butterfly Haven,TQ309072,530900,107200,449,England,13,3,2021,2023,UKBMS
5321,Knowlands Wood,TQ417171,541700,117100,2968,England,12,2,2021,2022,UKBMS
5322,Crowborough Country Park,TQ529299,552900,129900,937,England,2,3,2021,2023,UKBMS
5323,"Coldean Woods, Brighton",TQ335085,533500,108500,1614,England,7,3,2021,2023,UKBMS
5324,Graffham Down - Dimmer & Parish,SU913163,491300,116300,763,England,6,3,2021,2023,UKBMS
5325,Graffham Down - Bowleys Field (2021 NEW ROUTE),SU918163,491800,116300,667,England,3,3,2021,2023,UKBMS
5326,Walshes Park,TQ523284,552300,128400,4031,England,11,2,2022,2023,UKBMS
5327,"Lawn Memorial Cemetery, BN2 6DD",TQ347055,534700,105500,2343,England,8,1,2023,2023,UKBMS
5328,Rocking Hill Wood & J&T Field Standen National Trust,TQ389356,538900,135600,1045,England,9,1,2023,2023,UKBMS
5329,Bateman's 02,TQ674240,567400,124000,1795,England,9,1,2023,2023,UKBMS
5400,Kincorth Hill LNR,NJ939027,393900,802700,2900,Scotland,10,6,2018,2023,UKBMS
5401,Kernsary path,NG873810,187300,881000,2150,Scotland,4,2,2018,2023,UKBMS
5402,Muirshiel Country Park Transect 1,NS311632,231100,663200,900,Scotland,5,5,2018,2023,UKBMS
5403,Muirshiel Country Park Transect 2,NS311631,231100,663100,1875,Scotland,6,5,2018,2023,UKBMS
5404,Muirshiel Country Park Transect 3,NS311632,231100,663200,2200,Scotland,8,5,2018,2023,UKBMS
5405,Moyle Hill,NX846571,284600,557100,1296,Scotland,6,2,2018,2019,UKBMS
5406,Sustrans NCN77 Section 3,NO100266,310000,726600,1436,Scotland,8,6,2016,2022,UKBMS
5408,Castlemilk Park,NS607593,260700,659300,2000,Scotland,4,6,2018,2023,UKBMS
5409,Linn Park Original Meadow,NS581592,258100,659200,1400,Scotland,11,6,2018,2023,UKBMS
5410,Holyrood Park: Grayling transect,NT275733,327500,673300,1479,Scotland,6,6,2018,2023,UKBMS
5411,Sustrans - Gailes NCN7,NS320361,232000,636100,1833,Scotland,4,3,2018,2020,UKBMS
5412,Sustrans East Haven,NO590362,359000,736200,1557,Scotland,5,6,2018,2023,UKBMS
5413,Carrick Shore,NX576500,257600,550000,1100,Scotland,8,5,2019,2023,UKBMS
5414,Holmhills Wood Community Park,NS638597,263800,659700,1974,Scotland,11,5,2019,2023,UKBMS
5415,Donmouth LNR,NJ952092,395200,809200,1600,Scotland,8,5,2019,2023,UKBMS
5416,Fallin Bing,NS839911,283900,691100,1900,Scotland,8,5,2019,2023,UKBMS
5417,Little France Park,NT300704,330000,670400,1800,Scotland,7,3,2019,2023,UKBMS
5418,Wet alder woodland,NJ349646,334900,864600,2215,Scotland,5,1,2019,2019,UKBMS
5419,Calton Hill Grayling Transect,NT262741,326200,674100,850,Scotland,3,4,2019,2023,UKBMS
5421,Fochabers amended,NJ341589,334100,858900,700,Scotland,3,4,2020,2023,UKBMS
5422,Gordon Castle Walled Garden amended,NJ348591,334800,859100,750,Scotland,2,4,2020,2023,UKBMS
5423,Howietoun Fish Ponds,NS784884,278400,688400,1100,Scotland,3,4,2020,2023,UKBMS
5424,Monikie Park,NO502383,350200,738300,2075,Scotland,5,4,2020,2023,UKBMS
5425,Water of Leith,NT219703,321900,670300,1650,Scotland,6,4,2020,2023,UKBMS
5426,Carron Woodlands,NJ217409,321700,840900,2900,Scotland,9,4,2020,2023,UKBMS
5427,Havoc Meadow,NS381753,238100,675300,1780,Scotland,8,4,2020,2023,UKBMS
5428,Redlees Quarry,NS681598,268100,659800,1025,Scotland,4,4,2020,2023,UKBMS
5429,Cambusmore B,NN644058,264400,705800,2310,Scotland,3,4,2020,2023,UKBMS
5430,Haughhead,NT106475,310600,647500,1560,Scotland,4,4,2020,2023,UKBMS
5431,Stonehill - Monument,NN810014,281000,701400,1740,Scotland,1,3,2020,2022,UKBMS
5432,Sheriff Muir,NN833028,283300,702800,2395,Scotland,1,3,2020,2022,UKBMS
5433,Eildon Hill North,NT558328,355800,632800,2166,Scotland,4,1,2020,2020,UKBMS
5434,S. Muir. Mon - Inn.,NN821019,282100,701900,1200,Scotland,1,3,2020,2022,UKBMS
5435,Seafield Dunes,NS328206,232800,620600,1380,Scotland,6,2,2020,2021,UKBMS
5436,Abbotsford House,NT507343,350700,634300,1065,Scotland,10,3,2020,2022,UKBMS
5437,Jenny's Well LNR,NS499627,249900,662700,1967,Scotland,11,3,2021,2023,UKBMS
5438,"Cannerton Brickworks (dis), Banknock",NS784796,278400,679600,1536,Scotland,8,3,2021,2023,UKBMS
5439,Gourdon Coastal Walk,NO823706,382300,770600,1828,Scotland,5,3,2021,2023,UKBMS
5440,Sustrans - Croftamie,NS477862,247700,686200,2000,Scotland,5,3,2021,2023,UKBMS
5441,Menstrie,NS850973,285000,697300,2123,Scotland,6,3,2021,2023,UKBMS
5442,Old Mine Nature Park,NS71456017,271450,660170,1545,Scotland,5,3,2021,2023,UKBMS
5443,Ruaig,NM070470,107000,747000,2001,Scotland,7,3,2021,2023,UKBMS
5444,The Saltings LNR,NS465726,246500,672600,1000,Scotland,4,3,2021,2023,UKBMS
5445,Ardersier Common II,NH777559,277700,855900,1132,Scotland,8,3,2021,2023,UKBMS
5446,Pitroddie Den,NO210251,321000,725100,1144,Scotland,5,3,2021,2023,UKBMS
5447,House of Dun,NO668599,366800,759900,1784,Scotland,10,3,2021,2023,UKBMS
5448,Leith Hall,NJ540296,354000,829600,1607,Scotland,6,3,2021,2023,UKBMS
5449,Community Woodland Dunkeld,NO021422,302100,742200,1542,Scotland,13,1,2021,2021,UKBMS
5450,Drum Castle Estate,NJ796005,379600,800500,2170,Scotland,11,3,2021,2023,UKBMS
5451,Isle Of May NNR,NT656993,365600,699300,2931,Scotland,13,1,2021,2021,UKBMS
5452,Straiton Pond LNR,NT282667,328200,666700,1760,Scotland,6,3,2021,2023,UKBMS
5453,Girdle Burn,NT028322,302800,632200,2102,Scotland,5,3,2021,2023,UKBMS
5454,Saughton Park,NT221719,322100,671900,1015,Scotland,5,2,2021,2022,UKBMS
5455,Carluke Meadow Butterfly Transect,NS839507,283900,650700,1507,Scotland,10,1,2021,2021,UKBMS
5456,Lower Cabrach,NJ379304,337900,830400,5387,Scotland,10,1,2021,2021,UKBMS
5457,Oldhall Ponds,NS337363,233700,636300,1323,Scotland,6,3,2021,2023,UKBMS
5458,Carnoustie Golf Links,NO560336,356000,733600,410,Scotland,5,1,2021,2021,UKBMS
5459,Talich Wildlife Reserve,NH850786,285000,878600,1083,Scotland,5,2,2021,2022,UKBMS
5460,Rewilding Denmarkfield - House Field,NO094280,309400,728000,789,Scotland,5,3,2021,2023,UKBMS
5461,Rewilding Denmarkfield - West Field,NO094283,309400,728300,786,Scotland,4,3,2021,2023,UKBMS
5462,Rewilding Denmarkfield - East Field,NO099285,309900,728500,1102,Scotland,4,3,2021,2023,UKBMS
5463,Kingsbarns,NO602124,360200,712400,1593,Scotland,9,2,2022,2023,UKBMS
5464,Bo'ness Foreshore,NT005819,300500,681900,1500,Scotland,4,2,2022,2023,UKBMS
5465,Hamiltonhill Claypits LNR,NS583675,258300,667500,1102,Scotland,6,2,2022,2023,UKBMS
5466,Corstorphine Hill,NT203737,320300,673700,2114,Scotland,6,2,2022,2023,UKBMS
5467,Ravenscraig-Pathhead,NT291925,329100,692500,1963,Scotland,9,2,2022,2023,UKBMS
5468,Lower Meadow Valleyfield (new 2022),NT004862,300400,686200,1650,Scotland,6,2,2022,2023,UKBMS
5469,Easter Anguston,NJ824017,382400,801700,1844,Scotland,10,2,2022,2023,UKBMS
5470,Newport-on-Tay,NO414268,341400,726800,1966,Scotland,5,2,2022,2023,UKBMS
5471,Holyrood Park - South,NT270728,327000,672800,862,Scotland,7,2,2022,2023,UKBMS
5472,Grandhome Moss,NJ914123,391400,812300,1367,Scotland,4,2,2022,2023,UKBMS
5473,Pow Burn,NS345276,234500,627600,2102,Scotland,7,2,2022,2023,UKBMS
5474,Kingsbarns Station,NO579115,357900,711500,1316,Scotland,8,2,2022,2023,UKBMS
5475,Maud Railway Path,NJ925478,392500,847800,1843,Scotland,5,1,2022,2022,UKBMS
5476,Longniddry No 4,NT441777,344100,677700,569,Scotland,8,2,2022,2023,UKBMS
5477,Ruchill Park,NS580680,258000,668000,1061,Scotland,9,2,2022,2023,UKBMS
5478,Wester Kirk Craig,NS916977,291600,697700,1778,Scotland,5,2,2022,2023,UKBMS
5479,Levenhall Links,NT348738,334800,673800,,Scotland,9,2,2022,2023,UKBMS
5480,Rex Park - Lyne Burn,NT102868,310200,686800,1208,Scotland,6,1,2022,2022,UKBMS
5481,Clyde Walkway Wishaw,NS779525,277900,652500,1345,Scotland,6,1,2022,2022,UKBMS
5482,Lily Loch,NH533495,253300,849500,1572,Scotland,8,2,2022,2023,UKBMS
5483,Nairn East Beach,NH898576,289800,857600,2024,Scotland,5,1,2023,2023,UKBMS
5484,Rewilding Denmarkfield - EF - SRG,NO097286,309700,728600,544,Scotland,3,1,2023,2023,UKBMS
5485,Dreelside Woods,NO562035,356200,703500,437,Scotland,9,1,2023,2023,UKBMS
5486,Newlands Park,NS570605,257000,660500,1271,Scotland,12,1,2023,2023,UKBMS
5487,K-Woodlands,NS605545,260500,654500,1702,Scotland,8,1,2023,2023,UKBMS
5488,Lauriston Farm,NT202763,320200,676300,2489,Scotland,5,1,2023,2023,UKBMS
5489,Lindean Loch,NT505292,350500,629200,2070,Scotland,7,1,2023,2023,UKBMS
5500,Merrington Green,SJ467209,346700,320900,1400,England,4,5,2019,2023,UKBMS
5501,Stanmore Country Park,SO740928,374000,292800,1800,England,8,5,2019,2023,UKBMS
5502,Lyth Hill,SJ471067,347100,306700,2450,England,8,4,2019,2023,UKBMS
5503,Severn Valley Country Park,SO753839,375300,283900,1870,England,8,1,2019,2019,UKBMS
5504,Croft Castle,SO443663,344300,266300,2300,England,6,4,2019,2023,UKBMS
5505,Blakeridge Wood,SO303863,330300,286300,2665,England,6,4,2019,2022,UKBMS
5506,Colemere,SJ433332,343300,333200,2367,England,5,2,2019,2023,UKBMS
5507,South Hyde Farm,SO738441,373800,244100,1413,England,5,4,2019,2022,UKBMS
5508,Walsall: College Farm,SP041999,404100,299900,216,England,1,3,2019,2021,UKBMS
5509,Walsall: Rushall Canal,SP035998,403500,299800,3300,England,6,1,2019,2019,UKBMS
5510,Wildgoose Rural Training Reserve,SO834613,383400,261300,1050,England,3,1,2019,2019,UKBMS
5511,Wyre Forest West - Edwards Way,SO744763,374400,276300,500,England,1,4,2020,2023,UKBMS
5512,Bettisfield Moss NNR Transect A,SJ481351,348100,335100,1980,England,9,4,2020,2023,UKBMS
5513,HoEF Sheriff's Lench,SP021485,402100,248500,2550,England,8,4,2020,2023,UKBMS
5514,SWT Wolseley Bridge visitor centre,SK024202,402400,320200,2050,England,6,4,2020,2023,UKBMS
5515,Quabbs Head,SO744454,374400,245400,2440,England,6,4,2020,2023,UKBMS
5516,Grafton Wood Regeneration,SO972560,397200,256000,435,England,2,4,2020,2023,UKBMS
5517,The Cliffe,SJ394209,339400,320900,500,England,7,3,2021,2023,UKBMS
5521,Pipe Green Nature Reserve,SK102096,410200,309600,2197,England,9,1,2021,2021,UKBMS
5522,Awnells Farm,SO659316,365900,231600,2249,England,6,3,2021,2023,UKBMS
5523,Turnastone Court Farm,SO351365,335100,236500,2463,England,6,3,2021,2023,UKBMS
5524,Bringsty Common 2,SO698550,369800,255000,2864,England,12,1,2021,2021,UKBMS
5525,Bromlow Callow SJ30F,SJ326010,332600,301000,1562,England,8,3,2021,2023,UKBMS
5526,Tean Valley Meadow Nature Trust,SK068364,406800,336400,1424,England,9,2,2022,2023,UKBMS
5527,Green Farm,SO799610,379900,261000,2347,England,13,2,2022,2023,UKBMS
5528,Clee Liberty Common,SO573848,357300,284800,1080,England,11,1,2022,2022,UKBMS
5529,Princes Wood,SK205212,420500,321200,1426,England,6,2,2022,2023,UKBMS
5530,Venusbank SJ30K Shropshire,SJ350007,335000,300700,2765,England,10,2,2022,2023,UKBMS
5531,Sustainability Hub,SJ822452,382200,345200,454,England,3,1,2022,2022,UKBMS
5533,Development Area,SJ824451,382400,345100,1409,England,4,1,2022,2022,UKBMS
5534,Z Block/Plantation Park,SJ822449,382200,344900,319,England,2,1,2022,2022,UKBMS
5535,Horwood,SJ822451,382200,345100,296,England,2,1,2022,2022,UKBMS
5536,Walsall: College Farm Extension,SP041998,404100,299800,250,England,2,2,2022,2023,UKBMS
5538,Oswestry Racecourse,SJ258304,325800,330400,2801,England,5,1,2023,2023,UKBMS
5539,Prees Heath Common Runways East,SJ562378,356200,337800,1500,England,4,1,2023,2023,UKBMS
5540,Donington and Albrighton pool,SJ808045,380800,304500,1102,England,7,1,2023,2023,UKBMS
5541,Nant Valley,SO496934,349600,293400,1193,England,10,1,2023,2023,UKBMS
5543,Clee Liberty Common 2,SO574841,357400,284100,2902,England,10,1,2023,2023,UKBMS
5544,Ruskin Land,SO755760,375500,276000,2169,England,10,1,2023,2023,UKBMS
5545,Hallow Fields,SO834588,383400,258800,1332,England,7,1,2023,2023,UKBMS
5546,Bishop's Wood,SO836683,383600,268300,,England,9,1,2023,2023,UKBMS
5547,HoEF Naunton Beauchamp,SO954523,395400,252300,1748,England,5,1,2023,2023,UKBMS
5548,HoEF Roundhill Wood,SO984583,398400,258300,2095,England,7,1,2023,2023,UKBMS
5549,HoEF Middle Spernal,SP096612,409600,261200,1806,England,5,1,2023,2023,UKBMS
5600,WWT Slimbridge,SO727059,372700,205900,2800,England,14,5,2019,2023,UKBMS
5601,Westonbirt Restored Downs,ST846898,384600,189800,1670,England,8,4,2019,2023,UKBMS
5602,Westonbirt Silk Wood,ST839896,383900,189600,1670,England,8,3,2019,2023,UKBMS
5603,Painswick Beacon North,SO867117,386700,211700,2090,England,7,4,2019,2023,UKBMS
5604,Painswick Beacon South,SO867114,386700,211400,1800,England,6,4,2019,2023,UKBMS
5605,Nagshead Meadows,SO607086,360700,208600,797,England,4,3,2021,2023,UKBMS
5606,Westonbirt Silk Wood (New),ST840896,384000,189600,3058,England,8,2,2022,2023,UKBMS
5607,Oak Grange Estate,SP159439,415900,243900,396,England,1,1,2022,2022,UKBMS
5608,Lineover Wood (PHS),SO986190,398600,219000,,England,15,1,2023,2023,UKBMS
5611,Juniper Hill,SO866081,386600,208100,695,England,6,1,2023,2023,UKBMS
5700,Scrata Wood Monsal Dale,SK182731,418200,373100,175,England,4,4,2020,2023,UKBMS
5701,Calver Quarry,SK232748,423200,374800,1665,England,8,4,2020,2023,UKBMS
5702,The Forge Ironville - Site 2,SK441512,444100,351200,2300,England,4,4,2020,2023,UKBMS
5703,Craft Wood Wessington,SK365553,436500,355300,1234,England,6,4,2020,2023,UKBMS
5704,Ironville Village,SK435515,443500,351500,1450,England,9,2,2020,2021,UKBMS
5705,Croft Orchard Overseal,SK296153,429600,315300,450,England,6,4,2020,2023,UKBMS
5706,Horseshoe Quarry Eyam,SK208760,420800,376000,1700,England,6,4,2020,2023,UKBMS
5707,Ferneydale Harpur Hill,SK067712,406700,371200,2100,England,8,4,2020,2023,UKBMS
5708,Linton Heath - Paradise Wood,SK271162,427100,316200,3500,England,10,4,2020,2023,UKBMS
5709,Linton Heath - Foxley Wood,SK278168,427800,316800,2895,England,10,4,2020,2023,UKBMS
5710,Southwell Trail,SK699550,469900,355000,1477,England,3,3,2021,2023,UKBMS
5711,Stanton on the Wolds,SK626306,462600,330600,489,England,5,3,2021,2023,UKBMS
5712,Sconce and Devon Park,SK790530,479000,353000,2172,England,14,3,2021,2023,UKBMS
5713,Moor Pond Woods,SK548506,454800,350600,2139,England,12,3,2021,2023,UKBMS
5714,Weleda Fields Shipley,SK443448,444300,344800,1135,England,9,3,2021,2023,UKBMS
5715,Coachlands Meadows Willington,SK305283,430500,328300,835,England,8,3,2021,2023,UKBMS
5716,Coombs Dale,SK224745,422400,374500,4260,England,10,2,2021,2022,UKBMS
5717,Haddon Hall Estate,SK235665,423500,366500,2000,England,10,3,2021,2023,UKBMS
5718,Longstone Edge,SK195725,419500,372500,2940,England,10,3,2021,2023,UKBMS
5719,Midway Sand Holes,SK300207,430000,320700,900,England,1,3,2021,2023,UKBMS
5720,Ripley Greenway,SK403495,440300,349500,2190,England,4,3,2021,2023,UKBMS
5721,Ryder Point Hopton,SK252547,425200,354700,1500,England,4,3,2021,2023,UKBMS
5722,Staunton Harold Reservoir,SK375244,437500,324400,2546,England,10,3,2021,2023,UKBMS
5723,The Mead Smalley,SK425451,442500,345100,1686,England,10,1,2021,2021,UKBMS
5724,Thornhill Carrs NR,SK195845,419500,384500,1700,England,9,3,2021,2023,UKBMS
5725,"Waterswallows, Dove Holes",SK084749,408400,374900,3260,England,8,3,2021,2023,UKBMS
5726,Willington Gravel Pits,SK285275,428500,327500,2500,England,7,2,2021,2022,UKBMS
5727,Avenue Country Park Wingerworth,SK386682,438600,368200,2350,England,8,3,2021,2023,UKBMS
5728,Hogshaw Buxton,SK065745,406500,374500,1700,England,7,3,2021,2023,UKBMS
5729,Whaley Bridge Linear Park,SK012803,401200,380300,3310,England,11,1,2021,2021,UKBMS
5730,Goseley Cutting Woodville,SK325198,432500,319800,2250,England,4,3,2021,2023,UKBMS
5731,Gurdall Cottage Wensley,SK255608,425500,360800,100,England,6,1,2021,2021,UKBMS
5732,Peak Rail Rowsley,SK265635,426500,363500,2526,England,9,1,2021,2021,UKBMS
5733,Salter Wood Denby,SK387482,438700,348200,2160,England,4,3,2021,2023,UKBMS
5734,Tideswell Dale,SK154743,415400,374300,1490,England,10,3,2021,2023,UKBMS
5735,Kinoulton Gorse,SK662309,466200,330900,3664,England,8,2,2022,2023,UKBMS
5736,Rose End Meadows Extension,SK289566,428900,356600,1000,England,6,2,2022,2023,UKBMS
5737,Vicar Water Beards Meadow,SK591625,459100,362500,2063,England,7,1,2022,2022,UKBMS
5738,Lubrizol Estate Hazelwood - Ponds,SK3245,432000,345000,330,England,1,2,2022,2023,UKBMS
5739,Rowsley Peak Village,SK2566,425000,366000,1020,England,7,2,2022,2023,UKBMS
5740,Sunart Fields Whaley Bridge,SK0280,402000,380000,2500,England,8,2,2022,2023,UKBMS
5741,New Lount NR,SK399185,439900,318500,,England,10,3,2021,2023,UKBMS
5742,Sence Valley Centenary Woodland,SK402115,440200,311500,2550,England,10,3,2021,2023,UKBMS
5743,Twycross Zoo Nature Reserve,SK324060,432400,306000,,England,12,2,2022,2023,UKBMS
5744,Bagworth Heath,SK458067,445800,306700,2200,England,10,3,2021,2023,UKBMS
5745,Bradgate Park - Newtown Linford,SK522099,452200,309900,,England,10,2,2022,2023,UKBMS
5746,Bradgate Park - Old John,SK524115,452400,311500,,England,10,2,2022,2023,UKBMS
5747,Burbage Common,SP447953,444700,295300,,England,8,2,2022,2023,UKBMS
5748,Donington le Heath Woodlands,SK423125,442300,312500,,England,8,2,2022,2023,UKBMS
5749,Ingles Hill Woodland,SK343179,434300,317900,2005,England,9,3,2021,2023,UKBMS
5750,Loughborough Uni Holywell,SK510184,451000,318400,,England,10,2,2022,2023,UKBMS
5751,High Peak Quarry 2 Longcliffe,SK231555,423100,355500,1100,England,4,1,2023,2023,UKBMS
5752,Rowland Village Great Longstone,SK216728,421600,372800,1200,England,10,1,2023,2023,UKBMS
5753,Holloway Fields,SK321571,432100,357100,500,England,7,1,2023,2023,UKBMS
5754,High Lees Farm Riber,SK313577,431300,357700,3212,England,10,1,2023,2023,UKBMS
5755,Hilton Valley Park,SK251295,425100,329500,1200,England,1,1,2023,2023,UKBMS
5756,Sunnydale Park 2,SK336333,433600,333300,1350,England,10,1,2023,2023,UKBMS
5757,Coombs Dale 2,SK223743,422300,374300,3061,England,6,1,2023,2023,UKBMS
5758,Toyota UK Burnaston Woods (PHS),SK280312,428000,331200,,England,14,1,2023,2023,UKBMS
5759,Denby Footpaths 3,SK396464,439600,346400,1871,England,4,1,2023,2023,UKBMS
5760,Willington Gravel Pits 2,SK290277,429000,327700,1687,England,8,1,2023,2023,UKBMS
5761,Morley Quarry,SK476179,447600,317900,899,England,6,1,2023,2023,UKBMS
5762,Stonebow Washlands,SK506204,450600,320400,1477,England,9,1,2023,2023,UKBMS
5763,Beacon Hill Heathland,SK509146,450900,314600,1965,England,7,1,2023,2023,UKBMS
5764,Bestwood Country Park,SK555475,455500,347500,1068,England,7,1,2023,2023,UKBMS
5765,Gedling House Woods,SK626427,462600,342700,1435,England,7,1,2023,2023,UKBMS
5766,White Post Farm,SK628574,462800,357400,950,England,4,1,2023,2023,UKBMS
5800,Fryston Country Trails,SE454269,445400,426900,2444,England,15,1,2021,2021,UKBMS
5801,Potteric Carr new,SE590003,459000,400300,2682,England,14,3,2021,2023,UKBMS
5802,Frickley Country Park,SE469098,446900,409800,1711,England,15,1,2021,2021,UKBMS
5803,Gauber,SD771779,377100,477900,2744,England,7,3,2021,2023,UKBMS
5804,Crook Sike,SD780759,378000,475900,2516,England,9,3,2021,2023,UKBMS
5805,Fountains Abbey & Studley Royal,SE274684,427400,468400,4130,England,9,2,2021,2022,UKBMS
5806,Green Park 1,SE373340,437300,434000,2684,England,8,1,2021,2021,UKBMS
5807,Green Park 2,SE375337,437500,433700,1257,England,6,1,2021,2021,UKBMS
5808,Burton Riggs,TA031832,503100,483200,756,England,6,2,2021,2023,UKBMS
5809,Rabbit Ings Country Park,SE377115,437700,411500,1776,England,15,1,2021,2021,UKBMS
5810,"Roach Hills, Shuttocks wood & surroundings",SE418313,441800,431300,1919,England,9,2,2022,2023,UKBMS
5811,Townclose Hills,SE407303,440700,430300,1376,England,10,2,2022,2023,UKBMS
5812,Wenthillside,SE478182,447800,418200,1912,England,5,2,2022,2023,UKBMS
5813,Hipperley Beck,SE924939,492400,493900,6193,England,10,2,2022,2023,UKBMS
5814,East Park Animal Education Centre,TA123313,512300,431300,466,England,15,2,2022,2023,UKBMS
5815,Hell Wath,SE300701,430000,470100,2166,England,8,2,2022,2023,UKBMS
5816,Canklow,SK428913,442800,391300,947,England,9,2,2022,2023,UKBMS
5817,Duck Street Quarry,SE112638,411200,463800,931,England,6,2,2022,2023,UKBMS
5818,North Selby Mine,SE650441,465000,444100,2197,England,11,2,2022,2023,UKBMS
5819,Allerton Ings,SE430271,443000,427100,2461,England,11,2,2022,2023,UKBMS
5820,Thorne Moors Transect A,SE734159,473400,415900,6865,England,7,1,2022,2022,UKBMS
5821,Thorne Moors Transect D,SE734160,473400,416000,5784,England,7,1,2022,2022,UKBMS
5822,Thorne Moors Transect B,SE734154,473400,415400,5605,England,6,2,2022,2023,UKBMS
5823,Stirley Farm (revised) East,SE143139,414300,413900,2787,England,12,1,2023,2023,UKBMS
5824,Nosterfield Quarry - extension,SE275807,427500,480700,969,England,3,1,2023,2023,UKBMS
5825,Nosterfield NR Main,SE278795,427800,479500,1459,England,5,1,2023,2023,UKBMS
5826,RHS Harlow Carr,SE280540,428000,454000,2186,England,10,1,2023,2023,UKBMS
5827,Woolley Grange,SE307112,430700,411200,1006,England,12,1,2023,2023,UKBMS
5828,Walton Nature Park (revised),SE363180,436300,418000,3801,England,11,1,2023,2023,UKBMS
5829,Hetchell Woods,SE379422,437900,442200,2354,England,7,1,2023,2023,UKBMS
5830,RSPB St Aidan's - Astley to Outfall sluice,SE387275,438700,427500,2457,England,5,1,2023,2023,UKBMS
5831,RSPB St Aidan's - Hillside,SE393291,439300,429100,2258,England,5,1,2023,2023,UKBMS
5832,RSPB St Aidan's - Lowther,SE403281,440300,428100,1711,England,4,1,2023,2023,UKBMS
5833,Pickup,SE450277,445000,427700,796,England,7,1,2023,2023,UKBMS
5834,Gowerdale,SE516892,451600,489200,2384,England,5,1,2023,2023,UKBMS
5835,Noddle End,SE528886,452800,488600,1464,England,5,1,2023,2023,UKBMS
5836,Manor Farm (PHS),SE621002,462100,400200,,England,4,1,2023,2023,UKBMS
5837,Thorne Moors (SOM),SE718173,471800,417300,890,England,2,1,2023,2023,UKBMS
5838,Thorne Moors (GMT),SE719178,471900,417800,1464,England,4,1,2023,2023,UKBMS
5839,Cropton Forest South,SE767907,476700,490700,4024,England,9,1,2023,2023,UKBMS
5840,Moorgate Cemetery Rotherham,SK430916,443000,391600,1194,England,8,1,2023,2023,UKBMS
5841,Paull Holme Strays,TA178251,517800,425100,3078,England,6,1,2023,2023,UKBMS
5842,Thorne Moors Transect C,SE726155,472600,415500,6422,England,13,1,2023,2023,UKBMS
5843,Thorne Moors Historical,SE718154,471800,415400,4778,England,5,1,2023,2023,UKBMS
5900,HoEF Upper Binton,SP147540,414700,254000,1063,England,5,2,2022,2023,UKBMS
5901,HoEF Alne Skippers,SP103610,410300,261000,60,England,1,2,2022,2023,UKBMS
5902,HoEF The Moors Binton,SP146539,414600,253900,1167,England,6,2,2022,2023,UKBMS
5903,HoEF Lower Binton,SP158533,415800,253300,1338,England,5,2,2022,2023,UKBMS
5904,HoEF Honeybourne South,SP130445,413000,244500,1843,England,6,2,2022,2023,UKBMS
5905,HoEF Honeybourne North,SP140452,414000,245200,1995,England,6,2,2022,2023,UKBMS
5906,HoEF Bearley,SP182600,418200,260000,2210,England,7,2,2022,2023,UKBMS
5907,Wolverton Langley Road,SP205628,420500,262800,1151,England,5,2,2022,2023,UKBMS
5908,HoEF Netherstead Plantations v2,SP108641,410800,264100,1433,England,6,2,2022,2023,UKBMS
5909,"Rotten Row, Dorridge (PHS)",SP183753,418300,275300,,England,4,1,2023,2023,UKBMS
5910,Baddesley Clinton,SP199714,419900,271400,1639,England,9,1,2023,2023,UKBMS
5911,Compton Verney West Lawn,SP309527,430900,252700,397,England,3,1,2023,2023,UKBMS
6000,Combe Wood Farm,SY147881,314700,88100,1146,England,15,2,2022,2023,UKBMS
6001,Scobbiscombe part 1,SX624469,262400,46900,706,England,3,2,2022,2023,UKBMS
6002,Wembury Point,SX498484,249800,48400,1454,England,4,2,2022,2023,UKBMS
6003,Brownsham,SS287256,228700,125600,2068,England,11,1,2023,2023,UKBMS
6004,Twitchen Fields,SS469446,246900,144600,2198,England,9,1,2023,2023,UKBMS
6005,Lydford Gorge Orchard,SX508843,250800,84300,430,England,5,1,2023,2023,UKBMS
6006,Wembury Barton,SX531480,253100,48000,1969,England,8,1,2023,2023,UKBMS
6007,Parke 1 Wet Meadow Route,SX804790,280400,79000,2221,England,5,1,2023,2023,UKBMS
6008,Parke 2 Orchard Route,SX801789,280100,78900,1773,England,4,1,2023,2023,UKBMS
6009,Dartmouth Community Orchard,SX876516,287600,51600,1194,England,7,1,2023,2023,UKBMS
6010,Yonder Oak Wood 1,SY008853,300800,85300,1964,England,7,1,2023,2023,UKBMS
6011,Yonder Oak Wood 2,SY013848,301300,84800,1856,England,6,1,2023,2023,UKBMS
6012,Lydford Old Railway Line,SX499834,249900,83400,1038,England,5,1,2023,2023,UKBMS
6100,Warton Crag LNR (lower),SD495725,349500,472500,1814,England,8,2,2022,2023,UKBMS
6101,Hull Brook Valley,SD985080,398500,408000,1751,England,7,2,2022,2023,UKBMS
6102,"Hardknott Forest, Grassguards",SD216984,321600,498400,1974,England,7,2,2022,2023,UKBMS
6103,"Hardknott Forest, Great Wood",SD232992,323200,499200,1797,England,9,2,2022,2023,UKBMS
6104,Peel Park and The Coppice LNR,SD775290,377500,429000,1781,England,12,2,2022,2023,UKBMS
6105,Township Allotment,SD442888,344200,488800,4410,England,14,2,2022,2023,UKBMS
6106,Starr Hills sand dunes,SD309303,330900,430300,2051,England,11,1,2023,2023,UKBMS
6107,Myers Allotment (PHS),SD473750,347300,475000,,England,15,1,2023,2023,UKBMS
6108,Coldwell Meadow,SD476777,347600,477700,2644,England,11,1,2023,2023,UKBMS
6109,Coldwell Horseshoe (PHS),SD478778,347800,477800,,England,9,1,2023,2023,UKBMS
6110,RHS Garden Bridgewater,SD735004,373500,400400,1918,England,11,1,2023,2023,UKBMS
6200,Gunwalloe,SW660209,166000,20900,855,England,6,1,2023,2023,UKBMS
6201,North Goonhilly,SW731213,173100,21300,2319,England,8,1,2023,2023,UKBMS
6202,Penryn Campus,SW770346,177000,34600,1463,England,5,1,2023,2023,UKBMS
6203,Carrine Common,SW796431,179600,43100,1487,England,10,1,2023,2023,UKBMS
6204,Trevose 2023,SW856762,185600,76200,4134,England,11,1,2023,2023,UKBMS
6205,Goss Moor - Unit 12,SW950603,195000,60300,1957,England,10,1,2023,2023,UKBMS
6206,Goss Moor - Unit 16,SW957609,195700,60900,1494,England,10,1,2023,2023,UKBMS
6207,The Lost Gardens of Heligan Transect 1 (New),SX000463,200000,46300,1693,England,8,1,2023,2023,UKBMS
6208,Breney Common,SX056613,205600,61300,3009,England,14,1,2023,2023,UKBMS
6209,Golitha Falls,SX225688,222500,68800,1219,England,8,1,2023,2023,UKBMS
6300,Banstead Heath,TQ237540,523700,154000,4459,England,11,1,2023,2023,UKBMS
6301,"Gatwick Airport, North West Zone (2023 route)",TQ256407,525600,140700,2759,England,10,1,2023,2023,UKBMS
6302,Wandsworth Common (PHS),TQ274734,527400,173400,,England,6,1,2023,2023,UKBMS
6303,Battersea Park,TQ280773,528000,177300,3447,England,10,1,2023,2023,UKBMS
6304,"Tanyard Meadows, Horley",TQ292444,529200,144400,2082,England,9,1,2023,2023,UKBMS
6305,One Tree Hill (PHS),TQ354742,535400,174200,,England,7,1,2023,2023,UKBMS
6306,"Crowhurst Place, Crowhurst",TQ386465,538600,146500,2247,England,9,1,2023,2023,UKBMS
9001,West Down (HBFrit Transect),SX48407030,248400,70300,900,England,,1,2001,2001,UKBMS
9002,West Down (Frit Transect),SX48407030,248400,70300,900,England,,1,2002,2002,UKBMS
50001,,SK6330,463000,330000,,England,,1,2009,2009,WCBS
50002,,NZ2557,425000,557000,,England,10,1,2009,2009,WCBS
50003,,TL0547,505000,247000,2000,England,10,13,2009,2023,WCBS
50004,,TL1058,510000,258000,2000,England,10,14,2009,2023,WCBS
50005,,NY1945,319000,545000,2000,England,10,12,2009,2023,WCBS
50006,,SD3086,330000,486000,2000,England,10,12,2009,2022,WCBS
50007,,SD3780,337000,480000,2000,England,10,5,2009,2014,WCBS
50008,,SU8082,480000,182000,2000,England,10,13,2009,2023,WCBS
50009,,TQ0186,501000,186000,,England,10,1,2009,2009,WCBS
50010,,TL1166,511000,266000,,England,10,5,2009,2014,WCBS
50011,,TL3962,539000,262000,2000,England,10,8,2009,2016,WCBS
50012,,TL4789,547000,289000,2000,England,10,10,2009,2018,WCBS
50013,,TL5764,557000,264000,2000,England,10,3,2009,2015,WCBS
50014,,SN5718,257000,218000,,Wales,10,1,2009,2009,WCBS
50015,,SJ5170,351000,370000,2000,England,10,11,2009,2019,WCBS
50016,,SJ6286,362000,386000,,England,,3,2009,2011,WCBS
50017,,NZ6122,461000,522000,,England,,1,2009,2009,WCBS
50018,,SY7999,379000,99000,2000,England,10,9,2009,2022,WCBS
50019,,SY8985,389000,85000,2000,England,10,10,2009,2019,WCBS
50020,,NX7587,275000,587000,2000,Scotland,10,5,2009,2017,WCBS
50021,,NZ0437,404000,537000,,England,10,5,2009,2013,WCBS
50022,,NZ0953,409000,553000,2000,England,10,4,2009,2023,WCBS
50023,,NZ3934,439000,534000,2000,England,10,7,2009,2015,WCBS
50024,,SU1320,413000,120000,2000,England,10,10,2009,2020,WCBS
50025,,SU3737,437000,137000,2000,England,10,16,2007,2023,WCBS
50026,,SU5839,458000,139000,2000,England,10,10,2009,2021,WCBS
50027,,H3641,45886,504908,,Northern Ireland,10,8,2009,2017,WCBS
50028,,NO5203,352000,703000,,Scotland,10,3,2009,2011,WCBS
50029,,SO7713,377000,213000,2000,England,10,17,2007,2023,WCBS
50030,,SP0728,407000,228000,2000,England,10,15,2009,2023,WCBS
50031,,TQ3778,537000,178000,,England,10,2,2009,2010,WCBS
50032,,SJ7694,376000,394000,2000,England,10,15,2009,2023,WCBS
50033,,SS9718,297000,118000,,England,10,4,2009,2013,WCBS
50034,,SX5452,254000,52000,,England,10,6,2009,2014,WCBS
50035,,SX8675,286000,75000,,England,10,2,2009,2010,WCBS
50036,,ST8216,382000,116000,2000,England,10,13,2009,2022,WCBS
50037,,SY7892,378000,92000,2000,England,10,14,2009,2023,WCBS
50038,,TG1206,612000,306000,2000,England,10,9,2009,2017,WCBS
50039,,TG2600,626000,300000,,England,10,6,2009,2016,WCBS
50040,,TL6698,566000,298000,,England,,6,2007,2014,WCBS
50041,,TL6794,567000,294000,,England,,1,2009,2009,WCBS
50042,,TM0285,602000,285000,,England,10,2,2009,2010,WCBS
50043,,TM0587,605000,287000,,England,10,2,2009,2016,WCBS
50044,,TM1490,614000,290000,2032,England,10,15,2007,2023,WCBS
50045,,SU6213,462000,113000,,England,10,4,2007,2010,WCBS
50046,,SU7959,479000,159000,2000,England,10,13,2009,2023,WCBS
50047,,SU8230,482000,130000,2000,England,10,10,2009,2023,WCBS
50048,,TQ8559,585000,159000,,England,,1,2009,2009,WCBS
50049,,NH9216,292000,816000,2000,Scotland,10,15,2007,2021,WCBS
50050,,SZ4587,445000,87000,2000,England,10,1,2009,2009,WCBS
50051,,TQ8467,584000,167000,,England,,4,2007,2010,WCBS
50052,,TQ9726,597000,126000,2000,England,10,10,2007,2019,WCBS
50053,,SD7224,372000,424000,2000,England,10,8,2009,2016,WCBS
50054,,SK8699,486000,399000,2000,England,10,7,2009,2023,WCBS
50055,,SK8881,488000,381000,,England,10,1,2009,2009,WCBS
50056,,TF0938,509000,338000,,England,10,5,2009,2015,WCBS
50057,,TF3944,539000,344000,,England,10,10,2007,2016,WCBS
50058,,TF7040,570000,340000,2000,England,10,8,2009,2016,WCBS
50059,,TF7413,574000,313000,2000,England,10,17,2007,2023,WCBS
50060,,TG0305,603000,305000,2000,England,10,3,2009,2023,WCBS
50061,,SS8531,285000,131000,,England,10,5,2007,2011,WCBS
50062,,SS9944,299000,144000,2000,England,10,13,2007,2020,WCBS
50063,,TQ1750,517000,150000,2000,England,10,1,2009,2009,WCBS
50064,,TQ3269,532000,169000,2000,England,10,11,2009,2023,WCBS
50065,,ST4858,348000,158000,2000,England,10,5,2008,2023,WCBS
50066,,ST6821,368000,121000,,England,10,1,2009,2009,WCBS
50067,,TL8381,583000,281000,2414,England,10,9,2009,2023,WCBS
50068,,TM0969,609000,269000,2000,England,10,7,2009,2023,WCBS
50069,,TM3388,633000,288000,2000,England,10,11,2009,2023,WCBS
50070,,TQ0148,501000,148000,2000,England,10,13,2009,2023,WCBS
50071,,TQ0647,506000,147000,2000,England,10,16,2007,2023,WCBS
50072,,SP6348,463000,248000,2000,England,10,1,2009,2009,WCBS
50073,,SP9479,494000,279000,2000,England,10,4,2009,2019,WCBS
50074,,TL0591,505000,291000,,England,,1,2009,2009,WCBS
50075,,TL0787,507000,287000,2000,England,10,2,2009,2012,WCBS
50076,,SK5451,454000,351000,2000,England,10,14,2009,2022,WCBS
50077,,SP6100,461000,200000,2000,England,10,8,2009,2018,WCBS
50078,,SU3783,437000,183000,2000,England,10,12,2009,2020,WCBS
50079,,SU6688,466000,188000,2000,England,10,13,2007,2019,WCBS
50080,,SU7689,476000,189000,2000,England,10,9,2009,2023,WCBS
50081,,NO1737,317000,737000,2000,Scotland,10,13,2009,2023,WCBS
50082,,SO2173,321000,273000,,Wales,,4,2008,2013,WCBS
50083,,NN6998,269000,798000,,Scotland,,1,2007,2007,WCBS
50084,,NT2895,328000,695000,,Scotland,10,3,2007,2010,WCBS
50085,,SD4631,346000,431000,,England,,1,2007,2007,WCBS
50086,,SD4717,347000,417000,2000,England,10,14,2007,2023,WCBS
50087,,SE2401,424000,401000,,England,,1,2007,2007,WCBS
50088,,TQ2631,526000,131000,,England,10,1,2009,2009,WCBS
50089,,TQ4939,549000,139000,,England,10,1,2009,2009,WCBS
50090,,TV6099,560000,99000,,England,10,4,2009,2014,WCBS
50091,,NC2234,222000,934000,2000,Scotland,10,17,2007,2023,WCBS
50092,,SP1861,418000,261000,2000,England,10,2,2009,2010,WCBS
50093,,SP4656,446000,256000,,England,,1,2009,2009,WCBS
50094,,SU1374,413000,174000,2000,England,10,15,2009,2023,WCBS
50095,,SO8778,387000,278000,2000,England,10,14,2007,2020,WCBS
50096,,SO9840,398000,240000,,England,,8,2008,2015,WCBS
50097,,SO9881,398000,281000,,England,10,1,2009,2009,WCBS
50098,,NZ5700,457000,500000,,England,10,1,2009,2009,WCBS
50099,,SE4639,446000,439000,,England,,1,2009,2009,WCBS
50100,,SE6951,469000,451000,,England,,4,2009,2013,WCBS
50101,,SK5488,454000,388000,,England,10,3,2009,2023,WCBS
50102,,NG4426,144000,826000,,Scotland,,2,2007,2008,WCBS
50103,,NH4817,248000,817000,2126,Scotland,10,5,2007,2023,WCBS
50104,,SN5039,250000,239000,,Wales,10,1,2007,2007,WCBS
50105,,ST0642,306000,142000,,England,10,1,2007,2007,WCBS
50106,,ST2331,323000,131000,,England,10,3,2007,2023,WCBS
50107,,SO8114,381000,214000,,England,10,1,2007,2007,WCBS
50108,,SO8642,386000,242000,,England,,6,2007,2013,WCBS
50109,,SP6131,461000,231000,,England,10,1,2007,2007,WCBS
50110,,SP6320,463000,220000,2000,England,10,2,2007,2019,WCBS
50111,,SS8342,283000,142000,,England,,2,2007,2008,WCBS
50112,,SS8542,285000,142000,1960,England,10,3,2007,2021,WCBS
50113,,SS8933,289000,133000,,England,,1,2007,2007,WCBS
50114,,SS9042,290000,142000,,England,,2,2007,2008,WCBS
50115,,SE4445,444000,445000,,England,10,1,2008,2008,WCBS
50116,,SE9269,492000,469000,,England,10,2,2007,2008,WCBS
50117,,SE9329,493000,429000,,England,10,1,2008,2008,WCBS
50118,,SH9123,291000,323000,,Wales,,2,2007,2008,WCBS
50119,,SK2290,422000,390000,,England,,2,2007,2010,WCBS
50120,,SK6286,462000,386000,,England,,4,2007,2011,WCBS
50121,,TF7228,572000,328000,2058,England,10,5,2007,2023,WCBS
50122,,ST3742,337000,142000,,England,10,2,2007,2008,WCBS
50123,,ST4018,340000,118000,,England,10,1,2007,2007,WCBS
50124,,ST5876,358000,176000,,England,,3,2007,2010,WCBS
50125,,ST7043,370000,143000,,England,,1,2007,2007,WCBS
50126,,ST7258,372000,158000,,England,,1,2007,2007,WCBS
50127,,SU3823,438000,123000,,England,,1,2007,2007,WCBS
50128,,SX6781,267000,81000,,England,,2,2007,2008,WCBS
50129,,SZ1691,416000,91000,,England,,1,2007,2007,WCBS
50130,,TA1319,513000,419000,,England,10,1,2007,2007,WCBS
50131,,NO6184,361000,784000,2000,Scotland,10,11,2011,2022,WCBS
50132,,NS6153,261000,653000,,Scotland,,3,2010,2014,WCBS
50133,,TQ9991,599000,191000,,England,10,2,2007,2008,WCBS
50134,,SY8284,382000,84000,,England,10,1,2006,2006,WCBS
50135,,TL3450,534000,250000,2000,England,10,1,2006,2006,WCBS
50136,,TL5466,554000,266000,,England,10,1,2006,2006,WCBS
50137,,HY3615,336000,1015000,,Scotland,10,2,2010,2011,WCBS
50138,,H9560,106339,518829,2000,Northern Ireland,10,14,2010,2023,WCBS
50139,,H9739,106545,497724,2000,Northern Ireland,10,7,2010,2018,WCBS
50140,,J1091,123938,548450,2000,Northern Ireland,10,1,2010,2010,WCBS
50141,,J2191,134901,547509,2000,Northern Ireland,10,3,2010,2014,WCBS
50142,,J2263,133508,519518,2000,Northern Ireland,10,13,2010,2022,WCBS
50143,,J2768,138917,524075,2000,Northern Ireland,10,1,2010,2010,WCBS
50144,,TL0865,508000,265000,,England,10,1,2007,2007,WCBS
50145,,SM8713,187000,213000,,Wales,10,4,2010,2015,WCBS
50146,,NY8935,389000,535000,,England,10,4,2010,2013,WCBS
50147,,SD4441,344000,441000,2000,England,10,6,2010,2015,WCBS
50148,,SE5579,455000,479000,2000,England,10,9,2010,2022,WCBS
50149,,SE9338,493000,438000,,England,10,2,2010,2011,WCBS
50150,,SJ1168,311000,368000,,Wales,,1,2010,2010,WCBS
50151,,SJ9094,390000,394000,2000,England,10,7,2010,2022,WCBS
50152,,SK5515,455000,315000,,England,,5,2010,2014,WCBS
50153,,SP7354,473000,254000,2000,England,10,13,2010,2023,WCBS
50154,,SO7475,374000,275000,,England,,1,2010,2010,WCBS
50155,,TL4404,544000,204000,,England,10,7,2010,2018,WCBS
50156,,SU9814,498000,114000,2000,England,10,12,2010,2022,WCBS
50157,,SY8289,382000,89000,2000,England,10,13,2010,2023,WCBS
50158,,TL0037,500000,237000,1938,England,10,3,2010,2023,WCBS
50159,,TL0330,503000,230000,2000,England,10,9,2010,2018,WCBS
50160,,TQ2916,529000,116000,,England,10,1,2010,2010,WCBS
50161,,ST7722,377000,122000,2000,England,10,13,2011,2023,WCBS
50162,,TF6700,567000,300000,,England,,5,2012,2016,WCBS
50163,,ST3540,335000,140000,,England,10,6,2011,2016,WCBS
50164,,TL2222,522000,222000,2000,England,10,12,2011,2023,WCBS
50165,,TQ0124,501000,124000,,England,10,5,2011,2015,WCBS
50166,,TQ5309,553000,109000,2000,England,10,13,2011,2023,WCBS
50167,,SU8026,480000,126000,2000,England,10,2,2012,2014,WCBS
50168,,ST9326,393000,126000,2000,England,10,8,2011,2023,WCBS
50169,,SU9797,497000,197000,2000,England,10,6,2011,2021,WCBS
50170,,SK2313,423000,313000,,England,10,1,2011,2011,WCBS
50171,,NS9649,296000,649000,2000,Scotland,10,1,2011,2011,WCBS
50172,,NJ8619,386000,819000,,Scotland,,4,2011,2014,WCBS
50173,,SK4229,442000,329000,,England,10,13,2011,2023,WCBS
50174,,SK1932,419000,332000,2000,England,10,13,2011,2023,WCBS
50175,,NN9140,291000,740000,2000,Scotland,10,3,2011,2018,WCBS
50176,,NR3953,139000,653000,2000,Scotland,10,1,2011,2011,WCBS
50177,,NR3272,132000,672000,2000,Scotland,10,6,2011,2016,WCBS
50178,,ST7870,378000,170000,2000,England,10,12,2011,2023,WCBS
50179,,SD3917,339000,417000,2000,England,10,2,2012,2018,WCBS
50180,,SP1130,411000,230000,2000,England,10,9,2012,2022,WCBS
50181,,SD3839,338000,439000,2000,England,9,8,2012,2021,WCBS
50182,,NO5115,351000,715000,2029,Scotland,10,6,2011,2023,WCBS
50183,,TF0710,507000,310000,1957,England,10,9,2011,2023,WCBS
50184,,NB9713,197000,913000,,Scotland,10,2,2011,2013,WCBS
50185,,SO3105,331000,205000,2000,Wales,10,6,2012,2018,WCBS
50186,,NJ1534,315000,834000,2000,Scotland,10,4,2011,2018,WCBS
50187,,SC2273,222000,473000,2000,Isle of Man,10,12,2012,2023,WCBS
50188,,SO9008,390000,208000,2000,England,10,12,2012,2023,WCBS
50189,,SP0008,400000,208000,2000,England,10,12,2012,2023,WCBS
50190,,NO3936,339000,736000,2000,Scotland,10,1,2011,2011,WCBS
50191,,SY4392,343000,92000,2000,England,,4,2012,2015,WCBS
50192,,SW7725,177000,25000,2000,England,10,1,2009,2009,WCBS
50193,,TL2348,523000,248000,,England,,1,2009,2009,WCBS
50194,,SU5877,458000,177000,,England,10,5,2009,2013,WCBS
50195,,NT7752,377000,652000,,Scotland,,2,2009,2010,WCBS
50196,,NT5156,351000,656000,2000,Scotland,10,7,2009,2019,WCBS
50197,,SH6773,267000,373000,,Wales,,4,2009,2012,WCBS
50198,,SN5158,251000,258000,,Wales,,1,2009,2009,WCBS
50199,,SN6390,263000,290000,,Wales,10,3,2009,2011,WCBS
50200,,SJ5054,350000,354000,,England,10,1,2009,2009,WCBS
50201,,SJ5058,350000,358000,2000,England,10,11,2007,2017,WCBS
50202,,SJ6679,366000,379000,2000,England,10,7,2009,2016,WCBS
50203,,SJ6884,368000,384000,2000,England,10,14,2009,2023,WCBS
50204,,SJ7159,371000,359000,2000,England,10,12,2009,2021,WCBS
50205,,SJ8456,384000,356000,2000,England,10,8,2009,2022,WCBS
50206,,NS8994,289000,694000,,Scotland,10,2,2009,2010,WCBS
50207,,SW4426,144000,26000,2000,England,10,13,2009,2022,WCBS
50208,,J2354,133738,510463,,Northern Ireland,10,1,2009,2009,WCBS
50209,,TL8715,587000,215000,2000,England,10,17,2007,2023,WCBS
50210,,NS9076,290000,676000,,Scotland,10,7,2009,2016,WCBS
50211,,SS8086,280000,186000,,Wales,10,1,2009,2009,WCBS
50212,,SE3199,431000,499000,,England,10,8,2009,2016,WCBS
50213,,SS8185,281000,185000,2000,Wales,10,13,2009,2023,WCBS
50214,,SO8013,380000,213000,2000,England,10,15,2009,2023,WCBS
50215,,SP2221,422000,221000,2000,England,10,14,2009,2023,WCBS
50216,,ST6883,368000,183000,,England,10,3,2007,2009,WCBS
50217,,TQ3067,530000,167000,2000,England,10,9,2009,2018,WCBS
50218,,SK3527,435000,327000,2000,England,10,11,2009,2021,WCBS
50219,,SK4737,447000,337000,,England,,1,2009,2009,WCBS
50220,,C5805,73294,566859,2000,Northern Ireland,10,10,2009,2019,WCBS
50221,,SS5411,254000,111000,,England,10,5,2009,2013,WCBS
50222,,SS6629,266000,129000,2000,England,10,11,2009,2021,WCBS
50223,,SY0181,301000,81000,2091,England,10,8,2009,2022,WCBS
50224,,TG2111,621000,311000,,England,10,1,2009,2009,WCBS
50225,,TG4210,642000,310000,2000,England,10,16,2007,2023,WCBS
50226,,TG4710,647000,310000,2000,England,10,15,2009,2023,WCBS
50227,,TL8490,584000,290000,2000,England,10,3,2007,2012,WCBS
50228,,TM0582,605000,282000,,England,,2,2009,2016,WCBS
50229,,SP9212,492000,212000,2000,England,10,11,2009,2020,WCBS
50230,,TL3740,537000,240000,2000,England,10,9,2009,2017,WCBS
50231,,TL4717,547000,217000,2000,England,10,15,2009,2023,WCBS
50232,,TQ0495,504000,195000,,England,10,3,2009,2015,WCBS
50233,,TQ1593,515000,193000,2000,England,10,14,2009,2023,WCBS
50234,,NH4266,242000,866000,2000,Scotland,10,6,2009,2017,WCBS
50235,,TQ9648,596000,148000,2060,England,10,5,2009,2023,WCBS
50236,,TR0535,605000,135000,,England,10,1,2009,2009,WCBS
50237,,TR0622,606000,122000,2000,England,10,15,2009,2023,WCBS
50238,,TR1939,619000,139000,2000,England,10,4,2009,2022,WCBS
50239,,TR1943,619000,143000,,England,10,6,2009,2014,WCBS
50240,,SD5313,353000,413000,2000,England,10,12,2009,2023,WCBS
50241,,SD5505,355000,405000,2000,England,10,14,2009,2023,WCBS
50242,,SD9042,390000,442000,,England,,4,2009,2013,WCBS
50243,,SK6417,464000,317000,2000,England,10,13,2009,2021,WCBS
50244,,SD7716,377000,416000,2000,England,10,14,2009,2022,WCBS
50245,,SN7895,278000,295000,,Wales,10,2,2009,2013,WCBS
50246,,TF9040,590000,340000,2000,England,10,13,2007,2023,WCBS
50247,,TG1034,610000,334000,2000,England,10,13,2009,2022,WCBS
50248,,SJ3919,339000,319000,,England,,5,2007,2011,WCBS
50249,,ST3512,335000,112000,,England,10,1,2009,2009,WCBS
50250,,ST3736,337000,136000,,England,10,5,2007,2011,WCBS
50251,,SU8801,488000,101000,2000,England,10,2,2009,2011,WCBS
50252,,SU9521,495000,121000,2000,England,10,2,2009,2010,WCBS
50253,,TQ0527,505000,127000,2000,England,10,15,2009,2023,WCBS
50254,,ST5375,353000,175000,2867,England,10,2,2009,2023,WCBS
50255,,ST7245,372000,145000,,England,10,2,2007,2009,WCBS
50256,,TL8482,584000,282000,2000,England,10,11,2009,2023,WCBS
50257,,SU9038,490000,138000,2000,England,10,11,2009,2023,WCBS
50258,,SU9761,497000,161000,2000,England,10,15,2007,2023,WCBS
50259,,TQ0944,509000,144000,1979,England,10,14,2009,2023,WCBS
50260,,TM2393,623000,293000,2000,England,10,16,2008,2023,WCBS
50261,,SP4854,448000,254000,2000,England,10,15,2009,2023,WCBS
50262,,SP6872,468000,272000,549,England,10,13,2009,2023,WCBS
50263,,SP9766,497000,266000,2000,England,10,12,2009,2021,WCBS
50264,,SM9225,192000,225000,2000,Wales,10,14,2009,2023,WCBS
50265,,NN6585,265000,785000,,Scotland,10,1,2007,2007,WCBS
50266,,SE1867,418000,467000,,England,10,1,2007,2007,WCBS
50267,,TQ2110,521000,110000,,England,,4,2009,2012,WCBS
50268,,SP2138,421000,238000,2000,England,10,1,2009,2009,WCBS
50269,,SP4153,441000,253000,2000,England,10,1,2009,2009,WCBS
50270,,ST8946,389000,146000,2000,England,10,13,2009,2023,WCBS
50271,,ST9325,393000,125000,2000,England,10,9,2009,2018,WCBS
50272,,SU0869,408000,169000,2000,England,10,7,2009,2023,WCBS
50273,,SU0944,409000,144000,1921,England,10,10,2009,2023,WCBS
50274,,SO9237,392000,237000,,England,,6,2007,2012,WCBS
50275,,SO9848,398000,248000,,England,,6,2009,2014,WCBS
50276,,SE8821,488000,421000,,England,10,5,2009,2013,WCBS
50277,,SE4361,443000,461000,,England,,10,2009,2019,WCBS
50278,,SE9445,494000,445000,2000,England,10,1,2009,2009,WCBS
50279,,SK4982,449000,382000,,England,10,12,2009,2023,WCBS
50280,,SK2442,424000,342000,2000,England,10,14,2009,2023,WCBS
50281,,SK3778,437000,378000,2000,England,10,14,2009,2023,WCBS
50282,,SO7651,376000,251000,,England,10,1,2006,2006,WCBS
50283,,NH5411,254000,811000,,Scotland,,1,2007,2007,WCBS
50284,,NH5828,258000,828000,,Scotland,,1,2007,2007,WCBS
50285,,SK7250,472000,350000,,England,10,2,2007,2010,WCBS
50286,,SM9711,197000,211000,,Wales,10,3,2007,2015,WCBS
50287,,SO1828,318000,228000,2000,Wales,10,2,2007,2008,WCBS
50288,,SO7503,375000,203000,,England,10,2,2007,2008,WCBS
50289,,SP6238,462000,238000,2000,England,10,3,2007,2019,WCBS
50290,,SH9724,297000,324000,,Wales,10,1,2007,2007,WCBS
50291,,SJ0217,302000,317000,,Wales,,2,2007,2008,WCBS
50292,,SJ2946,329000,346000,,Wales,10,1,2008,2008,WCBS
50293,,SJ3417,334000,317000,,England,10,1,2007,2007,WCBS
50294,,SJ7188,371000,388000,,England,10,1,2007,2007,WCBS
50295,,ST6760,367000,160000,,England,10,1,2007,2007,WCBS
50296,,ST6877,368000,177000,781,England,10,6,2007,2023,WCBS
50297,,SX6879,268000,79000,,England,,2,2007,2008,WCBS
50298,,SX6880,268000,80000,,England,,2,2007,2008,WCBS
50299,,TA1619,516000,419000,,England,10,1,2007,2007,WCBS
50300,,TQ7642,576000,142000,,England,,1,2007,2007,WCBS
50301,,NJ1740,317000,840000,2000,Scotland,10,3,2010,2019,WCBS
50302,,NS4060,240000,660000,2000,Scotland,10,1,2010,2010,WCBS
50303,,SY7782,377000,82000,,England,10,1,2006,2006,WCBS
50304,,TL0025,500000,225000,,England,,1,2006,2006,WCBS
50305,,TL0114,501000,214000,,England,10,1,2006,2006,WCBS
50306,,NT1400,314000,600000,2000,Scotland,10,1,2010,2010,WCBS
50307,,NY2480,324000,580000,2000,Scotland,10,2,2010,2012,WCBS
50308,,TM4293,642000,293000,,England,10,1,2007,2007,WCBS
50309,,TQ4326,543000,126000,2000,England,10,9,2008,2022,WCBS
50310,,SN6672,266000,272000,2000,Wales,10,6,2010,2015,WCBS
50311,,NT9222,392000,622000,,England,,1,2010,2010,WCBS
50312,,NX9391,293000,591000,,Scotland,,1,2010,2010,WCBS
50313,,NY1268,312000,568000,2000,Scotland,10,2,2010,2011,WCBS
50314,,SD5641,356000,441000,2000,England,10,7,2010,2022,WCBS
50316,,SP6474,464000,274000,,England,,3,2010,2013,WCBS
50317,,SU1689,416000,189000,2000,England,10,13,2010,2023,WCBS
50318,,SU2882,428000,182000,2000,England,10,10,2010,2023,WCBS
50319,,TL0597,505000,297000,2000,England,10,14,2010,2023,WCBS
50320,,SP4909,449000,209000,2000,England,10,10,2012,2021,WCBS
50321,,TQ5907,559000,107000,2000,England,10,6,2010,2016,WCBS
50323,,TL4989,549000,289000,2000,England,10,9,2010,2018,WCBS
50324,,NT1940,319000,640000,2136,Scotland,10,6,2011,2021,WCBS
50325,,SP9588,495000,288000,2000,England,10,2,2012,2022,WCBS
50326,,TQ5736,557000,136000,,England,,1,2012,2012,WCBS
50327,,TQ4136,541000,136000,,England,10,1,2012,2012,WCBS
50328,,NT3257,332000,657000,2000,Scotland,10,6,2012,2022,WCBS
50329,,NN9950,299000,750000,2000,Scotland,10,4,2011,2020,WCBS
50330,,TL2479,524000,279000,2000,England,10,8,2012,2021,WCBS
50331,,TL4498,544000,298000,,England,10,2,2011,2012,WCBS
50333,,H2645,36251,509750,2000,Northern Ireland,10,4,2011,2016,WCBS
50334,,SD7234,372000,434000,2000,England,10,6,2010,2022,WCBS
50335,,TQ4214,542000,114000,2000,England,10,10,2012,2021,WCBS
50336,,TL1030,510000,230000,,England,,1,2011,2011,WCBS
50337,,NX4438,244000,538000,2000,Scotland,10,5,2011,2019,WCBS
50339,,NT1925,319000,625000,2000,Scotland,10,1,2011,2011,WCBS
50340,,NT4221,342000,621000,2000,Scotland,10,1,2011,2011,WCBS
50341,,SD6736,367000,436000,2000,England,10,7,2011,2022,WCBS
50342,,NT0372,303000,672000,2000,Scotland,10,3,2011,2014,WCBS
50343,,NR2943,129000,643000,2000,Scotland,10,13,2011,2023,WCBS
50344,,SE8247,482000,447000,,England,10,3,2012,2014,WCBS
50345,,NM8412,184000,712000,2000,Scotland,10,1,2012,2012,WCBS
50346,,TF2018,520000,318000,,England,10,1,2012,2012,WCBS
50347,,ST7415,374000,115000,2000,England,10,5,2012,2023,WCBS
50348,,NU0934,409000,634000,2000,England,10,7,2012,2019,WCBS
50349,,TQ1130,511000,130000,2000,England,10,3,2012,2014,WCBS
50350,,SD5983,359000,483000,2000,England,10,12,2012,2023,WCBS
50351,,SO1219,312000,219000,2000,Wales,10,11,2012,2022,WCBS
50352,,NX3761,237000,561000,2000,Scotland,10,1,2011,2011,WCBS
50353,,NX7849,278000,549000,2000,Scotland,10,1,2011,2011,WCBS
50354,,NX3153,231000,553000,2000,Scotland,10,1,2011,2011,WCBS
50355,,NJ4064,340000,864000,,Scotland,10,1,2011,2011,WCBS
50356,,NO7770,377000,770000,2000,Scotland,10,12,2011,2023,WCBS
50357,,SX8377,283000,77000,,England,10,3,2012,2014,WCBS
50358,,NK0144,401000,844000,2000,Scotland,10,4,2009,2013,WCBS
50359,,SH6181,261000,381000,,Wales,,7,2007,2014,WCBS
50360,,J2097,134417,553575,2000,Northern Ireland,10,14,2009,2023,WCBS
50361,,D1704,132027,560808,,Northern Ireland,10,1,2009,2009,WCBS
50362,,NH2603,226000,803000,,Scotland,10,5,2009,2013,WCBS
50363,,NM5753,157000,753000,,Scotland,10,4,2009,2013,WCBS
50364,,ST6260,362000,160000,,England,,5,2009,2015,WCBS
50365,,NY0935,309000,535000,2000,England,10,8,2009,2023,WCBS
50366,,NY1641,316000,541000,2000,England,10,11,2009,2023,WCBS
50367,,SU7170,471000,170000,2000,England,10,15,2009,2023,WCBS
50368,,NT9263,392000,663000,2000,Scotland,10,3,2009,2012,WCBS
50369,,TF4310,543000,310000,,England,10,1,2009,2009,WCBS
50370,,SN6974,269000,274000,,Wales,10,1,2009,2009,WCBS
50371,,SJ4654,346000,354000,2000,England,10,15,2007,2021,WCBS
50372,,SJ6855,368000,355000,,England,10,1,2009,2009,WCBS
50373,,SJ7181,371000,381000,,England,10,2,2009,2010,WCBS
50374,,SJ8380,383000,380000,,England,10,1,2009,2009,WCBS
50375,,NZ6612,466000,512000,,England,10,8,2009,2016,WCBS
50376,,NZ2850,428000,550000,2000,England,10,9,2009,2019,WCBS
50377,,NH5537,255000,837000,2000,Scotland,10,9,2007,2015,WCBS
50378,,SH4941,249000,341000,,Wales,10,1,2009,2009,WCBS
50379,,SU2003,420000,103000,2000,England,10,14,2009,2022,WCBS
50380,,SU3104,431000,104000,,England,10,5,2007,2011,WCBS
50381,,SU4662,446000,162000,2000,England,10,15,2009,2023,WCBS
50382,,TQ6682,566000,182000,1776,England,10,14,2009,2023,WCBS
50383,,NO3616,336000,716000,,Scotland,10,1,2009,2009,WCBS
50384,,TL3147,531000,247000,2000,England,10,8,2009,2020,WCBS
50385,,SD4464,344000,464000,,England,,1,2009,2009,WCBS
50386,,SD9704,397000,404000,2000,England,10,8,2009,2022,WCBS
50387,,SO6206,362000,206000,2000,England,10,12,2009,2023,WCBS
50388,,SO7518,375000,218000,2000,England,10,15,2009,2023,WCBS
50389,,SO8815,388000,215000,2000,England,10,15,2009,2023,WCBS
50390,,SO9224,392000,224000,2000,England,10,5,2009,2013,WCBS
50391,,ST8690,386000,190000,2000,England,10,15,2009,2023,WCBS
50392,,SU0096,400000,196000,2000,England,10,14,2009,2023,WCBS
50393,,SU1797,417000,197000,2000,England,10,4,2009,2012,WCBS
50394,,TQ3993,539000,193000,2000,England,10,14,2007,2022,WCBS
50395,,SJ8191,381000,391000,2000,England,10,14,2009,2023,WCBS
50396,,SX3783,237000,83000,2000,England,10,8,2009,2016,WCBS
50397,,SX8478,284000,78000,,England,10,2,2009,2010,WCBS
50398,,ST6014,360000,114000,2000,England,10,15,2009,2023,WCBS
50399,,ST8105,381000,105000,2000,England,10,12,2009,2023,WCBS
50400,,ST9601,396000,101000,2000,England,10,13,2009,2023,WCBS
50401,,ST9911,399000,111000,2000,England,10,15,2009,2023,WCBS
50402,,SU0510,405000,110000,2197,England,10,15,2009,2023,WCBS
50403,,SU0814,408000,114000,,England,10,1,2009,2009,WCBS
50404,,SY5499,354000,99000,2000,England,10,15,2009,2023,WCBS
50405,,SU7218,472000,118000,2000,England,10,16,2007,2022,WCBS
50406,,SU7835,478000,135000,2000,England,10,11,2007,2019,WCBS
50407,,TL1302,513000,202000,2000,England,10,13,2009,2023,WCBS
50408,,TL2831,528000,231000,2000,England,10,14,2009,2023,WCBS
50409,,TL3128,531000,228000,2000,England,10,15,2009,2023,WCBS
50410,,TQ5460,554000,160000,2000,England,10,17,2007,2023,WCBS
50411,,TQ6048,560000,148000,,England,,1,2009,2009,WCBS
50412,,TQ7961,579000,161000,2000,England,10,17,2007,2023,WCBS
50413,,TR0759,607000,159000,2000,England,10,6,2009,2017,WCBS
50414,,TR3046,630000,146000,,England,10,3,2007,2011,WCBS
50415,,SD7732,377000,432000,2000,England,10,12,2009,2021,WCBS
50416,,SP5482,454000,282000,,England,10,4,2009,2012,WCBS
50417,,TF0518,505000,318000,,England,10,1,2009,2009,WCBS
50418,,NT2370,323000,670000,2000,Scotland,10,2,2009,2017,WCBS
50419,,TF7429,574000,329000,2000,England,10,11,2009,2022,WCBS
50420,,TF9432,594000,332000,2000,England,10,14,2009,2022,WCBS
50421,,TF9538,595000,338000,2000,England,10,6,2009,2019,WCBS
50422,,TG0717,607000,317000,2000,England,10,16,2007,2023,WCBS
50423,,SJ2738,327000,338000,,Wales,,4,2007,2010,WCBS
50424,,SJ6433,364000,333000,2000,England,10,6,2007,2020,WCBS
50425,,SS7944,279000,144000,2000,England,10,12,2007,2020,WCBS
50426,,SS9645,296000,145000,,England,,1,2009,2009,WCBS
50427,,ST0140,301000,140000,2000,England,10,12,2007,2019,WCBS
50428,,ST2042,320000,142000,,England,10,7,2009,2023,WCBS
50429,,TQ2657,526000,157000,2000,England,10,11,2009,2023,WCBS
50430,,TQ2854,528000,154000,2000,England,10,2,2007,2009,WCBS
50431,,SU9628,496000,128000,2000,England,10,15,2009,2023,WCBS
50432,,TQ1025,510000,125000,2000,England,10,4,2009,2012,WCBS
50433,,ST4154,341000,154000,2000,England,10,5,2008,2020,WCBS
50434,,SK0719,407000,319000,2000,England,10,15,2009,2023,WCBS
50435,,NS4495,244000,695000,,Scotland,10,2,2009,2010,WCBS
50436,,TL7951,579000,251000,2000,England,10,9,2009,2020,WCBS
50437,,TL9047,590000,247000,2000,England,10,12,2009,2023,WCBS
50438,,TM0553,605000,253000,2000,England,10,11,2009,2023,WCBS
50439,,TM3549,635000,249000,2000,England,10,14,2009,2023,WCBS
50440,,SU8748,487000,148000,2000,England,10,13,2009,2023,WCBS
50441,,TQ1049,510000,149000,2000,England,10,10,2007,2017,WCBS
50442,,TQ1547,515000,147000,2000,England,10,9,2009,2017,WCBS
50443,,TM1599,615000,299000,2000,England,10,11,2007,2023,WCBS
50444,,SP5645,456000,245000,2000,England,10,5,2009,2018,WCBS
50445,,SK6276,462000,376000,2000,England,10,15,2009,2023,WCBS
50446,,SP2302,423000,202000,2000,England,7,14,2009,2023,WCBS
50447,,SP4217,442000,217000,2000,England,10,7,2009,2019,WCBS
50448,,SU4795,447000,195000,2000,England,10,15,2006,2023,WCBS
50449,,SM8322,183000,222000,2000,Wales,10,14,2009,2023,WCBS
50450,,NO2444,324000,744000,2000,Scotland,10,15,2009,2023,WCBS
50451,,NS9877,298000,677000,,Scotland,,1,2007,2007,WCBS
50452,,NS9986,299000,686000,,Scotland,10,2,2007,2008,WCBS
50453,,SD9501,395000,401000,,England,,1,2007,2007,WCBS
50454,,SE2917,429000,417000,,England,10,7,2007,2014,WCBS
50455,,TQ2733,527000,133000,2000,England,10,13,2008,2020,WCBS
50456,,TQ2823,528000,123000,2000,England,10,9,2009,2017,WCBS
50457,,TQ3313,533000,113000,2000,England,10,5,2009,2014,WCBS
50458,,TQ3734,537000,134000,,England,10,3,2009,2012,WCBS
50459,,TQ5220,552000,120000,,England,10,5,2008,2012,WCBS
50460,,SP2638,426000,238000,2000,England,10,10,2009,2022,WCBS
50461,,SP4778,447000,278000,2000,England,10,9,2009,2017,WCBS
50462,,SU2282,422000,182000,2000,England,10,8,2009,2023,WCBS
50463,,SO7267,372000,267000,2000,England,10,14,2007,2020,WCBS
50464,,SE3734,437000,434000,,England,10,3,2009,2011,WCBS
50465,,SE4554,445000,454000,2000,England,10,4,2009,2016,WCBS
50466,,SK4880,448000,380000,2000,England,10,11,2009,2019,WCBS
50467,,NY1548,315000,548000,,England,10,7,2009,2016,WCBS
50468,,SK2444,424000,344000,,England,10,14,2009,2023,WCBS
50469,,SP2556,425000,256000,,England,,8,2009,2023,WCBS
50470,,ST4698,346000,198000,,Wales,,1,2009,2009,WCBS
50471,,SX3158,231000,58000,2000,England,10,11,2009,2019,WCBS
50472,,SE8481,484000,481000,,England,,1,2006,2006,WCBS
50473,,SK8353,483000,353000,,England,10,3,2007,2010,WCBS
50474,,ST0797,307000,197000,,Wales,10,7,2007,2016,WCBS
50476,,SP8605,486000,205000,2000,England,10,1,2007,2007,WCBS
50477,,SS8942,289000,142000,,England,,2,2007,2008,WCBS
50478,,SH9824,298000,324000,,Wales,,1,2007,2007,WCBS
50479,,SJ0218,302000,318000,,Wales,,2,2007,2008,WCBS
50480,,SJ7465,374000,365000,,England,10,2,2007,2008,WCBS
50481,,TF5804,558000,304000,2000,England,10,1,2007,2007,WCBS
50482,,ST3943,339000,143000,,England,10,2,2007,2008,WCBS
50483,,ST5787,357000,187000,,England,10,1,2007,2007,WCBS
50484,,ST7550,375000,150000,,England,10,2,2007,2010,WCBS
50485,,ST8677,386000,177000,,England,,1,2008,2008,WCBS
50486,,TA0135,501000,435000,,England,10,1,2007,2007,WCBS
50487,,TQ7635,576000,135000,,England,,1,2007,2007,WCBS
50488,,NS6381,263000,681000,2000,Scotland,10,2,2010,2011,WCBS
50489,,TR2235,622000,135000,,England,,1,2007,2007,WCBS
50490,,SP9512,495000,212000,,England,,1,2006,2006,WCBS
50491,,SY8081,380000,81000,,England,10,1,2006,2006,WCBS
50492,,SY8184,381000,84000,,England,10,1,2006,2006,WCBS
50493,,TL1112,511000,212000,,England,,1,2006,2006,WCBS
50494,,TL3467,534000,267000,,England,10,1,2006,2006,WCBS
50495,,TG2410,624000,310000,,England,10,1,2007,2007,WCBS
50496,,NT7568,375000,668000,2000,Scotland,10,14,2010,2023,WCBS
50497,,NU0436,404000,636000,2000,England,10,10,2010,2019,WCBS
50498,,SE1028,410000,428000,2000,England,10,13,2010,2023,WCBS
50499,,ST8763,387000,163000,,England,,3,2010,2012,WCBS
50500,,SO7472,374000,272000,,England,,2,2010,2013,WCBS
50501,,SO7624,376000,224000,2000,England,10,12,2010,2022,WCBS
50502,,TL3312,533000,212000,,England,,4,2010,2013,WCBS
50503,,SY7092,370000,92000,2000,England,10,8,2010,2021,WCBS
50504,,TL1031,510000,231000,,England,10,5,2010,2015,WCBS
50505,,TQ3008,530000,108000,2000,England,10,11,2012,2023,WCBS
50506,,SJ6460,364000,360000,2000,England,10,2,2011,2012,WCBS
50507,,TQ5906,559000,106000,,England,,3,2010,2013,WCBS
50508,,TQ2419,524000,119000,2000,England,10,6,2012,2020,WCBS
50509,,TQ2835,528000,135000,2000,England,10,9,2012,2020,WCBS
50510,,TL6807,568000,207000,,England,,1,2010,2010,WCBS
50511,,TM1797,617000,297000,2000,England,10,13,2010,2023,WCBS
50512,,TM1827,618000,227000,2000,England,10,10,2010,2023,WCBS
50513,,NT5675,356000,675000,2000,Scotland,10,8,2011,2023,WCBS
50514,,TQ0322,503000,122000,,England,10,4,2012,2015,WCBS
50515,,TQ6524,565000,124000,2000,England,10,7,2012,2022,WCBS
50516,,TL2722,527000,222000,2000,England,10,13,2011,2023,WCBS
50517,,SY2288,322000,88000,2000,England,10,11,2011,2023,WCBS
50518,,TL7320,573000,220000,2000,England,10,5,2012,2016,WCBS
50519,,SP4586,445000,286000,,England,10,1,2011,2011,WCBS
50521,,TQ0960,509000,160000,2000,England,10,12,2011,2023,WCBS
50522,,NS2971,229000,671000,2000,Scotland,10,1,2011,2011,WCBS
50523,,TQ9741,597000,141000,,England,,1,2011,2011,WCBS
50524,,SP1719,417000,219000,2000,England,10,13,2011,2023,WCBS
50525,,NT5376,353000,676000,2000,Scotland,10,10,2011,2023,WCBS
50526,,NT0574,305000,674000,2000,Scotland,10,5,2011,2021,WCBS
50527,,TF3085,530000,385000,2000,England,10,11,2011,2021,WCBS
50529,,NS0030,200000,630000,2000,Scotland,10,1,2011,2011,WCBS
50530,,SO9519,395000,219000,2000,England,10,13,2011,2023,WCBS
50531,,TF8532,585000,332000,2000,England,10,13,2011,2023,WCBS
50532,,TL0532,505000,232000,2000,England,10,9,2012,2023,WCBS
50533,,TF0114,501000,314000,,England,,1,2012,2012,WCBS
50534,,NY7189,371000,589000,2000,England,10,1,2016,2016,WCBS
50535,,SU3235,432000,135000,2000,England,10,8,2012,2022,WCBS
50536,,TQ4611,546000,111000,2000,England,10,7,2011,2017,WCBS
50537,,SW5731,157000,31000,,England,,2,2012,2013,WCBS
50538,,SK3959,439000,359000,,England,,4,2012,2015,WCBS
50539,,SH3039,230000,339000,,Wales,10,2,2012,2013,WCBS
50540,,NT2710,327000,610000,2000,Scotland,10,2,2011,2013,WCBS
50541,,NT2607,326000,607000,,Scotland,,1,2011,2011,WCBS
50542,,SJ7558,375000,358000,,England,10,1,2012,2012,WCBS
50543,,SS5631,256000,131000,,England,10,2,2012,2013,WCBS
50544,,SY8779,387000,79000,2000,England,10,13,2011,2023,WCBS
50545,,SS9874,298000,174000,2000,Wales,10,7,2012,2018,WCBS
50546,,NX2863,228000,563000,2000,Scotland,10,1,2011,2011,WCBS
50547,,NJ0934,309000,834000,2000,Scotland,10,2,2011,2012,WCBS
50548,,NY8961,389000,561000,2000,England,10,1,2012,2012,WCBS
50549,,SP5634,456000,234000,2000,England,10,8,2012,2020,WCBS
50550,,NM8441,184000,741000,2000,Scotland,10,1,2012,2012,WCBS
50551,,ST6805,368000,105000,2000,England,10,12,2012,2023,WCBS
50552,,J0745,117024,502854,2000,Northern Ireland,10,7,2012,2018,WCBS
50553,,NZ9503,495000,503000,2000,England,10,3,2012,2016,WCBS
50554,,SK4021,440000,321000,,England,10,1,2012,2012,WCBS
50555,,TL1152,511000,252000,2000,England,10,15,2009,2023,WCBS
50556,,NY7412,374000,512000,2000,England,10,9,2009,2023,WCBS
50557,,SU4380,443000,180000,,England,,3,2009,2011,WCBS
50558,,SU5375,453000,175000,2000,England,10,12,2009,2020,WCBS
50559,,SP7222,472000,222000,,England,10,1,2009,2009,WCBS
50560,,SP9217,492000,217000,,England,10,3,2009,2011,WCBS
50561,,TL3085,530000,285000,2000,England,10,11,2009,2023,WCBS
50562,,TL5456,554000,256000,2000,England,10,12,2009,2023,WCBS
50563,,SN6342,263000,242000,,Wales,10,4,2009,2013,WCBS
50564,,SN5462,254000,262000,,Wales,10,2,2009,2010,WCBS
50565,,SN5755,257000,255000,2127,Wales,10,2,2009,2010,WCBS
50566,,SJ8662,386000,362000,2000,England,10,13,2009,2023,WCBS
50567,,SH8565,285000,365000,,Wales,10,3,2009,2018,WCBS
50568,,SW3935,139000,35000,,England,10,4,2009,2012,WCBS
50569,,SW5032,150000,32000,2000,England,10,15,2009,2023,WCBS
50570,,SW6929,169000,29000,2000,England,10,7,2009,2020,WCBS
50571,,NZ0825,408000,525000,2000,England,10,2,2009,2023,WCBS
50572,,SM8518,185000,218000,2000,Wales,10,15,2009,2023,WCBS
50573,,SH6756,267000,356000,2000,Wales,10,10,2009,2018,WCBS
50574,,TL8536,585000,236000,2000,England,10,14,2009,2023,WCBS
50575,,SK9208,492000,308000,,England,10,8,2009,2016,WCBS
50576,,TQ1883,518000,183000,2000,England,10,1,2009,2009,WCBS
50577,,TQ3668,536000,168000,,England,,7,2009,2022,WCBS
50578,,TQ3685,536000,185000,,England,10,5,2009,2013,WCBS
50579,,SK2672,426000,372000,2000,England,10,14,2009,2023,WCBS
50580,,SS5904,259000,104000,2000,England,10,7,2009,2019,WCBS
50581,,SX4583,245000,83000,,England,10,4,2009,2013,WCBS
50582,,SX4863,248000,63000,,England,,6,2009,2014,WCBS
50583,,SX6147,261000,47000,2000,England,10,7,2009,2017,WCBS
50584,,SX8146,281000,46000,2000,England,10,10,2009,2019,WCBS
50585,,SX8256,282000,56000,,England,10,8,2009,2017,WCBS
50586,,ST6702,367000,102000,2000,England,10,15,2009,2023,WCBS
50587,,ST8906,389000,106000,2000,England,10,10,2009,2022,WCBS
50588,,TL2440,524000,240000,,England,10,6,2009,2015,WCBS
50589,,TL2608,526000,208000,,England,,4,2009,2015,WCBS
50590,,TL2804,528000,204000,2000,England,10,7,2009,2023,WCBS
50591,,TL3811,538000,211000,2000,England,10,7,2009,2017,WCBS
50592,,NN0661,206000,761000,2000,Scotland,10,4,2009,2014,WCBS
50593,,TQ5164,551000,164000,2000,England,10,10,2009,2023,WCBS
50594,,TQ6278,562000,178000,,England,10,3,2007,2009,WCBS
50595,,TQ6761,567000,161000,,England,10,8,2007,2014,WCBS
50596,,TQ7371,573000,171000,2000,England,10,12,2009,2023,WCBS
50597,,TQ9048,590000,148000,2000,England,10,10,2009,2022,WCBS
50598,,TQ9060,590000,160000,2000,England,10,12,2007,2018,WCBS
50599,,TR1961,619000,161000,,England,,2,2009,2010,WCBS
50600,,SD7044,370000,444000,2000,England,10,9,2009,2017,WCBS
50601,,SK4801,448000,301000,,England,10,1,2009,2009,WCBS
50602,,SK5814,458000,314000,2000,England,10,13,2009,2023,WCBS
50603,,SP3994,439000,294000,,England,10,2,2009,2010,WCBS
50604,,SP5583,455000,283000,,England,10,4,2009,2012,WCBS
50605,,TF3281,532000,381000,,England,,5,2009,2014,WCBS
50606,,ST4088,340000,188000,,Wales,10,1,2009,2009,WCBS
50607,,ST5194,351000,194000,,Wales,10,4,2009,2013,WCBS
50608,,TF5016,550000,316000,2000,England,10,13,2007,2023,WCBS
50609,,ST0238,302000,138000,,England,10,4,2009,2012,WCBS
50610,,ST4037,340000,137000,,England,10,5,2007,2011,WCBS
50611,,TQ3566,535000,166000,2000,England,10,11,2009,2022,WCBS
50612,,SU9005,490000,105000,,England,10,1,2009,2009,WCBS
50613,,SU9216,492000,116000,,England,10,5,2009,2015,WCBS
50614,,ST6158,361000,158000,,England,10,2,2007,2009,WCBS
50615,,ST6537,365000,137000,2000,England,10,14,2009,2023,WCBS
50616,,TL6545,565000,245000,2000,England,10,12,2009,2023,WCBS
50617,,TL7163,571000,263000,2000,England,10,14,2009,2023,WCBS
50618,,TL9354,593000,254000,,England,10,3,2009,2023,WCBS
50619,,SU9647,496000,147000,2000,England,10,10,2009,2023,WCBS
50620,,TQ0945,509000,145000,2000,England,10,12,2007,2019,WCBS
50621,,TQ1070,510000,170000,,England,10,6,2009,2014,WCBS
50622,,SP8984,489000,284000,,England,,2,2009,2010,WCBS
50623,,SP9769,497000,269000,2000,England,10,3,2009,2015,WCBS
50624,,NU0126,401000,626000,,England,,5,2009,2014,WCBS
50625,,SK5446,454000,346000,2000,England,10,11,2009,2019,WCBS
50626,,SK5681,456000,381000,2000,England,10,3,2009,2014,WCBS
50627,,SK7980,479000,380000,2000,England,10,7,2009,2021,WCBS
50628,,SP2818,428000,218000,,England,10,11,2009,2019,WCBS
50629,,NO0460,304000,760000,2000,Scotland,10,10,2009,2021,WCBS
50630,,TQ2615,526000,115000,2000,England,10,10,2008,2021,WCBS
50631,,TQ6827,568000,127000,2000,England,10,6,2009,2016,WCBS
50632,,NC1833,218000,933000,,Scotland,10,2,2008,2009,WCBS
50633,,SP3340,433000,240000,2000,England,10,1,2009,2009,WCBS
50634,,SP4173,441000,273000,2000,England,10,2,2009,2010,WCBS
50635,,SP4359,443000,259000,2000,England,10,1,2009,2009,WCBS
50636,,SU1023,410000,123000,,England,,3,2009,2013,WCBS
50637,,SU2871,428000,171000,,England,,6,2009,2023,WCBS
50638,,SO8877,388000,277000,2000,England,10,14,2009,2023,WCBS
50639,,SO9849,398000,249000,,England,10,5,2009,2014,WCBS
50641,,SE8726,487000,426000,2000,England,10,11,2009,2022,WCBS
50642,,SK2094,420000,394000,2000,England,10,1,2009,2009,WCBS
50643,,ST1225,312000,125000,,England,10,2,2008,2009,WCBS
50644,,NH6916,269000,816000,,Scotland,,1,2007,2007,WCBS
50645,,SN8226,282000,226000,,Wales,10,1,2007,2007,WCBS
50646,,SN8422,284000,222000,,Wales,10,1,2007,2007,WCBS
50647,,SO0643,306000,243000,,Wales,10,1,2007,2007,WCBS
50648,,SO1522,315000,222000,,Wales,,1,2007,2007,WCBS
50649,,ST1069,310000,169000,,Wales,,1,2007,2007,WCBS
50650,,ST2390,323000,190000,,Wales,10,2,2007,2008,WCBS
50651,,SO4706,347000,206000,,Wales,10,3,2007,2016,WCBS
50652,,SJ0121,301000,321000,,Wales,,2,2007,2008,WCBS
50653,,SJ0317,303000,317000,,Wales,,2,2007,2008,WCBS
50654,,SJ5078,350000,378000,,England,10,3,2007,2014,WCBS
50655,,SJ6152,361000,352000,,England,10,1,2008,2008,WCBS
50656,,SJ6153,361000,353000,,England,,1,2007,2007,WCBS
50657,,SJ8182,381000,382000,,England,10,6,2007,2022,WCBS
50658,,ST3638,336000,138000,,England,10,8,2007,2016,WCBS
50659,,ST4417,344000,117000,2000,England,10,1,2007,2007,WCBS
50660,,ST4465,344000,165000,,England,10,1,2007,2007,WCBS
50661,,ST5444,354000,144000,2174,England,10,3,2007,2022,WCBS
50662,,SU1917,419000,117000,,England,,2,2007,2008,WCBS
50663,,SU7553,475000,153000,,England,,2,2007,2008,WCBS
50664,,SX6779,267000,79000,,England,,2,2007,2008,WCBS
50665,,TA2406,524000,406000,,England,10,1,2007,2007,WCBS
50666,,TQ6487,564000,187000,,England,,1,2007,2007,WCBS
50667,,NO0251,302000,751000,2000,Scotland,10,4,2010,2020,WCBS
50668,,TR2468,624000,168000,2000,England,10,4,2007,2018,WCBS
50669,,TQ5298,552000,198000,,England,,2,2007,2013,WCBS
50670,,SU4599,445000,199000,2000,England,10,1,2006,2006,WCBS
50671,,TL0627,506000,227000,,England,10,1,2006,2006,WCBS
50672,,TL1309,513000,209000,,England,,1,2006,2006,WCBS
50673,,TL5060,550000,260000,2000,England,10,6,2006,2021,WCBS
50675,,J2678,138773,534126,2000,Northern Ireland,10,13,2010,2022,WCBS
50676,,TL8435,584000,235000,,England,10,2,2007,2008,WCBS
50677,,TQ2753,527000,153000,2000,England,10,2,2007,2014,WCBS
50678,,TQ3171,531000,171000,2000,England,10,1,2007,2007,WCBS
50679,,SD9908,399000,408000,2000,England,10,7,2010,2022,WCBS
50680,,SJ1381,313000,381000,,Wales,,1,2010,2010,WCBS
50681,,SJ2656,326000,356000,2000,Wales,10,12,2010,2021,WCBS
50682,,SK2073,420000,373000,,England,,2,2010,2023,WCBS
50683,,SP7639,476000,239000,2000,England,10,6,2010,2018,WCBS
50684,,SP9824,498000,224000,2000,England,10,5,2010,2015,WCBS
50685,,ST6808,368000,108000,2000,England,10,13,2010,2023,WCBS
50686,,SO0102,301000,202000,,Wales,10,5,2010,2014,WCBS
50687,,SO8935,389000,235000,,England,,1,2010,2010,WCBS
50688,,TL1452,514000,252000,2000,England,10,3,2010,2012,WCBS
50689,,TL1745,517000,245000,2000,England,10,10,2010,2023,WCBS
50690,,SX6153,261000,53000,,England,10,7,2010,2016,WCBS
50691,,SX6653,266000,53000,,England,10,4,2010,2013,WCBS
50692,,SX7681,276000,81000,2000,England,10,4,2010,2019,WCBS
50693,,SX8760,287000,60000,2000,England,10,10,2010,2023,WCBS
50694,,SY5091,350000,91000,,England,,1,2010,2010,WCBS
50695,,TF2105,521000,305000,2000,England,10,13,2010,2022,WCBS
50696,,TF7644,576000,344000,,England,10,1,2010,2010,WCBS
50697,,TQ1302,513000,102000,2000,England,10,14,2010,2023,WCBS
50698,,SU3300,433000,100000,2000,England,10,11,2012,2022,WCBS
50699,,SU9622,496000,122000,2000,England,10,11,2012,2022,WCBS
50700,,SE2043,420000,443000,2000,England,10,8,2011,2018,WCBS
50701,,SX4951,249000,51000,,England,10,3,2011,2013,WCBS
50702,,NR9451,194000,651000,2000,Scotland,10,2,2011,2012,WCBS
50703,,NY2084,320000,584000,2000,Scotland,10,2,2011,2012,WCBS
50704,,NH6853,268000,853000,2000,Scotland,10,12,2012,2023,WCBS
50705,,NS5852,258000,652000,2000,Scotland,10,13,2011,2023,WCBS
50706,,NJ5726,357000,826000,2000,Scotland,10,12,2012,2023,WCBS
50707,,TL6999,569000,299000,,England,10,2,2012,2013,WCBS
50708,,NH4947,249000,847000,,Scotland,,1,2011,2011,WCBS
50709,,J3864,149538,519151,2000,Northern Ireland,10,13,2011,2023,WCBS
50710,,NS4036,240000,636000,2000,Scotland,10,5,2011,2017,WCBS
50711,,NX8663,286000,563000,2000,Scotland,10,1,2011,2011,WCBS
50712,,TF7222,572000,322000,2000,England,10,13,2011,2023,WCBS
50713,,NS9872,298000,672000,2000,Scotland,10,8,2011,2019,WCBS
50714,,NR6014,160000,614000,2000,Scotland,10,8,2011,2020,WCBS
50715,,NR7227,172000,627000,2000,Scotland,10,1,2011,2011,WCBS
50716,,SU7964,479000,164000,,England,10,1,2011,2011,WCBS
50717,,SH7067,270000,367000,2000,Wales,10,2,2013,2018,WCBS
50718,,NY9971,399000,571000,2000,England,10,12,2012,2023,WCBS
50719,,TQ6212,562000,112000,,England,,1,2012,2012,WCBS
50720,,SK1678,416000,378000,,England,10,4,2012,2015,WCBS
50721,,NX0366,203000,566000,,Scotland,10,2,2012,2013,WCBS
50722,,SN9331,293000,231000,2000,Wales,10,7,2012,2018,WCBS
50723,,NH9326,293000,826000,2000,Scotland,10,6,2011,2021,WCBS
50724,,SU3524,435000,124000,334,England,10,8,2012,2019,WCBS
50725,,SE6218,462000,418000,,England,10,1,2011,2011,WCBS
50726,,J6165,172540,518188,2000,Northern Ireland,10,6,2012,2019,WCBS
50727,,SU2569,425000,169000,2000,England,10,8,2012,2022,WCBS
50728,,NH1110,211000,810000,,Scotland,10,1,2009,2009,WCBS
50729,,TL0253,502000,253000,,England,10,3,2009,2011,WCBS
50730,,NY1255,312000,555000,2000,England,10,11,2009,2023,WCBS
50731,,NY5882,358000,582000,,England,10,1,2009,2009,WCBS
50732,,SD4083,340000,483000,2000,England,10,17,2007,2023,WCBS
50733,,SD6793,367000,493000,2000,England,10,7,2009,2023,WCBS
50734,,SJ0272,302000,372000,,Wales,10,6,2009,2014,WCBS
50735,,SU5268,452000,168000,,England,10,7,2009,2015,WCBS
50737,,SS9190,291000,190000,2000,Wales,10,9,2009,2020,WCBS
50738,,SN7554,275000,254000,,Wales,10,1,2009,2009,WCBS
50739,,SJ6557,365000,357000,2000,England,10,5,2009,2013,WCBS
50740,,SJ7656,376000,356000,2000,England,10,14,2009,2023,WCBS
50741,,SJ7768,377000,368000,,England,,10,2007,2016,WCBS
50742,,SJ2441,324000,341000,2000,Wales,10,8,2009,2023,WCBS
50743,,NZ1251,412000,551000,2000,England,10,6,2009,2016,WCBS
50744,,TL5011,550000,211000,2000,England,10,9,2009,2019,WCBS
50745,,SU3027,430000,127000,,England,10,3,2007,2009,WCBS
50746,,SU4132,441000,132000,2000,England,10,13,2009,2023,WCBS
50747,,SU6112,461000,112000,,England,,4,2007,2010,WCBS
50748,,TQ9296,592000,196000,,England,10,4,2009,2014,WCBS
50749,,H2743,37078,507670,,Northern Ireland,10,6,2009,2017,WCBS
50750,,SN8002,280000,202000,2000,Wales,10,12,2007,2020,WCBS
50751,,SP6597,465000,297000,,England,10,4,2009,2015,WCBS
50752,,ST0173,301000,173000,,Wales,10,9,2009,2019,WCBS
50753,,SO8309,383000,209000,1000,England,10,8,2009,2018,WCBS
50754,,SP0410,404000,210000,,England,10,8,2007,2014,WCBS
50755,,ST8796,387000,196000,2000,England,10,17,2007,2023,WCBS
50756,,ST9198,391000,198000,2000,England,10,8,2009,2016,WCBS
50757,,ST9493,394000,193000,2000,England,10,11,2009,2019,WCBS
50758,,SO4202,342000,202000,,Wales,,5,2009,2014,WCBS
50759,,ST2497,324000,197000,,Wales,,2,2009,2010,WCBS
50760,,SK1978,419000,378000,2000,England,10,12,2009,2023,WCBS
50761,,SK2369,423000,369000,,England,10,1,2009,2009,WCBS
50762,,SK3248,432000,348000,2000,England,10,14,2009,2023,WCBS
50763,,SK7099,470000,399000,,England,10,2,2009,2011,WCBS
50764,,SX6281,262000,81000,2000,England,10,3,2009,2019,WCBS
50765,,SX7386,273000,86000,,England,10,7,2009,2015,WCBS
50766,,ST5406,354000,106000,2000,England,10,11,2009,2022,WCBS
50767,,ST6511,365000,111000,2000,England,10,13,2009,2023,WCBS
50768,,ST8518,385000,118000,2000,England,10,12,2006,2022,WCBS
50769,,SU0210,402000,110000,2000,England,10,12,2009,2023,WCBS
50770,,SY7388,373000,88000,2000,England,10,14,2009,2023,WCBS
50771,,TG3022,630000,322000,,England,10,1,2009,2009,WCBS
50772,,TG3033,630000,333000,2000,England,10,10,2007,2023,WCBS
50773,,TG4717,647000,317000,2000,England,10,17,2007,2023,WCBS
50774,,SU6231,462000,131000,2000,England,10,7,2009,2020,WCBS
50775,,SU6420,464000,120000,2000,England,10,14,2009,2023,WCBS
50776,,SU6630,466000,130000,2000,England,10,13,2007,2023,WCBS
50777,,SZ3191,431000,91000,,England,10,3,2007,2009,WCBS
50778,,TL0511,505000,211000,,England,10,1,2009,2009,WCBS
50779,,TL0717,507000,217000,,England,10,3,2009,2011,WCBS
50780,,TL3316,533000,216000,,England,,5,2009,2013,WCBS
50781,,TL3618,536000,218000,2000,England,10,15,2009,2023,WCBS
50782,,TQ2397,523000,197000,,England,10,1,2009,2009,WCBS
50783,,NG2753,127000,853000,,Scotland,10,1,2009,2009,WCBS
50784,,TL2684,526000,284000,2000,England,10,14,2009,2023,WCBS
50785,,TQ8241,582000,141000,2000,England,10,5,2009,2020,WCBS
50786,,TQ9269,592000,169000,,England,,4,2007,2010,WCBS
50787,,TR0438,604000,138000,2000,England,10,10,2009,2018,WCBS
50788,,TR3248,632000,148000,,England,10,9,2007,2015,WCBS
50789,,SP6996,469000,296000,2000,England,10,8,2009,2016,WCBS
50790,,SE8705,487000,405000,,England,10,1,2009,2009,WCBS
50791,,TA2012,520000,412000,,England,10,2,2007,2009,WCBS
50792,,SO2712,327000,212000,,Wales,10,1,2009,2009,WCBS
50793,,TF6920,569000,320000,2000,England,10,6,2009,2015,WCBS
50794,,TF7238,572000,338000,2000,England,10,15,2007,2023,WCBS
50795,,TF8313,583000,313000,509,England,10,7,2009,2023,WCBS
50796,,TF9124,591000,324000,2000,England,10,13,2009,2022,WCBS
50797,,TG0941,609000,341000,,England,,6,2009,2014,WCBS
50798,,SO3676,336000,276000,,England,10,11,2007,2023,WCBS
50799,,SS8838,288000,138000,2452,England,10,12,2007,2020,WCBS
50800,,SS9238,292000,138000,2000,England,10,12,2007,2020,WCBS
50801,,ST1340,313000,140000,2000,England,10,16,2007,2023,WCBS
50802,,TQ2061,520000,161000,2000,England,10,2,2009,2010,WCBS
50803,,SU7707,477000,107000,2000,England,10,1,2009,2009,WCBS
50804,,SU9620,496000,120000,2000,England,10,15,2009,2023,WCBS
50805,,SZ8299,482000,99000,2000,England,10,9,2009,2017,WCBS
50806,,TQ1223,512000,123000,2000,England,10,5,2009,2014,WCBS
50807,,ST7555,375000,155000,2000,England,10,15,2007,2023,WCBS
50808,,ST7943,379000,143000,2000,England,10,14,2007,2021,WCBS
50809,,ST7944,379000,144000,,England,10,2,2009,2023,WCBS
50810,,ST7954,379000,154000,2000,England,10,17,2007,2023,WCBS
50811,,SK0708,407000,308000,2000,England,10,14,2009,2023,WCBS
50812,,TM2144,621000,244000,2000,England,10,10,2009,2019,WCBS
50813,,TM5075,650000,275000,2000,England,10,15,2009,2023,WCBS
50814,,NO1957,319000,757000,2000,Scotland,10,14,2009,2023,WCBS
50815,,NT3549,335000,649000,2000,Scotland,10,15,2009,2023,WCBS
50816,,NH9545,295000,845000,,Scotland,,1,2007,2007,WCBS
50817,,SD5017,350000,417000,,England,10,2,2007,2010,WCBS
50818,,TQ4726,547000,126000,2000,England,10,15,2009,2023,WCBS
50819,,TQ5023,550000,123000,,England,10,1,2009,2009,WCBS
50820,,TQ5036,550000,136000,2000,England,10,8,2009,2018,WCBS
50821,,TQ5829,558000,129000,,England,10,5,2009,2014,WCBS
50822,,SP2273,422000,273000,2000,England,10,1,2009,2009,WCBS
50823,,SP3552,435000,252000,2000,England,10,3,2009,2022,WCBS
50824,,ST9790,397000,190000,2000,England,10,7,2009,2023,WCBS
50825,,SO9476,394000,276000,2000,England,10,14,2007,2020,WCBS
50826,,SD9767,397000,467000,1966,England,10,4,2009,2023,WCBS
50827,,SE0430,404000,430000,2000,England,10,15,2009,2023,WCBS
50828,,SE1191,411000,491000,,England,10,4,2009,2012,WCBS
50829,,SE3246,432000,446000,2000,England,10,10,2007,2016,WCBS
50830,,SE3593,435000,493000,2000,England,10,11,2009,2023,WCBS
50831,,TR1847,618000,147000,2000,England,10,10,2009,2023,WCBS
50832,,SK2517,425000,317000,2000,England,10,12,2009,2023,WCBS
50833,,SO5414,354000,214000,,Wales,,1,2009,2009,WCBS
50834,,SD5582,355000,482000,,England,,1,2006,2006,WCBS
50835,,SO4786,347000,286000,,England,10,1,2006,2006,WCBS
50836,,NH3934,239000,834000,,Scotland,,1,2007,2007,WCBS
50837,,SN0514,205000,214000,2000,Wales,10,14,2007,2022,WCBS
50838,,SN8523,285000,223000,,Wales,10,1,2007,2007,WCBS
50839,,SO0344,303000,244000,,Wales,10,1,2007,2007,WCBS
50840,,SO0741,307000,241000,,Wales,10,1,2007,2007,WCBS
50841,,ST0781,307000,181000,2000,Wales,10,9,2007,2016,WCBS
50842,,ST3244,332000,144000,,England,10,1,2007,2007,WCBS
50843,,SP5409,454000,209000,,England,,8,2007,2015,WCBS
50844,,SP8837,488000,237000,,England,,2,2007,2008,WCBS
50845,,SS8444,284000,144000,,England,,2,2007,2008,WCBS
50846,,SS9041,290000,141000,,England,,2,2007,2008,WCBS
50847,,SJ4200,342000,300000,,England,,1,2007,2007,WCBS
50848,,SJ6838,368000,338000,2000,England,10,3,2007,2020,WCBS
50849,,SJ9272,392000,372000,,England,,1,2007,2007,WCBS
50850,,TF6803,568000,303000,,England,10,1,2007,2007,WCBS
50851,,SU8154,481000,154000,2000,England,10,6,2007,2020,WCBS
50852,,TQ6248,562000,148000,,England,10,2,2007,2022,WCBS
50853,,SU8890,488000,190000,,England,,2,2006,2023,WCBS
50854,,SY8283,382000,83000,,England,10,1,2006,2006,WCBS
50855,,SY8482,384000,82000,,England,10,1,2006,2006,WCBS
50856,,SY8483,384000,83000,,England,10,1,2006,2006,WCBS
50857,,TL6283,562000,283000,,England,,1,2006,2006,WCBS
50858,,TQ7057,570000,157000,,England,10,6,2006,2016,WCBS
50859,,D2204,137010,560380,2000,Northern Ireland,10,10,2011,2023,WCBS
50860,,H7593,89218,553437,2000,Northern Ireland,10,2,2010,2013,WCBS
50861,,J0197,115480,555200,1865,Northern Ireland,10,6,2010,2020,WCBS
50862,,TL5142,551000,242000,,England,10,1,2007,2007,WCBS
50863,,TL6096,560000,296000,,England,10,1,2007,2007,WCBS
50864,,SN0107,201000,207000,2000,Wales,10,10,2010,2022,WCBS
50865,,SN5164,251000,264000,2000,Wales,10,6,2010,2019,WCBS
50866,,SD3511,335000,411000,1942,England,10,7,2010,2023,WCBS
50867,,SD4391,343000,491000,2000,England,10,14,2010,2023,WCBS
50868,,SD5044,350000,444000,2000,England,10,10,2010,2019,WCBS
50869,,SJ6478,364000,378000,2000,England,10,4,2010,2014,WCBS
50870,,SP7474,474000,274000,2000,England,10,13,2010,2023,WCBS
50871,,SP7870,478000,270000,2000,England,10,7,2010,2022,WCBS
50872,,ST8520,385000,120000,2000,England,10,4,2010,2017,WCBS
50873,,SO3962,339000,262000,,England,10,6,2010,2015,WCBS
50874,,SO7322,373000,222000,2000,England,10,14,2010,2023,WCBS
50875,,SO9524,395000,224000,2000,England,10,14,2010,2023,WCBS
50876,,SP1807,418000,207000,,England,,1,2010,2010,WCBS
50877,,SU5828,458000,128000,,England,,1,2010,2010,WCBS
50879,,SX6447,264000,47000,,England,10,4,2010,2013,WCBS
50880,,SY8780,387000,80000,1700,England,10,14,2010,2023,WCBS
50881,,TL0855,508000,255000,,England,,5,2010,2014,WCBS
50882,,TQ3045,530000,145000,2000,England,10,13,2010,2023,WCBS
50883,,TQ5204,552000,104000,2000,England,10,11,2010,2022,WCBS
50884,,NY0287,302000,587000,2000,Scotland,10,12,2012,2023,WCBS
50885,,ST7202,372000,102000,2000,England,10,12,2011,2023,WCBS
50886,,SH4659,246000,359000,2000,Wales,10,12,2012,2023,WCBS
50887,,TQ5301,553000,101000,2000,England,10,13,2011,2023,WCBS
50888,,TL9315,593000,215000,2000,England,10,12,2010,2021,WCBS
50889,,SP9897,498000,297000,,England,,1,2012,2012,WCBS
50890,,TL0367,503000,267000,2000,England,10,8,2011,2018,WCBS
50891,,NT1930,319000,630000,2000,Scotland,10,7,2011,2022,WCBS
50892,,SX8767,287000,67000,,England,10,1,2012,2012,WCBS
50893,,ST2528,325000,128000,,England,,1,2012,2012,WCBS
50894,,SU6365,463000,165000,,England,10,4,2012,2015,WCBS
50895,,SO6212,362000,212000,2000,England,10,11,2012,2023,WCBS
50896,,SD5058,350000,458000,2228,England,10,7,2012,2023,WCBS
50897,,SO9514,395000,214000,2000,England,10,12,2012,2023,WCBS
50898,,TL0043,500000,243000,2000,England,10,5,2011,2017,WCBS
50900,,H2447,34426,511916,2000,Northern Ireland,10,4,2011,2016,WCBS
50901,,TF7611,576000,311000,,England,,3,2012,2022,WCBS
50902,,NS5651,256000,651000,2000,Scotland,10,12,2011,2022,WCBS
50903,,NX0941,209000,541000,2000,Scotland,10,1,2011,2011,WCBS
50904,,TF6841,568000,341000,2000,England,10,7,2011,2023,WCBS
50905,,SJ3326,333000,326000,,England,10,1,2011,2011,WCBS
50906,,SO8911,389000,211000,,England,10,3,2011,2013,WCBS
50907,,NO2602,326000,702000,2000,Scotland,10,2,2011,2013,WCBS
50908,,NR9922,199000,622000,2000,Scotland,10,1,2011,2011,WCBS
50909,,SX6356,263000,56000,,England,10,3,2011,2013,WCBS
50910,,SU8583,485000,183000,2000,England,10,12,2012,2023,WCBS
50911,,SK6491,464000,391000,2037,England,10,3,2011,2013,WCBS
50912,,SU0101,401000,101000,2000,England,10,10,2012,2022,WCBS
50913,,SP8168,481000,268000,2000,England,10,1,2012,2012,WCBS
50914,,NT2515,325000,615000,2000,Scotland,10,2,2011,2013,WCBS
50915,,SJ4162,341000,362000,2000,England,10,6,2012,2022,WCBS
50916,,TQ2586,525000,186000,,England,10,1,2012,2012,WCBS
50917,,SO0433,304000,233000,,Wales,10,1,2012,2012,WCBS
50918,,NB9614,196000,914000,,Scotland,10,2,2011,2013,WCBS
50919,,NH2191,221000,891000,,Scotland,10,1,2011,2011,WCBS
50920,,SU0308,403000,108000,2000,England,10,12,2011,2023,WCBS
50921,,TL1724,517000,224000,,England,,2,2012,2023,WCBS
50922,,TQ3228,532000,128000,,England,10,1,2012,2012,WCBS
50923,,H5250,62611,512522,2000,Northern Ireland,10,4,2011,2017,WCBS
50925,,SJ6869,368000,369000,,England,10,1,2011,2011,WCBS
50926,,SK2206,422000,306000,,England,10,2,2012,2013,WCBS
50927,,SE5974,459000,474000,2000,England,10,9,2012,2020,WCBS
50928,,NJ9961,399000,861000,2000,Scotland,10,8,2009,2022,WCBS
50929,,NK0457,404000,857000,2000,Scotland,10,9,2009,2022,WCBS
50930,,ST7581,375000,181000,,England,,6,2007,2012,WCBS
50931,,SP9026,490000,226000,2000,England,10,15,2009,2023,WCBS
50932,,TL2042,520000,242000,,England,10,1,2009,2009,WCBS
50933,,NY1847,318000,547000,2000,England,10,11,2009,2023,WCBS
50934,,NY5651,356000,551000,2000,England,10,1,2009,2009,WCBS
50935,,NY7907,379000,507000,2000,England,10,5,2007,2012,WCBS
50936,,SD1868,318000,468000,2000,England,10,9,2009,2023,WCBS
50937,,NT8544,385000,644000,2000,Scotland,10,6,2009,2014,WCBS
50938,,ST6070,360000,170000,2000,England,10,13,2007,2023,WCBS
50939,,TL2486,524000,286000,2000,England,10,11,2009,2023,WCBS
50940,,SN6861,268000,261000,,Wales,10,2,2009,2010,WCBS
50941,,SJ5958,359000,358000,2000,England,10,6,2009,2014,WCBS
50942,,SJ9385,393000,385000,,England,10,5,2007,2011,WCBS
50943,,SW6727,167000,27000,2000,England,10,3,2009,2021,WCBS
50944,,SY9594,395000,94000,2000,England,10,15,2009,2023,WCBS
50945,,SZ0176,401000,76000,2000,England,10,15,2009,2023,WCBS
50946,,SZ0497,404000,97000,2000,England,10,13,2009,2023,WCBS
50947,,TL4903,549000,203000,2000,England,10,10,2009,2023,WCBS
50948,,SH6930,269000,330000,,Wales,,2,2006,2009,WCBS
50949,,SU2810,428000,110000,,England,,9,2007,2015,WCBS
50950,,SU5127,451000,127000,2000,England,10,15,2007,2023,WCBS
50951,,SU6207,462000,107000,2000,England,10,14,2009,2023,WCBS
50952,,TL8339,583000,239000,2000,England,10,13,2009,2023,WCBS
50953,,TM0815,608000,215000,,England,10,1,2009,2009,WCBS
50954,,SE6244,462000,444000,2000,England,10,12,2009,2020,WCBS
50955,,SO0501,305000,201000,,Wales,,5,2009,2013,WCBS
50956,,SD9904,399000,404000,2000,England,10,13,2009,2023,WCBS
50957,,TQ5390,553000,190000,2000,England,10,15,2009,2023,WCBS
50958,,SD6608,366000,408000,2000,England,10,9,2009,2023,WCBS
50959,,SK3878,438000,378000,2000,England,10,11,2009,2020,WCBS
50960,,SX6060,260000,60000,,England,10,6,2009,2014,WCBS
50961,,SX6946,269000,46000,,England,10,5,2009,2013,WCBS
50962,,SX7779,277000,79000,2000,England,10,15,2009,2023,WCBS
50963,,SY0192,301000,92000,2000,England,10,7,2009,2015,WCBS
50964,,ST8027,380000,127000,,England,10,1,2009,2009,WCBS
50965,,SY4690,346000,90000,2094,England,10,13,2009,2022,WCBS
50966,,SY7385,373000,85000,2000,England,10,13,2009,2023,WCBS
50967,,TG2215,622000,315000,2000,England,10,16,2007,2023,WCBS
50968,,TG3031,630000,331000,,England,10,2,2009,2010,WCBS
50969,,TG4124,641000,324000,2000,England,10,13,2007,2023,WCBS
50970,,TL9697,596000,297000,2000,England,10,4,2009,2013,WCBS
50971,,SU6725,467000,125000,2000,England,10,12,2007,2019,WCBS
50972,,SU6928,469000,128000,,England,,9,2007,2016,WCBS
50973,,SZ5177,451000,77000,2000,England,10,8,2009,2021,WCBS
50974,,TL1515,515000,215000,,England,10,3,2006,2010,WCBS
50975,,TQ1492,514000,192000,2000,England,6,13,2009,2023,WCBS
50976,,NJ0733,307000,833000,,Scotland,,3,2009,2011,WCBS
50977,,NH9619,296000,819000,2000,Scotland,10,5,2009,2018,WCBS
50978,,TQ5568,555000,168000,2000,England,10,12,2009,2022,WCBS
50979,,TQ9159,591000,159000,2000,England,10,11,2008,2018,WCBS
50980,,TR0642,606000,142000,2000,England,10,12,2007,2018,WCBS
50981,,NS6546,265000,646000,2000,Scotland,10,8,2009,2016,WCBS
50982,,SD5822,358000,422000,,England,,1,2009,2009,WCBS
50983,,TF7206,572000,306000,,England,10,3,2009,2011,WCBS
50984,,SJ3036,330000,336000,,England,,10,2007,2016,WCBS
50985,,ST3036,330000,136000,,England,10,1,2009,2009,WCBS
50986,,ST3215,332000,115000,,England,10,9,2007,2015,WCBS
50987,,TQ1662,516000,162000,2000,England,10,14,2009,2023,WCBS
50988,,SU9105,491000,105000,,England,,1,2009,2009,WCBS
50989,,ST4355,343000,155000,2000,England,10,8,2007,2022,WCBS
50990,,ST4919,349000,119000,,England,10,1,2009,2009,WCBS
50991,,SK9520,495000,320000,,England,,1,2009,2009,WCBS
50992,,TL6381,563000,281000,2000,England,10,14,2009,2023,WCBS
50993,,TL7866,578000,266000,2000,England,10,11,2009,2022,WCBS
50994,,TM3450,634000,250000,2000,England,10,15,2009,2023,WCBS
50995,,TM3762,637000,262000,2000,England,10,7,2009,2023,WCBS
50996,,SU9344,493000,144000,2000,England,10,12,2007,2018,WCBS
50997,,TM2087,620000,287000,2000,England,10,10,2007,2023,WCBS
50998,,SP7679,476000,279000,2000,England,10,5,2009,2018,WCBS
50999,,SP7754,477000,254000,2000,England,10,13,2009,2023,WCBS
51000,,SP9992,499000,292000,2000,England,10,2,2009,2013,WCBS
51001,,SK7996,479000,396000,2000,England,10,13,2007,2019,WCBS
51002,,HY5005,350000,1005000,,Scotland,10,1,2009,2009,WCBS
51003,,SP3523,435000,223000,,England,10,12,2009,2022,WCBS
51004,,SU5285,452000,185000,,England,10,4,2009,2012,WCBS
51005,,SU6289,462000,189000,2000,England,10,13,2009,2023,WCBS
51006,,SU6579,465000,179000,,England,,3,2009,2013,WCBS
51007,,SU6984,469000,184000,2000,England,10,13,2007,2019,WCBS
51008,,SM8010,180000,210000,2000,Wales,10,13,2009,2023,WCBS
51009,,SM9234,192000,234000,2000,Wales,10,14,2009,2023,WCBS
51010,,NN8414,284000,714000,2000,Scotland,10,1,2009,2009,WCBS
51011,,SO2054,320000,254000,2000,Wales,10,16,2007,2022,WCBS
51012,,SO2574,325000,274000,,Wales,,4,2009,2015,WCBS
51013,,NN7600,276000,700000,,Scotland,10,3,2007,2009,WCBS
51014,,NR6346,163000,646000,,Scotland,,1,2007,2007,WCBS
51015,,NY5506,355000,506000,,England,,2,2007,2008,WCBS
51016,,TQ1608,516000,108000,2000,England,10,11,2009,2019,WCBS
51017,,TL0132,501000,232000,,England,10,6,2009,2014,WCBS
51018,,SU0030,400000,130000,2000,England,10,5,2009,2023,WCBS
51019,,SU2032,420000,132000,,England,10,1,2009,2009,WCBS
51020,,SU2187,421000,187000,,England,10,4,2009,2012,WCBS
51021,,SD9627,396000,427000,,England,,1,2009,2009,WCBS
51022,,SE2092,420000,492000,2000,England,10,6,2009,2016,WCBS
51023,,NS3355,233000,655000,2000,Scotland,10,9,2009,2018,WCBS
51024,,SK3828,438000,328000,2000,England,10,13,2009,2023,WCBS
51025,,TL0280,502000,280000,2000,England,10,13,2009,2023,WCBS
51026,,SX0871,208000,71000,2000,England,10,11,2009,2019,WCBS
51027,,J2365,134675,521426,,Northern Ireland,10,1,2007,2007,WCBS
51028,,SE8786,487000,486000,,England,10,1,2006,2006,WCBS
51029,,NH8646,286000,846000,,Scotland,10,6,2007,2023,WCBS
51030,,SN8003,280000,203000,,Wales,,2,2007,2008,WCBS
51031,,SN8026,280000,226000,,Wales,,1,2007,2007,WCBS
51032,,ST2643,326000,143000,,England,10,2,2007,2010,WCBS
51033,,ST3464,334000,164000,2000,England,10,8,2007,2019,WCBS
51034,,SO9327,393000,227000,,England,,1,2007,2007,WCBS
51035,,SP1521,415000,221000,2000,England,10,11,2007,2023,WCBS
51036,,SS8545,285000,145000,,England,,1,2007,2007,WCBS
51037,,SH9223,292000,323000,,Wales,,2,2007,2008,WCBS
51038,,SJ0120,301000,320000,,Wales,,2,2007,2008,WCBS
51039,,TF6106,561000,306000,,England,10,2,2007,2008,WCBS
51040,,TG0307,603000,307000,1953,England,10,4,2007,2022,WCBS
51041,,ST3854,338000,154000,,England,,1,2007,2007,WCBS
51042,,ST4125,341000,125000,,England,10,2,2007,2008,WCBS
51043,,ST4152,341000,152000,2000,England,10,2,2007,2020,WCBS
51044,,ST8260,382000,160000,2000,England,10,13,2007,2021,WCBS
51045,,SU3087,430000,187000,,England,10,1,2007,2007,WCBS
51046,,SU5233,452000,133000,,England,,1,2007,2007,WCBS
51047,,SU5413,454000,113000,,England,10,1,2007,2007,WCBS
51048,,SX6768,267000,68000,,England,,1,2007,2007,WCBS
51049,,NS5057,250000,657000,,Scotland,,3,2010,2014,WCBS
51050,,TR2544,625000,144000,,England,10,4,2007,2013,WCBS
51051,,SP5310,453000,210000,,England,,2,2006,2023,WCBS
51052,,SU6473,464000,173000,,England,,2,2006,2023,WCBS
51053,,TL1308,513000,208000,,England,10,1,2006,2006,WCBS
51054,,TL3850,538000,250000,,England,,1,2006,2006,WCBS
51055,,TL4167,541000,267000,,England,,1,2006,2006,WCBS
51056,,TL6255,562000,255000,,England,,1,2006,2006,WCBS
51057,,D0913,124824,570463,2000,Northern Ireland,10,1,2010,2010,WCBS
51058,,J4577,157622,531508,2000,Northern Ireland,10,8,2010,2023,WCBS
51059,,TG1008,610000,308000,2090,England,10,4,2007,2022,WCBS
51060,,TM1683,616000,283000,,England,,4,2007,2023,WCBS
51061,,TQ0837,508000,137000,2000,England,10,2,2007,2008,WCBS
51062,,TQ2555,525000,155000,2000,England,10,1,2007,2007,WCBS
51063,,TQ3753,537000,153000,2000,England,10,1,2007,2007,WCBS
51064,,NT0923,309000,623000,2000,Scotland,10,8,2010,2023,WCBS
51065,,SD8239,382000,439000,,England,10,1,2010,2010,WCBS
51066,,SD9711,397000,411000,2000,England,10,10,2010,2023,WCBS
51067,,SH5055,250000,355000,2000,Wales,10,10,2010,2020,WCBS
51068,,SJ9520,395000,320000,2000,England,10,14,2010,2023,WCBS
51069,,SK0799,407000,399000,2000,England,10,11,2010,2023,WCBS
51070,,SK4964,449000,364000,2032,England,10,10,2010,2023,WCBS
51071,,SP6473,464000,273000,,England,10,3,2010,2013,WCBS
51072,,SP7657,476000,257000,2000,England,10,10,2010,2023,WCBS
51073,,SS2320,223000,120000,,England,,3,2010,2019,WCBS
51074,,ST8719,387000,119000,2000,England,10,14,2010,2023,WCBS
51075,,SO5302,353000,202000,2000,England,10,14,2010,2023,WCBS
51076,,SO9607,396000,207000,,England,10,4,2010,2013,WCBS
51077,,SP4952,449000,252000,2000,England,10,13,2010,2023,WCBS
51078,,TL2050,520000,250000,2000,England,10,14,2010,2023,WCBS
51079,,SU7669,476000,169000,,England,10,2,2010,2011,WCBS
51080,,SX4672,246000,72000,,England,10,1,2010,2010,WCBS
51081,,SX6545,265000,45000,2000,England,10,11,2010,2020,WCBS
51082,,SZ8696,486000,96000,,England,,4,2012,2015,WCBS
51083,,SU9155,491000,155000,,England,,1,2011,2011,WCBS
51084,,TQ2638,526000,138000,2000,England,10,9,2012,2020,WCBS
51085,,TF5420,554000,320000,,England,,5,2012,2016,WCBS
51086,,TQ1085,510000,185000,,England,,1,2010,2010,WCBS
51087,,TL7774,577000,274000,2000,England,10,4,2011,2016,WCBS
51088,,SP8572,485000,272000,,England,10,2,2012,2014,WCBS
51089,,SY4694,346000,94000,2000,England,10,12,2012,2023,WCBS
51090,,TQ1330,513000,130000,2000,England,10,10,2012,2023,WCBS
51091,,NR8964,189000,664000,2000,Scotland,10,4,2011,2014,WCBS
51092,,SU6665,466000,165000,,England,10,3,2012,2014,WCBS
51093,,SU4859,448000,159000,,England,,1,2011,2011,WCBS
51094,,SS2924,229000,124000,,England,10,2,2011,2012,WCBS
51095,,J2626,134348,482302,2000,Northern Ireland,10,3,2011,2014,WCBS
51096,,SD7715,377000,415000,2000,England,10,12,2011,2022,WCBS
51097,,SN0007,200000,207000,2000,Wales,,1,2011,2011,WCBS
51098,,TG3502,635000,302000,2000,England,10,13,2011,2023,WCBS
51099,,NS6010,260000,610000,2000,Scotland,10,2,2011,2012,WCBS
51100,,NS3486,234000,686000,2000,Scotland,10,1,2011,2011,WCBS
51101,,NS7896,278000,696000,2000,Scotland,10,5,2011,2016,WCBS
51102,,NS8275,282000,675000,2000,Scotland,10,2,2011,2012,WCBS
51103,,TL3228,532000,228000,,England,10,1,2011,2011,WCBS
51104,,TF6535,565000,335000,2000,England,10,11,2011,2023,WCBS
51105,,NT3808,338000,608000,2000,Scotland,10,1,2011,2011,WCBS
51106,,NO3006,330000,706000,2000,Scotland,10,2,2011,2013,WCBS
51107,,NS9972,299000,672000,2000,Scotland,10,8,2011,2019,WCBS
51108,,NN6350,263000,750000,2000,Scotland,10,1,2011,2011,WCBS
51109,,NN3018,230000,718000,2000,Scotland,10,1,2011,2011,WCBS
51110,,NR8989,189000,689000,2000,Scotland,10,2,2011,2012,WCBS
51111,,NR3072,130000,672000,,Scotland,10,1,2011,2011,WCBS
51112,,NN9355,293000,755000,,Scotland,,1,2011,2011,WCBS
51113,,SH7150,271000,350000,2000,Wales,10,7,2012,2023,WCBS
51114,,TF2312,523000,312000,,England,,1,2012,2012,WCBS
51115,,TF2517,525000,317000,,England,10,1,2012,2012,WCBS
51116,,SE5478,454000,478000,,England,10,1,2012,2012,WCBS
51117,,SU0873,408000,173000,2000,England,10,3,2012,2019,WCBS
51118,,SK6889,468000,389000,2623,England,10,3,2011,2013,WCBS
51119,,SJ8977,389000,377000,2000,England,10,5,2011,2020,WCBS
51120,,SH5263,252000,363000,2000,Wales,10,10,2012,2023,WCBS
51121,,NT4164,341000,664000,2000,Scotland,10,12,2012,2023,WCBS
51122,,NT2628,326000,628000,2000,Scotland,10,1,2011,2011,WCBS
51123,,NY1877,318000,577000,2000,Scotland,10,2,2011,2012,WCBS
51124,,H2567,37130,531782,2000,Northern Ireland,10,1,2011,2011,WCBS
51125,,NX8364,283000,564000,2000,Scotland,10,1,2011,2011,WCBS
51126,,NJ1838,318000,838000,2000,Scotland,10,8,2011,2019,WCBS
51127,,SD3545,335000,445000,2000,England,10,10,2012,2021,WCBS
51128,,TQ3125,531000,125000,,England,10,3,2012,2015,WCBS
51129,,SU0605,406000,105000,2000,England,10,9,2012,2023,WCBS
51130,,ST5301,353000,101000,2000,England,10,11,2012,2023,WCBS
51131,,NO2920,329000,720000,2000,Scotland,10,1,2011,2011,WCBS
51132,,NO5258,352000,758000,2000,Scotland,10,1,2011,2011,WCBS
51133,,TQ6313,563000,113000,2000,England,10,8,2011,2023,WCBS
51134,,SE7063,470000,463000,2000,England,10,12,2012,2023,WCBS
51135,,SP9335,493000,235000,2000,England,10,8,2012,2023,WCBS
51136,,SU2770,427000,170000,2000,England,10,7,2012,2022,WCBS
51137,,NO7368,373000,768000,2000,Scotland,10,2,2009,2010,WCBS
51138,,NN0785,207000,785000,2000,Scotland,10,10,2009,2023,WCBS
51139,,NY3351,333000,551000,2000,England,10,15,2009,2023,WCBS
51140,,NY4736,347000,536000,2000,England,10,8,2009,2023,WCBS
51141,,NY8113,381000,513000,2000,England,10,10,2009,2023,WCBS
51142,,SP8816,488000,216000,2000,England,10,8,2007,2023,WCBS
51143,,SJ3773,337000,373000,2000,England,10,11,2009,2022,WCBS
51144,,SJ9268,392000,368000,2000,England,10,13,2009,2022,WCBS
51145,,NZ6811,468000,511000,,England,,8,2009,2016,WCBS
51146,,SH8064,280000,364000,1916,Wales,10,5,2009,2023,WCBS
51147,,SW6425,164000,25000,2000,England,10,3,2009,2019,WCBS
51148,,NT0500,305000,600000,2000,Scotland,10,10,2009,2018,WCBS
51149,,TL4610,546000,210000,2000,England,10,11,2009,2019,WCBS
51150,,TL6023,560000,223000,,England,,2,2009,2010,WCBS
51151,,SU4628,446000,128000,2000,England,10,13,2009,2023,WCBS
51152,,SU4837,448000,137000,2000,England,10,14,2009,2023,WCBS
51153,,SU6162,461000,162000,,England,10,1,2009,2009,WCBS
51154,,TQ7091,570000,191000,,England,10,6,2009,2021,WCBS
51155,,NO4228,342000,728000,2000,Scotland,10,13,2009,2023,WCBS
51156,,NO4925,349000,725000,,Scotland,10,3,2009,2012,WCBS
51157,,NJ9302,393000,802000,,Scotland,10,2,2009,2010,WCBS
51158,,SP6296,462000,296000,,England,10,6,2009,2016,WCBS
51159,,TF1935,519000,335000,,England,10,1,2009,2009,WCBS
51160,,SO5407,354000,207000,2000,England,10,6,2009,2014,WCBS
51161,,SO5410,354000,210000,2000,England,10,3,2009,2011,WCBS
51162,,SO9809,398000,209000,,England,10,3,2009,2014,WCBS
51163,,SP2326,423000,226000,,England,10,4,2007,2010,WCBS
51164,,SK3150,431000,350000,2000,England,10,13,2009,2023,WCBS
51165,,SS7109,271000,109000,,England,10,3,2009,2011,WCBS
51166,,SS7418,274000,118000,2000,England,10,9,2009,2021,WCBS
51167,,ST2109,321000,109000,,England,10,2,2009,2013,WCBS
51168,,SX6191,261000,91000,,England,10,1,2009,2009,WCBS
51169,,SY0694,306000,94000,,England,10,6,2009,2014,WCBS
51170,,SY0994,309000,94000,2022,England,10,6,2009,2022,WCBS
51172,,ST3701,337000,101000,2000,England,10,9,2009,2023,WCBS
51173,,SY5089,350000,89000,2000,England,10,11,2009,2023,WCBS
51174,,SY7295,372000,95000,,England,,5,2009,2013,WCBS
51175,,TG1139,611000,339000,2000,England,10,17,2007,2023,WCBS
51176,,SU6633,466000,133000,2000,England,10,12,2009,2022,WCBS
51177,,SU6833,468000,133000,2000,England,10,11,2007,2019,WCBS
51178,,SZ3883,438000,83000,,England,10,1,2009,2009,WCBS
51179,,TQ9747,597000,147000,2000,England,10,14,2007,2021,WCBS
51180,,TQ9840,598000,140000,2000,England,10,15,2009,2023,WCBS
51181,,TR1138,611000,138000,,England,,6,2009,2014,WCBS
51182,,TR2236,622000,136000,,England,,2,2009,2011,WCBS
51183,,SD4824,348000,424000,2000,England,10,1,2009,2009,WCBS
51184,,SD7152,371000,452000,2000,England,10,11,2009,2019,WCBS
51185,,SP5382,453000,282000,,England,10,2,2009,2010,WCBS
51186,,NT4575,345000,675000,2000,Scotland,10,8,2009,2016,WCBS
51187,,TQ2688,526000,188000,2000,England,10,13,2009,2023,WCBS
51188,,TQ2782,527000,182000,2000,England,10,12,2009,2023,WCBS
51189,,NT2764,327000,664000,2000,Scotland,10,6,2009,2023,WCBS
51190,,TQ2050,520000,150000,2000,England,10,6,2009,2014,WCBS
51191,,SU7619,476000,119000,2000,England,10,2,2009,2011,WCBS
51192,,SU8204,482000,104000,2000,England,10,12,2009,2023,WCBS
51193,,ST7650,376000,150000,1966,England,10,3,2007,2022,WCBS
51194,,NS6042,260000,642000,,Scotland,,3,2009,2011,WCBS
51195,,SJ7546,375000,346000,,England,10,1,2009,2009,WCBS
51196,,SK0061,400000,361000,,England,,1,2009,2009,WCBS
51197,,TL8271,582000,271000,2000,England,10,9,2009,2023,WCBS
51198,,TM1666,616000,266000,2000,England,9,10,2009,2018,WCBS
51199,,TM4069,640000,269000,2000,England,10,4,2009,2014,WCBS
51200,,TM5397,653000,297000,,England,,2,2009,2010,WCBS
51201,,TQ0047,500000,147000,200,England,10,1,2009,2009,WCBS
51202,,SK9803,498000,303000,2000,England,10,2,2009,2013,WCBS
51203,,SP5160,451000,260000,2000,England,10,15,2009,2023,WCBS
51204,,SP5846,458000,246000,2000,England,10,3,2009,2014,WCBS
51205,,SK5830,458000,330000,,England,,4,2009,2012,WCBS
51206,,SP2514,425000,214000,,England,,2,2009,2010,WCBS
51207,,NT2554,325000,654000,2000,Scotland,10,9,2009,2021,WCBS
51208,,SM9737,197000,237000,238,Wales,10,8,2009,2022,WCBS
51209,,NY7968,379000,568000,,England,10,1,2008,2008,WCBS
51210,,TQ1520,515000,120000,,England,10,6,2008,2022,WCBS
51211,,TQ1819,518000,119000,2000,England,10,15,2007,2023,WCBS
51212,,TQ1932,519000,132000,2000,England,10,7,2009,2019,WCBS
51213,,TQ3128,531000,128000,,England,,2,2009,2011,WCBS
51214,,TQ3821,538000,121000,,England,,6,2008,2013,WCBS
51215,,TQ4900,549000,100000,2000,England,10,10,2009,2020,WCBS
51216,,TQ6412,564000,112000,,England,10,3,2009,2013,WCBS
51217,,TQ6608,566000,108000,2000,England,10,11,2009,2023,WCBS
51218,,TQ7220,572000,120000,2000,England,10,5,2009,2014,WCBS
51219,,TQ7611,576000,111000,2000,England,10,8,2009,2016,WCBS
51220,,SP1267,412000,267000,2000,England,10,13,2009,2023,WCBS
51221,,SP5078,450000,278000,2000,England,10,2,2009,2010,WCBS
51222,,ST8068,380000,168000,,England,10,1,2009,2009,WCBS
51223,,SP1954,419000,254000,,England,10,1,2009,2009,WCBS
51224,,SD9734,397000,434000,,England,10,4,2009,2013,WCBS
51225,,SE6418,464000,418000,,England,10,1,2009,2009,WCBS
51226,,SK3697,436000,397000,,England,,1,2009,2009,WCBS
51227,,SK5280,452000,380000,2000,England,10,9,2009,2017,WCBS
51228,,NS5408,254000,608000,2000,Scotland,10,3,2009,2012,WCBS
51229,,SO7907,379000,207000,,England,,1,2006,2006,WCBS
51230,,NG3960,139000,860000,,Scotland,10,2,2007,2008,WCBS
51231,,NH7295,272000,895000,,Scotland,10,2,2007,2013,WCBS
51232,,ST0320,303000,120000,,England,,5,2007,2014,WCBS
51233,,SO8711,387000,211000,,England,,1,2007,2007,WCBS
51234,,SS8343,283000,143000,,England,,2,2007,2008,WCBS
51235,,SS8941,289000,141000,,England,,2,2007,2008,WCBS
51236,,SJ0318,303000,318000,,Wales,,2,2007,2008,WCBS
51237,,SJ5413,354000,313000,,England,10,1,2007,2007,WCBS
51238,,SK7117,471000,317000,,England,10,1,2007,2007,WCBS
51239,,TF7133,571000,333000,2000,England,10,2,2007,2018,WCBS
51240,,ST5274,352000,174000,2000,England,10,12,2007,2023,WCBS
51241,,ST5519,355000,119000,,England,10,1,2007,2007,WCBS
51242,,ST5564,355000,164000,,England,10,1,2007,2007,WCBS
51243,,ST6729,367000,129000,,England,10,2,2007,2008,WCBS
51244,,TQ7445,574000,145000,,England,,2,2007,2008,WCBS
51245,,NJ7956,379000,856000,2000,Scotland,10,1,2010,2010,WCBS
51246,,TR2754,627000,154000,,England,,1,2007,2007,WCBS
51247,,SY7881,378000,81000,,England,10,1,2006,2006,WCBS
51248,,SY8181,381000,81000,,England,10,1,2006,2006,WCBS
51249,,TL1008,510000,208000,,England,,4,2006,2016,WCBS
51250,,TL3064,530000,264000,,England,10,1,2006,2006,WCBS
51251,,TL3767,537000,267000,,England,,1,2006,2006,WCBS
51252,,TQ2021,520000,121000,,England,10,1,2006,2006,WCBS
51253,,SJ4448,344000,348000,2000,England,10,11,2013,2023,WCBS
51254,,TQ2817,528000,117000,,England,10,1,2023,2023,WCBS
51255,,H9725,105356,483767,2000,Northern Ireland,10,1,2010,2010,WCBS
51256,,TL0275,502000,275000,,England,,2,2007,2010,WCBS
51257,,TL8203,582000,203000,,England,10,1,2007,2007,WCBS
51258,,TM1091,610000,291000,2000,England,10,5,2007,2023,WCBS
51259,,TQ3048,530000,148000,2000,England,10,1,2007,2007,WCBS
51260,,SN5984,259000,284000,2000,Wales,10,9,2010,2018,WCBS
51261,,SE2611,426000,411000,,England,10,1,2010,2010,WCBS
51262,,SE6318,463000,418000,,England,10,3,2010,2013,WCBS
51263,,SJ7891,378000,391000,2421,England,10,14,2010,2023,WCBS
51265,,ST6695,366000,195000,2000,England,10,14,2010,2023,WCBS
51266,,ST7637,376000,137000,,England,10,12,2010,2023,WCBS
51267,,SO8933,389000,233000,2000,England,10,14,2010,2023,WCBS
51268,,SX4068,240000,68000,2000,England,10,8,2010,2023,WCBS
51269,,TF9434,594000,334000,2000,England,10,11,2010,2022,WCBS
51270,,TQ3331,533000,131000,2000,England,10,7,2010,2016,WCBS
51271,,TQ4118,541000,118000,,England,10,1,2010,2010,WCBS
51272,,TQ5317,553000,117000,2000,England,10,14,2010,2023,WCBS
51273,,TQ2759,527000,159000,2000,England,10,14,2010,2023,WCBS
51274,,ST0666,306000,166000,,Wales,10,4,2012,2021,WCBS
51275,,TQ2436,524000,136000,2000,England,10,11,2011,2021,WCBS
51276,,SD5217,352000,417000,,England,10,4,2012,2015,WCBS
51277,,ST9709,397000,109000,2000,England,10,12,2012,2023,WCBS
51278,,TQ2338,523000,138000,2000,England,10,1,2012,2012,WCBS
51279,,SU9794,497000,194000,,England,10,1,2012,2012,WCBS
51280,,NT2856,328000,656000,2000,Scotland,10,12,2012,2023,WCBS
51281,,SO9714,397000,214000,2000,England,10,12,2012,2023,WCBS
51282,,SH7035,270000,335000,2000,Wales,10,6,2012,2018,WCBS
51283,,TQ0071,500000,171000,2000,England,10,4,2011,2016,WCBS
51284,,TQ1435,514000,135000,2000,England,10,2,2011,2012,WCBS
51285,,NS0762,207000,662000,2000,Scotland,10,4,2011,2014,WCBS
51286,,NX6161,261000,561000,2000,Scotland,10,1,2011,2011,WCBS
51287,,NY1172,311000,572000,2000,Scotland,10,1,2011,2011,WCBS
51289,,NR5786,157000,686000,2000,Scotland,10,1,2011,2011,WCBS
51290,,NR4667,146000,667000,2000,Scotland,10,1,2011,2011,WCBS
51291,,ST1583,315000,183000,2000,Wales,10,3,2011,2013,WCBS
51292,,SD6168,361000,468000,2000,England,10,12,2011,2023,WCBS
51293,,J3794,151102,549131,2000,Northern Ireland,10,3,2011,2017,WCBS
51294,,SU5921,459000,121000,2000,England,10,8,2012,2023,WCBS
51295,,ST3104,331000,104000,2000,England,10,11,2012,2023,WCBS
51296,,SZ0196,401000,96000,2000,England,10,10,2012,2023,WCBS
51297,,SU0717,407000,117000,2000,England,10,7,2012,2020,WCBS
51298,,ST9316,393000,116000,2000,England,10,10,2012,2021,WCBS
51299,,SU4771,447000,171000,2000,England,10,8,2012,2023,WCBS
51300,,SU6719,467000,119000,,England,10,1,2012,2012,WCBS
51301,,NT2823,328000,623000,2000,Scotland,10,1,2011,2011,WCBS
51302,,J3725,145225,480372,2000,Northern Ireland,10,10,2011,2020,WCBS
51303,,NX4976,249000,576000,2000,Scotland,10,2,2011,2012,WCBS
51306,,SP0507,405000,207000,,England,10,1,2012,2012,WCBS
51307,,NJ1533,315000,833000,2000,Scotland,10,3,2011,2018,WCBS
51308,,SU0301,403000,101000,2000,England,10,10,2012,2023,WCBS
51309,,SN8888,288000,288000,,Wales,10,3,2012,2014,WCBS
51310,,SP0392,403000,292000,,England,10,1,2012,2012,WCBS
51311,,NO5959,359000,759000,2000,Scotland,10,1,2011,2011,WCBS
51312,,NJ9736,397000,836000,2000,Scotland,10,14,2009,2023,WCBS
51313,,NH3003,230000,803000,,Scotland,10,4,2009,2013,WCBS
51314,,NN2501,225000,701000,2000,Scotland,10,1,2009,2009,WCBS
51315,,NR8396,183000,696000,2000,Scotland,10,2,2009,2012,WCBS
51316,,ST6266,362000,166000,2000,England,10,17,2007,2023,WCBS
51317,,ST7668,376000,168000,2000,England,10,10,2009,2020,WCBS
51318,,SD1183,311000,483000,2000,England,10,8,2009,2017,WCBS
51319,,SD2883,328000,483000,2000,England,10,11,2009,2023,WCBS
51320,,SD4896,348000,496000,2000,England,10,9,2009,2023,WCBS
51321,,SE0602,406000,402000,2000,England,10,5,2009,2023,WCBS
51322,,SU3476,434000,176000,2000,England,10,13,2009,2023,WCBS
51323,,SP8314,483000,214000,2014,England,10,4,2009,2023,WCBS
51324,,SU9596,495000,196000,2000,England,10,12,2009,2023,WCBS
51326,,SJ2883,328000,383000,2000,England,10,6,2009,2014,WCBS
51327,,SJ7488,374000,388000,2000,England,10,14,2009,2023,WCBS
51328,,SW3925,139000,25000,2000,England,10,5,2009,2019,WCBS
51329,,NZ2024,420000,524000,2000,England,10,14,2009,2022,WCBS
51330,,NT6565,365000,665000,2000,Scotland,10,4,2009,2023,WCBS
51331,,TL4602,546000,202000,2000,England,10,13,2007,2019,WCBS
51332,,SH5265,252000,365000,2000,Wales,10,6,2009,2019,WCBS
51333,,SU2200,422000,100000,2000,England,10,13,2009,2022,WCBS
51334,,SU3020,430000,120000,2000,England,10,9,2007,2019,WCBS
51335,,SU3939,439000,139000,2000,England,10,17,2007,2023,WCBS
51336,,TL6210,562000,210000,,England,10,2,2009,2010,WCBS
51337,,TM0028,600000,228000,,England,,4,2007,2013,WCBS
51338,,TM1717,617000,217000,,England,10,8,2007,2014,WCBS
51339,,ST6054,360000,154000,,England,10,1,2009,2009,WCBS
51340,,ST6155,361000,155000,,England,10,2,2009,2012,WCBS
51341,,TL5810,558000,210000,,England,10,5,2009,2014,WCBS
51342,,NZ9400,494000,500000,2000,England,10,7,2009,2017,WCBS
51343,,SP1039,410000,239000,2123,England,10,15,2009,2023,WCBS
51344,,ST8198,381000,198000,,England,10,5,2007,2013,WCBS
51345,,SJ7792,377000,392000,,England,10,2,2007,2009,WCBS
51346,,WV3383,360685,-44498,,Channel Islands,10,1,2009,2009,WCBS
51347,,SK1262,412000,362000,,England,10,4,2007,2011,WCBS
51348,,ST7316,373000,116000,2000,England,10,15,2009,2023,WCBS
51349,,ST7705,377000,105000,2000,England,10,14,2009,2023,WCBS
51350,,ST9707,397000,107000,2000,England,10,12,2009,2022,WCBS
51351,,ST9910,399000,110000,2000,England,10,15,2009,2023,WCBS
51352,,SU0600,406000,100000,1831,England,10,10,2009,2022,WCBS
51353,,TL9196,591000,296000,,England,,1,2009,2009,WCBS
51354,,SU6439,464000,139000,2000,England,10,7,2009,2017,WCBS
51355,,SZ1698,416000,98000,,England,10,3,2009,2011,WCBS
51356,,TL3207,532000,207000,2000,England,10,7,2009,2023,WCBS
51357,,TL3212,532000,212000,,England,10,15,2009,2023,WCBS
51358,,NH1062,210000,862000,,Scotland,10,1,2009,2009,WCBS
51359,,TQ6478,564000,178000,,England,,3,2007,2009,WCBS
51360,,TR1651,616000,151000,2000,England,10,15,2009,2023,WCBS
51361,,TR2839,628000,139000,2000,England,10,7,2009,2022,WCBS
51362,,SP5698,456000,298000,2000,England,10,5,2009,2020,WCBS
51363,,TF2269,522000,369000,,England,10,1,2009,2009,WCBS
51364,,TF6926,569000,326000,2000,England,10,17,2007,2023,WCBS
51365,,TF6934,569000,334000,2000,England,10,10,2007,2018,WCBS
51366,,ST1914,319000,114000,2030,England,10,12,2007,2023,WCBS
51367,,ST3547,335000,147000,2000,England,10,8,2009,2023,WCBS
51368,,ST3566,335000,166000,,England,,4,2009,2013,WCBS
51369,,TQ3069,530000,169000,2000,England,10,2,2009,2018,WCBS
51370,,SU9402,494000,102000,2000,England,10,16,2008,2023,WCBS
51371,,ST4872,348000,172000,2000,England,10,6,2009,2023,WCBS
51372,,ST4944,349000,144000,,England,10,6,2009,2023,WCBS
51373,,ST6945,369000,145000,,England,10,3,2007,2022,WCBS
51374,,ST7146,371000,146000,,England,10,2,2007,2009,WCBS
51375,,ST7542,375000,142000,1982,England,10,3,2007,2022,WCBS
51376,,ST7653,376000,153000,2000,England,10,14,2007,2022,WCBS
51377,,SJ8937,389000,337000,,England,,1,2009,2009,WCBS
51378,,SK0500,405000,300000,2000,England,10,14,2009,2023,WCBS
51379,,NS6591,265000,691000,,Scotland,10,3,2009,2015,WCBS
51380,,NS7196,271000,696000,,Scotland,10,2,2009,2010,WCBS
51381,,TL7262,572000,262000,2000,England,10,13,2009,2023,WCBS
51382,,TL7781,577000,281000,2000,England,10,14,2009,2023,WCBS
51383,,TM1838,618000,238000,,England,,6,2009,2015,WCBS
51384,,TM2560,625000,260000,,England,10,1,2009,2009,WCBS
51385,,TM3582,635000,282000,,England,10,1,2009,2009,WCBS
51386,,NZ0567,405000,567000,,England,,2,2009,2011,WCBS
51387,,SK7792,477000,392000,2000,England,10,13,2007,2019,WCBS
51388,,NH4955,249000,855000,,Scotland,,2,2009,2010,WCBS
51389,,SD4050,340000,450000,,England,,1,2007,2007,WCBS
51390,,TQ3833,538000,133000,,England,,2,2009,2011,WCBS
51391,,TQ6706,567000,106000,,England,10,1,2009,2009,WCBS
51392,,SP1450,414000,250000,2000,England,10,7,2009,2015,WCBS
51393,,SP2798,427000,298000,2000,England,10,15,2009,2023,WCBS
51394,,SP4077,440000,277000,2000,England,10,7,2009,2018,WCBS
51396,,SE0113,401000,413000,2000,England,10,2,2009,2018,WCBS
51397,,SE3753,437000,453000,,England,,5,2009,2013,WCBS
51398,,SE7231,472000,431000,,England,10,3,2009,2011,WCBS
51399,,TA2236,522000,436000,,England,10,1,2009,2009,WCBS
51400,,SU5647,456000,147000,2000,England,10,7,2009,2017,WCBS
51401,,SK3496,434000,396000,2000,England,10,5,2009,2017,WCBS
51402,,SN2542,225000,242000,,Wales,,1,2006,2006,WCBS
51403,,SP0848,408000,248000,,England,,1,2006,2006,WCBS
51404,,ST2846,328000,146000,,England,,1,2007,2007,WCBS
51405,,SP9792,497000,292000,,England,10,1,2007,2007,WCBS
51406,,SS8443,284000,143000,,England,10,3,2007,2021,WCBS
51407,,SS8932,289000,132000,,England,,1,2007,2007,WCBS
51408,,SH9323,293000,323000,,Wales,,2,2007,2008,WCBS
51409,,SH9918,299000,318000,,Wales,,2,2007,2008,WCBS
51410,,SH9919,299000,319000,,Wales,,2,2007,2008,WCBS
51411,,SJ5328,353000,328000,,England,10,1,2007,2007,WCBS
51412,,TF7234,572000,334000,,England,10,1,2007,2007,WCBS
51413,,ST4445,344000,145000,,England,10,1,2007,2007,WCBS
51414,,ST7546,375000,146000,,England,,1,2008,2008,WCBS
51415,,ST7931,379000,131000,,England,10,1,2007,2007,WCBS
51416,,SU3605,436000,105000,,England,10,1,2007,2007,WCBS
51417,,SU4689,446000,189000,,England,10,4,2007,2013,WCBS
51418,,TQ6169,561000,169000,,England,,2,2007,2014,WCBS
51419,,SY7784,377000,84000,,England,10,1,2006,2006,WCBS
51420,,TL1009,510000,209000,,England,10,1,2006,2006,WCBS
51421,,TL1917,519000,217000,,England,10,1,2006,2006,WCBS
51422,,TL2115,521000,215000,,England,,2,2006,2013,WCBS
51423,,J1476,126643,533157,2000,Northern Ireland,10,8,2010,2018,WCBS
51424,,J1734,126057,491040,2000,Northern Ireland,10,2,2010,2015,WCBS
51425,,J4864,159502,518299,2000,Northern Ireland,10,9,2010,2022,WCBS
51426,,TQ2022,520000,122000,,England,10,2,2008,2010,WCBS
51428,,SD3033,330000,433000,,England,10,3,2010,2012,WCBS
51429,,SD9613,396000,413000,2000,England,10,7,2010,2022,WCBS
51430,,SJ6226,362000,326000,,England,10,2,2010,2013,WCBS
51431,,SK2936,429000,336000,,England,10,10,2010,2023,WCBS
51432,,SP7402,474000,202000,,England,,1,2010,2010,WCBS
51433,,SN8889,288000,289000,,Wales,10,4,2010,2014,WCBS
51434,,SO4304,343000,204000,,Wales,10,1,2010,2010,WCBS
51435,,SO7074,370000,274000,,England,10,3,2010,2013,WCBS
51436,,SO9486,394000,286000,,England,10,2,2010,2013,WCBS
51437,,TF4513,545000,313000,,England,10,4,2010,2013,WCBS
51438,,TQ8754,587000,154000,2000,England,10,9,2010,2018,WCBS
51439,,SO7482,374000,282000,,England,,3,2012,2014,WCBS
51440,,J5335,162018,488979,,Northern Ireland,10,2,2012,2013,WCBS
51441,,TQ1208,512000,108000,,England,,1,2012,2012,WCBS
51442,,TL6142,561000,242000,2000,England,10,14,2010,2023,WCBS
51443,,TL7910,579000,210000,2000,England,10,12,2012,2023,WCBS
51444,,SU7808,478000,108000,,England,,3,2012,2014,WCBS
51445,,TQ5425,554000,125000,2000,England,10,12,2012,2023,WCBS
51446,,SS7938,279000,138000,2000,England,10,9,2011,2021,WCBS
51447,,SU8615,486000,115000,,England,10,1,2011,2011,WCBS
51448,,TL5070,550000,270000,,England,,1,2011,2011,WCBS
51450,,SS5410,254000,110000,,England,10,1,2011,2011,WCBS
51451,,TQ7214,572000,114000,2000,England,10,3,2011,2022,WCBS
51452,,NS4280,242000,680000,2000,Scotland,10,2,2011,2012,WCBS
51453,,NT0035,300000,635000,2000,Scotland,10,10,2011,2023,WCBS
51454,,H5347,63353,509445,2000,Northern Ireland,10,6,2011,2023,WCBS
51455,,SJ2938,329000,338000,,Wales,,1,2011,2011,WCBS
51456,,NO4603,346000,703000,2000,Scotland,10,6,2011,2016,WCBS
51457,,NT1174,311000,674000,2000,Scotland,10,1,2011,2011,WCBS
51458,,NR7664,176000,664000,2000,Scotland,10,1,2011,2011,WCBS
51459,,NR7150,171000,650000,2000,Scotland,10,13,2011,2023,WCBS
51460,,NS0225,202000,625000,2000,Scotland,10,6,2011,2016,WCBS
51461,,SJ0821,308000,321000,,Wales,10,4,2011,2015,WCBS
51462,,SS9891,298000,191000,,Wales,10,1,2012,2012,WCBS
51463,,TF0028,500000,328000,,England,,1,2012,2012,WCBS
51464,,H5873,70557,534948,2000,Northern Ireland,10,8,2011,2018,WCBS
51465,,SK2790,427000,390000,,England,,1,2012,2012,WCBS
51466,,SP5810,458000,210000,2000,England,10,5,2012,2018,WCBS
51467,,TF9313,593000,313000,2000,England,10,12,2011,2023,WCBS
51468,,TM0478,604000,278000,,England,10,4,2012,2015,WCBS
51469,,NB3315,133000,915000,,Scotland,10,2,2012,2013,WCBS
51470,,TQ2974,529000,174000,2000,England,10,3,2012,2014,WCBS
51471,,NJ0631,306000,831000,2000,Scotland,10,7,2012,2018,WCBS
51472,,ST9235,392000,135000,2000,England,10,8,2012,2023,WCBS
51473,,NT5151,351000,651000,,Scotland,,1,2012,2012,WCBS
51475,,C9742,115353,600399,2000,Northern Ireland,10,11,2013,2023,WCBS
51476,,D1312,128725,569124,2000,Northern Ireland,10,1,2013,2013,WCBS
51477,,H5453,64861,515344,2000,Northern Ireland,10,3,2013,2015,WCBS
51478,,J1653,126676,510062,2000,Northern Ireland,10,9,2013,2021,WCBS
51479,,J4246,151992,500874,2000,Northern Ireland,10,3,2013,2015,WCBS
51480,,J4547,155066,501615,2000,Northern Ireland,10,3,2013,2015,WCBS
51481,,NA9924,99000,924000,,Scotland,10,1,2013,2013,WCBS
51482,,ND0665,306000,965000,2000,Scotland,10,7,2012,2023,WCBS
51483,,ND2490,324000,990000,,Scotland,10,1,2013,2013,WCBS
51484,,ND2496,324000,996000,,Scotland,10,1,2013,2013,WCBS
51485,,NN8623,286000,723000,2000,Scotland,10,3,2013,2015,WCBS
51486,,NO2306,323000,706000,2000,Scotland,10,2,2013,2015,WCBS
51487,,NS3365,233000,665000,2000,Scotland,10,1,2013,2013,WCBS
51488,,NS3855,238000,655000,2000,Scotland,10,3,2013,2015,WCBS
51489,,NS6773,267000,673000,,Scotland,,3,2013,2015,WCBS
51490,,NS8996,289000,696000,2000,Scotland,10,11,2013,2023,WCBS
51491,,NT0088,300000,688000,2000,Scotland,10,4,2013,2019,WCBS
51492,,NT2466,324000,666000,2000,Scotland,10,10,2013,2023,WCBS
51493,,NT5271,352000,671000,2000,Scotland,10,3,2013,2017,WCBS
51494,,NT6027,360000,627000,2000,Scotland,10,5,2013,2017,WCBS
51495,,NX3656,236000,556000,2000,Scotland,10,2,2009,2023,WCBS
51496,,NY7906,379000,506000,2000,England,10,9,2013,2023,WCBS
51497,,NZ2159,421000,559000,2000,England,10,10,2013,2023,WCBS
51498,,SD2708,327000,408000,2000,England,10,5,2013,2019,WCBS
51499,,SD9842,398000,442000,2000,England,10,9,2013,2023,WCBS
51501,,SE5189,451000,489000,2000,England,10,3,2013,2016,WCBS
51502,,SE5245,452000,445000,2000,England,10,8,2013,2021,WCBS
51503,,SE7636,476000,436000,,England,10,3,2013,2016,WCBS
51504,,SE8650,486000,450000,,England,,2,2013,2014,WCBS
51505,,SH3964,239000,364000,2000,Wales,10,3,2013,2017,WCBS
51506,,SH4574,245000,374000,2000,Wales,10,2,2013,2019,WCBS
51507,,SH7205,272000,305000,2000,Wales,10,11,2013,2023,WCBS
51508,,SJ0714,307000,314000,2000,Wales,10,4,2013,2019,WCBS
51509,,SJ0830,308000,330000,,Wales,10,1,2013,2013,WCBS
51510,,SJ0877,308000,377000,,Wales,10,2,2013,2014,WCBS
51511,,SJ1958,319000,358000,,Wales,10,2,2013,2014,WCBS
51512,,SJ2077,320000,377000,2000,Wales,10,6,2013,2023,WCBS
51513,,SJ3039,330000,339000,,Wales,,1,2013,2013,WCBS
51515,,SJ6513,365000,313000,,England,10,1,2013,2013,WCBS
51516,,SJ6921,369000,321000,2000,England,10,8,2013,2022,WCBS
51517,,SJ7983,379000,383000,,England,10,2,2013,2014,WCBS
51518,,SJ8487,384000,387000,2000,England,10,4,2013,2016,WCBS
51519,,SK3942,439000,342000,,England,10,3,2013,2015,WCBS
51520,,SK4872,448000,372000,,England,10,1,2013,2013,WCBS
51521,,SK8487,484000,387000,,England,,2,2013,2016,WCBS
51522,,SN6831,268000,231000,2000,Wales,10,11,2013,2023,WCBS
51523,,SO5092,350000,292000,2000,England,10,8,2013,2020,WCBS
51524,,SO5941,359000,241000,,England,10,3,2013,2015,WCBS
51525,,SO6554,365000,254000,2000,England,10,8,2013,2020,WCBS
51526,,SO6575,365000,275000,2000,England,10,10,2013,2023,WCBS
51527,,SO7125,371000,225000,2000,England,10,9,2013,2023,WCBS
51528,,SO8224,382000,224000,2000,England,10,9,2013,2023,WCBS
51529,,SO8819,388000,219000,2000,England,10,11,2013,2023,WCBS
51530,,SO8987,389000,287000,,England,10,1,2013,2013,WCBS
51531,,SO9086,390000,286000,,England,10,2,2013,2014,WCBS
51532,,SO9173,391000,273000,,England,10,1,2013,2013,WCBS
51533,,SO9888,398000,288000,,England,10,3,2013,2016,WCBS
51534,,SP0815,408000,215000,2000,England,10,11,2013,2023,WCBS
51535,,SP1136,411000,236000,2000,England,10,3,2013,2015,WCBS
51536,,SP1273,412000,273000,2000,England,10,6,2013,2018,WCBS
51537,,SP1331,413000,231000,2000,England,10,8,2013,2023,WCBS
51538,,SP1436,414000,236000,,England,10,2,2013,2014,WCBS
51539,,SP2528,425000,228000,2000,England,10,3,2013,2015,WCBS
51540,,SP5165,451000,265000,2000,England,10,6,2013,2019,WCBS
51541,,SP5415,454000,215000,2000,England,10,11,2013,2023,WCBS
51542,,SP6254,462000,254000,2000,England,10,8,2013,2023,WCBS
51543,,SP7750,477000,250000,2000,England,10,2,2013,2014,WCBS
51544,,SP8502,485000,202000,2333,England,10,1,2013,2013,WCBS
51545,,SP8778,487000,278000,2000,England,10,11,2013,2023,WCBS
51546,,SS4430,244000,130000,,England,,1,2013,2013,WCBS
51547,,SS5395,253000,195000,2000,Wales,10,6,2013,2019,WCBS
51548,,SS5487,254000,187000,2000,Wales,10,3,2013,2018,WCBS
51549,,SS7390,273000,190000,,Wales,10,2,2013,2014,WCBS
51550,,SS8092,280000,192000,,Wales,,2,2013,2014,WCBS
51551,,ST2484,324000,184000,,Wales,,1,2013,2013,WCBS
51552,,ST3514,335000,114000,2000,England,10,10,2013,2023,WCBS
51553,,ST4894,348000,194000,2000,Wales,10,8,2013,2023,WCBS
51554,,ST6310,363000,110000,2000,England,10,8,2013,2023,WCBS
51555,,ST6617,366000,117000,1995,England,10,6,2013,2023,WCBS
51556,,ST7356,373000,156000,2000,England,10,4,2013,2019,WCBS
51557,,ST7933,379000,133000,,England,10,7,2013,2023,WCBS
51558,,ST8312,383000,112000,2000,England,10,11,2013,2023,WCBS
51559,,ST9143,391000,143000,,England,,1,2013,2013,WCBS
51560,,SU0563,405000,163000,,England,10,1,2013,2013,WCBS
51561,,SU0737,407000,137000,2000,England,10,8,2013,2023,WCBS
51562,,SU1783,417000,183000,,England,10,1,2013,2013,WCBS
51563,,SU2206,422000,106000,2000,England,10,10,2013,2023,WCBS
51564,,SU2370,423000,170000,,England,,4,2013,2022,WCBS
51565,,SU5405,454000,105000,,England,10,4,2013,2016,WCBS
51566,,SU5554,455000,154000,2000,England,10,9,2013,2021,WCBS
51567,,SU6086,460000,186000,,England,10,9,2013,2023,WCBS
51568,,SU7249,472000,149000,2000,England,10,11,2013,2023,WCBS
51569,,SU7359,473000,159000,2000,England,10,2,2013,2014,WCBS
51570,,SU7475,474000,175000,,England,10,1,2013,2013,WCBS
51571,,SU7877,478000,177000,2000,England,10,7,2013,2019,WCBS
51572,,SX2389,223000,89000,,England,,2,2013,2014,WCBS
51573,,SX4762,247000,62000,,England,10,2,2013,2014,WCBS
51574,,SY9796,397000,96000,1891,England,10,6,2013,2023,WCBS
51575,,SZ8698,486000,98000,,England,10,1,2013,2013,WCBS
51576,,TA0749,507000,449000,2000,England,10,10,2013,2023,WCBS
51577,,TA1944,519000,444000,,England,10,2,2013,2014,WCBS
51579,,TF7041,570000,341000,2000,England,10,7,2013,2023,WCBS
51580,,TF8016,580000,316000,2000,England,10,9,2013,2021,WCBS
51581,,TG3201,632000,301000,2000,England,10,11,2013,2023,WCBS
51582,,TL0687,506000,287000,2000,England,10,6,2013,2019,WCBS
51583,,TL1356,513000,256000,,England,,2,2013,2014,WCBS
51584,,TL1719,517000,219000,2000,England,10,8,2013,2023,WCBS
51585,,TL1844,518000,244000,2000,England,10,7,2013,2023,WCBS
51586,,TL1920,519000,220000,,England,,1,2013,2013,WCBS
51588,,TL3843,538000,243000,2000,England,10,3,2013,2015,WCBS
51589,,TL3911,539000,211000,2000,England,10,9,2013,2023,WCBS
51590,,TL4764,547000,264000,,England,,1,2013,2013,WCBS
51591,,TL5373,553000,273000,2000,England,10,10,2013,2023,WCBS
51592,,TL5601,556000,201000,,England,,1,2013,2013,WCBS
51593,,TL5756,557000,256000,,England,10,2,2013,2014,WCBS
51594,,TL6509,565000,209000,,England,10,1,2013,2013,WCBS
51595,,TM0683,606000,283000,2000,England,10,10,2013,2023,WCBS
51596,,TM0958,609000,258000,,England,10,1,2013,2013,WCBS
51597,,TM2481,624000,281000,2000,England,10,11,2013,2023,WCBS
51598,,TQ0529,505000,129000,,England,10,2,2013,2014,WCBS
51599,,TQ0819,508000,119000,,England,10,2,2013,2014,WCBS
51600,,TQ2368,523000,168000,2000,England,10,1,2013,2013,WCBS
51601,,TQ3319,533000,119000,2000,England,10,9,2013,2022,WCBS
51602,,TQ4905,549000,105000,2000,England,10,9,2013,2023,WCBS
51603,,TQ5781,557000,181000,,England,10,1,2013,2013,WCBS
51604,,TR0138,601000,138000,,England,,1,2013,2013,WCBS
51605,,SU9816,498000,116000,,England,,7,2014,2023,WCBS
51606,,SO7416,374000,216000,2000,England,10,9,2014,2023,WCBS
51607,,SU6341,463000,141000,,England,10,1,2014,2014,WCBS
51608,,SO1429,314000,229000,2000,Wales,10,5,2014,2021,WCBS
51609,,NY4303,343000,503000,2000,England,10,7,2014,2023,WCBS
51610,,SP1409,414000,209000,,England,10,1,2014,2014,WCBS
51611,,TQ2425,524000,125000,2000,England,10,1,2014,2014,WCBS
51612,,SO9109,391000,209000,2000,England,10,10,2014,2023,WCBS
51614,,SE5734,457000,434000,2000,England,10,5,2014,2021,WCBS
51615,,TQ4700,547000,100000,2000,England,10,1,2014,2014,WCBS
51616,,TM0871,608000,271000,2000,England,10,7,2014,2020,WCBS
51617,,SK4215,442000,315000,2000,England,10,9,2014,2022,WCBS
51618,,SY5589,355000,89000,2000,England,10,10,2014,2023,WCBS
51619,,TL9926,599000,226000,,England,10,1,2014,2014,WCBS
51620,,ND2167,321000,967000,2000,Scotland,10,7,2014,2021,WCBS
51621,,SK5346,453000,346000,2000,England,10,6,2014,2019,WCBS
51622,,NZ3091,430000,591000,2000,England,10,2,2014,2016,WCBS
51623,,TG2502,625000,302000,2000,England,10,3,2014,2023,WCBS
51624,,TA0290,502000,490000,,England,10,2,2014,2015,WCBS
51625,,SK3640,436000,340000,,England,10,1,2014,2014,WCBS
51626,,TQ3126,531000,126000,2000,England,10,2,2014,2015,WCBS
51627,,TQ2480,524000,180000,2000,England,10,4,2015,2023,WCBS
51628,,TL1055,510000,255000,2000,England,10,7,2014,2023,WCBS
51629,,NT4705,347000,605000,,Scotland,10,1,2014,2014,WCBS
51630,,TF5904,559000,304000,2000,England,10,9,2014,2023,WCBS
51631,,SU9651,496000,151000,2000,England,10,9,2014,2022,WCBS
51632,,ST7135,371000,135000,,England,10,1,2014,2014,WCBS
51633,,NY7482,374000,582000,2000,England,10,2,2012,2016,WCBS
51634,,H8871,100299,530392,2000,Northern Ireland,10,2,2014,2015,WCBS
51635,,TQ3378,533000,178000,2000,England,10,5,2014,2019,WCBS
51636,,SK3408,434000,308000,,England,10,1,2014,2014,WCBS
51637,,TQ4352,543000,152000,2000,England,10,10,2014,2023,WCBS
51638,,SK3651,436000,351000,,England,10,2,2014,2015,WCBS
51639,,TL8934,589000,234000,2000,England,10,5,2014,2020,WCBS
51640,,ST3841,338000,141000,,England,10,1,2014,2014,WCBS
51641,,SJ6206,362000,306000,,England,10,2,2014,2015,WCBS
51642,,TQ6106,561000,106000,2000,England,10,3,2014,2018,WCBS
51643,,SP1643,416000,243000,2000,England,10,8,2014,2021,WCBS
51644,,NY7243,372000,543000,,England,10,1,2014,2014,WCBS
51645,,H3086,43742,550307,2000,Northern Ireland,10,3,2014,2019,WCBS
51646,,SO7126,371000,226000,2000,England,10,9,2014,2022,WCBS
51647,,TL0949,509000,249000,2000,England,10,4,2014,2017,WCBS
51648,,TL9701,597000,201000,,England,10,1,2014,2014,WCBS
51649,,TM3495,634000,295000,2000,England,10,9,2014,2023,WCBS
51650,,SZ5192,451000,92000,2000,England,10,2,2014,2016,WCBS
51651,,ST6564,365000,164000,,England,10,1,2014,2014,WCBS
51652,,TQ4375,543000,175000,,England,10,2,2014,2015,WCBS
51653,,TQ6209,562000,109000,,England,10,2,2014,2015,WCBS
51654,,D1743,135373,599676,2006,Northern Ireland,10,3,2014,2016,WCBS
51655,,ND2361,323000,961000,2000,Scotland,10,6,2014,2021,WCBS
51657,,SK2659,426000,359000,2000,England,10,8,2014,2023,WCBS
51658,,J0690,119865,547795,2000,Northern Ireland,10,4,2014,2017,WCBS
51659,,TQ2768,527000,168000,2000,England,10,1,2014,2014,WCBS
51660,,SO8708,387000,208000,2000,England,10,7,2014,2023,WCBS
51661,,TL9859,598000,259000,2000,England,10,9,2014,2023,WCBS
51662,,NN2578,225000,778000,2000,Scotland,10,8,2014,2022,WCBS
51663,,TG4414,644000,314000,,England,10,1,2014,2014,WCBS
51664,,SU0805,408000,105000,2000,England,10,4,2014,2017,WCBS
51665,,SE0298,402000,498000,2000,England,10,6,2014,2022,WCBS
51666,,NY4709,347000,509000,2000,England,10,5,2014,2023,WCBS
51667,,SD7950,379000,450000,,England,10,1,2014,2014,WCBS
51668,,SS2010,220000,110000,2000,England,10,4,2014,2017,WCBS
51669,,ST7703,377000,103000,2340,England,10,8,2014,2023,WCBS
51670,,SH5860,258000,360000,,Wales,10,1,2014,2014,WCBS
51671,,NY4702,347000,502000,2000,England,10,9,2014,2023,WCBS
51672,,SX3073,230000,73000,2000,England,10,9,2014,2023,WCBS
51673,,SP5994,459000,294000,,England,,1,2014,2014,WCBS
51674,,SP8359,483000,259000,2000,England,10,6,2014,2023,WCBS
51675,,SH5861,258000,361000,,Wales,,1,2014,2014,WCBS
51676,,TM3568,635000,268000,2000,England,10,7,2014,2023,WCBS
51677,,SY0894,308000,94000,2000,England,10,5,2014,2018,WCBS
51678,,SU9270,492000,170000,,England,10,1,2014,2014,WCBS
51679,,TQ3279,532000,179000,2000,England,10,10,2014,2023,WCBS
51680,,SU7334,473000,134000,2000,England,10,8,2014,2023,WCBS
51681,,TQ3693,536000,193000,2000,England,10,3,2014,2017,WCBS
51682,,SK3851,438000,351000,,England,,2,2014,2015,WCBS
51683,,ND3269,332000,969000,2000,Scotland,10,7,2014,2021,WCBS
51684,,TM3150,631000,250000,2000,England,10,9,2014,2023,WCBS
51685,,SU7108,471000,108000,2000,England,10,10,2014,2023,WCBS
51686,,NN1562,215000,762000,,Scotland,10,2,2014,2015,WCBS
51687,,SP7572,475000,272000,2000,England,10,7,2014,2023,WCBS
51688,,SU1301,413000,101000,2000,England,10,6,2014,2021,WCBS
51689,,SD6278,362000,478000,2000,England,10,9,2014,2023,WCBS
51690,,TL3071,530000,271000,,England,10,2,2014,2022,WCBS
51691,,SE6041,460000,441000,,England,10,2,2014,2016,WCBS
51692,,NT4704,347000,604000,,Scotland,,1,2014,2014,WCBS
51693,,SY8982,389000,82000,2000,England,10,10,2014,2023,WCBS
51694,,TQ4774,547000,174000,2000,England,10,5,2014,2020,WCBS
51695,,SU5112,451000,112000,,England,10,1,2014,2014,WCBS
51696,,SP2502,425000,202000,,England,10,1,2014,2014,WCBS
51697,,TL2111,521000,211000,2000,England,10,2,2014,2016,WCBS
51698,,SZ2892,428000,92000,2000,England,10,7,2014,2023,WCBS
51699,,NR2741,127000,641000,2000,Scotland,10,10,2014,2023,WCBS
51700,,TM0048,600000,248000,2000,England,10,10,2014,2023,WCBS
51701,,SE1976,419000,476000,,England,10,1,2014,2014,WCBS
51702,,TL8566,585000,266000,2000,England,10,9,2014,2022,WCBS
51703,,TQ1829,518000,129000,,England,10,1,2014,2014,WCBS
51704,,NY6622,366000,522000,2000,England,10,2,2014,2015,WCBS
51705,,TM3183,631000,283000,2000,England,10,7,2014,2020,WCBS
51706,,TF5212,552000,312000,2000,England,10,5,2015,2020,WCBS
51707,,NY8708,387000,508000,2000,England,10,4,2015,2018,WCBS
51708,,ST6418,364000,118000,2000,England,10,6,2015,2023,WCBS
51709,,TF0036,500000,336000,,England,10,3,2015,2023,WCBS
51710,,TL0704,507000,204000,2000,England,10,7,2015,2022,WCBS
51711,,TA3520,535000,420000,,England,10,1,2015,2015,WCBS
51712,,TM4162,641000,262000,,England,10,1,2015,2015,WCBS
51713,,SW6616,166000,16000,2000,England,10,3,2013,2015,WCBS
51714,,SE2147,421000,447000,2000,England,10,4,2015,2018,WCBS
51715,,SU8737,487000,137000,2000,England,10,2,2015,2016,WCBS
51716,,TL9577,595000,277000,2000,England,10,1,2015,2015,WCBS
51717,,TF0586,505000,386000,2000,England,10,3,2015,2023,WCBS
51718,,SE6655,466000,455000,2000,England,10,3,2015,2022,WCBS
51719,,NX4151,241000,551000,,Scotland,,5,2015,2019,WCBS
51720,,TM0378,603000,278000,2000,England,10,2,2015,2023,WCBS
51721,,NH1910,219000,810000,2000,Scotland,10,1,2015,2015,WCBS
51722,,SN9711,297000,211000,,Wales,,1,2015,2015,WCBS
51723,,SU6307,463000,107000,2000,England,10,9,2015,2023,WCBS
51724,,NZ6321,463000,521000,2000,England,10,3,2015,2017,WCBS
51725,,ST1099,310000,199000,,Wales,10,1,2015,2015,WCBS
51726,,SO1000,310000,200000,,Wales,10,1,2015,2015,WCBS
51727,,TQ3559,535000,159000,2000,England,10,8,2015,2023,WCBS
51728,,TA0095,500000,495000,2000,England,10,9,2015,2023,WCBS
51729,,NY2341,323000,541000,2000,England,10,4,2015,2018,WCBS
51730,,SE8683,486000,483000,2000,England,10,9,2015,2023,WCBS
51731,,SK7504,475000,304000,,England,10,2,2015,2016,WCBS
51732,,SD8322,383000,422000,2000,England,10,5,2015,2023,WCBS
51733,,WV5748,384220,-79813,,Channel Islands,10,2,2015,2016,WCBS
51734,,TF9913,599000,313000,,England,10,1,2015,2015,WCBS
51735,,SU2932,429000,132000,,England,,1,2013,2013,WCBS
51736,,SU2037,420000,137000,,England,10,1,2015,2015,WCBS
51737,,TF5918,559000,318000,2000,England,10,7,2015,2022,WCBS
51738,,TF7030,570000,330000,2000,England,10,5,2015,2021,WCBS
51739,,TQ5226,552000,126000,2000,England,10,4,2015,2018,WCBS
51740,,TQ2654,526000,154000,2000,England,10,9,2015,2023,WCBS
51741,,TM2975,629000,275000,2000,England,10,6,2015,2022,WCBS
51742,,SE9932,499000,432000,,England,10,1,2015,2015,WCBS
51743,,TQ5523,555000,123000,,England,10,2,2015,2016,WCBS
51744,,TF9808,598000,308000,,England,10,1,2015,2015,WCBS
51745,,SY9582,395000,82000,,England,10,1,2014,2014,WCBS
51746,,SJ3476,334000,376000,,England,10,1,2015,2015,WCBS
51747,,SY6769,367000,69000,,England,10,1,2013,2013,WCBS
51748,,TQ4256,542000,156000,,England,,1,2014,2014,WCBS
51749,,TL2333,523000,233000,2000,England,10,4,2015,2022,WCBS
51750,,SH4364,243000,364000,,Wales,10,3,2015,2018,WCBS
51751,,SP6367,463000,267000,2000,England,10,3,2015,2019,WCBS
51752,,TQ8677,586000,177000,,England,10,1,2015,2015,WCBS
51753,,SK5964,459000,364000,,England,10,1,2015,2015,WCBS
51754,,SN9730,297000,230000,2000,Wales,10,1,2015,2015,WCBS
51755,,SP0381,403000,281000,2000,England,10,5,2014,2018,WCBS
51756,,TQ1354,513000,154000,2000,England,10,9,2015,2023,WCBS
51757,,SE7862,478000,462000,2000,England,10,6,2015,2022,WCBS
51758,,ST5160,351000,160000,2029,England,10,1,2021,2021,WCBS
51759,,TM0697,606000,297000,2000,England,10,2,2015,2016,WCBS
51760,,SP2513,425000,213000,,England,10,2,2015,2021,WCBS
51761,,SW7220,172000,20000,2000,England,10,3,2013,2015,WCBS
51762,,TR1357,613000,157000,2000,England,10,5,2015,2023,WCBS
51763,,NY5970,359000,570000,2000,England,10,8,2015,2023,WCBS
51764,,TL1232,512000,232000,2000,England,10,6,2015,2023,WCBS
51765,,SP7843,478000,243000,2000,England,10,9,2015,2023,WCBS
51766,,TQ8577,585000,177000,2000,England,10,6,2015,2023,WCBS
51767,,J3243,141771,498735,,Northern Ireland,10,1,2015,2015,WCBS
51768,,SY9985,399000,85000,2000,England,10,3,2015,2017,WCBS
51769,,TR0317,603000,117000,2000,England,10,4,2015,2019,WCBS
51770,,SP1735,417000,235000,,England,,1,2015,2015,WCBS
51771,,SU8975,489000,175000,,England,,1,2015,2015,WCBS
51772,,TM2147,621000,247000,2000,England,10,8,2015,2022,WCBS
51773,,SU0551,405000,151000,,England,10,1,2015,2015,WCBS
51774,,SD8282,382000,482000,2000,England,10,2,2015,2016,WCBS
51775,,TQ2611,526000,111000,,England,,1,2013,2013,WCBS
51776,,SU4929,449000,129000,,England,,1,2013,2013,WCBS
51777,,SU3834,438000,134000,,England,,1,2013,2013,WCBS
51778,,SY6768,367000,68000,,England,10,1,2013,2013,WCBS
51779,,TQ4752,547000,152000,2000,England,10,9,2015,2023,WCBS
51780,,SO9064,390000,264000,2000,England,10,4,2015,2018,WCBS
51782,,TQ1144,511000,144000,2000,England,10,9,2015,2023,WCBS
51783,,SY6598,365000,98000,2000,England,10,6,2015,2022,WCBS
51784,,TF1704,517000,304000,,England,10,1,2015,2015,WCBS
51785,,TF9811,598000,311000,,England,10,1,2015,2015,WCBS
51786,,NU2404,424000,604000,2000,England,10,6,2015,2023,WCBS
51787,,TR2740,627000,140000,2000,England,10,2,2015,2016,WCBS
51788,,SY1394,313000,94000,2000,England,10,6,2015,2020,WCBS
51789,,SU7765,477000,165000,,England,,2,2013,2023,WCBS
51790,,SY6868,368000,68000,,England,10,1,2013,2013,WCBS
51791,,TQ4257,542000,157000,,England,,1,2014,2014,WCBS
51792,,NZ1212,412000,512000,,England,10,1,2014,2014,WCBS
51793,,SP5633,456000,233000,,England,,1,2014,2014,WCBS
51794,,SX8670,286000,70000,,England,,1,2015,2015,WCBS
51795,,SX6671,266000,71000,1931,England,10,9,2015,2023,WCBS
51796,,NR7232,172000,632000,,Scotland,,1,2015,2015,WCBS
51797,,TG1908,619000,308000,2000,England,10,8,2015,2022,WCBS
51798,,TL8843,588000,243000,2000,England,10,8,2015,2023,WCBS
51799,,SZ0690,406000,90000,2000,England,10,9,2015,2023,WCBS
51800,,SD6027,360000,427000,,England,,1,2015,2015,WCBS
51801,,ST7912,379000,112000,2000,England,10,8,2015,2023,WCBS
51802,,SD9431,394000,431000,,England,10,1,2015,2015,WCBS
51803,,TR2856,628000,156000,2000,England,10,9,2015,2023,WCBS
51804,,TQ5312,553000,112000,,England,10,2,2015,2016,WCBS
51805,,H5351,63693,513434,,Northern Ireland,,1,2014,2014,WCBS
51806,,ST7306,373000,106000,2000,England,10,9,2015,2023,WCBS
51807,,SK7041,470000,341000,2000,England,10,5,2015,2019,WCBS
51808,,TR0118,601000,118000,2000,England,10,4,2015,2019,WCBS
51809,,NG3534,135000,834000,2000,Scotland,10,6,2015,2021,WCBS
51810,,ST1678,316000,178000,2000,Wales,10,2,2015,2016,WCBS
51811,,NY8063,380000,563000,2000,England,10,9,2015,2023,WCBS
51812,,SN6456,264000,256000,,Wales,,1,2015,2015,WCBS
51813,,NY9505,395000,505000,2000,England,10,1,2015,2015,WCBS
51814,,TQ2752,527000,152000,,England,,1,2014,2014,WCBS
51815,,ST8975,389000,175000,2000,England,10,9,2013,2023,WCBS
51816,,TL3515,535000,215000,2000,England,10,9,2015,2023,WCBS
51817,,SO7072,370000,272000,,England,,1,2015,2015,WCBS
51819,,SP7447,474000,247000,2000,England,10,8,2016,2023,WCBS
51820,,SU9377,493000,177000,,England,10,3,2016,2023,WCBS
51822,,SE9256,492000,456000,,England,10,1,2016,2016,WCBS
51823,,SK1787,417000,387000,2000,England,10,1,2016,2016,WCBS
51825,,SU8960,489000,160000,2000,England,10,1,2016,2016,WCBS
51826,,NY8583,385000,583000,2000,England,10,6,2016,2023,WCBS
51827,,TL0192,501000,292000,2000,England,10,2,2016,2017,WCBS
51828,,TQ6013,560000,113000,2000,England,10,7,2016,2023,WCBS
51829,,SU9267,492000,167000,2000,England,10,8,2016,2023,WCBS
51830,,SE7768,477000,468000,2000,England,10,4,2016,2019,WCBS
51831,,SK5052,450000,352000,2000,England,10,4,2016,2019,WCBS
51832,,SU7604,476000,104000,2000,England,10,3,2016,2020,WCBS
51833,,SD5976,359000,476000,,England,10,1,2016,2016,WCBS
51834,,NY0516,305000,516000,2000,England,10,8,2016,2023,WCBS
51835,,SJ2980,329000,380000,2000,England,10,6,2016,2022,WCBS
51836,,TQ0943,509000,143000,2000,England,10,4,2016,2019,WCBS
51837,,SP0709,407000,209000,2000,England,10,6,2016,2021,WCBS
51838,,TL5357,553000,257000,2000,England,10,7,2016,2023,WCBS
51839,,SS8878,288000,178000,2000,Wales,10,3,2016,2018,WCBS
51840,,NZ1849,418000,549000,2000,England,10,2,2016,2019,WCBS
51841,,TF8039,580000,339000,2000,England,10,8,2016,2023,WCBS
51843,,SJ7351,373000,351000,2000,England,10,7,2016,2023,WCBS
51844,,SY7799,377000,99000,2000,England,10,8,2016,2023,WCBS
51846,,TQ1247,512000,147000,2000,England,10,8,2016,2023,WCBS
51847,,SU5386,453000,186000,2000,England,10,4,2016,2022,WCBS
51848,,SP6527,465000,227000,,England,,1,2016,2016,WCBS
51849,,SO5419,354000,219000,,England,10,1,2016,2016,WCBS
51850,,SE2543,425000,443000,,England,10,1,2016,2016,WCBS
51851,,TM2297,622000,297000,2000,England,10,1,2019,2019,WCBS
51852,,TQ8636,586000,136000,2000,England,10,8,2016,2023,WCBS
51853,,SU8527,485000,127000,2000,England,10,4,2016,2019,WCBS
51854,,SS8977,289000,177000,2000,Wales,10,3,2016,2018,WCBS
51855,,SP6647,466000,247000,2000,England,10,5,2016,2020,WCBS
51856,,SP4119,441000,219000,2000,England,10,7,2016,2023,WCBS
51857,,TL8862,588000,262000,1800,England,10,8,2016,2023,WCBS
51858,,J4140,150485,494980,2000,Northern Ireland,10,2,2016,2017,WCBS
51859,,SS7025,270000,125000,2000,England,10,2,2016,2017,WCBS
51860,,TQ4817,548000,117000,,England,10,1,2016,2016,WCBS
51861,,SU9027,490000,127000,2000,England,10,8,2016,2023,WCBS
51862,,TA0545,505000,445000,2000,England,10,1,2016,2016,WCBS
51863,,ST8617,386000,117000,2000,England,10,7,2016,2023,WCBS
51864,,SU8876,488000,176000,2000,England,10,8,2016,2023,WCBS
51865,,SH7356,273000,356000,2000,Wales,11,4,2016,2019,WCBS
51866,,SD7472,374000,472000,2000,England,10,1,2016,2016,WCBS
51867,,NN6438,264000,738000,,Scotland,10,1,2016,2016,WCBS
51868,,ST1576,315000,176000,2000,Wales,10,4,2016,2023,WCBS
51870,,TQ7111,571000,111000,,England,10,1,2016,2016,WCBS
51871,,TM4051,640000,251000,2000,England,10,1,2016,2016,WCBS
51872,,SX4552,245000,52000,2000,England,10,8,2016,2023,WCBS
51873,,TQ6004,560000,104000,2000,England,10,7,2016,2023,WCBS
51874,,NZ0184,401000,584000,,England,10,1,2016,2016,WCBS
51875,,SU9150,491000,150000,1970,England,10,5,2016,2023,WCBS
51876,,SU9277,492000,177000,,England,10,2,2016,2023,WCBS
51878,,TQ1612,516000,112000,,England,,1,2016,2016,WCBS
51879,,SN9906,299000,206000,,Wales,,1,2016,2016,WCBS
51880,,NY7539,375000,539000,2000,England,10,8,2016,2023,WCBS
51881,,NN6439,264000,739000,,Scotland,10,1,2016,2016,WCBS
51882,,SJ8090,380000,390000,2000,England,10,2,2016,2019,WCBS
51883,,TQ0557,505000,157000,2000,England,10,8,2016,2023,WCBS
51884,,TQ2562,525000,162000,2000,England,10,8,2016,2023,WCBS
51885,,TQ2059,520000,159000,2000,England,10,8,2016,2023,WCBS
51886,,SP5336,453000,236000,2000,England,10,6,2016,2022,WCBS
51887,,TF4401,544000,301000,2000,England,10,2,2016,2017,WCBS
51888,,SE7060,470000,460000,,England,10,1,2016,2016,WCBS
51889,,SX0975,209000,75000,,England,10,1,2016,2016,WCBS
51890,,SU8736,487000,136000,2000,England,10,8,2016,2023,WCBS
51892,,TR3864,638000,164000,2000,England,10,1,2016,2016,WCBS
51893,,SP1227,412000,227000,2000,England,10,6,2017,2023,WCBS
51894,,J6166,172625,519184,2000,Northern Ireland,10,1,2017,2017,WCBS
51895,,SP4865,448000,265000,2000,England,10,2,2017,2019,WCBS
51896,,SP9431,494000,231000,2000,England,10,7,2017,2023,WCBS
51897,,NN5520,255000,720000,2000,Scotland,10,1,2017,2017,WCBS
51898,,SD3719,337000,419000,2000,England,10,4,2017,2022,WCBS
51899,,SU7644,476000,144000,2000,England,10,5,2017,2023,WCBS
51900,,SS4933,249000,133000,2000,England,10,5,2017,2023,WCBS
51901,,TQ9861,598000,161000,2000,England,10,2,2017,2018,WCBS
51902,,NT5163,351000,663000,2000,Scotland,10,1,2017,2017,WCBS
51903,,SU5616,456000,116000,2000,England,10,5,2017,2021,WCBS
51904,,SX6776,267000,76000,2000,England,10,4,2017,2020,WCBS
51905,,SP6261,462000,261000,2255,England,10,4,2017,2022,WCBS
51906,,SS5327,253000,127000,2000,England,10,5,2017,2022,WCBS
51907,,NY3425,334000,525000,2000,England,10,3,2017,2019,WCBS
51908,,ST9851,398000,151000,2000,England,10,2,2017,2018,WCBS
51909,,TL8422,584000,222000,2000,England,10,2,2017,2018,WCBS
51910,,SU6677,466000,177000,2000,England,10,4,2017,2022,WCBS
51911,,TQ0992,509000,192000,2000,England,10,6,2017,2022,WCBS
51912,,TQ3229,532000,129000,2000,England,10,1,2017,2017,WCBS
51913,,SU9598,495000,198000,2000,England,10,4,2017,2021,WCBS
51914,,SP1533,415000,233000,2000,England,10,4,2017,2023,WCBS
51915,,ST7099,370000,199000,2000,England,10,5,2017,2023,WCBS
51916,,SS5329,253000,129000,2000,England,10,5,2017,2022,WCBS
51917,,TL2655,526000,255000,2000,England,10,2,2017,2018,WCBS
51918,,SY7794,377000,94000,2000,England,10,7,2017,2023,WCBS
51919,,ST2722,327000,122000,2000,England,10,2,2017,2018,WCBS
51920,,TQ2312,523000,112000,2000,England,10,7,2017,2023,WCBS
51921,,SP0102,401000,202000,2000,England,10,6,2017,2023,WCBS
51922,,TQ2042,520000,142000,2000,England,10,7,2017,2023,WCBS
51923,,SZ2598,425000,98000,2000,England,10,7,2017,2023,WCBS
51924,,J4773,159273,527352,2000,Northern Ireland,10,4,2017,2023,WCBS
51925,,SZ5083,450000,83000,2013,England,10,2,2017,2019,WCBS
51926,,TL0098,500000,298000,2000,England,10,7,2017,2023,WCBS
51927,,NZ9900,499000,500000,2000,England,10,6,2017,2023,WCBS
51928,,J1673,128380,529997,2000,Northern Ireland,10,4,2017,2021,WCBS
51929,,TM1234,612000,234000,2000,England,10,3,2017,2019,WCBS
51930,,TQ0892,508000,192000,2000,England,10,6,2017,2022,WCBS
51931,,TL1548,515000,248000,2000,England,10,7,2017,2023,WCBS
51932,,TL8778,587000,278000,2000,England,10,3,2017,2022,WCBS
51933,,TQ2761,527000,161000,2000,England,10,1,2017,2017,WCBS
51934,,ST8288,382000,188000,2000,England,10,7,2017,2023,WCBS
51935,,NS8279,282000,679000,2000,Scotland,10,7,2017,2023,WCBS
51936,,SN7399,273000,299000,2000,Wales,10,1,2017,2017,WCBS
51937,,TL2647,526000,247000,2000,England,10,7,2017,2023,WCBS
51938,,SE6089,460000,489000,2000,England,10,7,2017,2023,WCBS
51939,,TA0437,504000,437000,2000,England,10,1,2017,2017,WCBS
51940,,TQ1127,511000,127000,2000,England,10,7,2017,2023,WCBS
51941,,TL7040,570000,240000,2000,England,10,7,2017,2023,WCBS
51942,,H2528,33807,492876,2000,Northern Ireland,10,6,2017,2022,WCBS
51943,,TQ9155,591000,155000,2000,England,10,7,2017,2023,WCBS
51944,,NO0694,306000,794000,2000,Scotland,10,1,2017,2017,WCBS
51945,,SD9113,391000,413000,2000,England,10,6,2017,2022,WCBS
51946,,TM5195,651000,295000,1000,England,10,7,2017,2023,WCBS
51947,,TL7882,578000,282000,2000,England,10,6,2017,2023,WCBS
51948,,SD7233,372000,433000,2000,England,10,4,2017,2020,WCBS
51949,,SY6184,361000,84000,2000,England,10,5,2017,2023,WCBS
51950,,TM2984,629000,284000,2000,England,10,4,2017,2021,WCBS
51951,,NT7970,379000,670000,2000,Scotland,10,7,2017,2023,WCBS
51952,,SE4224,442000,424000,2000,England,10,1,2017,2017,WCBS
51953,,SK5951,459000,351000,2000,England,10,3,2017,2019,WCBS
51954,,NT1591,315000,691000,2000,Scotland,10,1,2017,2017,WCBS
51955,,SE4817,448000,417000,2000,England,10,2,2017,2019,WCBS
51956,,TQ4009,540000,109000,2000,England,10,7,2017,2023,WCBS
51957,,J4099,154519,553857,2000,Northern Ireland,10,1,2017,2017,WCBS
51958,,SD6072,360000,472000,,England,10,1,2017,2017,WCBS
51959,,SU9853,498000,153000,2000,England,10,7,2017,2023,WCBS
51960,,SE4381,443000,481000,,England,10,1,2017,2017,WCBS
51961,,ST6267,362000,167000,2000,England,10,3,2017,2023,WCBS
51962,,SO6804,368000,204000,2000,England,10,5,2017,2022,WCBS
51963,,SY8781,387000,81000,2000,England,10,7,2017,2023,WCBS
51964,,SH9978,299000,378000,,Wales,10,4,2017,2023,WCBS
51965,,SP8254,482000,254000,2000,England,10,5,2017,2023,WCBS
51966,,TL8183,581000,283000,2000,England,10,5,2017,2022,WCBS
51967,,TL8226,582000,226000,,England,10,1,2017,2017,WCBS
51968,,TL9475,594000,275000,2000,England,10,6,2017,2023,WCBS
51969,,SU6553,465000,153000,2000,England,10,1,2017,2017,WCBS
51970,,ST4601,346000,101000,2000,England,10,5,2017,2023,WCBS
51971,,SS7946,279000,146000,2000,England,10,7,2017,2023,WCBS
51972,,SP1905,419000,205000,2000,England,10,7,2017,2023,WCBS
51973,,TM0058,600000,258000,2000,England,10,5,2017,2023,WCBS
51974,,TQ7859,578000,159000,2000,England,10,7,2017,2023,WCBS
51975,,SO5403,354000,203000,2000,England,10,6,2017,2022,WCBS
51976,,SD6537,365000,437000,2000,England,10,4,2017,2020,WCBS
51977,,SP6848,468000,248000,2000,England,10,4,2017,2020,WCBS
51978,,SP8657,486000,257000,2000,England,10,7,2017,2023,WCBS
51979,,SE6863,468000,463000,2000,England,10,2,2017,2019,WCBS
51980,,SD7514,375000,414000,2000,England,10,7,2017,2023,WCBS
51981,,SU7405,474000,105000,2000,England,10,6,2017,2023,WCBS
51982,,SZ0592,405000,92000,2000,England,10,6,2017,2023,WCBS
51983,,TM0057,600000,257000,2000,England,10,5,2017,2023,WCBS
51984,,TM1982,619000,282000,2000,England,10,1,2017,2017,WCBS
51985,,TQ3030,530000,130000,2000,England,10,7,2017,2023,WCBS
51986,,NO0248,302000,748000,2000,Scotland,10,4,2017,2023,WCBS
51987,,SU5245,452000,145000,2000,England,10,7,2017,2023,WCBS
51988,,SU4613,446000,113000,2000,England,10,5,2017,2022,WCBS
51989,,H3482,47390,545975,2000,Northern Ireland,10,2,2018,2019,WCBS
51990,,J5172,163173,526015,2000,Northern Ireland,10,2,2018,2019,WCBS
51991,,NY0838,308000,538000,2000,England,10,6,2018,2023,WCBS
51993,,NY4830,348000,530000,2000,England,10,4,2018,2023,WCBS
51994,,NY4934,349000,534000,2000,England,10,6,2018,2023,WCBS
51995,,NY8479,384000,579000,2000,England,10,5,2018,2023,WCBS
51996,,NY9085,390000,585000,2000,England,10,6,2018,2023,WCBS
51997,,NY9582,395000,582000,2000,England,10,6,2018,2023,WCBS
51999,,SD6577,365000,477000,2000,England,10,3,2018,2023,WCBS
52000,,SJ3368,333000,368000,2000,Wales,10,1,2018,2018,WCBS
52001,,SJ5824,358000,324000,2000,England,10,6,2018,2023,WCBS
52002,,SK1388,413000,388000,2000,England,10,2,2018,2019,WCBS
52003,,SK8540,485000,340000,2000,England,10,6,2018,2023,WCBS
52004,,SN4236,242000,236000,2000,Wales,10,4,2018,2022,WCBS
52005,,SO3936,339000,236000,2000,England,10,6,2018,2023,WCBS
52006,,SO4453,344000,253000,2000,England,10,3,2018,2022,WCBS
52007,,SO7527,375000,227000,2000,England,10,2,2018,2019,WCBS
52008,,SO9011,390000,211000,2000,England,10,6,2018,2023,WCBS
52009,,SP0057,400000,257000,2000,England,10,4,2018,2023,WCBS
52010,,SP1814,418000,214000,2000,England,10,1,2018,2018,WCBS
52011,,SP6124,461000,224000,2000,England,10,1,2018,2018,WCBS
52012,,SP9576,495000,276000,2000,England,10,1,2018,2018,WCBS
52013,,SP9780,497000,280000,2000,England,10,4,2018,2023,WCBS
52014,,SP9952,499000,252000,2000,England,10,2,2018,2021,WCBS
52015,,ST5777,357000,177000,2000,England,10,6,2018,2023,WCBS
52016,,ST7894,378000,194000,2000,England,10,5,2018,2022,WCBS
52017,,ST8196,381000,196000,2000,England,10,6,2018,2023,WCBS
52018,,ST8399,383000,199000,2000,England,10,5,2018,2023,WCBS
52019,,ST9421,394000,121000,2000,England,10,5,2018,2022,WCBS
52020,,ST9466,394000,166000,2000,England,10,4,2018,2023,WCBS
52021,,ST9794,397000,194000,2000,England,10,6,2018,2023,WCBS
52022,,SU0143,401000,143000,2000,England,10,6,2018,2023,WCBS
52023,,SU0662,406000,162000,2000,England,10,3,2018,2023,WCBS
52024,,SU1142,411000,142000,2000,England,10,6,2018,2023,WCBS
52025,,SU1314,413000,114000,2000,England,10,6,2018,2023,WCBS
52026,,SU2419,424000,119000,2000,England,10,6,2018,2023,WCBS
52027,,SU2497,424000,197000,2000,England,10,1,2018,2018,WCBS
52028,,SU2925,429000,125000,2000,England,10,2,2018,2019,WCBS
52029,,SU9621,496000,121000,2000,England,10,6,2018,2023,WCBS
52030,,SX2151,221000,51000,2000,England,10,2,2018,2019,WCBS
52031,,SX4155,241000,55000,2000,England,10,6,2018,2023,WCBS
52032,,SY6482,364000,82000,2000,England,10,6,2018,2023,WCBS
52033,,SY6591,365000,91000,2000,England,10,4,2018,2023,WCBS
52034,,SY7683,376000,83000,2000,England,10,6,2018,2023,WCBS
52035,,SY7884,378000,84000,2000,England,10,6,2018,2023,WCBS
52036,,SZ0797,407000,97000,2000,England,10,5,2018,2023,WCBS
52037,,TA0662,506000,462000,2000,England,10,1,2018,2018,WCBS
52038,,TA0946,509000,446000,2000,England,10,1,2018,2018,WCBS
52040,,TA1566,515000,466000,2000,England,10,1,2018,2018,WCBS
52041,,TF1417,514000,317000,2000,England,10,3,2018,2020,WCBS
52042,,TF1504,515000,304000,2000,England,10,6,2018,2023,WCBS
52043,,TL2237,522000,237000,2000,England,10,3,2018,2020,WCBS
52044,,TL2332,523000,232000,2000,England,10,1,2018,2018,WCBS
52045,,TL4159,541000,259000,2000,England,10,3,2018,2023,WCBS
52046,,TL8161,581000,261000,2000,England,10,6,2018,2023,WCBS
52047,,TL9424,594000,224000,2000,England,10,2,2018,2019,WCBS
52048,,TM1732,617000,232000,2000,England,10,6,2018,2023,WCBS
52049,,TM2160,621000,260000,2000,England,10,6,2018,2023,WCBS
52050,,TQ1675,516000,175000,2000,England,10,3,2018,2020,WCBS
52051,,TQ2355,523000,155000,2000,England,10,6,2018,2023,WCBS
52052,,TQ3516,535000,116000,2000,England,10,2,2018,2022,WCBS
52053,,H2443,34086,507925,2000,Northern Ireland,10,1,2019,2019,WCBS
52054,,NN0866,208000,766000,2000,Scotland,10,4,2019,2022,WCBS
52055,,NN2908,229000,708000,2000,Scotland,10,1,2019,2019,WCBS
52056,,NN3782,237000,782000,2000,Scotland,10,1,2019,2019,WCBS
52057,,NS5133,251000,633000,2000,Scotland,10,2,2019,2021,WCBS
52058,,NT3863,338000,663000,2000,Scotland,10,1,2019,2019,WCBS
52059,,NT9910,399000,610000,2000,England,10,5,2019,2023,WCBS
52060,,NY8204,382000,504000,2000,England,10,1,2019,2019,WCBS
52061,,NY8288,382000,588000,2000,England,10,5,2019,2023,WCBS
52062,,NY8974,389000,574000,2000,England,10,5,2019,2023,WCBS
52063,,NZ0393,403000,593000,2000,England,10,5,2019,2023,WCBS
52064,,NZ1822,418000,522000,1002,England,10,5,2019,2023,WCBS
52065,,NZ1989,419000,589000,2000,England,10,1,2019,2019,WCBS
52066,,NZ2089,420000,589000,2000,England,10,1,2019,2019,WCBS
52067,,SD4090,340000,490000,2000,England,10,5,2019,2023,WCBS
52068,,SD4093,340000,493000,2000,England,10,5,2019,2023,WCBS
52069,,SD5981,359000,481000,2000,England,10,5,2019,2023,WCBS
52071,,SD9602,396000,402000,2000,England,10,2,2019,2022,WCBS
52072,,SE1211,412000,411000,2000,England,10,2,2019,2020,WCBS
52073,,SE4416,444000,416000,2000,England,10,2,2019,2020,WCBS
52074,,SH2578,225000,378000,2000,Wales,10,5,2019,2023,WCBS
52075,,SJ2764,327000,364000,2000,Wales,10,4,2019,2023,WCBS
52076,,SJ3384,333000,384000,2000,England,10,3,2019,2022,WCBS
52077,,SJ3506,335000,306000,2000,England,10,1,2019,2019,WCBS
52078,,SJ3711,337000,311000,2000,England,10,5,2019,2023,WCBS
52079,,SK0104,401000,304000,2000,England,10,3,2019,2023,WCBS
52080,,SK1307,413000,307000,2000,England,10,3,2019,2023,WCBS
52081,,SK2236,422000,336000,2000,England,10,1,2019,2019,WCBS
52082,,SK3348,433000,348000,2000,England,10,2,2019,2021,WCBS
52083,,SK3448,434000,348000,2000,England,10,1,2019,2019,WCBS
52084,,SK7947,479000,347000,2000,England,10,4,2019,2023,WCBS
52085,,SO5683,356000,283000,2000,England,10,5,2019,2023,WCBS
52086,,SO5685,356000,285000,2000,England,10,5,2019,2023,WCBS
52087,,SO7113,371000,213000,2000,England,10,3,2019,2021,WCBS
52088,,SP1317,413000,217000,,England,10,1,2019,2019,WCBS
52089,,SP5808,458000,208000,2000,England,10,5,2019,2023,WCBS
52090,,SP6506,465000,206000,2000,England,10,1,2019,2019,WCBS
52091,,SP6670,466000,270000,2000,England,10,2,2019,2020,WCBS
52092,,SP6939,469000,239000,2000,England,10,2,2019,2020,WCBS
52093,,SP9490,494000,290000,2000,England,10,2,2019,2022,WCBS
52094,,ST5041,350000,141000,2000,England,10,5,2019,2023,WCBS
52095,,ST8003,380000,103000,2000,England,10,5,2019,2023,WCBS
52096,,ST8567,385000,167000,2000,England,10,1,2019,2019,WCBS
52097,,ST9446,394000,146000,2000,England,10,4,2019,2022,WCBS
52098,,SU0329,403000,129000,1806,England,10,5,2019,2023,WCBS
52099,,SU0844,408000,144000,1500,England,10,5,2019,2023,WCBS
52100,,SU1267,412000,167000,2000,England,10,5,2019,2023,WCBS
52101,,SU3922,439000,122000,2000,England,10,1,2019,2019,WCBS
52102,,SU4532,445000,132000,,England,10,5,2019,2023,WCBS
52103,,SU4845,448000,145000,2000,England,10,5,2019,2023,WCBS
52104,,SU6501,465000,101000,,England,10,5,2019,2023,WCBS
52105,,SU7980,479000,180000,2000,England,10,5,2019,2023,WCBS
52106,,SU9353,493000,153000,2000,England,10,5,2019,2023,WCBS
52108,,SU9863,498000,163000,2000,England,10,5,2019,2023,WCBS
52109,,SU9961,499000,161000,2000,England,10,5,2019,2023,WCBS
52110,,SX5563,255000,63000,2000,England,10,1,2019,2019,WCBS
52111,,SX7682,276000,82000,2000,England,10,1,2019,2019,WCBS
52112,,SY6685,366000,85000,2000,England,10,3,2019,2023,WCBS
52113,,SY6973,369000,73000,2000,England,10,3,2019,2021,WCBS
52114,,SY7386,373000,86000,2000,England,10,5,2019,2023,WCBS
52115,,SY8485,384000,85000,2000,England,10,5,2019,2023,WCBS
52116,,SZ1094,410000,94000,2000,England,10,3,2019,2023,WCBS
52117,,SZ1597,415000,97000,2000,England,10,5,2019,2023,WCBS
52118,,SZ3697,436000,97000,,England,10,5,2019,2023,WCBS
52119,,SZ8693,486000,93000,2000,England,10,4,2019,2022,WCBS
52120,,TF3488,534000,388000,2000,England,10,1,2019,2019,WCBS
52123,,TL2693,526000,293000,2000,England,10,1,2019,2019,WCBS
52124,,TL3330,533000,230000,2000,England,10,2,2019,2020,WCBS
52125,,TL3424,534000,224000,2000,England,10,2,2019,2020,WCBS
52126,,TL4422,544000,222000,2000,England,10,5,2019,2023,WCBS
52127,,TL7673,576000,273000,2000,England,10,5,2019,2023,WCBS
52128,,TQ0240,502000,140000,2000,England,10,2,2019,2020,WCBS
52129,,TQ0258,502000,158000,2000,England,10,2,2019,2020,WCBS
52130,,TQ3079,530000,179000,2000,England,10,5,2019,2023,WCBS
52131,,TQ3771,537000,171000,2000,England,10,5,2019,2023,WCBS
52132,,TQ3922,539000,122000,2000,England,10,2,2019,2021,WCBS
52133,,TQ4427,544000,127000,2000,England,10,5,2019,2023,WCBS
52134,,TQ4773,547000,173000,2000,England,10,5,2019,2023,WCBS
52135,,TQ6024,560000,124000,2000,England,10,4,2019,2023,WCBS
52136,,TQ7660,576000,160000,2000,England,10,5,2019,2023,WCBS
52137,,SP0547,405000,247000,2000,England,10,3,2020,2022,WCBS
52138,,SU8633,486000,133000,2000,England,10,4,2020,2023,WCBS
52139,,TQ9070,590000,170000,2000,England,10,4,2020,2023,WCBS
52140,,TM4663,646000,263000,2379,England,10,4,2020,2023,WCBS
52141,,ST6958,369000,158000,2000,England,10,2,2020,2021,WCBS
52142,,SP0347,403000,247000,2000,England,10,3,2020,2022,WCBS
52143,,TQ9844,598000,144000,2000,England,10,2,2020,2021,WCBS
52144,,SO6923,369000,223000,2000,England,10,4,2020,2023,WCBS
52145,,SN9397,293000,297000,2000,Wales,10,2,2020,2021,WCBS
52146,,TG4100,641000,300000,2000,England,10,2,2020,2023,WCBS
52147,,NT0210,302000,610000,2000,Scotland,10,1,2020,2020,WCBS
52148,,SK2577,425000,377000,2000,England,10,3,2020,2023,WCBS
52149,,NS8784,287000,684000,2000,Scotland,10,4,2020,2023,WCBS
52150,,SP7832,478000,232000,2000,England,10,3,2020,2023,WCBS
52151,,SP0746,407000,246000,2000,England,10,3,2020,2022,WCBS
52152,,SZ5682,456000,82000,2000,England,10,4,2020,2023,WCBS
52153,,TQ2122,521000,122000,2000,England,10,1,2020,2020,WCBS
52154,,TQ4836,548000,136000,2000,England,10,4,2020,2023,WCBS
52155,,SK6184,461000,384000,2000,England,10,1,2020,2020,WCBS
52156,,SO9334,393000,234000,2000,England,10,3,2020,2022,WCBS
52157,,SU5722,457000,122000,2000,England,10,4,2020,2023,WCBS
52158,,SU6636,466000,136000,2000,England,10,4,2020,2023,WCBS
52159,,SN9990,299000,290000,2000,Wales,10,2,2020,2021,WCBS
52160,,ST5374,353000,174000,2000,England,10,1,2020,2020,WCBS
52161,,SU6504,465000,104000,2000,England,10,4,2020,2023,WCBS
52163,,SJ1007,310000,307000,2000,Wales,10,2,2020,2021,WCBS
52164,,SK8054,480000,354000,2000,England,10,1,2020,2020,WCBS
52165,,SK6148,461000,348000,2024,England,10,1,2020,2020,WCBS
52166,,TF9336,593000,336000,1000,England,10,4,2020,2023,WCBS
52167,,NS6206,262000,606000,2000,Scotland,10,3,2020,2022,WCBS
52168,,SY6983,369000,83000,2000,England,10,4,2020,2023,WCBS
52169,,SY3499,334000,99000,2000,England,10,1,2020,2020,WCBS
52170,,NN5796,257000,796000,,Scotland,10,1,2020,2020,WCBS
52171,,SP0042,400000,242000,2000,England,10,3,2020,2022,WCBS
52172,,TL1426,514000,226000,2000,England,10,2,2020,2023,WCBS
52173,,TL8966,589000,266000,2000,England,10,3,2020,2023,WCBS
52174,,ST9599,395000,199000,2000,England,10,3,2020,2023,WCBS
52175,,TL7750,577000,250000,2000,England,10,3,2020,2023,WCBS
52176,,ST5408,354000,108000,2000,England,10,4,2020,2023,WCBS
52177,,NK0138,401000,838000,2000,Scotland,10,3,2020,2023,WCBS
52178,,SU7947,479000,147000,,England,10,3,2020,2023,WCBS
52179,,SP0243,402000,243000,2000,England,10,3,2020,2022,WCBS
52180,,TQ5502,555000,102000,2000,England,10,4,2020,2023,WCBS
52181,,NS9523,295000,623000,2000,Scotland,10,1,2020,2020,WCBS
52182,,SP2645,426000,245000,2000,England,10,1,2020,2020,WCBS
52183,,NG8886,188000,886000,,Scotland,10,1,2020,2020,WCBS
52184,,TL6266,562000,266000,2000,England,10,1,2020,2020,WCBS
52185,,NS9580,295000,680000,2000,Scotland,10,2,2020,2021,WCBS
52186,,SE6132,461000,432000,2000,England,10,1,2020,2020,WCBS
52187,,ST9915,399000,115000,,England,10,4,2020,2023,WCBS
52188,,SU4724,447000,124000,104,England,10,4,2020,2023,WCBS
52189,,SP0750,407000,250000,2000,England,10,3,2020,2022,WCBS
52190,,TQ9440,594000,140000,2000,England,10,2,2020,2021,WCBS
52191,,SP0043,400000,243000,2000,England,10,3,2020,2022,WCBS
52192,,TG0926,609000,326000,2000,England,10,2,2020,2022,WCBS
52193,,SJ0808,308000,308000,2000,Wales,10,2,2020,2021,WCBS
52194,,NZ1198,411000,598000,2300,England,10,4,2020,2023,WCBS
52195,,TL4654,546000,254000,2000,England,10,4,2020,2023,WCBS
52196,,TM1233,612000,233000,2000,England,10,4,2020,2023,WCBS
52198,,C5313,68994,575265,,Northern Ireland,10,3,2021,2023,WCBS
52199,,C6120,77573,581559,1558,Northern Ireland,10,3,2021,2023,WCBS
52200,,J5137,160195,491141,,Northern Ireland,10,3,2021,2023,WCBS
52201,,NN5060,250000,760000,2000,Scotland,10,1,2021,2021,WCBS
52202,,NN6857,268000,757000,2000,Scotland,10,1,2021,2021,WCBS
52203,,NN8405,284000,705000,,Scotland,,3,2021,2023,WCBS
52204,,NT3548,335000,648000,2000,Scotland,10,1,2021,2021,WCBS
52205,,NT3871,338000,671000,,Scotland,10,3,2021,2023,WCBS
52206,,NU0310,403000,610000,2000,England,10,3,2021,2023,WCBS
52207,,SD5821,358000,421000,,England,,3,2021,2023,WCBS
52208,,SD9460,394000,460000,,England,10,1,2021,2021,WCBS
52209,,SE3437,434000,437000,2351,England,10,3,2021,2023,WCBS
52210,,SE3810,438000,410000,,England,10,1,2021,2021,WCBS
52211,,SE4336,443000,436000,,England,10,1,2021,2021,WCBS
52212,,SE6786,467000,486000,,England,10,3,2021,2023,WCBS
52213,,SJ3749,337000,349000,,Wales,,1,2021,2021,WCBS
52214,,SJ4352,343000,352000,,England,,1,2021,2021,WCBS
52215,,SJ6158,361000,358000,2000,England,10,3,2021,2023,WCBS
52216,,SJ7139,371000,339000,,England,10,1,2021,2021,WCBS
52217,,SK1569,415000,369000,,England,10,2,2021,2023,WCBS
52218,,SK1570,415000,370000,,England,10,2,2021,2023,WCBS
52219,,SK2072,420000,372000,,England,10,2,2021,2023,WCBS
52220,,SK2382,423000,382000,,England,10,2,2021,2023,WCBS
52221,,SM8223,182000,223000,,Wales,,3,2021,2023,WCBS
52222,,SM9634,196000,234000,1040,Wales,10,3,2021,2023,WCBS
52223,,SN6592,265000,292000,2000,Wales,10,3,2021,2023,WCBS
52224,,SO5908,359000,208000,,England,,2,2021,2022,WCBS
52225,,SO8608,386000,208000,,England,10,3,2021,2023,WCBS
52226,,SO8904,389000,204000,,England,,3,2021,2023,WCBS
52227,,SO9104,391000,204000,,England,,2,2021,2022,WCBS
52228,,SP0426,404000,226000,,England,10,2,2021,2023,WCBS
52229,,SP6514,465000,214000,2007,England,10,3,2021,2023,WCBS
52230,,SP6564,465000,264000,2000,England,10,2,2021,2022,WCBS
52231,,SP6662,466000,262000,2000,England,10,2,2021,2022,WCBS
52232,,SP7212,472000,212000,1997,England,10,3,2021,2023,WCBS
52233,,SP7598,475000,298000,,England,10,2,2021,2022,WCBS
52234,,SP8175,481000,275000,,England,10,3,2021,2023,WCBS
52235,,SP8330,483000,230000,1601,England,10,3,2021,2023,WCBS
52236,,SP8581,485000,281000,,England,10,3,2021,2023,WCBS
52237,,ST3110,331000,110000,2012,England,10,3,2021,2023,WCBS
52238,,ST4365,343000,165000,,England,10,3,2021,2023,WCBS
52239,,ST4459,344000,159000,2320,England,10,1,2021,2021,WCBS
52240,,ST4592,345000,192000,,Wales,10,3,2021,2023,WCBS
52241,,ST4861,348000,161000,2063,England,10,3,2021,2023,WCBS
52242,,SU0694,406000,194000,,England,10,3,2021,2023,WCBS
52243,,SU1833,418000,133000,,England,,3,2021,2023,WCBS
52244,,SU2021,420000,121000,,England,,3,2021,2023,WCBS
52245,,SU4682,446000,182000,,England,10,3,2021,2023,WCBS
52246,,SU4856,448000,156000,,England,10,3,2021,2023,WCBS
52247,,SU5752,457000,152000,1993,England,10,3,2021,2023,WCBS
52248,,SU6813,468000,113000,,England,10,3,2021,2023,WCBS
52249,,SU9351,493000,151000,2000,England,10,3,2021,2023,WCBS
52250,,SW6833,168000,33000,2000,England,10,1,2021,2021,WCBS
52251,,SW8243,182000,43000,,England,,1,2021,2021,WCBS
52252,,SY3597,335000,97000,,England,10,2,2021,2022,WCBS
52253,,SY5791,357000,91000,,England,10,2,2021,2022,WCBS
52254,,SY6774,367000,74000,1966,England,,3,2021,2023,WCBS
52255,,SY6872,368000,72000,,England,10,2,2021,2022,WCBS
52256,,SY7695,376000,95000,,England,10,3,2021,2023,WCBS
52257,,TL0515,505000,215000,,England,10,2,2021,2022,WCBS
52258,,TL1408,514000,208000,,England,10,2,2021,2023,WCBS
52259,,TL2634,526000,234000,,England,10,3,2021,2023,WCBS
52260,,TL3433,534000,233000,,England,10,3,2021,2023,WCBS
52261,,TL3921,539000,221000,,England,10,3,2021,2023,WCBS
52262,,TL4123,541000,223000,,England,10,3,2021,2023,WCBS
52263,,TL6149,561000,249000,,England,,2,2021,2022,WCBS
52264,,TL9479,594000,279000,2000,England,10,3,2021,2023,WCBS
52265,,TQ0161,501000,161000,,England,10,1,2021,2021,WCBS
52266,,TQ0918,509000,118000,,England,10,2,2021,2023,WCBS
52267,,TQ3755,537000,155000,,England,,3,2021,2023,WCBS
52268,,TQ4710,547000,110000,,England,10,2,2021,2022,WCBS
52269,,TQ4800,548000,100000,2000,England,10,3,2021,2023,WCBS
52270,,TQ4933,549000,133000,,England,10,2,2021,2022,WCBS
52271,,TV5299,552000,99000,,England,10,3,2021,2023,WCBS
52272,,SP8006,480000,206000,,England,,1,2022,2022,WCBS
52273,,NU2417,424000,617000,,England,,2,2022,2023,WCBS
52274,,SP9615,496000,215000,,England,,2,2022,2023,WCBS
52275,,TL4623,546000,223000,,England,,1,2022,2022,WCBS
52276,,SP6839,468000,239000,,England,,2,2022,2023,WCBS
52277,,TL8164,581000,264000,,England,,2,2022,2023,WCBS
52279,,SK1269,412000,369000,,England,,1,2022,2022,WCBS
52280,,NR3444,134000,644000,,Scotland,,2,2022,2023,WCBS
52281,,SO9515,395000,215000,,England,,1,2022,2022,WCBS
52282,,TQ3656,536000,156000,,England,,2,2022,2023,WCBS
52283,,ST5379,353000,179000,,England,,2,2022,2023,WCBS
52284,,SU0724,407000,124000,,England,,2,2022,2023,WCBS
52285,,NY2518,325000,518000,,England,,1,2022,2022,WCBS
52286,,SP9951,499000,251000,,England,,2,2022,2023,WCBS
52287,,TF0630,506000,330000,,England,,1,2022,2022,WCBS
52288,,TL8421,584000,221000,,England,,1,2022,2022,WCBS
52289,,SH3589,235000,389000,,Wales,,2,2022,2023,WCBS
52290,,SP7805,478000,205000,,England,,1,2022,2022,WCBS
52291,,NY2320,323000,520000,,England,,1,2022,2022,WCBS
52292,,SU8718,487000,118000,,England,,1,2022,2022,WCBS
52293,,SU8481,484000,181000,,England,,2,2022,2023,WCBS
52294,,SK1268,412000,368000,,England,,1,2022,2022,WCBS
52295,,SP2301,423000,201000,,England,,1,2022,2022,WCBS
52296,,SN9293,292000,293000,,Wales,,2,2022,2023,WCBS
52297,,SE2759,427000,459000,,England,,2,2022,2023,WCBS
52298,,SP5662,456000,262000,,England,,2,2022,2023,WCBS
52299,,SE4597,445000,497000,,England,,2,2022,2023,WCBS
52300,,SE3897,438000,497000,,England,,2,2022,2023,WCBS
52301,,TM1944,619000,244000,,England,,2,2022,2023,WCBS
52302,,ST2693,326000,193000,,Wales,,1,2022,2022,WCBS
52303,,SE1008,410000,408000,,England,,2,2022,2023,WCBS
52304,,ST6490,364000,190000,,England,,2,2022,2023,WCBS
52305,,ST6055,360000,155000,,England,,1,2022,2022,WCBS
52306,,TQ0543,505000,143000,,England,,2,2022,2023,WCBS
52307,,SD9592,395000,492000,,England,,1,2022,2022,WCBS
52308,,SE1398,413000,498000,,England,,1,2022,2022,WCBS
52309,,SU7408,474000,108000,,England,,2,2022,2023,WCBS
52310,,ST7051,370000,151000,,England,,1,2022,2022,WCBS
52311,,SU0864,408000,164000,,England,,2,2022,2023,WCBS
52312,,NO0201,302000,701000,,Scotland,,1,2022,2022,WCBS
52313,,TL8865,588000,265000,,England,,2,2022,2023,WCBS
52314,,SC2177,221000,477000,,Isle of Man,,2,2022,2023,WCBS
52315,,NT2686,326000,686000,,Scotland,,1,2022,2022,WCBS
52316,,J4277,154632,531764,,Northern Ireland,,2,2022,2023,WCBS
52317,,SJ9591,395000,391000,,England,,1,2022,2022,WCBS
52318,,SU3846,438000,146000,,England,,2,2022,2023,WCBS
52319,,SD4589,345000,489000,,England,,1,2022,2022,WCBS
52320,,SS8109,281000,109000,,England,,2,2022,2023,WCBS
52321,,TG3036,630000,336000,,England,,2,2022,2023,WCBS
52322,,TQ7224,572000,124000,,England,,2,2022,2023,WCBS
52323,,TQ5231,552000,131000,,England,,2,2022,2023,WCBS
52325,,NZ1705,417000,505000,,England,,2,2022,2023,WCBS
52326,,TL6415,564000,215000,,England,,2,2022,2023,WCBS
52327,,TQ2198,521000,198000,,England,,2,2022,2023,WCBS
52328,,SE3798,437000,498000,,England,,2,2022,2023,WCBS
52329,,C9839,116092,597322,,Northern Ireland,,1,2023,2023,WCBS
52330,,NM7367,173000,767000,,Scotland,,1,2023,2023,WCBS
52331,,NM9650,196000,750000,,Scotland,,1,2023,2023,WCBS
52334,,NS8582,285000,682000,,Scotland,,1,2023,2023,WCBS
52335,,NT6878,368000,678000,,Scotland,,1,2023,2023,WCBS
52336,,NY4610,346000,510000,,England,,1,2023,2023,WCBS
52337,,NY6662,366000,562000,,England,,1,2023,2023,WCBS
52339,,NZ2075,420000,575000,,England,,1,2023,2023,WCBS
52340,,NZ2425,424000,525000,,England,,1,2023,2023,WCBS
52341,,SD6640,366000,440000,,England,,1,2023,2023,WCBS
52342,,SD6808,368000,408000,,England,,1,2023,2023,WCBS
52344,,SK1184,411000,384000,,England,,1,2023,2023,WCBS
52345,,SK2975,429000,375000,,England,,1,2023,2023,WCBS
52346,,SK5765,457000,365000,,England,,1,2023,2023,WCBS
52347,SM8112,SM8112,181000,212000,,Wales,,1,2023,2023,WCBS
52348,,SP2810,428000,210000,,England,,1,2023,2023,WCBS
52349,,SP4545,445000,245000,,England,,1,2023,2023,WCBS
52350,,SP5879,458000,279000,,England,,1,2023,2023,WCBS
52351,,SP7350,473000,250000,,England,,1,2023,2023,WCBS
52352,,SP8434,484000,234000,,England,,1,2023,2023,WCBS
52353,,SP8437,484000,237000,,England,,1,2023,2023,WCBS
52354,,SP9109,491000,209000,,England,,1,2023,2023,WCBS
52355,,SP9478,494000,278000,,England,,1,2023,2023,WCBS
52356,,ST2739,327000,139000,,England,,1,2023,2023,WCBS
52357,,ST2945,329000,145000,,England,,1,2023,2023,WCBS
52358,,ST3623,336000,123000,,England,,1,2023,2023,WCBS
52359,,SU3708,437000,108000,,England,,1,2023,2023,WCBS
52360,,SU5665,456000,165000,,England,,1,2023,2023,WCBS
52361,,SU9047,490000,147000,,England,,1,2023,2023,WCBS
52362,,SU9293,492000,193000,,England,,1,2023,2023,WCBS
52363,,SU9906,499000,106000,,England,,1,2023,2023,WCBS
52364,,TA2539,525000,439000,,England,,1,2023,2023,WCBS
52365,,TF1270,512000,370000,,England,,1,2023,2023,WCBS
52366,,TG1643,616000,343000,,England,,1,2023,2023,WCBS
52367,,TL1927,519000,227000,,England,,1,2023,2023,WCBS
52368,,TL3436,534000,236000,,England,,1,2023,2023,WCBS
52370,,TL4528,545000,228000,,England,,1,2023,2023,WCBS
52371,,TL9462,594000,262000,,England,,1,2023,2023,WCBS
52372,,TM0142,601000,242000,,England,,1,2023,2023,WCBS
52373,,TQ0041,500000,141000,,England,,1,2023,2023,WCBS
52374,,TQ1323,513000,123000,,England,,1,2023,2023,WCBS
52375,,TQ3428,534000,128000,,England,,1,2023,2023,WCBS
52376,,TQ5262,552000,162000,,England,,1,2023,2023,WCBS
52377,,TR2452,624000,152000,,England,,1,2023,2023,WCBS
